iso3,territorio,cod_local,anio,valor
ATG,Antigua y Barbuda,NA,1977,1213.67021714646
ATG,Antigua y Barbuda,NA,1978,1374.82027453607
ATG,Antigua y Barbuda,NA,1979,1705.14199048287
ATG,Antigua y Barbuda,NA,1980,2053.10327921275
ATG,Antigua y Barbuda,NA,1981,2310.19699820442
ATG,Antigua y Barbuda,NA,1982,2569.18182363887
ATG,Antigua y Barbuda,NA,1983,2846.99335735773
ATG,Antigua y Barbuda,NA,1984,3270.7810304062
ATG,Antigua y Barbuda,NA,1985,3814.3142290779
ATG,Antigua y Barbuda,NA,1986,4629.45676400154
ATG,Antigua y Barbuda,NA,1987,5424.36847756962
ATG,Antigua y Barbuda,NA,1988,6466.15683473424
ATG,Antigua y Barbuda,NA,1989,7187.90484128028
ATG,Antigua y Barbuda,NA,1990,7590.75442423046
ATG,Antigua y Barbuda,NA,1991,7956.47430919648
ATG,Antigua y Barbuda,NA,1992,8153.73786307269
ATG,Antigua y Barbuda,NA,1993,8624.62016806628
ATG,Antigua y Barbuda,NA,1994,9351.48753768505
ATG,Antigua y Barbuda,NA,1995,9034.47552907143
ATG,Antigua y Barbuda,NA,1996,9756.08717951992
ATG,Antigua y Barbuda,NA,1997,10336.2591617838
ATG,Antigua y Barbuda,NA,1998,10906.8785406961
ATG,Antigua y Barbuda,NA,1999,11342.3349230913
ATG,Antigua y Barbuda,NA,2000,12027.4949768222
ATG,Antigua y Barbuda,NA,2001,11539.1825063308
ATG,Antigua y Barbuda,NA,2002,11658.6949915956
ATG,Antigua y Barbuda,NA,2003,12173.2319860305
ATG,Antigua y Barbuda,NA,2004,13037.8895772257
ATG,Antigua y Barbuda,NA,2005,14368.5708796058
ATG,Antigua y Barbuda,NA,2006,16173.8136329968
ATG,Antigua y Barbuda,NA,2007,18204.5124043068
ATG,Antigua y Barbuda,NA,2008,18786.6743142216
ATG,Antigua y Barbuda,NA,2009,16472.2478528568
ATG,Antigua y Barbuda,NA,2010,15217.3950790922
ATG,Antigua y Barbuda,NA,2011,14911.7275084471
ATG,Antigua y Barbuda,NA,2012,15639.8078114787
ATG,Antigua y Barbuda,NA,2013,15051.5113587425
ATG,Antigua y Barbuda,NA,2014,15532.1062063584
ATG,Antigua y Barbuda,NA,2015,16077.6340769406
ATG,Antigua y Barbuda,NA,2016,16556.8551801588
ATG,Antigua y Barbuda,NA,2017,16965.7288273816
ATG,Antigua y Barbuda,NA,2018,18273.4270684912
ATG,Antigua y Barbuda,NA,2019,18896.3721832248
ATG,Antigua y Barbuda,NA,2020,15369.6082250401
ATG,Antigua y Barbuda,NA,2021,17348.6006987182
ATG,Antigua y Barbuda,NA,2022,20003.3909394099
ATG,Antigua y Barbuda,NA,2023,22012.2625947994
ATG,Antigua y Barbuda,NA,2024,23059.8330702839
ATG,Antigua y Barbuda,NA,2025,24819.2454680158
ARG,Argentina,NA,1960,778.251706763404
ARG,Argentina,NA,1961,971.338043308372
ARG,Argentina,NA,1962,870.217490905403
ARG,Argentina,NA,1963,852.972425139433
ARG,Argentina,NA,1964,1176.20086190313
ARG,Argentina,NA,1965,1281.83337976859
ARG,Argentina,NA,1966,1275.07843418966
ARG,Argentina,NA,1967,1063.93283833587
ARG,Argentina,NA,1968,1141.95211617341
ARG,Argentina,NA,1969,1329.56181832409
ARG,Argentina,NA,1970,1322.71454216808
ARG,Argentina,NA,1971,1372.50746646061
ARG,Argentina,NA,1972,1409.37097316211
ARG,Argentina,NA,1973,2097.89945010806
ARG,Argentina,NA,1974,2844.96990526761
ARG,Argentina,NA,1975,2026.68435752865
ARG,Argentina,NA,1976,1946.91990388248
ARG,Argentina,NA,1977,2126.48546048047
ARG,Argentina,NA,1978,3282.06304446289
ARG,Argentina,NA,1979,2511.97332905958
ARG,Argentina,NA,1980,2747.5022751674
ARG,Argentina,NA,1981,2764.08641421079
ARG,Argentina,NA,1982,2914.76708504176
ARG,Argentina,NA,1983,3537.7473459832
ARG,Argentina,NA,1984,3915.03492645691
ARG,Argentina,NA,1985,2905.77565536137
ARG,Argentina,NA,1986,3436.07819471053
ARG,Argentina,NA,1987,3477.30131979313
ARG,Argentina,NA,1988,3992.70330179156
ARG,Argentina,NA,1989,2374.57321551641
ARG,Argentina,NA,1990,4315.33403111588
ARG,Argentina,NA,1991,5709.24784079504
ARG,Argentina,NA,1992,6789.99611136495
ARG,Argentina,NA,1993,6931.85596375876
ARG,Argentina,NA,1994,7437.56242327594
ARG,Argentina,NA,1995,7357.6162773788
ARG,Argentina,NA,1996,7663.21271287469
ARG,Argentina,NA,1997,8146.78710021431
ARG,Argentina,NA,1998,8218.99212764682
ARG,Argentina,NA,1999,7705.54288252851
ARG,Argentina,NA,2000,7637.01489203628
ARG,Argentina,NA,2001,7141.47507662826
ARG,Argentina,NA,2002,2569.69963519124
ARG,Argentina,NA,2003,3320.47775133903
ARG,Argentina,NA,2004,4242.02099089422
ARG,Argentina,NA,2005,5067.65342293276
ARG,Argentina,NA,2006,5869.38028970204
ARG,Argentina,NA,2007,7185.25155147027
ARG,Argentina,NA,2008,8944.1102657357
ARG,Argentina,NA,2009,8150.23527028221
ARG,Argentina,NA,2010,10260.1313108254
ARG,Argentina,NA,2011,12704.2831819684
ARG,Argentina,NA,2012,12949.717486654
ARG,Argentina,NA,2013,12963.675773326
ARG,Argentina,NA,2014,12233.1444119186
ARG,Argentina,NA,2015,13679.6264980954
ARG,Argentina,NA,2016,12699.9623137756
ARG,Argentina,NA,2017,14532.5009308511
ARG,Argentina,NA,2018,11752.7998922979
ARG,Argentina,NA,2019,9955.97478680428
ARG,Argentina,NA,2020,8535.59938004389
ARG,Argentina,NA,2021,10738.0179223384
ARG,Argentina,NA,2022,13962.1894087223
ARG,Argentina,NA,2023,14261.8465667948
ARG,Argentina,NA,2024,13969.7836603737
ARG,Argentina,NA,2025,14898.0885943842
ABW,Aruba,NA,1986,6767.55922942669
ABW,Aruba,NA,1987,8244.04566011433
ABW,Aruba,NA,1988,10056.2613927414
ABW,Aruba,NA,1989,11507.2171509849
ABW,Aruba,NA,1990,12187.5363611898
ABW,Aruba,NA,1991,13233.9905169683
ABW,Aruba,NA,1992,13892.6051427736
ABW,Aruba,NA,1993,14700.9598081521
ABW,Aruba,NA,1994,16055.2877874337
ABW,Aruba,NA,1995,16548.7173868987
ABW,Aruba,NA,1996,16620.9545555513
ABW,Aruba,NA,1997,17750.0095644198
ABW,Aruba,NA,1998,18828.0870594071
ABW,Aruba,NA,1999,19216.197235447198
ABW,Aruba,NA,2000,20681.0230269625
ABW,Aruba,NA,2001,20740.1325828172
ABW,Aruba,NA,2002,21307.2482505267
ABW,Aruba,NA,2003,21949.4859960868
ABW,Aruba,NA,2004,23700.6319899197
ABW,Aruba,NA,2005,24171.8371325422
ABW,Aruba,NA,2006,24845.65848362
ABW,Aruba,NA,2007,26736.3089444046
ABW,Aruba,NA,2008,28171.9094008501
ABW,Aruba,NA,2009,25134.7712303589
ABW,Aruba,NA,2010,24093.1401510626
ABW,Aruba,NA,2011,25712.3843015186
ABW,Aruba,NA,2012,25119.6655449838
ABW,Aruba,NA,2013,25813.5714408438
ABW,Aruba,NA,2014,26129.8390617693
ABW,Aruba,NA,2015,27458.2201537506
ABW,Aruba,NA,2016,27441.5502144601
ABW,Aruba,NA,2017,28440.0416881491
ABW,Aruba,NA,2018,30082.1584226798
ABW,Aruba,NA,2019,30654.4851235397
ABW,Aruba,NA,2020,22664.3709949437
ABW,Aruba,NA,2021,26827.3447869986
ABW,Aruba,NA,2022,31000.5713798732
ABW,Aruba,NA,2023,34897.6183932009
ABW,Aruba,NA,2024,38590.5650288641
BHS,Bahamas,NA,1960,1459.25382495907
BHS,Bahamas,NA,1961,1555.04660837439
BHS,Bahamas,NA,1962,1651.21861850222
BHS,Bahamas,NA,1963,1759.23692156911
BHS,Bahamas,NA,1964,1883.44386022276
BHS,Bahamas,NA,1965,2029.52341329301
BHS,Bahamas,NA,1966,2239.23963996539
BHS,Bahamas,NA,1967,2452.74763198925
BHS,Bahamas,NA,1968,2668.01498039262
BHS,Bahamas,NA,1969,3026.72757204421
BHS,Bahamas,NA,1970,2916.49998378221
BHS,Bahamas,NA,1971,3004.34356612542
BHS,Bahamas,NA,1972,3013.95016704496
BHS,Bahamas,NA,1973,3341.2852169669
BHS,Bahamas,NA,1974,3079.74014083821
BHS,Bahamas,NA,1975,2840.58965343091
BHS,Bahamas,NA,1976,2993.45923795227
BHS,Bahamas,NA,1977,3253.3754340495602
BHS,Bahamas,NA,1978,3720.04057901064
BHS,Bahamas,NA,1979,4994.08535249529
BHS,Bahamas,NA,1980,5742.58362505698
BHS,Bahamas,NA,1981,6028.80641044063
BHS,Bahamas,NA,1982,6559.46869259478
BHS,Bahamas,NA,1983,7081.38194836084
BHS,Bahamas,NA,1984,8201.70133768379
BHS,Bahamas,NA,1985,9167.14687502469
BHS,Bahamas,NA,1986,9600.599527833
BHS,Bahamas,NA,1987,10361.3488079104
BHS,Bahamas,NA,1988,10575.797153666
BHS,Bahamas,NA,1989,11291.4764472044
BHS,Bahamas,NA,1990,11473.3008389353
BHS,Bahamas,NA,1991,11082.3528573617
BHS,Bahamas,NA,1992,10873.4047501635
BHS,Bahamas,NA,1993,10613.0658785813
BHS,Bahamas,NA,1994,10991.2346674131
BHS,Bahamas,NA,1995,11374.6056703852
BHS,Bahamas,NA,1996,11783.797197226
BHS,Bahamas,NA,1997,20367.5732702056
BHS,Bahamas,NA,1998,21667.448821694
BHS,Bahamas,NA,1999,24041.0933188158
BHS,Bahamas,NA,2000,24940.0775086078
BHS,Bahamas,NA,2001,25371.9237667614
BHS,Bahamas,NA,2002,26781.6195938652
BHS,Bahamas,NA,2003,26429.1247787663
BHS,Bahamas,NA,2004,26650.2934234303
BHS,Bahamas,NA,2005,28602.4181869995
BHS,Bahamas,NA,2006,29184.7865087908
BHS,Bahamas,NA,2007,30051.8489587756
BHS,Bahamas,NA,2008,29392.3824416397
BHS,Bahamas,NA,2009,27512.9130950084
BHS,Bahamas,NA,2010,27473.100430502
BHS,Bahamas,NA,2011,27090.8376801379
BHS,Bahamas,NA,2012,28552.0242683151
BHS,Bahamas,NA,2013,27642.7419759179
BHS,Bahamas,NA,2014,29137.2175632622
BHS,Bahamas,NA,2015,30719.405417469
BHS,Bahamas,NA,2016,30616.5363157284
BHS,Bahamas,NA,2017,31875.4881749619
BHS,Bahamas,NA,2018,32642.3353203452
BHS,Bahamas,NA,2019,33640.3369861278
BHS,Bahamas,NA,2020,26178.7537607708
BHS,Bahamas,NA,2021,30367.8605757708
BHS,Bahamas,NA,2022,34957.1613279737
BHS,Bahamas,NA,2023,38231.774484278
BHS,Bahamas,NA,2024,39455.4466548546
BRB,Barbados,NA,1960,346.575456793331
BRB,Barbados,NA,1961,366.135499084709
BRB,Barbados,NA,1962,377.438456365881
BRB,Barbados,NA,1963,420.504389538497
BRB,Barbados,NA,1964,413.625432165232
BRB,Barbados,NA,1965,433.228679761215
BRB,Barbados,NA,1966,462.028452555116
BRB,Barbados,NA,1967,508.128619491284
BRB,Barbados,NA,1968,505.889066146294
BRB,Barbados,NA,1969,566.833205048027
BRB,Barbados,NA,1970,666.475008721385
BRB,Barbados,NA,1971,749.801351020502
BRB,Barbados,NA,1972,856.071973120587
BRB,Barbados,NA,1973,1041.72956280824
BRB,Barbados,NA,1974,1243.35417471937
BRB,Barbados,NA,1975,1601.18883256516
BRB,Barbados,NA,1976,1733.64540764741
BRB,Barbados,NA,1977,1967.59344395667
BRB,Barbados,NA,1978,2197.89906243719
BRB,Barbados,NA,1979,2667.90751006045
BRB,Barbados,NA,1980,4024.58856621204
BRB,Barbados,NA,1981,4416.71519879857
BRB,Barbados,NA,1982,4598.7626399513
BRB,Barbados,NA,1983,4866.35999061756
BRB,Barbados,NA,1984,5283.57944099441
BRB,Barbados,NA,1985,5509.8746029115
BRB,Barbados,NA,1986,6031.35860779383
BRB,Barbados,NA,1987,6624.59939505809
BRB,Barbados,NA,1988,7032.65370811416
BRB,Barbados,NA,1989,7772.5502280336495
BRB,Barbados,NA,1990,7781.40573306125
BRB,Barbados,NA,1991,7790.26229439159
BRB,Barbados,NA,1992,7519.20143544898
BRB,Barbados,NA,1993,7904.70762426389
BRB,Barbados,NA,1994,8223.16681181719
BRB,Barbados,NA,1995,8460.47380869104
BRB,Barbados,NA,1996,9011.77884838722
BRB,Barbados,NA,1997,9521.57127377123
BRB,Barbados,NA,1998,10734.3637242884
BRB,Barbados,NA,1999,11244.3087668392
BRB,Barbados,NA,2000,11674.6736471764
BRB,Barbados,NA,2001,11639.5160522054
BRB,Barbados,NA,2002,11760.4524736133
BRB,Barbados,NA,2003,12075.9587020649
BRB,Barbados,NA,2004,12886.3665272467
BRB,Barbados,NA,2005,14214.4202213572
BRB,Barbados,NA,2006,15619.6005955511
BRB,Barbados,NA,2007,17235.4396434785
BRB,Barbados,NA,2008,17565.6929970592
BRB,Barbados,NA,2009,16294.9099491834
BRB,Barbados,NA,2010,19723.2381931602
BRB,Barbados,NA,2011,20146.2381264508
BRB,Barbados,NA,2012,19811.2953079751
BRB,Barbados,NA,2013,20384.4910233555
BRB,Barbados,NA,2014,20423.7177921163
BRB,Barbados,NA,2015,20429.4747123553
BRB,Barbados,NA,2016,20311.4094163764
BRB,Barbados,NA,2017,20870.7596432179
BRB,Barbados,NA,2018,21378.2201267496
BRB,Barbados,NA,2019,21929.435611489
BRB,Barbados,NA,2020,19180.9915228365
BRB,Barbados,NA,2021,21084.4013935998
BRB,Barbados,NA,2022,24393.2193483944
BRB,Barbados,NA,2023,25583.8722302505
BRB,Barbados,NA,2024,26897.2002039176
BRB,Barbados,NA,2025,28364.8181499736
BLZ,Belice,NA,1960,307.414508338751
BLZ,Belice,NA,1961,320.029476728041
BLZ,Belice,NA,1962,331.704794335727
BLZ,Belice,NA,1963,341.932583787017
BLZ,Belice,NA,1964,356.235408350011
BLZ,Belice,NA,1965,383.186435252354
BLZ,Belice,NA,1966,411.933019943696
BLZ,Belice,NA,1967,426.264071353746
BLZ,Belice,NA,1968,392.282566057727
BLZ,Belice,NA,1969,401.557990513297
BLZ,Belice,NA,1970,441.7894689257
BLZ,Belice,NA,1971,481.04464147376
BLZ,Belice,NA,1972,529.356647508447
BLZ,Belice,NA,1973,618.567502314442
BLZ,Belice,NA,1974,804.777863602367
BLZ,Belice,NA,1975,906.486277401685
BLZ,Belice,NA,1976,729.488780751524
BLZ,Belice,NA,1977,865.792901454885
BLZ,Belice,NA,1978,982.604370174389
BLZ,Belice,NA,1979,1071.443696269
BLZ,Belice,NA,1980,1774.4136989701
BLZ,Belice,NA,1981,1752.51703789335
BLZ,Belice,NA,1982,1629.32322940976
BLZ,Belice,NA,1983,1677.25548155115
BLZ,Belice,NA,1984,1814.18859813551
BLZ,Belice,NA,1985,1754.01108696183
BLZ,Belice,NA,1986,1859.10214020555
BLZ,Belice,NA,1987,2165.89431416265
BLZ,Belice,NA,1988,2405.81116565818
BLZ,Belice,NA,1989,2741.93638439592
BLZ,Belice,NA,1990,2986.46962075029
BLZ,Belice,NA,1991,3190.13098802395
BLZ,Belice,NA,1992,3642.9480634402
BLZ,Belice,NA,1993,3859.6584437307
BLZ,Belice,NA,1994,3876.69327011457
BLZ,Belice,NA,1995,4009.82752539849
BLZ,Belice,NA,1996,4043.26517997242
BLZ,Belice,NA,1997,4014.40380600241
BLZ,Belice,NA,1998,4125.92539958166
BLZ,Belice,NA,1999,4289.5277590653
BLZ,Belice,NA,2000,4726.50675459616
BLZ,Belice,NA,2001,4718.77715104739
BLZ,Belice,NA,2002,4858.86062599362
BLZ,Belice,NA,2003,4959.74012434605
BLZ,Belice,NA,2004,5153.71308265363
BLZ,Belice,NA,2005,5270.41479135312
BLZ,Belice,NA,2006,5524.78167834986
BLZ,Belice,NA,2007,5762.21023302938
BLZ,Belice,NA,2008,5711.81458859709
BLZ,Belice,NA,2009,5399.67100001919
BLZ,Belice,NA,2010,5461.40735999001
BLZ,Belice,NA,2011,5596.05222152289
BLZ,Belice,NA,2012,5732.66519942347
BLZ,Belice,NA,2013,5957.34953619006
BLZ,Belice,NA,2014,6128.12053089077
BLZ,Belice,NA,2015,6154.62264230369
BLZ,Belice,NA,2016,6140.86713919469
BLZ,Belice,NA,2017,6071.85451846453
BLZ,Belice,NA,2018,6011.99036888587
BLZ,Belice,NA,2019,6171.61449761423
BLZ,Belice,NA,2020,5238.54078175696
BLZ,Belice,NA,2021,6142.98930557031
BLZ,Belice,NA,2022,7068.21728043145
BLZ,Belice,NA,2023,7424.75821321022
BLZ,Belice,NA,2024,7681.24400583113
BLZ,Belice,NA,2025,7865.47937690933
BMU,Bermudas,NA,1960,1715.31463229719
BMU,Bermudas,NA,1961,1773.99531572479
BMU,Bermudas,NA,1962,1824.18228260132
BMU,Bermudas,NA,1963,1821.79091310101
BMU,Bermudas,NA,1964,1986.64081017022
BMU,Bermudas,NA,1965,2064.85324792988
BMU,Bermudas,NA,1966,2369.47294680018
BMU,Bermudas,NA,1967,2722.46233388537
BMU,Bermudas,NA,1968,2975.95428934212
BMU,Bermudas,NA,1969,3214.04903909874
BMU,Bermudas,NA,1970,3574.16928861945
BMU,Bermudas,NA,1971,4012.77396544186
BMU,Bermudas,NA,1972,4458.08003333144
BMU,Bermudas,NA,1973,5090.09179163676
BMU,Bermudas,NA,1974,5891.88781664656
BMU,Bermudas,NA,1975,6493.6287150144
BMU,Bermudas,NA,1976,7259.91355008457
BMU,Bermudas,NA,1977,8383.03139417126
BMU,Bermudas,NA,1978,8904.94282345455
BMU,Bermudas,NA,1979,9664.21884634789
BMU,Bermudas,NA,1980,11426.6012333948
BMU,Bermudas,NA,1981,13687.7980628553
BMU,Bermudas,NA,1982,14442.7902256054
BMU,Bermudas,NA,1983,16236.741698158
BMU,Bermudas,NA,1984,17866.9174355163
BMU,Bermudas,NA,1985,18713.8825139071
BMU,Bermudas,NA,1986,20996.9767217163
BMU,Bermudas,NA,1987,23042.7435883764
BMU,Bermudas,NA,1988,24958.1127004004
BMU,Bermudas,NA,1989,26282.6240963434
BMU,Bermudas,NA,1990,27665.525808301
BMU,Bermudas,NA,1991,28195.7091611479
BMU,Bermudas,NA,1992,28761.9634632835
BMU,Bermudas,NA,1993,30950.0799102285
BMU,Bermudas,NA,1994,31543.0634861641
BMU,Bermudas,NA,1995,34115.3445553204
BMU,Bermudas,NA,1996,45063.6149332085
BMU,Bermudas,NA,1997,48736.6768034299
BMU,Bermudas,NA,1998,51629.2814855126
BMU,Bermudas,NA,1999,54388.3417315621
BMU,Bermudas,NA,2000,56542.9569455727
BMU,Bermudas,NA,2001,59490.2452034202
BMU,Bermudas,NA,2002,63358.5658652763
BMU,Bermudas,NA,2003,67106.8028083224
BMU,Bermudas,NA,2004,71692.1589001679
BMU,Bermudas,NA,2005,77628.103522508
BMU,Bermudas,NA,2006,97781.4558996721
BMU,Bermudas,NA,2007,107395.651483891
BMU,Bermudas,NA,2008,110268.562401264
BMU,Bermudas,NA,2009,104711.712420357
BMU,Bermudas,NA,2010,104111.824244802
BMU,Bermudas,NA,2011,99049.0169927667
BMU,Bermudas,NA,2012,100213.493385287
BMU,Bermudas,NA,2013,101704.40746217
BMU,Bermudas,NA,2014,100961.576602811
BMU,Bermudas,NA,2015,104855.366822135
BMU,Bermudas,NA,2016,108747.356144305
BMU,Bermudas,NA,2017,112339.425587467
BMU,Bermudas,NA,2018,113204.82210838
BMU,Bermudas,NA,2019,115798.040775578
BMU,Bermudas,NA,2020,106976.546239632
BMU,Bermudas,NA,2021,112765.08167306
BMU,Bermudas,NA,2022,119969.173269085
BMU,Bermudas,NA,2023,132961.760796315
BMU,Bermudas,NA,2024,142250.433195123
BOL,Bolivia,NA,1960,101.833417024987
BOL,Bolivia,NA,1961,108.528765371499
BOL,Bolivia,NA,1962,116.24147429449
BOL,Bolivia,NA,1963,122.579067582423
BOL,Bolivia,NA,1964,135.228463817406
BOL,Bolivia,NA,1965,147.057689573182
BOL,Bolivia,NA,1966,159.348482383093
BOL,Bolivia,NA,1967,176.073477814252
BOL,Bolivia,NA,1968,195.471270062333
BOL,Bolivia,NA,1969,207.126019695423
BOL,Bolivia,NA,1970,221.568878282044
BOL,Bolivia,NA,1971,233.392218893062
BOL,Bolivia,NA,1972,261.949887081198
BOL,Bolivia,NA,1973,257.213253175457
BOL,Bolivia,NA,1974,418.170299516169
BOL,Bolivia,NA,1975,468.064116140902
BOL,Bolivia,NA,1976,519.734821066353
BOL,Bolivia,NA,1977,599.9882290041
BOL,Bolivia,NA,1978,682.801036523933
BOL,Bolivia,NA,1979,785.198889713429
BOL,Bolivia,NA,1980,787.907344889279
BOL,Bolivia,NA,1981,1000.59266819668
BOL,Bolivia,NA,1982,929.552105072211
BOL,Bolivia,NA,1983,881.867606330418
BOL,Bolivia,NA,1984,982.109656770748
BOL,Bolivia,NA,1985,838.080035867133
BOL,Bolivia,NA,1986,604.257233504238
BOL,Bolivia,NA,1987,649.708769442851
BOL,Bolivia,NA,1988,672.607268146683
BOL,Bolivia,NA,1989,675.469993900788
BOL,Bolivia,NA,1990,682.67681029538
BOL,Bolivia,NA,1991,733.935487602519
BOL,Bolivia,NA,1992,759.57113496365
BOL,Bolivia,NA,1993,756.637016048451
BOL,Bolivia,NA,1994,774.035669644318
BOL,Bolivia,NA,1995,852.754034861444
BOL,Bolivia,NA,1996,922.113259069714
BOL,Bolivia,NA,1997,970.351843368594
BOL,Bolivia,NA,1998,1022.14506519545
BOL,Bolivia,NA,1999,979.344494964572
BOL,Bolivia,NA,2000,975.777060358751
BOL,Bolivia,NA,2001,930.168227214313
BOL,Bolivia,NA,2002,888.221328974352
BOL,Bolivia,NA,2003,893.013760211149
BOL,Bolivia,NA,2004,953.191893246277
BOL,Bolivia,NA,2005,1020.12326200737
BOL,Bolivia,NA,2006,1202.71150446327
BOL,Bolivia,NA,2007,1354.54905949929
BOL,Bolivia,NA,2008,1692.67248455876
BOL,Bolivia,NA,2009,1731.18172112209
BOL,Bolivia,NA,2010,1929.78373077158
BOL,Bolivia,NA,2011,2315.52121930607
BOL,Bolivia,NA,2012,2575.59857098084
BOL,Bolivia,NA,2013,2870.02377000756
BOL,Bolivia,NA,2014,3041.43503162408
BOL,Bolivia,NA,2015,2996.01289811344
BOL,Bolivia,NA,2016,3035.87347732132
BOL,Bolivia,NA,2017,4048.40119739839
BOL,Bolivia,NA,2018,4206.8552936661
BOL,Bolivia,NA,2019,4203.15492855788
BOL,Bolivia,NA,2020,3580.96761778303
BOL,Bolivia,NA,2021,4010.76053686204
BOL,Bolivia,NA,2022,4219.46113742445
BOL,Bolivia,NA,2023,4274.70820547613
BOL,Bolivia,NA,2024,4421.16609889999
BOL,Bolivia,NA,2025,5147.81081955367
BRA,Brasil,NA,1960,235.266009502589
BRA,Brasil,NA,1961,231.564063269854
BRA,Brasil,NA,1962,250.200572910273
BRA,Brasil,NA,1963,294.169619376733
BRA,Brasil,NA,1964,257.259726897671
BRA,Brasil,NA,1965,268.028760553723
BRA,Brasil,NA,1966,328.343791519407
BRA,Brasil,NA,1967,351.472600370379
BRA,Brasil,NA,1968,373.925432639683
BRA,Brasil,NA,1969,399.49841913391
BRA,Brasil,NA,1970,443.799484982738
BRA,Brasil,NA,1971,500.001988983361
BRA,Brasil,NA,1972,583.492034946156
BRA,Brasil,NA,1973,814.731780553415
BRA,Brasil,NA,1974,1044.76980947499
BRA,Brasil,NA,1975,1200.55823714607
BRA,Brasil,NA,1976,1389.74952306555
BRA,Brasil,NA,1977,1562.29143045708
BRA,Brasil,NA,1978,1732.50012204556
BRA,Brasil,NA,1979,1869.7133759549
BRA,Brasil,NA,1980,1958.57159232662
BRA,Brasil,NA,1981,2079.70908377484
BRA,Brasil,NA,1982,2137.6250359394
BRA,Brasil,NA,1983,1461.25582714178
BRA,Brasil,NA,1984,1419.73154606978
BRA,Brasil,NA,1985,1556.1297180511
BRA,Brasil,NA,1986,1854.03775211919
BRA,Brasil,NA,1987,2006.00226235757
BRA,Brasil,NA,1988,2140.65027561164
BRA,Brasil,NA,1989,2818.99277980122
BRA,Brasil,NA,1990,2581.14187449078
BRA,Brasil,NA,1991,2257.6092968885
BRA,Brasil,NA,1992,2127.31642731638
BRA,Brasil,NA,1993,2348.88247685352
BRA,Brasil,NA,1994,3298.71250747787
BRA,Brasil,NA,1995,4756.74840785403
BRA,Brasil,NA,1996,5179.13052002464
BRA,Brasil,NA,1997,5299.39630404412
BRA,Brasil,NA,1998,5105.89099544117
BRA,Brasil,NA,1999,3493.57162513699
BRA,Brasil,NA,2000,3766.54811466032
BRA,Brasil,NA,2001,3176.28935747524
BRA,Brasil,NA,2002,2855.94018885769
BRA,Brasil,NA,2003,3090.6070097455
BRA,Brasil,NA,2004,3663.823188064
BRA,Brasil,NA,2005,4827.78173074714
BRA,Brasil,NA,2006,5934.14470924968
BRA,Brasil,NA,2007,7409.69130673473
BRA,Brasil,NA,2008,8908.33176538648
BRA,Brasil,NA,2009,8678.6592244676
BRA,Brasil,NA,2010,11403.2821278747
BRA,Brasil,NA,2011,13396.6243562986
BRA,Brasil,NA,2012,12521.7213519966
BRA,Brasil,NA,2013,12458.8912138813
BRA,Brasil,NA,2014,12274.9939689363
BRA,Brasil,NA,2015,8936.19661712113
BRA,Brasil,NA,2016,8836.28652735657
BRA,Brasil,NA,2017,10080.5092819305
BRA,Brasil,NA,2018,9300.66164923219
BRA,Brasil,NA,2019,9029.83326681073
BRA,Brasil,NA,2020,7074.19378337644
BRA,Brasil,NA,2021,7972.5366498646
BRA,Brasil,NA,2022,9281.33334441234
BRA,Brasil,NA,2023,10377.5892792557
BRA,Brasil,NA,2024,10310.5486973693
BRA,Brasil,NA,2025,10713.2856869511
CAN,Canadá,NA,1960,2264.94849658191
CAN,Canadá,NA,1961,2246.08356619252
CAN,Canadá,NA,1962,2274.4284708191
CAN,Canadá,NA,1963,2380.31732899108
CAN,Canadá,NA,1964,2561.63849088572
CAN,Canadá,NA,1965,2777.18317301162
CAN,Canadá,NA,1966,3055.28807884507
CAN,Canadá,NA,1967,3226.38273682011
CAN,Canadá,NA,1968,3473.23722551871
CAN,Canadá,NA,1969,3776.15613110238
CAN,Canadá,NA,1970,4135.82149842006
CAN,Canadá,NA,1971,4535.39338907773
CAN,Canadá,NA,1972,5106.73708049128
CAN,Canadá,NA,1973,5858.33407318788
CAN,Canadá,NA,1974,7056.70847496589
CAN,Canadá,NA,1975,7536.52009823861
CAN,Canadá,NA,1976,8838.94710677652
CAN,Canadá,NA,1977,8949.10989272982
CAN,Canadá,NA,1978,9154.43325277735
CAN,Canadá,NA,1979,10077.5026707269
CAN,Canadá,NA,1980,11208.2027394178
CAN,Canadá,NA,1981,12379.0368643833
CAN,Canadá,NA,1982,12527.3135323802
CAN,Canadá,NA,1983,13477.1031699599
CAN,Canadá,NA,1984,13930.4745502555
CAN,Canadá,NA,1985,14170.1249406067
CAN,Canadá,NA,1986,14521.1800806
CAN,Canadá,NA,1987,16377.6902109541
CAN,Canadá,NA,1988,19012.5723278349
CAN,Canadá,NA,1989,20794.682233334
CAN,Canadá,NA,1990,21525.8611387148
CAN,Canadá,NA,1991,21846.7930471354
CAN,Canadá,NA,1992,20950.3305287651
CAN,Canadá,NA,1993,20186.7988782965
CAN,Canadá,NA,1994,19997.6237373354
CAN,Canadá,NA,1995,20679.634792669
CAN,Canadá,NA,1996,21296.9723536904
CAN,Canadá,NA,1997,21901.5870048928
CAN,Canadá,NA,1998,21024.5627149423
CAN,Canadá,NA,1999,22315.3130930482
CAN,Canadá,NA,2000,24271.0020563821
CAN,Canadá,NA,2001,23822.096210932
CAN,Canadá,NA,2002,24256.0598742201
CAN,Canadá,NA,2003,28301.9097055898
CAN,Canadá,NA,2004,32145.5653280273
CAN,Canadá,NA,2005,36383.9671341396
CAN,Canadá,NA,2006,40504.8490329826
CAN,Canadá,NA,2007,44660.0838892281
CAN,Canadá,NA,2008,46710.3654423328
CAN,Canadá,NA,2009,40874.9612318547
CAN,Canadá,NA,2010,47560.8378831258
CAN,Canadá,NA,2011,52224.1237767406
CAN,Canadá,NA,2012,52670.1429540952
CAN,Canadá,NA,2013,52637.7313222622
CAN,Canadá,NA,2014,50960.8942086685
CAN,Canadá,NA,2015,43594.2379080706
CAN,Canadá,NA,2016,42314.1033623905
CAN,Canadá,NA,2017,45129.7335281051
CAN,Canadá,NA,2018,46539.2177903178
CAN,Canadá,NA,2019,46352.9695208927
CAN,Canadá,NA,2020,43537.8981198851
CAN,Canadá,NA,2021,52886.6407813788
CAN,Canadá,NA,2022,56496.9275340663
CAN,Canadá,NA,2023,54847.5370112652
CAN,Canadá,NA,2024,55015.7066917734
CAN,Canadá,NA,2025,55697.6639660837
CHL,Chile,NA,1960,516.487539077836
CHL,Chile,NA,1961,594.436306222113
CHL,Chile,NA,1962,678.584336588862
CHL,Chile,NA,1963,657.719196593697
CHL,Chile,NA,1964,685.970202891974
CHL,Chile,NA,1965,686.123541995524
CHL,Chile,NA,1966,790.361773771396
CHL,Chile,NA,1967,764.265128656993
CHL,Chile,NA,1968,765.847401648627
CHL,Chile,NA,1969,873.581889905917
CHL,Chile,NA,1970,940.648345061287
CHL,Chile,NA,1971,1098.91469956231
CHL,Chile,NA,1972,1185.04994801594
CHL,Chile,NA,1973,1666.99542750899
CHL,Chile,NA,1974,1578.5836760852
CHL,Chile,NA,1975,732.054406775965
CHL,Chile,NA,1976,970.957314866348
CHL,Chile,NA,1977,1296.86854720323
CHL,Chile,NA,1978,1465.45605636916
CHL,Chile,NA,1979,1962.08185606537
CHL,Chile,NA,1980,2570.84311890682
CHL,Chile,NA,1981,3012.3447816477
CHL,Chile,NA,1982,1663.28043251256
CHL,Chile,NA,1983,1715.40345654344
CHL,Chile,NA,1984,1636.22476246476
CHL,Chile,NA,1985,1446.80604557863
CHL,Chile,NA,1986,1524.97809458987
CHL,Chile,NA,1987,1767.41389670161
CHL,Chile,NA,1988,2013.53987790886
CHL,Chile,NA,1989,2277.84764297202
CHL,Chile,NA,1990,2487.76829657299
CHL,Chile,NA,1991,2798.34262413795
CHL,Chile,NA,1992,3351.84108855522
CHL,Chile,NA,1993,3540.91377313015
CHL,Chile,NA,1994,4012.10159912285
CHL,Chile,NA,1995,5081.4682771561
CHL,Chile,NA,1996,5333.50438729711
CHL,Chile,NA,1997,5741.95842989596
CHL,Chile,NA,1998,5419.82417297191
CHL,Chile,NA,1999,4933.55581516755
CHL,Chile,NA,2000,5052.99245766325
CHL,Chile,NA,2001,4563.5952986689
CHL,Chile,NA,2002,4430.84741157984
CHL,Chile,NA,2003,4773.40177520754
CHL,Chile,NA,2004,6120.59152055344
CHL,Chile,NA,2005,7480.32330998636
CHL,Chile,NA,2006,9318.65655296121
CHL,Chile,NA,2007,10346.4138184533
CHL,Chile,NA,2008,10683.2188772511
CHL,Chile,NA,2009,10098.8017167286
CHL,Chile,NA,2010,12632.8704724192
CHL,Chile,NA,2011,14487.3927832032
CHL,Chile,NA,2012,15241.9069981119
CHL,Chile,NA,2013,15683.5486369155
CHL,Chile,NA,2014,14529.6767206336
CHL,Chile,NA,2015,13433.9202987032
CHL,Chile,NA,2016,13649.8520452803
CHL,Chile,NA,2017,14879.9086227187
CHL,Chile,NA,2018,15659.4808675628
CHL,Chile,NA,2019,14496.9345640362
CHL,Chile,NA,2020,13117.9930230086
CHL,Chile,NA,2021,16216.1840860289
CHL,Chile,NA,2022,15399.1044717559
CHL,Chile,NA,2023,17081.5180740049
CHL,Chile,NA,2024,16658.9652720351
CHL,Chile,NA,2025,17994.5911957485
COL,Colombia,NA,1960,258.304433616071
COL,Colombia,NA,1961,282.099440509948
COL,Colombia,NA,1962,298.544207818945
COL,Colombia,NA,1963,282.588330302742
COL,Colombia,NA,1964,338.675935298365
COL,Colombia,NA,1965,317.064563351518
COL,Colombia,NA,1966,290.253385958132
COL,Colombia,NA,1967,302.832507824134
COL,Colombia,NA,1968,301.526502784249
COL,Colombia,NA,1969,317.868798055367
COL,Colombia,NA,1970,345.879101568471
COL,Colombia,NA,1971,366.825167940364
COL,Colombia,NA,1972,397.41211740514
COL,Colombia,NA,1973,462.064375734059
COL,Colombia,NA,1974,541.749901587091
COL,Colombia,NA,1975,561.098036100584
COL,Colombia,NA,1976,643.007914496566
COL,Colombia,NA,1977,798.203021638873
COL,Colombia,NA,1978,932.392695058624
COL,Colombia,NA,1979,1095.0313839164
COL,Colombia,NA,1980,1279.50116658241
COL,Colombia,NA,1981,1362.18332520058
COL,Colombia,NA,1982,1425.39936771371
COL,Colombia,NA,1983,1383.7924605368
COL,Colombia,NA,1984,1335.52821812362
COL,Colombia,NA,1985,1192.21849833568
COL,Colombia,NA,1986,1169.46212069392
COL,Colombia,NA,1987,1192.58828638182
COL,Colombia,NA,1988,1259.6174112078
COL,Colombia,NA,1989,1244.3269459081
COL,Colombia,NA,1990,1474.8455285342
COL,Colombia,NA,1991,1485.73971889208
COL,Colombia,NA,1992,1730.39091795329
COL,Colombia,NA,1993,1929.26721811738
COL,Colombia,NA,1994,2325.91872973374
COL,Colombia,NA,1995,2583.66576349858
COL,Colombia,NA,1996,2664.64056059983
COL,Colombia,NA,1997,2873.2814350993
COL,Colombia,NA,1998,2604.87166959518
COL,Colombia,NA,1999,2241.22911801216
COL,Colombia,NA,2000,2555.00751039968
COL,Colombia,NA,2001,2472.99084035833
COL,Colombia,NA,2002,2428.92969771584
COL,Colombia,NA,2003,2311.94218760291
COL,Colombia,NA,2004,2818.57195413044
COL,Colombia,NA,2005,3456.06610874512
COL,Colombia,NA,2006,3789.85361217027
COL,Colombia,NA,2007,4769.926147194
COL,Colombia,NA,2008,5541.83629665898
COL,Colombia,NA,2009,5250.97292433518
COL,Colombia,NA,2010,6398.2958447102
COL,Colombia,NA,2011,7400.9940695669
COL,Colombia,NA,2012,8108.59838244229
COL,Colombia,NA,2013,8279.10255642981
COL,Colombia,NA,2014,8187.20824890084
COL,Colombia,NA,2015,6248.51490534512
COL,Colombia,NA,2016,5959.84250367574
COL,Colombia,NA,2017,6479.53231292429
COL,Colombia,NA,2018,6816.96818309544
COL,Colombia,NA,2019,6472.54544924705
COL,Colombia,NA,2020,5339.68711357943
COL,Colombia,NA,2021,6222.62164397614
COL,Colombia,NA,2022,6680.44506854481
COL,Colombia,NA,2023,7012.49169137756
COL,Colombia,NA,2024,7951.08624019412
COL,Colombia,NA,2025,8561.62091854449
CRI,Costa Rica,NA,1960,382.309121831519
CRI,Costa Rica,NA,1961,355.844447873806
CRI,Costa Rica,NA,1962,335.221589042255
CRI,Costa Rica,NA,1963,345.505369052711
CRI,Costa Rica,NA,1964,353.710896791701
CRI,Costa Rica,NA,1965,373.835690063441
CRI,Costa Rica,NA,1966,395.15249847305
CRI,Costa Rica,NA,1967,413.996506036274
CRI,Costa Rica,NA,1968,444.805256869954
CRI,Costa Rica,NA,1969,477.081346742249
CRI,Costa Rica,NA,1970,535.539679724977
CRI,Costa Rica,NA,1971,570.360229534426
CRI,Costa Rica,NA,1972,638.851011611456
CRI,Costa Rica,NA,1973,768.944717412776
CRI,Costa Rica,NA,1974,817.076691410389
CRI,Costa Rica,NA,1975,936.993196686988
CRI,Costa Rica,NA,1976,1123.28179124262
CRI,Costa Rica,NA,1977,1393.37513762224
CRI,Costa Rica,NA,1978,1555.83716115258
CRI,Costa Rica,NA,1979,1734.59560248294
CRI,Costa Rica,NA,1980,2020.99067534283
CRI,Costa Rica,NA,1981,1068.04672232202
CRI,Costa Rica,NA,1982,1032.40548167496
CRI,Costa Rica,NA,1983,1212.55765296791
CRI,Costa Rica,NA,1984,1372.20149843952
CRI,Costa Rica,NA,1985,1429.37836415122
CRI,Costa Rica,NA,1986,1568.5640969552
CRI,Costa Rica,NA,1987,1567.0320510901
CRI,Costa Rica,NA,1988,1554.74048522018
CRI,Costa Rica,NA,1989,1725.13936155907
CRI,Costa Rica,NA,1990,1829.6687089559
CRI,Costa Rica,NA,1991,2253.3819611182
CRI,Costa Rica,NA,1992,2612.38762395528
CRI,Costa Rica,NA,1993,2840.38709085425
CRI,Costa Rica,NA,1994,3039.56331706225
CRI,Costa Rica,NA,1995,3275.25258510331
CRI,Costa Rica,NA,1996,3226.96401664833
CRI,Costa Rica,NA,1997,3407.77611260904
CRI,Costa Rica,NA,1998,3617.45758013205
CRI,Costa Rica,NA,1999,3690.9615476017
CRI,Costa Rica,NA,2000,3812.75386183689
CRI,Costa Rica,NA,2001,3985.12987980056
CRI,Costa Rica,NA,2002,4067.71854177094
CRI,Costa Rica,NA,2003,4173.14853766977
CRI,Costa Rica,NA,2004,4431.01172024063
CRI,Costa Rica,NA,2005,4703.00720463794
CRI,Costa Rica,NA,2006,5256.59641275583
CRI,Costa Rica,NA,2007,6137.71199435022
CRI,Costa Rica,NA,2008,6937.24261660254
CRI,Costa Rica,NA,2009,6832.69828187486
CRI,Costa Rica,NA,2010,8265.78820580299
CRI,Costa Rica,NA,2011,9276.39109377477
CRI,Costa Rica,NA,2012,10126.9991155066
CRI,Costa Rica,NA,2013,10803.2401795009
CRI,Costa Rica,NA,2014,10911.4978703456
CRI,Costa Rica,NA,2015,11714.7106121672
CRI,Costa Rica,NA,2016,12091.0301560892
CRI,Costa Rica,NA,2017,12317.0902779911
CRI,Costa Rica,NA,2018,12620.0207321581
CRI,Costa Rica,NA,2019,12951.8588421841
CRI,Costa Rica,NA,2020,12475.6852076814
CRI,Costa Rica,NA,2021,12962.2716075659
CRI,Costa Rica,NA,2022,13971.7649991294
CRI,Costa Rica,NA,2023,17140.771430122
CRI,Costa Rica,NA,2024,18853.2828705886
CRI,Costa Rica,NA,2025,19970.0989059622
CUB,Cuba,NA,1970,645.144917797076
CUB,Cuba,NA,1971,770.084969682323
CUB,Cuba,NA,1972,891.631749208781
CUB,Cuba,NA,1973,1079.13081526456
CUB,Cuba,NA,1974,1216.74148211883
CUB,Cuba,NA,1975,1374.2396398274
CUB,Cuba,NA,1976,1440.73046137146
CUB,Cuba,NA,1977,1472.37881716617
CUB,Cuba,NA,1978,1837.39107006762
CUB,Cuba,NA,1979,2005.91326318373
CUB,Cuba,NA,1980,2030.93362280165
CUB,Cuba,NA,1981,2045.85231227999
CUB,Cuba,NA,1982,2113.80858874548
CUB,Cuba,NA,1983,2222.48851241339
CUB,Cuba,NA,1984,2386.44595066854
CUB,Cuba,NA,1985,2256.56948668495
CUB,Cuba,NA,1986,2364.89559789307
CUB,Cuba,NA,1987,2439.58400332393
CUB,Cuba,NA,1988,2632.04176839158
CUB,Cuba,NA,1989,2565.54117909344
CUB,Cuba,NA,1990,2694.31697957692
CUB,Cuba,NA,1991,2268.83493247194
CUB,Cuba,NA,1992,2047.67900346421
CUB,Cuba,NA,1993,2063.20366253587
CUB,Cuba,NA,1994,2613.28971869122
CUB,Cuba,NA,1995,2785.24442954103
CUB,Cuba,NA,1996,2282.18809324202
CUB,Cuba,NA,1997,2306.42483397336
CUB,Cuba,NA,1998,2332.30656133119
CUB,Cuba,NA,1999,2561.77980406838
CUB,Cuba,NA,2000,2751.3817714814
CUB,Cuba,NA,2001,2842.96704310394
CUB,Cuba,NA,2002,3005.21104247868
CUB,Cuba,NA,2003,3202.78109865637
CUB,Cuba,NA,2004,3399.21962893402
CUB,Cuba,NA,2005,3786.33799225291
CUB,Cuba,NA,2006,4329.98265964383
CUB,Cuba,NA,2007,4807.43888960684
CUB,Cuba,NA,2008,4986.12436479175
CUB,Cuba,NA,2009,5089.23519757167
CUB,Cuba,NA,2010,5272.26755824835
CUB,Cuba,NA,2011,6104.46105236166
CUB,Cuba,NA,2012,6470.83673392653
CUB,Cuba,NA,2013,6828.36428245396
CUB,Cuba,NA,2014,7146.70459051328
CUB,Cuba,NA,2015,7727.91997207998
CUB,Cuba,NA,2016,8110.55874283616
CUB,Cuba,NA,2017,8610.60829605429
CUB,Cuba,NA,2018,8911.46205998726
CUB,Cuba,NA,2019,9232.26115935183
CUB,Cuba,NA,2020,9605.27914559614
CUW,Curazao,NA,2000,15841.2612359949
CUW,Curazao,NA,2001,16609.8454536485
CUW,Curazao,NA,2002,16723.6925253468
CUW,Curazao,NA,2003,16695.7351137757
CUW,Curazao,NA,2004,16671.3403391655
CUW,Curazao,NA,2005,17032.3356620744
CUW,Curazao,NA,2006,17400.1637780186
CUW,Curazao,NA,2007,18005.7165850772
CUW,Curazao,NA,2008,19423.3352430175
CUW,Curazao,NA,2009,19540.2476579348
CUW,Curazao,NA,2010,19847.2310127979
CUW,Curazao,NA,2011,19426.326382752
CUW,Curazao,NA,2012,19809.8223198624
CUW,Curazao,NA,2013,19721.2921646576
CUW,Curazao,NA,2014,19623.029993395
CUW,Curazao,NA,2015,19361.8130008678
CUW,Curazao,NA,2016,18944.0961493998
CUW,Curazao,NA,2017,18938.2440469703
CUW,Curazao,NA,2018,19119.1243941688
CUW,Curazao,NA,2019,19220.6866958303
CUW,Curazao,NA,2020,16299.8134688605
CUW,Curazao,NA,2021,17795.5826483092
CUW,Curazao,NA,2022,20057.1404960105
CUW,Curazao,NA,2023,21217.8109173312
CUW,Curazao,NA,2024,22832.895498987
DMA,Dominica,NA,1977,633.551741670682
DMA,Dominica,NA,1978,785.575814800555
DMA,Dominica,NA,1979,754.091460805232
DMA,Dominica,NA,1980,996.191362332325
DMA,Dominica,NA,1981,1124.97453088416
DMA,Dominica,NA,1982,1231.66928057818
DMA,Dominica,NA,1983,1363.43800844996
DMA,Dominica,NA,1984,1514.89217748336
DMA,Dominica,NA,1985,1665.53207185218
DMA,Dominica,NA,1986,1892.86556477773
DMA,Dominica,NA,1987,2138.30385149099
DMA,Dominica,NA,1988,2423.32574317463
DMA,Dominica,NA,1989,2639.0495483153
DMA,Dominica,NA,1990,2892.9815966454
DMA,Dominica,NA,1991,3171.36577815405
DMA,Dominica,NA,1992,3376.26050139573
DMA,Dominica,NA,1993,3536.15609185727
DMA,Dominica,NA,1994,3805.20278759984
DMA,Dominica,NA,1995,3951.72267086358
DMA,Dominica,NA,1996,4210.99532034556
DMA,Dominica,NA,1997,4372.19712966838
DMA,Dominica,NA,1998,4664.24268142919
DMA,Dominica,NA,1999,4817.18105502046
DMA,Dominica,NA,2000,4867.39896323759
DMA,Dominica,NA,2001,5527.51527300496
DMA,Dominica,NA,2002,5488.02784969357
DMA,Dominica,NA,2003,5447.44011496284
DMA,Dominica,NA,2004,5778.83306546506
DMA,Dominica,NA,2005,5695.22442394675
DMA,Dominica,NA,2006,6055.78109574854
DMA,Dominica,NA,2007,6459.03503689609
DMA,Dominica,NA,2008,6971.32633839289
DMA,Dominica,NA,2009,7487.49010395154
DMA,Dominica,NA,2010,7549.61964680375
DMA,Dominica,NA,2011,7705.40717248319
DMA,Dominica,NA,2012,7528.51001990155
DMA,Dominica,NA,2013,7822.21797211398
DMA,Dominica,NA,2014,8131.74876096735
DMA,Dominica,NA,2015,8282.59874702141
DMA,Dominica,NA,2016,8802.56172041363
DMA,Dominica,NA,2017,8224.64896571414
DMA,Dominica,NA,2018,9215.3085405645
DMA,Dominica,NA,2019,9491.14995962374
DMA,Dominica,NA,2020,7827.74842680426
DMA,Dominica,NA,2021,8376.40414141113
DMA,Dominica,NA,2022,9323.66089490562
DMA,Dominica,NA,2023,9912.96212766668
DMA,Dominica,NA,2024,10405.2787777582
DMA,Dominica,NA,2025,10989.0431185083
ECU,Ecuador,NA,1960,450.776317102259
ECU,Ecuador,NA,1961,371.395176462235
ECU,Ecuador,NA,1962,312.43541024174
ECU,Ecuador,NA,1963,364.743594141305
ECU,Ecuador,NA,1964,435.763463220837
ECU,Ecuador,NA,1965,450.049782719552
ECU,Ecuador,NA,1966,444.623111980641
ECU,Ecuador,NA,1967,453.645285895565
ECU,Ecuador,NA,1968,445.227989157148
ECU,Ecuador,NA,1969,520.843984636492
ECU,Ecuador,NA,1970,465.040319805007
ECU,Ecuador,NA,1971,434.415880347799
ECU,Ecuador,NA,1972,487.972047217986
ECU,Ecuador,NA,1973,578.954930783286
ECU,Ecuador,NA,1974,953.846558260516
ECU,Ecuador,NA,1975,1086.17615086517
ECU,Ecuador,NA,1976,1241.91098461141
ECU,Ecuador,NA,1977,1464.94058354719
ECU,Ecuador,NA,1978,1541.13760425322
ECU,Ecuador,NA,1979,1783.29280581578
ECU,Ecuador,NA,1980,2189.78417657382
ECU,Ecuador,NA,1981,2600.57152797996
ECU,Ecuador,NA,1982,2314.38354547989
ECU,Ecuador,NA,1983,1940.23393200801
ECU,Ecuador,NA,1984,1863.68213493779
ECU,Ecuador,NA,1985,1841.77905481426
ECU,Ecuador,NA,1986,1604.24698102055
ECU,Ecuador,NA,1987,1426.01629151663
ECU,Ecuador,NA,1988,1303.77906073184
ECU,Ecuador,NA,1989,1356.28045636224
ECU,Ecuador,NA,1990,1455.00748510871
ECU,Ecuador,NA,1991,1587.36049996672
ECU,Ecuador,NA,1992,1655.44613192632
ECU,Ecuador,NA,1993,1697.88884141445
ECU,Ecuador,NA,1994,1996.85894789444
ECU,Ecuador,NA,1995,2108.00698245316
ECU,Ecuador,NA,1996,2135.8479374308
ECU,Ecuador,NA,1997,2340.76600026857
ECU,Ecuador,NA,1998,2284.01572847769
ECU,Ecuador,NA,1999,1575.30234730971
ECU,Ecuador,NA,2000,1382.23421759909
ECU,Ecuador,NA,2001,1791.30359685037
ECU,Ecuador,NA,2002,2059.1585535974
ECU,Ecuador,NA,2003,2315.62215223014
ECU,Ecuador,NA,2004,2586.20914663347
ECU,Ecuador,NA,2005,2909.02606014388
ECU,Ecuador,NA,2006,3243.67010359339
ECU,Ecuador,NA,2007,3478.92488770671
ECU,Ecuador,NA,2008,4194.75750661981
ECU,Ecuador,NA,2009,4053.36331139298
ECU,Ecuador,NA,2010,4520.30959039763
ECU,Ecuador,NA,2011,5153.6916424375
ECU,Ecuador,NA,2012,5634.08393191094
ECU,Ecuador,NA,2013,6109.29031510341
ECU,Ecuador,NA,2014,6405.79979300441
ECU,Ecuador,NA,2015,5976.1596805651
ECU,Ecuador,NA,2016,5917.63771271481
ECU,Ecuador,NA,2017,6233.32244797718
ECU,Ecuador,NA,2018,6303.91886658338
ECU,Ecuador,NA,2019,6205.05765246766
ECU,Ecuador,NA,2020,5463.64515348598
ECU,Ecuador,NA,2021,6061.32350181711
ECU,Ecuador,NA,2022,6515.58528418336
ECU,Ecuador,NA,2023,6718.1447938811
ECU,Ecuador,NA,2024,6826.5294137822
ECU,Ecuador,NA,2025,7125.27618527738
SLV,El Salvador,NA,1965,274.333279365994
SLV,El Salvador,NA,1966,282.44637356687
SLV,El Salvador,NA,1967,288.374280393621
SLV,El Salvador,NA,1968,290.096510171735
SLV,El Salvador,NA,1969,293.416580804896
SLV,El Salvador,NA,1970,308.798853901934
SLV,El Salvador,NA,1971,315.665399785976
SLV,El Salvador,NA,1972,328.509448039035
SLV,El Salvador,NA,1973,366.250658952563
SLV,El Salvador,NA,1974,413.403476363207
SLV,El Salvador,NA,1975,457.260871327372
SLV,El Salvador,NA,1976,552.994933864727
SLV,El Salvador,NA,1977,683.90258566335
SLV,El Salvador,NA,1978,711.852264187957
SLV,El Salvador,NA,1979,773.066953129952
SLV,El Salvador,NA,1980,787.149605473724
SLV,El Salvador,NA,1981,752.024012607538
SLV,El Salvador,NA,1982,735.360954743528
SLV,El Salvador,NA,1983,744.863912246485
SLV,El Salvador,NA,1984,763.168218110743
SLV,El Salvador,NA,1985,776.424283705702
SLV,El Salvador,NA,1986,755.425135831439
SLV,El Salvador,NA,1987,777.239402479086
SLV,El Salvador,NA,1988,806.392353256927
SLV,El Salvador,NA,1989,825.105232536306
SLV,El Salvador,NA,1990,892.18271519703
SLV,El Salvador,NA,1991,955.826897421092
SLV,El Salvador,NA,1992,1040.78164082019
SLV,El Salvador,NA,1993,1180.26854267621
SLV,El Salvador,NA,1994,1343.9290572544
SLV,El Salvador,NA,1995,1548.3763038362
SLV,El Salvador,NA,1996,1651.31016800895
SLV,El Salvador,NA,1997,1748.92111971129
SLV,El Salvador,NA,1998,1859.73085887742
SLV,El Salvador,NA,1999,1908.0804545224
SLV,El Salvador,NA,2000,1982.87093542615
SLV,El Salvador,NA,2001,2058.04459070452
SLV,El Salvador,NA,2002,2115.41187355626
SLV,El Salvador,NA,2003,2207.83089518069
SLV,El Salvador,NA,2004,2285.68907438892
SLV,El Salvador,NA,2005,2447.39140845394
SLV,El Salvador,NA,2006,2665.61807194853
SLV,El Salvador,NA,2007,2830.65693770733
SLV,El Salvador,NA,2008,2983.24829577976
SLV,El Salvador,NA,2009,2910.18651752011
SLV,El Salvador,NA,2010,3040.07300952878
SLV,El Salvador,NA,2011,3330.60049486653
SLV,El Salvador,NA,2012,3497.91256915509
SLV,El Salvador,NA,2013,3582.26694005169
SLV,El Salvador,NA,2014,3666.01248913873
SLV,El Salvador,NA,2015,3790.34089108162
SLV,El Salvador,NA,2016,3901.34014965811
SLV,El Salvador,NA,2017,4020.12671373919
SLV,El Salvador,NA,2018,4183.54620971358
SLV,El Salvador,NA,2019,4320.11671534627
SLV,El Salvador,NA,2020,3997.19279583709
SLV,El Salvador,NA,2021,4642.60743101342
SLV,El Salvador,NA,2022,5074.60050994225
SLV,El Salvador,NA,2023,5319.7195268688
SLV,El Salvador,NA,2024,5503.10317151907
SLV,El Salvador,NA,2025,5766.72574029107
USA,Estados Unidos,NA,1960,2999.86487154495
USA,Estados Unidos,NA,1961,3059.16082086127
USA,Estados Unidos,NA,1962,3236.01311150062
USA,Estados Unidos,NA,1963,3366.36978960346
USA,Estados Unidos,NA,1964,3565.31443016356
USA,Estados Unidos,NA,1965,3818.28825117968
USA,Estados Unidos,NA,1966,4136.30829579106
USA,Estados Unidos,NA,1967,4325.95935063186
USA,Estados Unidos,NA,1968,4684.58840293763
USA,Estados Unidos,NA,1969,5019.99818634473
USA,Estados Unidos,NA,1970,5234.2966662115
USA,Estados Unidos,NA,1971,5609.38259952519
USA,Estados Unidos,NA,1972,6094.01798986165
USA,Estados Unidos,NA,1973,6726.35895596695
USA,Estados Unidos,NA,1974,7225.69135952566
USA,Estados Unidos,NA,1975,7801.45666356443
USA,Estados Unidos,NA,1976,8592.25353727612
USA,Estados Unidos,NA,1977,9452.57651914511
USA,Estados Unidos,NA,1978,10564.9482220275
USA,Estados Unidos,NA,1979,11674.1818666548
USA,Estados Unidos,NA,1980,12574.7915062163
USA,Estados Unidos,NA,1981,13976.10539252
USA,Estados Unidos,NA,1982,14433.787727053
USA,Estados Unidos,NA,1983,15543.8937174925
USA,Estados Unidos,NA,1984,17121.2254849995
USA,Estados Unidos,NA,1985,18236.8277265009
USA,Estados Unidos,NA,1986,19071.2271949295
USA,Estados Unidos,NA,1987,20038.9410992658
USA,Estados Unidos,NA,1988,21417.0119305191
USA,Estados Unidos,NA,1989,22857.1544330056
USA,Estados Unidos,NA,1990,23888.6000088133
USA,Estados Unidos,NA,1991,24342.2589048189
USA,Estados Unidos,NA,1992,25418.9907763319
USA,Estados Unidos,NA,1993,26387.2937338171
USA,Estados Unidos,NA,1994,27694.853416234
USA,Estados Unidos,NA,1995,28690.8757013347
USA,Estados Unidos,NA,1996,29967.7127181749
USA,Estados Unidos,NA,1997,31459.1299691554
USA,Estados Unidos,NA,1998,32853.6725949234
USA,Estados Unidos,NA,1999,34515.3813073394
USA,Estados Unidos,NA,2000,36329.9702595751
USA,Estados Unidos,NA,2001,37133.6203973517
USA,Estados Unidos,NA,2002,37997.7424300242
USA,Estados Unidos,NA,2003,39490.3023903176
USA,Estados Unidos,NA,2004,41724.6411982614
USA,Estados Unidos,NA,2005,44123.3996470026
USA,Estados Unidos,NA,2006,46301.9876485519
USA,Estados Unidos,NA,2007,48050.227412195
USA,Estados Unidos,NA,2008,48570.0594269601
USA,Estados Unidos,NA,2009,47194.9500893872
USA,Estados Unidos,NA,2010,48642.6312088213
USA,Estados Unidos,NA,2011,50024.8812320773
USA,Estados Unidos,NA,2012,51708.3940614082
USA,Estados Unidos,NA,2013,53297.3862901595
USA,Estados Unidos,NA,2014,55153.3940182967
USA,Estados Unidos,NA,2015,56849.4697923159
USA,Estados Unidos,NA,2016,57976.628204291
USA,Estados Unidos,NA,2017,60047.7190728307
USA,Estados Unidos,NA,2018,62875.6661382728
USA,Estados Unidos,NA,2019,65227.9565911038
USA,Estados Unidos,NA,2020,64465.2971415748
USA,Estados Unidos,NA,2021,71441.2319805947
USA,Estados Unidos,NA,2022,78008.6895811877
USA,Estados Unidos,NA,2023,82586.7847707894
USA,Estados Unidos,NA,2024,86169.6641581917
USA,Estados Unidos,NA,2025,90026.5163005744
GRD,Granada,NA,1977,736.927499151542
GRD,Granada,NA,1978,917.111118802723
GRD,Granada,NA,1979,1070.73371266334
GRD,Granada,NA,1980,1173.07809597238
GRD,Granada,NA,1981,1229.65932557403
GRD,Granada,NA,1982,1329.00617695983
GRD,Granada,NA,1983,1388.16565090599
GRD,Granada,NA,1984,1523.94092798531
GRD,Granada,NA,1985,1745.15357435866
GRD,Granada,NA,1986,1938.10850906698
GRD,Granada,NA,1987,2204.6384515886
GRD,Granada,NA,1988,2404.25523562379
GRD,Granada,NA,1989,2696.98290193019
GRD,Granada,NA,1990,2782.18396873619
GRD,Granada,NA,1991,2983.91643158641
GRD,Granada,NA,1992,3052.70018744163
GRD,Granada,NA,1993,3026.04154231393
GRD,Granada,NA,1994,3152.2020478855
GRD,Granada,NA,1995,3294.26988339657
GRD,Granada,NA,1996,3508.294236637
GRD,Granada,NA,1997,3724.75466168304
GRD,Granada,NA,1998,4206.28052894181
GRD,Granada,NA,1999,4516.28332446682
GRD,Granada,NA,2000,4839.82811114248
GRD,Granada,NA,2001,4819.50776653843
GRD,Granada,NA,2002,4984.47405931447
GRD,Granada,NA,2003,5427.96377252312
GRD,Granada,NA,2004,5480.26117644588
GRD,Granada,NA,2005,6338.56011405358
GRD,Granada,NA,2006,6344.0383771432
GRD,Granada,NA,2007,6864.54816771858
GRD,Granada,NA,2008,7448.2040563865
GRD,Granada,NA,2009,6932.56472176781
GRD,Granada,NA,2010,6909.60169568597
GRD,Granada,NA,2011,6947.38136096464
GRD,Granada,NA,2012,7092.71985352677
GRD,Granada,NA,2013,7424.80212287327
GRD,Granada,NA,2014,7986.33421210788
GRD,Granada,NA,2015,8694.12438005692
GRD,Granada,NA,2016,9221.23461079424
GRD,Granada,NA,2017,9751.42661155932
GRD,Granada,NA,2018,10083.021279225
GRD,Granada,NA,2019,10462.7929159533
GRD,Granada,NA,2020,8968.55890108484
GRD,Granada,NA,2021,9617.28902905373
GRD,Granada,NA,2022,10469.3867012856
GRD,Granada,NA,2023,11414.4781691181
GRD,Granada,NA,2024,11528.9220811928
GRD,Granada,NA,2025,12106.8790105068
GRL,Groenlandia,NA,1970,1498.27643678161
GRL,Groenlandia,NA,1971,1874.29530190099
GRL,Groenlandia,NA,1972,2196.71424019198
GRL,Groenlandia,NA,1973,2860.28057640115
GRL,Groenlandia,NA,1974,3432.70603291276
GRL,Groenlandia,NA,1975,4257.87561148406
GRL,Groenlandia,NA,1976,4844.65629347485
GRL,Groenlandia,NA,1977,5713.96253360554
GRL,Groenlandia,NA,1978,7235.5169393433
GRL,Groenlandia,NA,1979,8480.76253105822
GRL,Groenlandia,NA,1980,9483.10240585198
GRL,Groenlandia,NA,1981,8544.09791016512
GRL,Groenlandia,NA,1982,7813.65128212172
GRL,Groenlandia,NA,1983,7988.17794662988
GRL,Groenlandia,NA,1984,7198.7078081665
GRL,Groenlandia,NA,1985,7760.83426370628
GRL,Groenlandia,NA,1986,11271.3325735884
GRL,Groenlandia,NA,1987,14554.3513669736
GRL,Groenlandia,NA,1988,16397.9501938761
GRL,Groenlandia,NA,1989,16813.7414501107
GRL,Groenlandia,NA,1990,18326.9295023252
GRL,Groenlandia,NA,1991,18315.3165631906
GRL,Groenlandia,NA,1992,18768.8275325455
GRL,Groenlandia,NA,1993,16797.3578218828
GRL,Groenlandia,NA,1994,18124.0998075763
GRL,Groenlandia,NA,1995,21665.8295173116
GRL,Groenlandia,NA,1996,21422.4609853672
GRL,Groenlandia,NA,1997,19145.614890096
GRL,Groenlandia,NA,1998,20496.578783559
GRL,Groenlandia,NA,1999,20170.322763798
GRL,Groenlandia,NA,2000,19009.0774407515
GRL,Groenlandia,NA,2001,19265.5191468738
GRL,Groenlandia,NA,2002,20657.9506323097
GRL,Groenlandia,NA,2003,27466.6494525504
GRL,Groenlandia,NA,2004,32030.9987915109
GRL,Groenlandia,NA,2005,32489.7277309899
GRL,Groenlandia,NA,2006,35457.6297578214
GRL,Groenlandia,NA,2007,39780.9441368721
GRL,Groenlandia,NA,2008,44366.7858688175
GRL,Groenlandia,NA,2009,44918.8413832155
GRL,Groenlandia,NA,2010,44277.1993400972
GRL,Groenlandia,NA,2011,47186.8759969388
GRL,Groenlandia,NA,2012,45936.9562817724
GRL,Groenlandia,NA,2013,47535.4883792376
GRL,Groenlandia,NA,2014,50485.2244135291
GRL,Groenlandia,NA,2015,44536.3549705377
GRL,Groenlandia,NA,2016,48181.7453541266
GRL,Groenlandia,NA,2017,50765.7494665372
GRL,Groenlandia,NA,2018,54545.135857765
GRL,Groenlandia,NA,2019,53309.2035905065
GRL,Groenlandia,NA,2020,54812.6661771023
GRL,Groenlandia,NA,2021,58135.9939910203
GRL,Groenlandia,NA,2022,55635.0006491223
GRL,Groenlandia,NA,2023,58498.9707973609
GTM,Guatemala,NA,1960,256.813115286608
GTM,Guatemala,NA,1961,257.20215058952
GTM,Guatemala,NA,1962,265.21065183936
GTM,Guatemala,NA,1963,284.397504292538
GTM,Guatemala,NA,1964,284.197970339364
GTM,Guatemala,NA,1965,282.97764170403
GTM,Guatemala,NA,1966,287.277848723331
GTM,Guatemala,NA,1967,291.934180943356
GTM,Guatemala,NA,1968,314.666876118943
GTM,Guatemala,NA,1969,326.30273339901
GTM,Guatemala,NA,1970,352.790808761812
GTM,Guatemala,NA,1971,358.373560380293
GTM,Guatemala,NA,1972,369.762757413424
GTM,Guatemala,NA,1973,440.562871690613
GTM,Guatemala,NA,1974,528.57311003132
GTM,Guatemala,NA,1975,594.88660866336
GTM,Guatemala,NA,1976,697.064609693019
GTM,Guatemala,NA,1977,856.125495292911
GTM,Guatemala,NA,1978,925.180026499901
GTM,Guatemala,NA,1979,1025.98223460072
GTM,Guatemala,NA,1980,1141.80549814991
GTM,Guatemala,NA,1981,1216.49639722044
GTM,Guatemala,NA,1982,1203.96540667638
GTM,Guatemala,NA,1983,1219.73545354345
GTM,Guatemala,NA,1984,1241.04242582773
GTM,Guatemala,NA,1985,1238.47545209176
GTM,Guatemala,NA,1986,896.063263473632
GTM,Guatemala,NA,1987,853.903772501246
GTM,Guatemala,NA,1988,919.070773138882
GTM,Guatemala,NA,1989,958.427471156263
GTM,Guatemala,NA,1990,847.688561830359
GTM,Guatemala,NA,1991,1014.40279682682
GTM,Guatemala,NA,1992,1096.45976992698
GTM,Guatemala,NA,1993,1165.67442716224
GTM,Guatemala,NA,1994,1292.67202750483
GTM,Guatemala,NA,1995,1421.06177809796
GTM,Guatemala,NA,1996,1481.05986750672
GTM,Guatemala,NA,1997,1638.46281851789
GTM,Guatemala,NA,1998,1741.20114182856
GTM,Guatemala,NA,1999,1603.64776144934
GTM,Guatemala,NA,2000,1648.96578971559
GTM,Guatemala,NA,2001,1537.68663578252
GTM,Guatemala,NA,2002,1669.33517469705
GTM,Guatemala,NA,2003,1722.54701910774
GTM,Guatemala,NA,2004,1840.91184884
GTM,Guatemala,NA,2005,2046.46611650758
GTM,Guatemala,NA,2006,2225.1234753878002
GTM,Guatemala,NA,2007,2458.81573919384
GTM,Guatemala,NA,2008,2763.05988172926
GTM,Guatemala,NA,2009,2611.64632773352
GTM,Guatemala,NA,2010,2805.25960237322
GTM,Guatemala,NA,2011,3168.98370607705
GTM,Guatemala,NA,2012,3286.61959336267
GTM,Guatemala,NA,2013,3444.15802275864
GTM,Guatemala,NA,2014,3689.14510410202
GTM,Guatemala,NA,2015,3893.50533299068
GTM,Guatemala,NA,2016,4060.13784737643
GTM,Guatemala,NA,2017,4324.99768915601
GTM,Guatemala,NA,2018,4352.94593289707
GTM,Guatemala,NA,2019,4511.99839552697
GTM,Guatemala,NA,2020,4477.61785000665
GTM,Guatemala,NA,2021,4912.62240414681
GTM,Guatemala,NA,2022,5356.92435887895
GTM,Guatemala,NA,2023,5754.42833909847
GTM,Guatemala,NA,2024,6150.89465281457
GTM,Guatemala,NA,2025,6598.18032988711
GUY,Guyana,NA,1960,299.074645785091
GUY,Guyana,NA,1961,319.017754796284
GUY,Guyana,NA,1962,327.392579238974
GUY,Guyana,NA,1963,288.820390442321
GUY,Guyana,NA,1964,313.261161893769
GUY,Guyana,NA,1965,335.73593687831
GUY,Guyana,NA,1966,352.589675035291
GUY,Guyana,NA,1967,377.732621967981
GUY,Guyana,NA,1968,339.786441079035
GUY,Guyana,NA,1969,361.187616176221
GUY,Guyana,NA,1970,381.098754100227
GUY,Guyana,NA,1971,395.769663599294
GUY,Guyana,NA,1972,395.474264576572
GUY,Guyana,NA,1973,420.533678630093
GUY,Guyana,NA,1974,587.968877003464
GUY,Guyana,NA,1975,663.799722651899
GUY,Guyana,NA,1976,604.105267775602
GUY,Guyana,NA,1977,592.99759837818
GUY,Guyana,NA,1978,663.208586084495
GUY,Guyana,NA,1979,688.827652838343
GUY,Guyana,NA,1980,778.958814102357
GUY,Guyana,NA,1981,734.567458871119
GUY,Guyana,NA,1982,620.564636570569
GUY,Guyana,NA,1983,630.672779209107
GUY,Guyana,NA,1984,565.33443558244
GUY,Guyana,NA,1985,587.818395225034
GUY,Guyana,NA,1986,657.014000212061
GUY,Guyana,NA,1987,464.052566270711
GUY,Guyana,NA,1988,544.715209244099
GUY,Guyana,NA,1989,503.109019103922
GUY,Guyana,NA,1990,528.851095342994
GUY,Guyana,NA,1991,466.039938988882
GUY,Guyana,NA,1992,498.156636569954
GUY,Guyana,NA,1993,603.084316652805
GUY,Guyana,NA,1994,721.437561135572
GUY,Guyana,NA,1995,819.668541584905
GUY,Guyana,NA,1996,927.523847211669
GUY,Guyana,NA,1997,982.804753805587
GUY,Guyana,NA,1998,939.685488169724
GUY,Guyana,NA,1999,908.790631391797
GUY,Guyana,NA,2000,931.796651718955
GUY,Guyana,NA,2001,931.574723847673
GUY,Guyana,NA,2002,950.866932470993
GUY,Guyana,NA,2003,973.742598054188
GUY,Guyana,NA,2004,1033.31030902188
GUY,Guyana,NA,2005,1084.06541388904
GUY,Guyana,NA,2006,3135.60553528326
GUY,Guyana,NA,2007,3608.28685240188
GUY,Guyana,NA,2008,4008.9628671603
GUY,Guyana,NA,2009,4209.13230624565
GUY,Guyana,NA,2010,4581.76179693492
GUY,Guyana,NA,2011,4947.22170589917
GUY,Guyana,NA,2012,5444.39751913913
GUY,Guyana,NA,2013,5556.91231156932
GUY,Guyana,NA,2014,5472.68820452237
GUY,Guyana,NA,2015,5640.41560569466
GUY,Guyana,NA,2016,5870.87823759835
GUY,Guyana,NA,2017,6178.6650437298
GUY,Guyana,NA,2018,6048.38697180418
GUY,Guyana,NA,2019,6405.82443444562
GUY,Guyana,NA,2020,6775.70939096303
GUY,Guyana,NA,2021,9860.87014834386
GUY,Guyana,NA,2022,17913.4928066879
GUY,Guyana,NA,2023,20473.7002190617
GUY,Guyana,NA,2024,29675.2501582835
GUY,Guyana,NA,2025,32413.7930757518
HTI,Haití,NA,1960,70.8024454423715
HTI,Haití,NA,1961,68.99056510131
HTI,Haití,NA,1962,70.4464617057034
HTI,Haití,NA,1963,72.3983493523801
HTI,Haití,NA,1964,78.4520158485608
HTI,Haití,NA,1965,83.6332514169638
HTI,Haití,NA,1966,85.7493738145357
HTI,Haití,NA,1967,84.217267674485
HTI,Haití,NA,1968,82.4057717596557
HTI,Haití,NA,1969,86.1269803448153
HTI,Haití,NA,1970,71.4543990624631
HTI,Haití,NA,1971,76.8116150679491
HTI,Haití,NA,1972,77.2765182599349
HTI,Haití,NA,1973,95.134180258118107
HTI,Haití,NA,1974,113.039260601755
HTI,Haití,NA,1975,133.631792050575
HTI,Haití,NA,1976,169.091888071558
HTI,Haití,NA,1977,178.696912675895
HTI,Haití,NA,1978,180.321253919424
HTI,Haití,NA,1979,196.20196855612
HTI,Haití,NA,1980,246.46927157982
HTI,Haití,NA,1981,258.468043101302
HTI,Haití,NA,1982,252.607250558051
HTI,Haití,NA,1983,272.823694996686
HTI,Haití,NA,1984,299.247186216373
HTI,Haití,NA,1985,324.575156092964
HTI,Haití,NA,1986,366.997344256492
HTI,Haití,NA,1987,317.635520687503
HTI,Haití,NA,1988,397.365336276412
HTI,Haití,NA,1989,407.498708064211
HTI,Haití,NA,1990,451.720249689216
HTI,Haití,NA,1991,496.545987433864
HTI,Haití,NA,1992,316.276513134354
HTI,Haití,NA,1993,258.066372258817
HTI,Haití,NA,1994,292.134224374091
HTI,Haití,NA,1995,372.006104665125
HTI,Haití,NA,1996,377.229465025972
HTI,Haití,NA,1997,425.111085879256
HTI,Haití,NA,1998,465.363306259051
HTI,Haití,NA,1999,509.578585275375
HTI,Haití,NA,2000,820.600046761464
HTI,Haití,NA,2001,748.821159844528
HTI,Haití,NA,2002,720.969568042522
HTI,Haití,NA,2003,578.995291079709
HTI,Haití,NA,2004,683.185298155273
HTI,Haití,NA,2005,775.845704056916
HTI,Haití,NA,2006,828.805700289589
HTI,Haití,NA,2007,984.566983448521
HTI,Haití,NA,2008,1094.66058421644
HTI,Haití,NA,2009,1196.8528706018
HTI,Haití,NA,2010,1209.72733503094
HTI,Haití,NA,2011,1312.03953552013
HTI,Haití,NA,2012,1361.39396587374
HTI,Haití,NA,2013,1457.83221179626
HTI,Haití,NA,2014,1460.18898613914
HTI,Haití,NA,2015,1411.12684746796
HTI,Haití,NA,2016,1318.40268167953
HTI,Haití,NA,2017,1395.23945184461
HTI,Haití,NA,2018,1496.38048970156
HTI,Haití,NA,2019,1352.17204191532
HTI,Haití,NA,2020,1290.32538667383
HTI,Haití,NA,2021,1824.6798742577
HTI,Haití,NA,2022,1748.40890116803
HTI,Haití,NA,2023,1681.84407667059
HTI,Haití,NA,2024,2060.35591768638
HTI,Haití,NA,2025,2694.18969101404
HND,Honduras,NA,1960,230.667390861566
HND,Honduras,NA,1961,237.266657929647
HND,Honduras,NA,1962,244.01209130438
HND,Honduras,NA,1963,246.561283063044
HND,Honduras,NA,1964,255.903509094727
HND,Honduras,NA,1965,273.877577290856
HND,Honduras,NA,1966,282.88534468771
HND,Honduras,NA,1967,298.155994803561
HND,Honduras,NA,1968,314.474382938748
HND,Honduras,NA,1969,316.220454040742
HND,Honduras,NA,1970,328.787242589654
HND,Honduras,NA,1971,338.123400136033
HND,Honduras,NA,1972,352.711426613473
HND,Honduras,NA,1973,374.668702396507
HND,Honduras,NA,1974,400.988955544745
HND,Honduras,NA,1975,416.521307238993
HND,Honduras,NA,1976,482.416373927479
HND,Honduras,NA,1977,559.250644740346
HND,Honduras,NA,1978,682.834193371888
HND,Honduras,NA,1979,768.717733232899
HND,Honduras,NA,1980,854.374079228412
HND,Honduras,NA,1981,911.505037511277
HND,Honduras,NA,1982,914.30883859664
HND,Honduras,NA,1983,941.732746077043
HND,Honduras,NA,1984,959.534269081039
HND,Honduras,NA,1985,1001.1467980095
HND,Honduras,NA,1986,1057.81228119586
HND,Honduras,NA,1987,1097.85859892373
HND,Honduras,NA,1988,1039.29410284648
HND,Honduras,NA,1989,903.767650161806
HND,Honduras,NA,1990,749.818113552631
HND,Honduras,NA,1991,722.000657931123
HND,Honduras,NA,1992,782.111518709432
HND,Honduras,NA,1993,772.74224772986
HND,Honduras,NA,1994,735.886147157389
HND,Honduras,NA,1995,814.049075569071
HND,Honduras,NA,1996,812.817047602244
HND,Honduras,NA,1997,917.272651200904
HND,Honduras,NA,1998,988.655986927253
HND,Honduras,NA,1999,999.004383328908
HND,Honduras,NA,2000,1092.56400746252
HND,Honduras,NA,2001,1132.1648753329
HND,Honduras,NA,2002,1132.49965345317
HND,Honduras,NA,2003,1156.08162681357
HND,Honduras,NA,2004,1215.13995412761
HND,Honduras,NA,2005,1304.70039153826
HND,Honduras,NA,2006,1425.84780051892
HND,Honduras,NA,2007,1577.73789197407
HND,Honduras,NA,2008,1732.49062702803
HND,Honduras,NA,2009,1781.15703614674
HND,Honduras,NA,2010,1893.32722662035
HND,Honduras,NA,2011,2073.66121088074
HND,Honduras,NA,2012,2126.03474686503
HND,Honduras,NA,2013,2081.12843527945
HND,Honduras,NA,2014,2179.88171977271
HND,Honduras,NA,2015,2271.20265980349
HND,Honduras,NA,2016,2307.34468351082
HND,Honduras,NA,2017,2413.0076562942
HND,Honduras,NA,2018,2464.64241531918
HND,Honduras,NA,2019,2502.32744328073
HND,Honduras,NA,2020,2307.61494319511
HND,Honduras,NA,2021,2735.14751503977
HND,Honduras,NA,2022,3003.28996826399
HND,Honduras,NA,2023,3227.45762509776
HND,Honduras,NA,2024,3415.96027916712
HND,Honduras,NA,2025,3598.21450440452
CYM,Islas Caimán,NA,2006,87085.0937376216
CYM,Islas Caimán,NA,2007,89888.2618212462
CYM,Islas Caimán,NA,2008,89655.1196222184
CYM,Islas Caimán,NA,2009,81373.5711516642
CYM,Islas Caimán,NA,2010,76837.6699636672
CYM,Islas Caimán,NA,2011,75280.960764889
CYM,Islas Caimán,NA,2012,75101.59136128
CYM,Islas Caimán,NA,2013,75113.7332398618
CYM,Islas Caimán,NA,2014,75845.3060407986
CYM,Islas Caimán,NA,2015,76379.2095108681
CYM,Islas Caimán,NA,2016,77802.2541567187
CYM,Islas Caimán,NA,2017,80053.9444506891
CYM,Islas Caimán,NA,2018,83865.5531568184
CYM,Islas Caimán,NA,2019,88254.2903677044
CYM,Islas Caimán,NA,2020,82338.7977439023
CYM,Islas Caimán,NA,2021,86449.6749037302
CYM,Islas Caimán,NA,2022,92937.8838323153
CYM,Islas Caimán,NA,2023,100065.233841107
CYM,Islas Caimán,NA,2024,104292.900672109
TCA,Islas Turcas y Caicos,NA,2001,18325.7458111974
TCA,Islas Turcas y Caicos,NA,2002,17803.9471767733
TCA,Islas Turcas y Caicos,NA,2003,18859.1890274773
TCA,Islas Turcas y Caicos,NA,2004,21246.00980049
TCA,Islas Turcas y Caicos,NA,2005,24122.3028180757
TCA,Islas Turcas y Caicos,NA,2006,28734.2873064523
TCA,Islas Turcas y Caicos,NA,2007,29443.8523030072
TCA,Islas Turcas y Caicos,NA,2008,31453.8228752689
TCA,Islas Turcas y Caicos,NA,2009,24596.8938015951
TCA,Islas Turcas y Caicos,NA,2010,23093.8498268267
TCA,Islas Turcas y Caicos,NA,2011,27327.4006354146
TCA,Islas Turcas y Caicos,NA,2012,25923.6156503875
TCA,Islas Turcas y Caicos,NA,2013,25653.819867471
TCA,Islas Turcas y Caicos,NA,2014,27292.5820256776
TCA,Islas Turcas y Caicos,NA,2015,29457.0140691162
TCA,Islas Turcas y Caicos,NA,2016,31373.5612684327
TCA,Islas Turcas y Caicos,NA,2017,30014.2309523213
TCA,Islas Turcas y Caicos,NA,2018,31625.616593277002
TCA,Islas Turcas y Caicos,NA,2019,31780.5217068989
TCA,Islas Turcas y Caicos,NA,2020,20690.9160546118
TCA,Islas Turcas y Caicos,NA,2021,27329.2885087196
TCA,Islas Turcas y Caicos,NA,2022,31280.5418020808
TCA,Islas Turcas y Caicos,NA,2023,35470.2151608295
TCA,Islas Turcas y Caicos,NA,2024,37506.7798431288
VIR,Islas Vírgenes de los Estados Unidos,NA,2002,30062.0225050457
VIR,Islas Vírgenes de los Estados Unidos,NA,2003,31731.2566241187
VIR,Islas Vírgenes de los Estados Unidos,NA,2004,35006.3614404514
VIR,Islas Vírgenes de los Estados Unidos,NA,2005,40828.7460927775
VIR,Islas Vírgenes de los Estados Unidos,NA,2006,41377.1466009652
VIR,Islas Vírgenes de los Estados Unidos,NA,2007,44158.5054044325
VIR,Islas Vírgenes de los Estados Unidos,NA,2008,39152.3750657306
VIR,Islas Vírgenes de los Estados Unidos,NA,2009,38753.1825393897
VIR,Islas Vírgenes de los Estados Unidos,NA,2010,39905.1284180994
VIR,Islas Vírgenes de los Estados Unidos,NA,2011,38997.1373164651
VIR,Islas Vírgenes de los Estados Unidos,NA,2012,37795.3192590675
VIR,Islas Vírgenes de los Estados Unidos,NA,2013,34597.9766940328
VIR,Islas Vírgenes de los Estados Unidos,NA,2014,33045.3643795999
VIR,Islas Vírgenes de los Estados Unidos,NA,2015,34007.3529411765
VIR,Islas Vírgenes de los Estados Unidos,NA,2016,35324.9748874586
VIR,Islas Vírgenes de los Estados Unidos,NA,2017,35365.0693039774
VIR,Islas Vírgenes de los Estados Unidos,NA,2018,36663.2087550584
VIR,Islas Vírgenes de los Estados Unidos,NA,2019,38633.5298915336
VIR,Islas Vírgenes de los Estados Unidos,NA,2020,39787.3741650202
VIR,Islas Vírgenes de los Estados Unidos,NA,2021,42571.0777368471
VIR,Islas Vírgenes de los Estados Unidos,NA,2022,44320.909185774
JAM,Jamaica,NA,1960,423.674098184095
JAM,Jamaica,NA,1961,447.057273660594
JAM,Jamaica,NA,1962,458.313997796567
JAM,Jamaica,NA,1963,480.336499711715
JAM,Jamaica,NA,1964,514.416511313452
JAM,Jamaica,NA,1965,549.493560414107
JAM,Jamaica,NA,1966,612.210363692586
JAM,Jamaica,NA,1967,633.259680574944
JAM,Jamaica,NA,1968,591.045817173244
JAM,Jamaica,NA,1969,642.133421058915
JAM,Jamaica,NA,1970,747.909399172491
JAM,Jamaica,NA,1971,808.866506083755
JAM,Jamaica,NA,1972,970.802906405502
JAM,Jamaica,NA,1973,971.802513228502
JAM,Jamaica,NA,1974,1192.98569350958
JAM,Jamaica,NA,1975,1416.77546764568
JAM,Jamaica,NA,1976,1449.977882067
JAM,Jamaica,NA,1977,1569.42127051131
JAM,Jamaica,NA,1978,1262.40327239465
JAM,Jamaica,NA,1979,1144.17562986584
JAM,Jamaica,NA,1980,1248.74484727418
JAM,Jamaica,NA,1981,1370.41277901541
JAM,Jamaica,NA,1982,1494.40208283218
JAM,Jamaica,NA,1983,1619.4784563122
JAM,Jamaica,NA,1984,1048.13405395534
JAM,Jamaica,NA,1985,916.872292838674
JAM,Jamaica,NA,1986,1191.34976782142
JAM,Jamaica,NA,1987,1410.84598702428
JAM,Jamaica,NA,1988,1632.01481656159
JAM,Jamaica,NA,1989,1864.98497550062
JAM,Jamaica,NA,1990,1929.59891905857
JAM,Jamaica,NA,1991,1710.30058243722
JAM,Jamaica,NA,1992,1458.10146892635
JAM,Jamaica,NA,1993,2220.51518327186
JAM,Jamaica,NA,1994,2202.85831038471
JAM,Jamaica,NA,1995,2630.84935382822
JAM,Jamaica,NA,1996,2928.89692611996
JAM,Jamaica,NA,1997,3296.91634805083
JAM,Jamaica,NA,1998,3419.49352868739
JAM,Jamaica,NA,1999,3431.56813468335
JAM,Jamaica,NA,2000,3453.09252800226
JAM,Jamaica,NA,2001,3503.55026688858
JAM,Jamaica,NA,2002,3680.64551727724
JAM,Jamaica,NA,2003,3549.70758394618
JAM,Jamaica,NA,2004,3807.56293124552
JAM,Jamaica,NA,2005,4184.43974867497
JAM,Jamaica,NA,2006,4417.00127135363
JAM,Jamaica,NA,2007,4716.48612542727
JAM,Jamaica,NA,2008,5029.80095281745
JAM,Jamaica,NA,2009,4428.38153333557
JAM,Jamaica,NA,2010,4809.977380312
JAM,Jamaica,NA,2011,5232.63644918132
JAM,Jamaica,NA,2012,5340.83333232158
JAM,Jamaica,NA,2013,5124.21301411137
JAM,Jamaica,NA,2014,4975.11325459872
JAM,Jamaica,NA,2015,5339.30718256806
JAM,Jamaica,NA,2016,5302.29553353854
JAM,Jamaica,NA,2017,5605.43541173019
JAM,Jamaica,NA,2018,5976.90362644337
JAM,Jamaica,NA,2019,6030.68896415921
JAM,Jamaica,NA,2020,5299.04530804283
JAM,Jamaica,NA,2021,5625.67806271236
JAM,Jamaica,NA,2022,6626.47502388538
JAM,Jamaica,NA,2023,7542.39855849054
JAM,Jamaica,NA,2024,7753.8119527678
JAM,Jamaica,NA,2025,8002.92104076242
MEX,México,NA,1960,355.075199563018
MEX,México,NA,1961,373.712216995471
MEX,México,NA,1962,388.456702411498
MEX,México,NA,1963,419.552066324849
MEX,México,NA,1964,480.704214437745
MEX,México,NA,1965,505.854419498816
MEX,México,NA,1966,544.935854193449
MEX,México,NA,1967,575.769037534418
MEX,México,NA,1968,615.922912128842
MEX,México,NA,1969,659.71750685117
MEX,México,NA,1970,699.006845485029
MEX,México,NA,1971,747.912361003254
MEX,México,NA,1972,836.569673446138
MEX,México,NA,1973,993.042879548426
MEX,México,NA,1974,1256.10280601329
MEX,México,NA,1975,1491.97048611111
MEX,México,NA,1976,1465.49877862474
MEX,México,NA,1977,1314.62044481645
MEX,México,NA,1978,1604.40920452482
MEX,México,NA,1979,2049.26468871816
MEX,México,NA,1980,3054.62162291784
MEX,México,NA,1981,3829.14437544129
MEX,México,NA,1982,2620.95793392947
MEX,México,NA,1983,2169.85285279223
MEX,México,NA,1984,2506.30742754755
MEX,México,NA,1985,2601.70825226684
MEX,México,NA,1986,1756.93563367491
MEX,México,NA,1987,1888.2631431041
MEX,México,NA,1988,2278.81222720992
MEX,México,NA,1989,2725.05572275442
MEX,México,NA,1990,3154.46920349038
MEX,México,NA,1991,3708.8420548157
MEX,México,NA,1992,4220.56643677057
MEX,México,NA,1993,6048.34840388099
MEX,México,NA,1994,6202.36588372862
MEX,México,NA,1995,4183.87847727479
MEX,México,NA,1996,4674.36792733681
MEX,México,NA,1997,5567.35599516667
MEX,México,NA,1998,5832.69342004468
MEX,México,NA,1999,6499.97182950425
MEX,México,NA,2000,7524.0271380091
MEX,México,NA,2001,7952.76479510706
MEX,México,NA,2002,7983.03398381759
MEX,México,NA,2003,7434.07465031562
MEX,México,NA,2004,7849.66759649565
MEX,México,NA,2005,8671.75891798441
MEX,México,NA,2006,9512.63575346699
MEX,México,NA,2007,10134.3327129706
MEX,México,NA,2008,10523.7685427665
MEX,México,NA,2009,8423.56933148639
MEX,México,NA,2010,9728.80078307432
MEX,México,NA,2011,10664.4944032313
MEX,México,NA,2012,10744.1335236186
MEX,México,NA,2013,11216.800851866
MEX,México,NA,2014,11391.3773503964
MEX,México,NA,2015,10021.2386113616
MEX,México,NA,2016,9097.92397674769
MEX,México,NA,2017,9649.27816729586
MEX,México,NA,2018,10084.7937570364
MEX,México,NA,2019,10369.5553593527
MEX,México,NA,2020,8841.27074929751
MEX,México,NA,2021,10314.0506733708
MEX,México,NA,2022,11405.7940469896
MEX,México,NA,2023,13830.843848864
MEX,México,NA,2024,13988.0423745241
MEX,México,NA,2025,13889.2339628708
NIC,Nicaragua,NA,1960,127.483812082529
NIC,Nicaragua,NA,1961,132.943507152279
NIC,Nicaragua,NA,1962,142.303523551421
NIC,Nicaragua,NA,1963,152.461498316554
NIC,Nicaragua,NA,1964,172.68135633824
NIC,Nicaragua,NA,1965,272.251263163163
NIC,Nicaragua,NA,1966,283.999593265889
NIC,Nicaragua,NA,1967,297.946065908473
NIC,Nicaragua,NA,1968,304.441965331491
NIC,Nicaragua,NA,1969,319.366650327118
NIC,Nicaragua,NA,1970,321.316159006971
NIC,Nicaragua,NA,1971,331.451182972568
NIC,Nicaragua,NA,1972,341.380772391976
NIC,Nicaragua,NA,1973,412.527494204714
NIC,Nicaragua,NA,1974,556.866122465391
NIC,Nicaragua,NA,1975,561.459695350208
NIC,Nicaragua,NA,1976,632.573778388006
NIC,Nicaragua,NA,1977,744.185320440322
NIC,Nicaragua,NA,1978,690.741261696299
NIC,Nicaragua,NA,1979,495.366597419221
NIC,Nicaragua,NA,1980,659.297143121648
NIC,Nicaragua,NA,1981,739.671655710215
NIC,Nicaragua,NA,1982,713.777809066357
NIC,Nicaragua,NA,1983,779.852730684977
NIC,Nicaragua,NA,1984,861.428649767358
NIC,Nicaragua,NA,1985,724.056425347288
NIC,Nicaragua,NA,1986,760.59055909276
NIC,Nicaragua,NA,1987,992.024066415935
NIC,Nicaragua,NA,1988,662.308196621167
NIC,Nicaragua,NA,1989,249.155474069011
NIC,Nicaragua,NA,1990,242.508390600822
NIC,Nicaragua,NA,1991,349.514318640612
NIC,Nicaragua,NA,1992,411.473330661786
NIC,Nicaragua,NA,1993,394.378074021071
NIC,Nicaragua,NA,1994,849.179331364895
NIC,Nicaragua,NA,1995,891.77935230999606
NIC,Nicaragua,NA,1996,910.861645917295
NIC,Nicaragua,NA,1997,912.757429788533
NIC,Nicaragua,NA,1998,949.155373494771
NIC,Nicaragua,NA,1999,980.219744675246
NIC,Nicaragua,NA,2000,1017.3124434882
NIC,Nicaragua,NA,2001,1051.874235891
NIC,Nicaragua,NA,2002,1014.3339042591
NIC,Nicaragua,NA,2003,1021.35216668794
NIC,Nicaragua,NA,2004,1098.62118662335
NIC,Nicaragua,NA,2005,1183.30214010175
NIC,Nicaragua,NA,2006,1248.17371577788
NIC,Nicaragua,NA,2007,1350.38145753377
NIC,Nicaragua,NA,2008,1523.68437086409
NIC,Nicaragua,NA,2009,1467.08288052845
NIC,Nicaragua,NA,2010,1526.56706951408
NIC,Nicaragua,NA,2011,1679.71192084633
NIC,Nicaragua,NA,2012,1784.69836017555
NIC,Nicaragua,NA,2013,1835.43996363715
NIC,Nicaragua,NA,2014,1958.37047579547
NIC,Nicaragua,NA,2015,2074.45620634731
NIC,Nicaragua,NA,2016,2131.68704828322
NIC,Nicaragua,NA,2017,2182.61380995674
NIC,Nicaragua,NA,2018,2035.16549390507
NIC,Nicaragua,NA,2019,1958.62051528095
NIC,Nicaragua,NA,2020,1938.44704754382
NIC,Nicaragua,NA,2021,2138.38573878237
NIC,Nicaragua,NA,2022,2322.89069619459
NIC,Nicaragua,NA,2023,2609.44491147975
NIC,Nicaragua,NA,2024,2847.87639497305
NIC,Nicaragua,NA,2025,3173.33724815085
PAN,Panamá,NA,1960,477.037935000289
PAN,Panamá,NA,1961,516.459861881073
PAN,Panamá,NA,1962,545.570446272529
PAN,Panamá,NA,1963,586.61668793076
PAN,Panamá,NA,1964,611.100612960754
PAN,Panamá,NA,1965,651.331374848625
PAN,Panamá,NA,1966,688.846978762789
PAN,Panamá,NA,1967,744.890928311974
PAN,Panamá,NA,1968,778.476641666323
PAN,Panamá,NA,1969,830.319752856442
PAN,Panamá,NA,1970,892.890877487492
PAN,Panamá,NA,1971,979.3302533737
PAN,Panamá,NA,1972,1046.06341222824
PAN,Panamá,NA,1973,1164.32745834068
PAN,Panamá,NA,1974,1296.44759308169
PAN,Panamá,NA,1975,1405.74899748267
PAN,Panamá,NA,1976,1456.50009707727
PAN,Panamá,NA,1977,1503.26503409472
PAN,Panamá,NA,1978,1738.48763684081
PAN,Panamá,NA,1979,1937.98107506361
PAN,Panamá,NA,1980,2357.09131999751
PAN,Panamá,NA,1981,2605.45529924397
PAN,Panamá,NA,1982,2811.40643706411
PAN,Panamá,NA,1983,2819.35128451397
PAN,Panamá,NA,1984,2874.94832112227
PAN,Panamá,NA,1985,2972.18070666064
PAN,Panamá,NA,1986,3019.48150533575
PAN,Panamá,NA,1987,2966.00967866653
PAN,Panamá,NA,1988,2508.78229277879
PAN,Panamá,NA,1989,2462.11022455924
PAN,Panamá,NA,1990,2620.13827266274
PAN,Panamá,NA,1991,2820.54547665418
PAN,Panamá,NA,1992,3139.89952899581
PAN,Panamá,NA,1993,3358.41411740053
PAN,Panamá,NA,1994,3508.19570069218
PAN,Panamá,NA,1995,3513.89737854631
PAN,Panamá,NA,1996,3308.18429574276
PAN,Panamá,NA,1997,3545.97670881078
PAN,Panamá,NA,1998,3807.83869182014
PAN,Panamá,NA,1999,3950.34145012809
PAN,Panamá,NA,2000,3975.09308659503
PAN,Panamá,NA,2001,3991.7767076924
PAN,Panamá,NA,2002,4090.58617397129
PAN,Panamá,NA,2003,4264.66428846636
PAN,Panamá,NA,2004,4644.56582353041
PAN,Panamá,NA,2005,5017.7410922824
PAN,Panamá,NA,2006,5528.76705469354
PAN,Panamá,NA,2007,6317.81730274124
PAN,Panamá,NA,2008,7347.59050324397
PAN,Panamá,NA,2009,7796.92617035048
PAN,Panamá,NA,2010,8331.46421351868
PAN,Panamá,NA,2011,9662.29592216607
PAN,Panamá,NA,2012,11064.8063606203
PAN,Panamá,NA,2013,12273.3225037637
PAN,Panamá,NA,2014,13213.1989637473
PAN,Panamá,NA,2015,14082.6548502728
PAN,Panamá,NA,2016,14832.3611608191
PAN,Panamá,NA,2017,15694.6297454295
PAN,Panamá,NA,2018,16151.3273478476
PAN,Panamá,NA,2019,16477.9066285687
PAN,Panamá,NA,2020,13290.5608347594
PAN,Panamá,NA,2021,15509.8069109784
PAN,Panamá,NA,2022,17378.6070083597
PAN,Panamá,NA,2023,18797.1933894611
PAN,Panamá,NA,2024,19161.218843129
PAN,Panamá,NA,2025,19789.7308555826
PRY,Paraguay,NA,1960,153.375216758109
PRY,Paraguay,NA,1961,167.092827495951
PRY,Paraguay,NA,1962,182.805194132375
PRY,Paraguay,NA,1963,189.872423489268
PRY,Paraguay,NA,1964,196.973355774177
PRY,Paraguay,NA,1965,208.729579506696
PRY,Paraguay,NA,1966,213.947608399441
PRY,Paraguay,NA,1967,220.930909757875
PRY,Paraguay,NA,1968,226.80197812329
PRY,Paraguay,NA,1969,238.242208450243
PRY,Paraguay,NA,1970,248.996708209079
PRY,Paraguay,NA,1971,272.082440745597
PRY,Paraguay,NA,1972,307.630516228445
PRY,Paraguay,NA,1973,388.712259813059
PRY,Paraguay,NA,1974,507.87047971714
PRY,Paraguay,NA,1975,561.522396286823
PRY,Paraguay,NA,1976,615.825049934218
PRY,Paraguay,NA,1977,739.83449409653
PRY,Paraguay,NA,1978,882.931919341442
PRY,Paraguay,NA,1979,1148.89527317637
PRY,Paraguay,NA,1980,1456.84406918803
PRY,Paraguay,NA,1981,1792.61496129399
PRY,Paraguay,NA,1982,1679.81843739033
PRY,Paraguay,NA,1983,1709.80484009501
PRY,Paraguay,NA,1984,1319.23446766653
PRY,Paraguay,NA,1985,934.991981806694
PRY,Paraguay,NA,1986,1031.15623781062
PRY,Paraguay,NA,1987,1068.95380287336
PRY,Paraguay,NA,1988,1113.89406863138
PRY,Paraguay,NA,1989,1211.29634333964
PRY,Paraguay,NA,1990,1440.15829610029
PRY,Paraguay,NA,1991,1685.26890082621
PRY,Paraguay,NA,1992,1682.67444777611
PRY,Paraguay,NA,1993,1661.70955306218
PRY,Paraguay,NA,1994,1760.28807083292
PRY,Paraguay,NA,1995,1978.71514099575
PRY,Paraguay,NA,1996,2088.17109102236
PRY,Paraguay,NA,1997,2078.50841313824
PRY,Paraguay,NA,1998,1889.88455618586
PRY,Paraguay,NA,1999,1766.30657288259
PRY,Paraguay,NA,2000,1736.11729210765
PRY,Paraguay,NA,2001,1637.68615122932
PRY,Paraguay,NA,2002,1367.76506935997
PRY,Paraguay,NA,2003,1443.99885236205
PRY,Paraguay,NA,2004,1786.21533938543
PRY,Paraguay,NA,2005,1970.87169852378
PRY,Paraguay,NA,2006,2439.43124694576
PRY,Paraguay,NA,2007,3211.93621659546
PRY,Paraguay,NA,2008,4384.9546943793
PRY,Paraguay,NA,2009,3941.84815479271
PRY,Paraguay,NA,2010,4750.96273669322
PRY,Paraguay,NA,2011,5805.40154543044
PRY,Paraguay,NA,2012,5642.1699167298
PRY,Paraguay,NA,2013,6435.68342733182
PRY,Paraguay,NA,2014,6652.25478942291
PRY,Paraguay,NA,2015,5879.33792308671
PRY,Paraguay,NA,2016,5775.1596339946
PRY,Paraguay,NA,2017,6152.26711537703
PRY,Paraguay,NA,2018,6258.44991640954
PRY,Paraguay,NA,2019,5821.18199548637
PRY,Paraguay,NA,2020,5365.47220721191
PRY,Paraguay,NA,2021,5974.9057185863
PRY,Paraguay,NA,2022,6189.10205375331
PRY,Paraguay,NA,2023,6303.26495017292
PRY,Paraguay,NA,2024,6456.60723068562
PRY,Paraguay,NA,2025,7026.61906146401
PER,Perú,NA,1960,252.796782675034
PER,Perú,NA,1961,276.641400132003
PER,Perú,NA,1962,304.537817519843
PER,Perú,NA,1963,324.107404672837
PER,Perú,NA,1964,380.965457465866
PER,Perú,NA,1965,438.990796969303
PER,Perú,NA,1966,504.825948542419
PER,Perú,NA,1967,497.58475625699
PER,Perú,NA,1968,447.99179719095
PER,Perú,NA,1969,487.660318575547
PER,Perú,NA,1970,550.484609442545
PER,Perú,NA,1971,599.041967615617
PER,Perú,NA,1972,646.679686654992
PER,Perú,NA,1973,753.924581161999
PER,Perú,NA,1974,926.57995047717
PER,Perú,NA,1975,1104.16133001287
PER,Perú,NA,1976,1026.41438542928
PER,Perú,NA,1977,902.860901025509
PER,Perú,NA,1978,756.347306761911
PER,Perú,NA,1979,942.176901705359
PER,Perú,NA,1980,1044.69165468575
PER,Perú,NA,1981,1216.27350223135
PER,Perú,NA,1982,1194.45000618562
PER,Perú,NA,1983,927.258656933852
PER,Perú,NA,1984,917.896274683145
PER,Perú,NA,1985,767.43588754407
PER,Perú,NA,1986,1086.60913755382
PER,Perú,NA,1987,1792.30070238361
PER,Perú,NA,1988,733.299784874657
PER,Perú,NA,1989,1044.90725784847
PER,Perú,NA,1990,1199.66666756615
PER,Perú,NA,1991,1527.38879472866
PER,Perú,NA,1992,1567.40910765128
PER,Perú,NA,1993,1487.67404314175
PER,Perú,NA,1994,1879.36657757919
PER,Perú,NA,1995,2189.53431515311
PER,Perú,NA,1996,2226.91682429265
PER,Perú,NA,1997,2300.67200774461
PER,Perú,NA,1998,2156.39377651613
PER,Perú,NA,1999,1916.53397367908
PER,Perú,NA,2000,1945.41338451698
PER,Perú,NA,2001,1929.57273038846
PER,Perú,NA,2002,2007.37019626753
PER,Perú,NA,2003,2129.44114197634
PER,Perú,NA,2004,2397.25147277714
PER,Perú,NA,2005,2706.66947297608
PER,Perú,NA,2006,3129.55996496982
PER,Perú,NA,2007,3581.0893081917
PER,Perú,NA,2008,4197.58444634142
PER,Perú,NA,2009,4181.18755462253
PER,Perú,NA,2010,5072.11494019615
PER,Perú,NA,2011,5861.35793645245
PER,Perú,NA,2012,6519.37852981527
PER,Perú,NA,2013,6746.80025696601
PER,Perú,NA,2014,6667.13410360861
PER,Perú,NA,2015,6231.71150338894
PER,Perú,NA,2016,6217.03599995447
PER,Perú,NA,2017,6736.16693725487
PER,Perú,NA,2018,6978.49121548627
PER,Perú,NA,2019,7037.00803692604
PER,Perú,NA,2020,6133.32552410183
PER,Perú,NA,2021,6828.53422535638
PER,Perú,NA,2022,7353.74598721667
PER,Perú,NA,2023,7919.04634828547
PER,Perú,NA,2024,8526.29665719783
PER,Perú,NA,2025,9684.41170314988
PRI,Puerto Rico,NA,1960,717.514843087362
PRI,Puerto Rico,NA,1961,777.215027407341
PRI,Puerto Rico,NA,1962,854.74480496849
PRI,Puerto Rico,NA,1963,931.751665981242
PRI,Puerto Rico,NA,1964,1006.43444609497
PRI,Puerto Rico,NA,1965,1110.83269082498
PRI,Puerto Rico,NA,1966,1207.81182440348
PRI,Puerto Rico,NA,1967,1335.27411162524
PRI,Puerto Rico,NA,1968,1480.69317642251
PRI,Puerto Rico,NA,1969,1661.86688523369
PRI,Puerto Rico,NA,1970,1852.35467255335
PRI,Puerto Rico,NA,1971,2044.31990558216
PRI,Puerto Rico,NA,1972,2246.4767135113
PRI,Puerto Rico,NA,1973,2432.41421904928
PRI,Puerto Rico,NA,1974,2614.50094053038
PRI,Puerto Rico,NA,1975,2738.24315297261
PRI,Puerto Rico,NA,1976,2946.46195251152
PRI,Puerto Rico,NA,1977,3208.77135614128
PRI,Puerto Rico,NA,1978,3567.7526290007
PRI,Puerto Rico,NA,1979,4024.50942019287
PRI,Puerto Rico,NA,1980,4502.8384279476
PRI,Puerto Rico,NA,1981,4920.72293674859
PRI,Puerto Rico,NA,1982,5115.00851423346
PRI,Puerto Rico,NA,1983,5217.72272856039
PRI,Puerto Rico,NA,1984,5730.11700890201
PRI,Puerto Rico,NA,1985,6008.05448623038
PRI,Puerto Rico,NA,1986,6455.18446107614
PRI,Puerto Rico,NA,1987,6980.49014338219
PRI,Puerto Rico,NA,1988,7595.44465611829
PRI,Puerto Rico,NA,1989,8033.08944133042
PRI,Puerto Rico,NA,1990,8652.50749222505
PRI,Puerto Rico,NA,1991,9064.01851711486
PRI,Puerto Rico,NA,1992,9659.33889995916
PRI,Puerto Rico,NA,1993,10212.2767630564
PRI,Puerto Rico,NA,1994,10876.4188239898
PRI,Puerto Rico,NA,1995,11579.1849969985
PRI,Puerto Rico,NA,1996,12173.163688986
PRI,Puerto Rico,NA,1997,12817.6449621352
PRI,Puerto Rico,NA,1998,14304.4049868015
PRI,Puerto Rico,NA,1999,15220.9913420267
PRI,Puerto Rico,NA,2000,16192.1269719638
PRI,Puerto Rico,NA,2001,18123.1987019918
PRI,Puerto Rico,NA,2002,18731.4593897378
PRI,Puerto Rico,NA,2003,19557.1202492358
PRI,Puerto Rico,NA,2004,20988.9923326534
PRI,Puerto Rico,NA,2005,21959.322696986
PRI,Puerto Rico,NA,2006,22935.9411586313
PRI,Puerto Rico,NA,2007,23664.8823485096
PRI,Puerto Rico,NA,2008,24898.3345857045
PRI,Puerto Rico,NA,2009,25768.7258883384
PRI,Puerto Rico,NA,2010,26414.8810634548
PRI,Puerto Rico,NA,2011,27170.0766543278
PRI,Puerto Rico,NA,2012,27742.024476618
PRI,Puerto Rico,NA,2013,28212.0499737431
PRI,Puerto Rico,NA,2014,28576.0988023209
PRI,Puerto Rico,NA,2015,29242.041465085
PRI,Puerto Rico,NA,2016,29978.0889268918
PRI,Puerto Rico,NA,2017,30328.479490518
PRI,Puerto Rico,NA,2018,30679.9181934488
PRI,Puerto Rico,NA,2019,31830.5284993358
PRI,Puerto Rico,NA,2020,31427.1034994916
PRI,Puerto Rico,NA,2021,32618.8705106244
PRI,Puerto Rico,NA,2022,35353.5613891039
PRI,Puerto Rico,NA,2023,36980.7653928068
PRI,Puerto Rico,NA,2024,39353.2242360643
PRI,Puerto Rico,NA,2025,40620.1526923687
DOM,República Dominicana,NA,1960,205.731509857004
DOM,República Dominicana,NA,1961,193.908988795022
DOM,República Dominicana,NA,1962,236.814700040461
DOM,República Dominicana,NA,1963,262.186358003136
DOM,República Dominicana,NA,1964,277.29715816349
DOM,República Dominicana,NA,1965,233.160574151022
DOM,República Dominicana,NA,1966,250.876691518053
DOM,República Dominicana,NA,1967,256.20659739416
DOM,República Dominicana,NA,1968,259.574438400563
DOM,República Dominicana,NA,1969,287.699305710615
DOM,República Dominicana,NA,1970,337.668123719964
DOM,República Dominicana,NA,1971,368.349647697268
DOM,República Dominicana,NA,1972,427.224846368664
DOM,República Dominicana,NA,1973,490.3154952703
DOM,República Dominicana,NA,1974,595.356677805143
DOM,República Dominicana,NA,1975,713.168169144024
DOM,República Dominicana,NA,1976,762.778347016951
DOM,República Dominicana,NA,1977,862.976049221109
DOM,República Dominicana,NA,1978,868.397371769969
DOM,República Dominicana,NA,1979,983.739706495351
DOM,República Dominicana,NA,1980,1180.18089253045
DOM,República Dominicana,NA,1981,1288.46563140235
DOM,República Dominicana,NA,1982,1376.26820466534
DOM,República Dominicana,NA,1983,1499.95575255789
DOM,República Dominicana,NA,1984,1843.52460788928
DOM,República Dominicana,NA,1985,784.488809604008
DOM,República Dominicana,NA,1986,931.659530115685
DOM,República Dominicana,NA,1987,868.087557831807
DOM,República Dominicana,NA,1988,783.913142122635
DOM,República Dominicana,NA,1989,954.914504449885
DOM,República Dominicana,NA,1990,989.163941207659
DOM,República Dominicana,NA,1991,1345.84673690623
DOM,República Dominicana,NA,1992,1558.29782071075
DOM,República Dominicana,NA,1993,1722.41995993981
DOM,República Dominicana,NA,1994,1891.67055679
DOM,República Dominicana,NA,1995,2109.16940728689
DOM,República Dominicana,NA,1996,2270.86558687203
DOM,República Dominicana,NA,1997,2448.89393535363
DOM,República Dominicana,NA,1998,2607.85457321405
DOM,República Dominicana,NA,1999,2620.8896817272
DOM,República Dominicana,NA,2000,2831.45883638033
DOM,República Dominicana,NA,2001,2935.89367312668
DOM,República Dominicana,NA,2002,3065.60329524196
DOM,República Dominicana,NA,2003,2383.26171780393
DOM,República Dominicana,NA,2004,2451.69161616569
DOM,República Dominicana,NA,2005,3878.31206735244
DOM,República Dominicana,NA,2006,4055.14270347371
DOM,República Dominicana,NA,2007,4649.64558875814
DOM,República Dominicana,NA,2008,5023.58513403515
DOM,República Dominicana,NA,2009,4973.95186999952
DOM,República Dominicana,NA,2010,5478.62470398954
DOM,República Dominicana,NA,2011,5826.51014109195
DOM,República Dominicana,NA,2012,6013.81965002603
DOM,República Dominicana,NA,2013,6136.59429329301
DOM,República Dominicana,NA,2014,6496.45166971142
DOM,República Dominicana,NA,2015,6800.95309395474
DOM,República Dominicana,NA,2016,7160.44200982307
DOM,República Dominicana,NA,2017,7412.71571571512
DOM,República Dominicana,NA,2018,7882.98221584944
DOM,República Dominicana,NA,2019,8183.01623600375
DOM,República Dominicana,NA,2020,7135.22273255899
DOM,República Dominicana,NA,2021,8527.0754858205
DOM,República Dominicana,NA,2022,10104.2464008585
DOM,República Dominicana,NA,2023,10630.431743829
DOM,República Dominicana,NA,2024,10875.6618443092
DOM,República Dominicana,NA,2025,11059.2081531834
KNA,San Cristóbal y Nieves,NA,1960,221.584586097067
KNA,San Cristóbal y Nieves,NA,1961,225.599127572162
KNA,San Cristóbal y Nieves,NA,1962,230.286541058342
KNA,San Cristóbal y Nieves,NA,1963,240.139616588017
KNA,San Cristóbal y Nieves,NA,1964,256.40471515277
KNA,San Cristóbal y Nieves,NA,1965,265.823194079933
KNA,San Cristóbal y Nieves,NA,1966,289.973108735753
KNA,San Cristóbal y Nieves,NA,1967,344.457118650064
KNA,San Cristóbal y Nieves,NA,1968,309.027410307969
KNA,San Cristóbal y Nieves,NA,1969,346.592027290022
KNA,San Cristóbal y Nieves,NA,1970,365.421692149038
KNA,San Cristóbal y Nieves,NA,1971,443.938525320189
KNA,San Cristóbal y Nieves,NA,1972,521.083031260752
KNA,San Cristóbal y Nieves,NA,1973,551.413363188761
KNA,San Cristóbal y Nieves,NA,1974,720.537205812844
KNA,San Cristóbal y Nieves,NA,1975,765.12533365911
KNA,San Cristóbal y Nieves,NA,1976,692.139328790191
KNA,San Cristóbal y Nieves,NA,1977,1026.25343180719
KNA,San Cristóbal y Nieves,NA,1978,1143.84000123408
KNA,San Cristóbal y Nieves,NA,1979,1367.339965625
KNA,San Cristóbal y Nieves,NA,1980,1597.6489908812
KNA,San Cristóbal y Nieves,NA,1981,1894.44210241437
KNA,San Cristóbal y Nieves,NA,1982,2022.52944188428
KNA,San Cristóbal y Nieves,NA,1983,2052.11116535348
KNA,San Cristóbal y Nieves,NA,1984,2341.40772929271
KNA,San Cristóbal y Nieves,NA,1985,2650.9864691075
KNA,San Cristóbal y Nieves,NA,1986,3140.11209537184
KNA,San Cristóbal y Nieves,NA,1987,3573.284031831
KNA,San Cristóbal y Nieves,NA,1988,4205.65468298165
KNA,San Cristóbal y Nieves,NA,1989,4723.45351878204
KNA,San Cristóbal y Nieves,NA,1990,5373.44824048425
KNA,San Cristóbal y Nieves,NA,1991,5464.61025672087
KNA,San Cristóbal y Nieves,NA,1992,5947.1211356266
KNA,San Cristóbal y Nieves,NA,1993,6395.31437746849
KNA,San Cristóbal y Nieves,NA,1994,7065.28291984056
KNA,San Cristóbal y Nieves,NA,1995,7406.44486096454
KNA,San Cristóbal y Nieves,NA,1996,7788.42839854571
KNA,San Cristóbal y Nieves,NA,1997,8626.72257471312
KNA,San Cristóbal y Nieves,NA,1998,8710.78984057184
KNA,San Cristóbal y Nieves,NA,1999,9116.28627997718
KNA,San Cristóbal y Nieves,NA,2000,9319.65545093525
KNA,San Cristóbal y Nieves,NA,2001,10022.5919235637
KNA,San Cristóbal y Nieves,NA,2002,10453.6587064313
KNA,San Cristóbal y Nieves,NA,2003,10175.6295449989
KNA,San Cristóbal y Nieves,NA,2004,10944.6183741768
KNA,San Cristóbal y Nieves,NA,2005,11783.7867154145
KNA,San Cristóbal y Nieves,NA,2006,13837.8495311219
KNA,San Cristóbal y Nieves,NA,2007,14757.9579751035
KNA,San Cristóbal y Nieves,NA,2008,16604.9448615905
KNA,San Cristóbal y Nieves,NA,2009,16503.4119292794
KNA,San Cristóbal y Nieves,NA,2010,16622.9457908577
KNA,San Cristóbal y Nieves,NA,2011,17832.4572919975
KNA,San Cristóbal y Nieves,NA,2012,17532.0559008608
KNA,San Cristóbal y Nieves,NA,2013,18580.1301949935
KNA,San Cristóbal y Nieves,NA,2014,20219.3954237956
KNA,San Cristóbal y Nieves,NA,2015,20328.8003530109
KNA,San Cristóbal y Nieves,NA,2016,21387.5415511103
KNA,San Cristóbal y Nieves,NA,2017,22464.9899633959
KNA,San Cristóbal y Nieves,NA,2018,22901.3816403197
KNA,San Cristóbal y Nieves,NA,2019,23595.4923231291
KNA,San Cristóbal y Nieves,NA,2020,18859.0190361046
KNA,San Cristóbal y Nieves,NA,2021,18361.1449697886
KNA,San Cristóbal y Nieves,NA,2022,21011.5744209816
KNA,San Cristóbal y Nieves,NA,2023,22576.9248439166
KNA,San Cristóbal y Nieves,NA,2024,23960.6534357084
KNA,San Cristóbal y Nieves,NA,2025,25223.0257622185
MAF,San Martín (Francia),NA,2011,20930.5821177758
MAF,San Martín (Francia),NA,2014,20638.7705882379
MAF,San Martín (Francia),NA,2019,19033.0649634889
MAF,San Martín (Francia),NA,2021,21668.3776525323
SXM,San Martín (Países Bajos),NA,2009,25528.412619483
SXM,San Martín (Países Bajos),NA,2010,26403.8143692163
SXM,San Martín (Países Bajos),NA,2011,27317.5178881974
SXM,San Martín (Países Bajos),NA,2012,28149.0997855041
SXM,San Martín (Países Bajos),NA,2013,28529.7324687053
SXM,San Martín (Países Bajos),NA,2014,37134.912423099
SXM,San Martín (Países Bajos),NA,2015,37839.6283815163
SXM,San Martín (Países Bajos),NA,2016,37308.6147795736
SXM,San Martín (Países Bajos),NA,2017,34701.3058494468
SXM,San Martín (Países Bajos),NA,2018,31708.3110124742
SXM,San Martín (Países Bajos),NA,2019,34861.469528968
SXM,San Martín (Países Bajos),NA,2020,30150.8998380477
SXM,San Martín (Países Bajos),NA,2021,32548.4366854902
SXM,San Martín (Países Bajos),NA,2022,37793.1283815826
SXM,San Martín (Países Bajos),NA,2023,39451.822911732
SXM,San Martín (Países Bajos),NA,2024,41472.5870367865
SXM,San Martín (Países Bajos),NA,2025,42978.1317407037
VCT,San Vicente y las Granadinas,NA,1960,154.839953548866
VCT,San Vicente y las Granadinas,NA,1961,163.036741587138
VCT,San Vicente y las Granadinas,NA,1962,166.501945155564
VCT,San Vicente y las Granadinas,NA,1963,154.855789598022
VCT,San Vicente y las Granadinas,NA,1964,164.439675512733
VCT,San Vicente y las Granadinas,NA,1965,166.1585179605
VCT,San Vicente y las Granadinas,NA,1966,174.900705580548
VCT,San Vicente y las Granadinas,NA,1967,170.043233030992
VCT,San Vicente y las Granadinas,NA,1968,163.084474570509
VCT,San Vicente y las Granadinas,NA,1969,175.156220412801
VCT,San Vicente y las Granadinas,NA,1970,192.259597349006
VCT,San Vicente y las Granadinas,NA,1971,206.99399543877
VCT,San Vicente y las Granadinas,NA,1972,282.092288222755
VCT,San Vicente y las Granadinas,NA,1973,305.651792826921
VCT,San Vicente y las Granadinas,NA,1974,330.705359076164
VCT,San Vicente y las Granadinas,NA,1975,331.090937950783
VCT,San Vicente y las Granadinas,NA,1976,324.049573435426
VCT,San Vicente y las Granadinas,NA,1977,483.859271677682
VCT,San Vicente y las Granadinas,NA,1978,592.019182500428
VCT,San Vicente y las Granadinas,NA,1979,687.067392389007
VCT,San Vicente y las Granadinas,NA,1980,790.115816929074
VCT,San Vicente y las Granadinas,NA,1981,971.577277314431
VCT,San Vicente y las Granadinas,NA,1982,1073.51398364931
VCT,San Vicente y las Granadinas,NA,1983,1144.30586148776
VCT,San Vicente y las Granadinas,NA,1984,1253.86525558125
VCT,San Vicente y las Granadinas,NA,1985,1342.2456378927
VCT,San Vicente y las Granadinas,NA,1986,1471.86296489478
VCT,San Vicente y las Granadinas,NA,1987,1596.17319303831
VCT,San Vicente y las Granadinas,NA,1988,1813.93765107441
VCT,San Vicente y las Granadinas,NA,1989,1929.91050958212
VCT,San Vicente y las Granadinas,NA,1990,2149.73944358984
VCT,San Vicente y las Granadinas,NA,1991,2270.76357246912
VCT,San Vicente y las Granadinas,NA,1992,2470.51840791008
VCT,San Vicente y las Granadinas,NA,1993,2539.64968649849
VCT,San Vicente y las Granadinas,NA,1994,2563.24976564442
VCT,San Vicente y las Granadinas,NA,1995,2795.36305613955
VCT,San Vicente y las Granadinas,NA,1996,2930.44394742606
VCT,San Vicente y las Granadinas,NA,1997,3073.7784743848
VCT,San Vicente y las Granadinas,NA,1998,3301.10018129103
VCT,San Vicente y las Granadinas,NA,1999,3446.52293031878
VCT,San Vicente y las Granadinas,NA,2000,3768.95536604022
VCT,San Vicente y las Granadinas,NA,2001,4071.08601098962
VCT,San Vicente y las Granadinas,NA,2002,4303.27976789727
VCT,San Vicente y las Granadinas,NA,2003,4499.61454193342
VCT,San Vicente y las Granadinas,NA,2004,4873.48947742443
VCT,San Vicente y las Granadinas,NA,2005,5157.39373878102
VCT,San Vicente y las Granadinas,NA,2006,5744.8278621257
VCT,San Vicente y las Granadinas,NA,2007,6398.19123532172
VCT,San Vicente y las Granadinas,NA,2008,6598.90531450859
VCT,San Vicente y las Granadinas,NA,2009,6463.78777336717
VCT,San Vicente y las Granadinas,NA,2010,6551.96835992405
VCT,San Vicente y las Granadinas,NA,2011,6527.68996854448
VCT,San Vicente y las Granadinas,NA,2012,6713.80768643865
VCT,San Vicente y las Granadinas,NA,2013,7072.46737188939
VCT,San Vicente y las Granadinas,NA,2014,7168.82875342911
VCT,San Vicente y las Granadinas,NA,2015,7353.73556054184
VCT,San Vicente y las Granadinas,NA,2016,7656.90042881178
VCT,San Vicente y las Granadinas,NA,2017,7988.04445019298
VCT,San Vicente y las Granadinas,NA,2018,8428.12677153069
VCT,San Vicente y las Granadinas,NA,2019,8740.59425232061
VCT,San Vicente y las Granadinas,NA,2020,8351.20324040982
VCT,San Vicente y las Granadinas,NA,2021,8641.27904024443
VCT,San Vicente y las Granadinas,NA,2022,9693.55867833025
VCT,San Vicente y las Granadinas,NA,2023,10582.3656725229
VCT,San Vicente y las Granadinas,NA,2024,11501.2265187188
VCT,San Vicente y las Granadinas,NA,2025,12561.769166789
LCA,Santa Lucía,NA,1980,1428.20328921427
LCA,Santa Lucía,NA,1981,1604.77728442339
LCA,Santa Lucía,NA,1982,1489.46138368254
LCA,Santa Lucía,NA,1983,1575.74163524069
LCA,Santa Lucía,NA,1984,1979.12504018731
LCA,Santa Lucía,NA,1985,2202.28125368301
LCA,Santa Lucía,NA,1986,2590.69331524928
LCA,Santa Lucía,NA,1987,2818.91475118073
LCA,Santa Lucía,NA,1988,3182.44170096022
LCA,Santa Lucía,NA,1989,3565.01015783716
LCA,Santa Lucía,NA,1990,4204.57161863111
LCA,Santa Lucía,NA,1991,4398.67906897723
LCA,Santa Lucía,NA,1992,4759.83867808296
LCA,Santa Lucía,NA,1993,4764.72464839218
LCA,Santa Lucía,NA,1994,4892.06733637469
LCA,Santa Lucía,NA,1995,5147.92024022295
LCA,Santa Lucía,NA,1996,5244.01665086076
LCA,Santa Lucía,NA,1997,5282.37011402006
LCA,Santa Lucía,NA,1998,5672.51373770766
LCA,Santa Lucía,NA,1999,5882.83398968649
LCA,Santa Lucía,NA,2000,5879.56191426207
LCA,Santa Lucía,NA,2001,5570.45247098106
LCA,Santa Lucía,NA,2002,5567.89428424719
LCA,Santa Lucía,NA,2003,6058.60622059326
LCA,Santa Lucía,NA,2004,6494.60034867886
LCA,Santa Lucía,NA,2005,6863.43641919345
LCA,Santa Lucía,NA,2006,7611.17856675319
LCA,Santa Lucía,NA,2007,7964.38211480117
LCA,Santa Lucía,NA,2008,8516.96075488787
LCA,Santa Lucía,NA,2009,8250.52180732734
LCA,Santa Lucía,NA,2010,8673.68720340529
LCA,Santa Lucía,NA,2011,9128.99442011613
LCA,Santa Lucía,NA,2012,9260.30006551714
LCA,Santa Lucía,NA,2013,9577.21733754358
LCA,Santa Lucía,NA,2014,10044.8218377677
LCA,Santa Lucía,NA,2015,10334.9860823918
LCA,Santa Lucía,NA,2016,10638.1269396653
LCA,Santa Lucía,NA,2017,11333.1123822102
LCA,Santa Lucía,NA,2018,11642.6984727769
LCA,Santa Lucía,NA,2019,11764.3944032403
LCA,Santa Lucía,NA,2020,8537.11495506727
LCA,Santa Lucía,NA,2021,10481.1233971786
LCA,Santa Lucía,NA,2022,12976.1489693474
LCA,Santa Lucía,NA,2023,13616.6397593734
LCA,Santa Lucía,NA,2024,14493.658470648
LCA,Santa Lucía,NA,2025,14745.8184305461
SUR,Surinam,NA,1960,377.579399662016
SUR,Surinam,NA,1961,394.80774658988
SUR,Surinam,NA,1962,409.105638366818
SUR,Surinam,NA,1963,424.025532430631
SUR,Surinam,NA,1964,434.893751961714
SUR,Surinam,NA,1965,481.71875
SUR,Surinam,NA,1966,574.84107690217
SUR,Surinam,NA,1967,644.042967325106
SUR,Surinam,NA,1968,680.595348207639
SUR,Surinam,NA,1969,707.674445225753
SUR,Surinam,NA,1970,724.484901513275
SUR,Surinam,NA,1971,767.990365675678
SUR,Surinam,NA,1972,784.951674957789
SUR,Surinam,NA,1973,857.69079166793
SUR,Surinam,NA,1974,1041.08454668306
SUR,Surinam,NA,1975,1190.01968453614
SUR,Surinam,NA,1976,1301.86536317022
SUR,Surinam,NA,1977,1665.94384873282
SUR,Surinam,NA,1978,1927.90601359888
SUR,Surinam,NA,1979,2072.28775271317
SUR,Surinam,NA,1980,2117.87083385503
SUR,Surinam,NA,1981,2367.76851800063
SUR,Surinam,NA,1982,2429.92391549707
SUR,Surinam,NA,1983,2332.69790308016
SUR,Surinam,NA,1984,2260.63794993629
SUR,Surinam,NA,1985,2255.97717664327
SUR,Surinam,NA,1986,2271.04733260266
SUR,Surinam,NA,1987,2469.06737278634
SUR,Surinam,NA,1988,2886.42980207694
SUR,Surinam,NA,1989,1328.57013435061
SUR,Surinam,NA,1990,941.591736102188
SUR,Surinam,NA,1991,1079.72521342705
SUR,Surinam,NA,1992,968.895253466926
SUR,Surinam,NA,1993,1022.44583519896
SUR,Surinam,NA,1994,1433.54255652781
SUR,Surinam,NA,1995,1609.82504373206
SUR,Surinam,NA,1996,1962.88495820295
SUR,Surinam,NA,1997,2067.59814938391
SUR,Surinam,NA,1998,2428.58641994202
SUR,Surinam,NA,1999,1898.1801816053
SUR,Surinam,NA,2000,1988.22172925433
SUR,Surinam,NA,2001,1714.64846637242
SUR,Surinam,NA,2002,2202.340682196
SUR,Surinam,NA,2003,2516.10404020956
SUR,Surinam,NA,2004,2887.7721728844
SUR,Surinam,NA,2005,3453.42865937765
SUR,Surinam,NA,2006,5002.65798695759
SUR,Surinam,NA,2007,5530.17615638309
SUR,Surinam,NA,2008,6576.08546307249
SUR,Surinam,NA,2009,7129.5768626291
SUR,Surinam,NA,2010,7943.60482816915
SUR,Surinam,NA,2011,7949.88867218383
SUR,Surinam,NA,2012,8851.24050668908
SUR,Surinam,NA,2013,9043.19281529222
SUR,Surinam,NA,2014,9108.18905406764
SUR,Surinam,NA,2015,8813.61705392067
SUR,Surinam,NA,2016,5644.2061057532
SUR,Surinam,NA,2017,6049.52128553675
SUR,Surinam,NA,2018,6665.74180472239
SUR,Surinam,NA,2019,6629.66775248603
SUR,Surinam,NA,2020,4755.39221710693
SUR,Surinam,NA,2021,5029.84838543953
SUR,Surinam,NA,2022,6084.43876736445
SUR,Surinam,NA,2023,5521.97602122638
SUR,Surinam,NA,2024,6961.78956060258
SUR,Surinam,NA,2025,7069.87230892274
TTO,Trinidad y Tobago,NA,1960,633.975608394336
TTO,Trinidad y Tobago,NA,1961,677.713824022157
TTO,Trinidad y Tobago,NA,1962,703.620804079905
TTO,Trinidad y Tobago,NA,1963,756.284906625836
TTO,Trinidad y Tobago,NA,1964,779.766014894579
TTO,Trinidad y Tobago,NA,1965,793.357738715678
TTO,Trinidad y Tobago,NA,1966,767.537870840813
TTO,Trinidad y Tobago,NA,1967,796.703860051473
TTO,Trinidad y Tobago,NA,1968,783.173633599792
TTO,Trinidad y Tobago,NA,1969,794.529655166788
TTO,Trinidad y Tobago,NA,1970,828.919857464313
TTO,Trinidad y Tobago,NA,1971,894.45305348288
TTO,Trinidad y Tobago,NA,1972,1067.46412567566
TTO,Trinidad y Tobago,NA,1973,1273.3221357336
TTO,Trinidad y Tobago,NA,1974,1962.02689234886
TTO,Trinidad y Tobago,NA,1975,2318.69169815563
TTO,Trinidad y Tobago,NA,1976,2344.93028321949
TTO,Trinidad y Tobago,NA,1977,2907.3734770717
TTO,Trinidad y Tobago,NA,1978,3258.0927567116
TTO,Trinidad y Tobago,NA,1979,4155.1594201721
TTO,Trinidad y Tobago,NA,1980,5559.05209507101
TTO,Trinidad y Tobago,NA,1981,6159.70947284839
TTO,Trinidad y Tobago,NA,1982,7091.40621892043
TTO,Trinidad y Tobago,NA,1983,6689.80831238034
TTO,Trinidad y Tobago,NA,1984,6613.11947420709
TTO,Trinidad y Tobago,NA,1985,6212.00065299742
TTO,Trinidad y Tobago,NA,1986,3984.99609719733
TTO,Trinidad y Tobago,NA,1987,3941.12013972631
TTO,Trinidad y Tobago,NA,1988,3655.81977035897
TTO,Trinidad y Tobago,NA,1989,3481.84505761067
TTO,Trinidad y Tobago,NA,1990,4047.25093594674
TTO,Trinidad y Tobago,NA,1991,4205.37778348016
TTO,Trinidad y Tobago,NA,1992,4277.47436935604
TTO,Trinidad y Tobago,NA,1993,3646.71231742803
TTO,Trinidad y Tobago,NA,1994,3839.96290233114
TTO,Trinidad y Tobago,NA,1995,4114.68908475464
TTO,Trinidad y Tobago,NA,1996,4427.27832448289
TTO,Trinidad y Tobago,NA,1997,4393.94496943068
TTO,Trinidad y Tobago,NA,1998,4612.70900312686
TTO,Trinidad y Tobago,NA,1999,5179.08350809274
TTO,Trinidad y Tobago,NA,2000,6178.58975559687
TTO,Trinidad y Tobago,NA,2001,6657.41466937221
TTO,Trinidad y Tobago,NA,2002,6762.93080808096
TTO,Trinidad y Tobago,NA,2003,8445.04653518298
TTO,Trinidad y Tobago,NA,2004,9871.03419820086
TTO,Trinidad y Tobago,NA,2005,12346.4373094075
TTO,Trinidad y Tobago,NA,2006,14152.6607422113
TTO,Trinidad y Tobago,NA,2007,16606.675360681
TTO,Trinidad y Tobago,NA,2008,21298.9945258063
TTO,Trinidad y Tobago,NA,2009,14634.0565003912
TTO,Trinidad y Tobago,NA,2010,16815.424737361
TTO,Trinidad y Tobago,NA,2011,19151.0870229722
TTO,Trinidad y Tobago,NA,2012,20332.1389531925
TTO,Trinidad y Tobago,NA,2013,21304.9777496628
TTO,Trinidad y Tobago,NA,2014,21908.3014555644
TTO,Trinidad y Tobago,NA,2015,19887.2327716498
TTO,Trinidad y Tobago,NA,2016,17449.1538801956
TTO,Trinidad y Tobago,NA,2017,17566.0999700656
TTO,Trinidad y Tobago,NA,2018,17571.498737278
TTO,Trinidad y Tobago,NA,2019,17212.6128892163
TTO,Trinidad y Tobago,NA,2020,15283.6270531554
TTO,Trinidad y Tobago,NA,2021,17712.5674104655
TTO,Trinidad y Tobago,NA,2022,20750.5202434652
TTO,Trinidad y Tobago,NA,2023,18308.4536298575
TTO,Trinidad y Tobago,NA,2024,18733.4110406494
TTO,Trinidad y Tobago,NA,2025,18967.2704636681
URY,Uruguay,NA,1960,491.031760304596
URY,Uruguay,NA,1961,603.966513233705
URY,Uruguay,NA,1962,659.393716891716
URY,Uruguay,NA,1963,586.821191669431
URY,Uruguay,NA,1964,744.654270146069
URY,Uruguay,NA,1965,705.202527526694
URY,Uruguay,NA,1966,668.17637665776
URY,Uruguay,NA,1967,584.75530449369
URY,Uruguay,NA,1968,578.548868536136
URY,Uruguay,NA,1969,722.586254907569
URY,Uruguay,NA,1970,765.763011986694
URY,Uruguay,NA,1971,1000.28365412257
URY,Uruguay,NA,1972,775.937251050835
URY,Uruguay,NA,1973,1397.28960304383
URY,Uruguay,NA,1974,1433.17797475063
URY,Uruguay,NA,1975,1231.85370953179
URY,Uruguay,NA,1976,1268.30303240921
URY,Uruguay,NA,1977,1414.23789985403
URY,Uruguay,NA,1978,1678.30925622568
URY,Uruguay,NA,1979,2442.65957894266
URY,Uruguay,NA,1980,3442.81230620351
URY,Uruguay,NA,1981,3728.4455696996
URY,Uruguay,NA,1982,3084.79407002174
URY,Uruguay,NA,1983,1707.14462849135
URY,Uruguay,NA,1984,1615.40647277136
URY,Uruguay,NA,1985,1568.43216486363
URY,Uruguay,NA,1986,1938.8108486947
URY,Uruguay,NA,1987,2415.6541994875
URY,Uruguay,NA,1988,2677.19777690993
URY,Uruguay,NA,1989,2734.36623871535
URY,Uruguay,NA,1990,2995.36105663465
URY,Uruguay,NA,1991,3589.01541942634
URY,Uruguay,NA,1992,4101.71054155291
URY,Uruguay,NA,1993,4753.00924682647
URY,Uruguay,NA,1994,5507.56481300056
URY,Uruguay,NA,1995,6050.48632253644
URY,Uruguay,NA,1996,6398.43575184095
URY,Uruguay,NA,1997,7436.29342620682
URY,Uruguay,NA,1998,7836.89183322307
URY,Uruguay,NA,1999,7370.56995453931
URY,Uruguay,NA,2000,6987.70098766257
URY,Uruguay,NA,2001,6382.76104740859
URY,Uruguay,NA,2002,4149.76140312687
URY,Uruguay,NA,2003,3671.12329256883
URY,Uruguay,NA,2004,4168.66065438387
URY,Uruguay,NA,2005,5284.25677987129
URY,Uruguay,NA,2006,6001.33294783172
URY,Uruguay,NA,2007,7222.05403645877
URY,Uruguay,NA,2008,9423.96562595893
URY,Uruguay,NA,2009,9881.39573127081
URY,Uruguay,NA,2010,12641.0576849008
URY,Uruguay,NA,2011,15132.2675725587
URY,Uruguay,NA,2012,16259.5940814256
URY,Uruguay,NA,2013,18335.2594772322
URY,Uruguay,NA,2014,18322.4276767157
URY,Uruguay,NA,2015,17125.9016800298
URY,Uruguay,NA,2016,17009.7584207276
URY,Uruguay,NA,2017,19184.6626114272
URY,Uruguay,NA,2018,19249.9404677501
URY,Uruguay,NA,2019,18315.7350377437
URY,Uruguay,NA,2020,15757.5341990356
URY,Uruguay,NA,2021,17881.8119616753
URY,Uruguay,NA,2022,21009.2883798725
URY,Uruguay,NA,2023,23378.6399733516
URY,Uruguay,NA,2024,24308.4954958447
URY,Uruguay,NA,2025,25215.8238152781
VEN,Venezuela,NA,1960,939.197766577539
VEN,Venezuela,NA,1961,954.038330638213
VEN,Venezuela,NA,1962,1006.55940812318
VEN,Venezuela,NA,1963,1060.09433210388
VEN,Venezuela,NA,1964,873.604754880876
VEN,Venezuela,NA,1965,869.041067890496
VEN,Venezuela,NA,1966,875.956231715029
VEN,Venezuela,NA,1967,892.985315556393
VEN,Venezuela,NA,1968,938.015078662499
VEN,Venezuela,NA,1969,931.598755748143
VEN,Venezuela,NA,1970,1015.21990755986
VEN,Venezuela,NA,1971,1106.08824294225
VEN,Venezuela,NA,1972,1155.26236263344
VEN,Venezuela,NA,1973,1366.83361997071
VEN,Venezuela,NA,1974,2033.51900797712
VEN,Venezuela,NA,1975,2078.1534203511
VEN,Venezuela,NA,1976,2309.19293494983
VEN,Venezuela,NA,1977,2585.22051087846
VEN,Venezuela,NA,1978,2727.13746585327
VEN,Venezuela,NA,1979,3256.64908738452
VEN,Venezuela,NA,1980,3874.40470623155
VEN,Venezuela,NA,1981,4228.0988152685
VEN,Venezuela,NA,1982,4201.54283466342
VEN,Venezuela,NA,1983,4078.94233103427
VEN,Venezuela,NA,1984,3519.80146489308
VEN,Venezuela,NA,1985,3548.70434276284
VEN,Venezuela,NA,1986,3376.34960597843
VEN,Venezuela,NA,1987,2610.98837126004
VEN,Venezuela,NA,1988,3191.47633742656
VEN,Venezuela,NA,1989,2250.08459665588
VEN,Venezuela,NA,1990,2451.5523114567
VEN,Venezuela,NA,1991,2632.53969814106
VEN,Venezuela,NA,1992,2907.30334439434
VEN,Venezuela,NA,1993,2824.69144366441
VEN,Venezuela,NA,1994,2688.98325145295
VEN,Venezuela,NA,1995,3486.98350635919
VEN,Venezuela,NA,1996,3112.825848106
VEN,Venezuela,NA,1997,3710.82688355096
VEN,Venezuela,NA,1998,3869.98258848894
VEN,Venezuela,NA,1999,4070.90619189484
VEN,Venezuela,NA,2000,4776.2816763938
VEN,Venezuela,NA,2001,4920.39313600453
VEN,Venezuela,NA,2002,3652.09896501865
VEN,Venezuela,NA,2003,3229.50557082079
VEN,Venezuela,NA,2004,4269.08970872392
VEN,Venezuela,NA,2005,5432.4854184654
VEN,Venezuela,NA,2006,6739.38065342218
VEN,Venezuela,NA,2007,8331.62096991844
VEN,Venezuela,NA,2008,11262.4514256759
VEN,Venezuela,NA,2009,11596.6021921731
VEN,Venezuela,NA,2010,13646.3046622664
VEN,Venezuela,NA,2011,10843.9229703167
VEN,Venezuela,NA,2012,12582.0125686037
VEN,Venezuela,NA,2013,8642.37380007027
VEN,Venezuela,NA,2014,7101.15006382986
VEN,Venezuela,NA,2015,4096.61989137473
VEN,Venezuela,NA,2016,3671.23004093383
VEN,Venezuela,NA,2017,3791.63262049576
VEN,Venezuela,NA,2018,3421.51341607593
VEN,Venezuela,NA,2019,2523.11527549578
VEN,Venezuela,NA,2020,1506.04169391285
VEN,Venezuela,NA,2021,2004.93572921136
VEN,Venezuela,NA,2022,3155.04190923584
VEN,Venezuela,NA,2023,3617.47038396528
VEN,Venezuela,NA,2024,4244.45723136019
VEN,Venezuela,NA,2025,3494.8138870244
