tipo,indicador,iso3,territorio,anio,valor
dss,gasto-educ-pib,ARG,Argentina,1970,1.4580899477005
dss,gasto-educ-pib,ECU,Ecuador,1970,2.00283002853394
dss,gasto-educ-pib,GTM,Guatemala,1970,1.85871994495392
dss,gasto-educ-pib,GUY,Guyana,1970,4.32897996902466
dss,gasto-educ-pib,NIC,Nicaragua,1970,2.03858995437622
dss,gasto-educ-pib,PAN,Panamá,1970,4.04328012466431
dss,gasto-educ-pib,PRY,Paraguay,1970,2.10519003868103
dss,gasto-educ-pib,DOM,República Dominicana,1970,2.64078998565674
dss,gasto-educ-pib,VEN,Venezuela,1970,4.16286993026733
dss,gasto-educ-pib,BRB,Barbados,1971,6.15065002441406
dss,gasto-educ-pib,CAN,Canadá,1971,7.6842999458313
dss,gasto-educ-pib,ECU,Ecuador,1971,1.87940001487732
dss,gasto-educ-pib,GTM,Guatemala,1971,2.0255401134491
dss,gasto-educ-pib,NIC,Nicaragua,1971,2.49202990531921
dss,gasto-educ-pib,PAN,Panamá,1971,3.35391998291016
dss,gasto-educ-pib,PRY,Paraguay,1971,2.26543998718262
dss,gasto-educ-pib,PRI,Puerto Rico,1971,7.2505202293396
dss,gasto-educ-pib,VEN,Venezuela,1971,4.1799201965332
dss,gasto-educ-pib,ARG,Argentina,1972,1.93620002269745
dss,gasto-educ-pib,BRB,Barbados,1972,6.79071998596191
dss,gasto-educ-pib,CAN,Canadá,1972,7.58980989456177
dss,gasto-educ-pib,PAN,Panamá,1972,3.9828200340271
dss,gasto-educ-pib,PRI,Puerto Rico,1972,7.21458005905151
dss,gasto-educ-pib,VEN,Venezuela,1972,4.83728981018066
dss,gasto-educ-pib,ARG,Argentina,1973,1.78051996231079
dss,gasto-educ-pib,BRB,Barbados,1973,6.72242021560669
dss,gasto-educ-pib,BMU,Bermudas,1973,4.10790014266968
dss,gasto-educ-pib,CAN,Canadá,1973,7.01386022567749
dss,gasto-educ-pib,JAM,Jamaica,1973,3.63143992424011
dss,gasto-educ-pib,PAN,Panamá,1973,3.48574995994568
dss,gasto-educ-pib,PER,Perú,1973,3.39172005653381
dss,gasto-educ-pib,PRI,Puerto Rico,1973,6.47992992401123
dss,gasto-educ-pib,ARG,Argentina,1974,1.92351996898651
dss,gasto-educ-pib,BRB,Barbados,1974,7.52374982833862
dss,gasto-educ-pib,CAN,Canadá,1974,6.66714000701904
dss,gasto-educ-pib,CHL,Chile,1974,3.66648006439209
dss,gasto-educ-pib,JAM,Jamaica,1974,4.24897003173828
dss,gasto-educ-pib,PAN,Panamá,1974,3.81979990005493
dss,gasto-educ-pib,PRI,Puerto Rico,1974,7.28690004348755
dss,gasto-educ-pib,VEN,Venezuela,1974,3.94795989990234
dss,gasto-educ-pib,ARG,Argentina,1975,1.84360003471374
dss,gasto-educ-pib,BMU,Bermudas,1975,3.43442010879517
dss,gasto-educ-pib,CAN,Canadá,1975,6.42132997512817
dss,gasto-educ-pib,CHL,Chile,1975,3.50703001022339
dss,gasto-educ-pib,SLV,El Salvador,1975,0.904510021209717
dss,gasto-educ-pib,JAM,Jamaica,1975,5.22878980636597
dss,gasto-educ-pib,PAN,Panamá,1975,4.15451002120972
dss,gasto-educ-pib,PRI,Puerto Rico,1975,6.22974014282227
dss,gasto-educ-pib,VEN,Venezuela,1975,5.19851016998291
dss,gasto-educ-pib,ARG,Argentina,1976,1.16563999652863
dss,gasto-educ-pib,BRB,Barbados,1976,5.94479990005493
dss,gasto-educ-pib,CAN,Canadá,1976,6.69841003417969
dss,gasto-educ-pib,GTM,Guatemala,1976,1.62729001045227
dss,gasto-educ-pib,JAM,Jamaica,1976,5.85832977294922
dss,gasto-educ-pib,PAN,Panamá,1976,4.31272983551025
dss,gasto-educ-pib,PRI,Puerto Rico,1976,7.14049005508423
dss,gasto-educ-pib,ARG,Argentina,1977,1.71984004974365
dss,gasto-educ-pib,BRB,Barbados,1977,6.51715993881226
dss,gasto-educ-pib,CAN,Canadá,1977,6.71090984344482
dss,gasto-educ-pib,ECU,Ecuador,1977,2.41883993148804
dss,gasto-educ-pib,GUY,Guyana,1977,7.08872985839844
dss,gasto-educ-pib,JAM,Jamaica,1977,6.02651977539062
dss,gasto-educ-pib,PAN,Panamá,1977,4.28096008300781
dss,gasto-educ-pib,PRI,Puerto Rico,1977,6.38756990432739
dss,gasto-educ-pib,VEN,Venezuela,1977,5.25665998458862
dss,gasto-educ-pib,ARG,Argentina,1978,1.93554997444153
dss,gasto-educ-pib,CAN,Canadá,1978,7.07383012771606
dss,gasto-educ-pib,CHL,Chile,1978,2.9989900588989298
dss,gasto-educ-pib,HND,Honduras,1978,2.01904988288879
dss,gasto-educ-pib,PAN,Panamá,1978,3.60597991943359
dss,gasto-educ-pib,PRI,Puerto Rico,1978,6.68102979660034
dss,gasto-educ-pib,ARG,Argentina,1979,2.4002799987793
dss,gasto-educ-pib,CAN,Canadá,1979,6.69220018386841
dss,gasto-educ-pib,CHL,Chile,1979,3.41297006607056
dss,gasto-educ-pib,COL,Colombia,1979,1.75434005260468
dss,gasto-educ-pib,GUY,Guyana,1979,9.37786960601807
dss,gasto-educ-pib,HND,Honduras,1979,2.01298999786377
dss,gasto-educ-pib,PAN,Panamá,1979,3.64254999160767
dss,gasto-educ-pib,URY,Uruguay,1979,1.98713004589081
dss,gasto-educ-pib,ARG,Argentina,1980,2.6071500778198202
dss,gasto-educ-pib,CAN,Canadá,1980,6.46289014816284
dss,gasto-educ-pib,CHL,Chile,1980,4.14156007766724
dss,gasto-educ-pib,COL,Colombia,1980,1.72912001609802
dss,gasto-educ-pib,CRI,Costa Rica,1980,7.34716987609863
dss,gasto-educ-pib,CUB,Cuba,1980,8.36909008026123
dss,gasto-educ-pib,HND,Honduras,1980,1.93636000156403
dss,gasto-educ-pib,PAN,Panamá,1980,3.53567004203796
dss,gasto-educ-pib,TTO,Trinidad y Tobago,1980,3.76807999610901
dss,gasto-educ-pib,URY,Uruguay,1980,2.15950989723206
dss,gasto-educ-pib,VEN,Venezuela,1980,4.40072011947632
dss,gasto-educ-pib,CAN,Canadá,1981,6.40900993347168
dss,gasto-educ-pib,CHL,Chile,1981,4.82065010070801
dss,gasto-educ-pib,COL,Colombia,1981,2.59723997116089
dss,gasto-educ-pib,HTI,Haití,1981,1.39374005794525
dss,gasto-educ-pib,PAN,Panamá,1981,3.43179988861084
dss,gasto-educ-pib,VEN,Venezuela,1981,5.18743991851807
dss,gasto-educ-pib,ARG,Argentina,1982,1.59786999225616
dss,gasto-educ-pib,CAN,Canadá,1982,6.49725008010864
dss,gasto-educ-pib,CRI,Costa Rica,1982,4.88506984710693
dss,gasto-educ-pib,HTI,Haití,1982,1.07954001426697
dss,gasto-educ-pib,PAN,Panamá,1982,3.41850996017456
dss,gasto-educ-pib,DOM,República Dominicana,1982,1.53891003131866
dss,gasto-educ-pib,LCA,Santa Lucía,1982,5.53879022598267
dss,gasto-educ-pib,TTO,Trinidad y Tobago,1982,5.45739984512329
dss,gasto-educ-pib,VEN,Venezuela,1982,5.00895023345947
dss,gasto-educ-pib,ARG,Argentina,1983,1.61749994754791
dss,gasto-educ-pib,CAN,Canadá,1983,6.85547018051147
dss,gasto-educ-pib,CRI,Costa Rica,1983,4.95777988433838
dss,gasto-educ-pib,GUY,Guyana,1983,8.2534704208374
dss,gasto-educ-pib,HTI,Haití,1983,1.0222100019455
dss,gasto-educ-pib,PAN,Panamá,1983,3.55090999603271
dss,gasto-educ-pib,DOM,República Dominicana,1983,1.46382999420166
dss,gasto-educ-pib,TTO,Trinidad y Tobago,1983,5.76660013198853
dss,gasto-educ-pib,VEN,Venezuela,1983,6.0598201751709
dss,gasto-educ-pib,ARG,Argentina,1984,2.56972002983093
dss,gasto-educ-pib,CAN,Canadá,1984,6.61841011047363
dss,gasto-educ-pib,COL,Colombia,1984,3.00429010391235
dss,gasto-educ-pib,ECU,Ecuador,1984,4.20342016220093
dss,gasto-educ-pib,GUY,Guyana,1984,7.22747993469238
dss,gasto-educ-pib,HTI,Haití,1984,0.986190021038055
dss,gasto-educ-pib,PAN,Panamá,1984,3.46870994567871
dss,gasto-educ-pib,DOM,República Dominicana,1984,1.33455002307892
dss,gasto-educ-pib,TTO,Trinidad y Tobago,1984,5.87390995025635
dss,gasto-educ-pib,URY,Uruguay,1984,2.37338995933533
dss,gasto-educ-pib,VEN,Venezuela,1984,4.06372976303101
dss,gasto-educ-pib,ARG,Argentina,1985,1.36186003684998
dss,gasto-educ-pib,BMU,Bermudas,1985,3.03449010848999
dss,gasto-educ-pib,CAN,Canadá,1985,6.18943023681641
dss,gasto-educ-pib,COL,Colombia,1985,2.71527004241943
dss,gasto-educ-pib,ECU,Ecuador,1985,5.23334980010986
dss,gasto-educ-pib,HTI,Haití,1985,0.969290018081665
dss,gasto-educ-pib,JAM,Jamaica,1985,5.39190006256104
dss,gasto-educ-pib,PAN,Panamá,1985,3.52146005630493
dss,gasto-educ-pib,PRY,Paraguay,1985,1.39584004878998
dss,gasto-educ-pib,DOM,República Dominicana,1985,1.21019005775452
dss,gasto-educ-pib,KNA,San Cristóbal y Nieves,1985,3.96502995491028
dss,gasto-educ-pib,TTO,Trinidad y Tobago,1985,5.76774978637695
dss,gasto-educ-pib,URY,Uruguay,1985,2.56679010391235
dss,gasto-educ-pib,ARG,Argentina,1986,1.261549949646
dss,gasto-educ-pib,CAN,Canadá,1986,6.02058982849121
dss,gasto-educ-pib,CRI,Costa Rica,1986,4.42026996612549
dss,gasto-educ-pib,ECU,Ecuador,1986,6.87237977981567
dss,gasto-educ-pib,JAM,Jamaica,1986,4.60398006439209
dss,gasto-educ-pib,PAN,Panamá,1986,3.34574007987976
dss,gasto-educ-pib,VCT,San Vicente y las Granadinas,1986,4.42911005020142
dss,gasto-educ-pib,LCA,Santa Lucía,1986,4.15467977523804
dss,gasto-educ-pib,URY,Uruguay,1986,3.1028299331665
dss,gasto-educ-pib,ARG,Argentina,1987,1.28229999542236
dss,gasto-educ-pib,CAN,Canadá,1987,6.29827976226807
dss,gasto-educ-pib,CHL,Chile,1987,2.7789900302887
dss,gasto-educ-pib,NIC,Nicaragua,1987,5.35174989700317
dss,gasto-educ-pib,PAN,Panamá,1987,3.87012004852295
dss,gasto-educ-pib,KNA,San Cristóbal y Nieves,1987,2.64112997055054
dss,gasto-educ-pib,VEN,Venezuela,1987,3.92751002311706
dss,gasto-educ-pib,CAN,Canadá,1988,6.15022993087769
dss,gasto-educ-pib,CRI,Costa Rica,1988,4.01322984695435
dss,gasto-educ-pib,JAM,Jamaica,1988,3.94086003303528
dss,gasto-educ-pib,VEN,Venezuela,1988,3.62941002845764
dss,gasto-educ-pib,ARG,Argentina,1989,1.04612004756927
dss,gasto-educ-pib,CAN,Canadá,1989,6.07406997680664
dss,gasto-educ-pib,COL,Colombia,1989,2.70525002479553
dss,gasto-educ-pib,CRI,Costa Rica,1989,4.07784986495972
dss,gasto-educ-pib,DMA,Dominica,1989,4.28990983963013
dss,gasto-educ-pib,JAM,Jamaica,1989,5.18397998809815
dss,gasto-educ-pib,MEX,México,1989,2.2820100784301798
dss,gasto-educ-pib,KNA,San Cristóbal y Nieves,1989,2.19795989990234
dss,gasto-educ-pib,VCT,San Vicente y las Granadinas,1989,4.46868991851807
dss,gasto-educ-pib,TTO,Trinidad y Tobago,1989,4.1998701095581
dss,gasto-educ-pib,ARG,Argentina,1990,1.06737995147705
dss,gasto-educ-pib,BMU,Bermudas,1990,3.13619995117188
dss,gasto-educ-pib,CAN,Canadá,1990,5.96922016143799
dss,gasto-educ-pib,CHL,Chile,1990,2.23059010505676
dss,gasto-educ-pib,JAM,Jamaica,1990,4.7791600227356
dss,gasto-educ-pib,MEX,México,1990,2.32498002052307
dss,gasto-educ-pib,PRY,Paraguay,1990,1.04070997238159
dss,gasto-educ-pib,TTO,Trinidad y Tobago,1990,3.65412998199463
dss,gasto-educ-pib,VEN,Venezuela,1990,2.44671010971069
dss,gasto-educ-pib,BRB,Barbados,1991,6.63870000839233
dss,gasto-educ-pib,BMU,Bermudas,1991,3.15065002441406
dss,gasto-educ-pib,CAN,Canadá,1991,6.85951995849609
dss,gasto-educ-pib,CUB,Cuba,1991,7.14496994018555
dss,gasto-educ-pib,HTI,Haití,1991,1.07398998737335
dss,gasto-educ-pib,JAM,Jamaica,1991,4.38306999206543
dss,gasto-educ-pib,MEX,México,1991,2.54800009727478
dss,gasto-educ-pib,KNA,San Cristóbal y Nieves,1991,1.99845004081726
dss,gasto-educ-pib,VCT,San Vicente y las Granadinas,1991,4.87377023696899
dss,gasto-educ-pib,URY,Uruguay,1991,2.47907996177673
dss,gasto-educ-pib,BMU,Bermudas,1992,3.47604990005493
dss,gasto-educ-pib,CAN,Canadá,1992,6.74663019180298
dss,gasto-educ-pib,JAM,Jamaica,1992,3.33665990829468
dss,gasto-educ-pib,MEX,México,1992,3.00500988960266
dss,gasto-educ-pib,NIC,Nicaragua,1992,2.98497009277344
dss,gasto-educ-pib,KNA,San Cristóbal y Nieves,1992,2.30386996269226
dss,gasto-educ-pib,URY,Uruguay,1992,2.41153001785278
dss,gasto-educ-pib,VEN,Venezuela,1992,4.31067991256714
dss,gasto-educ-pib,CAN,Canadá,1993,7.67834997177124
dss,gasto-educ-pib,CHL,Chile,1993,2.35279989242554
dss,gasto-educ-pib,CUB,Cuba,1993,7.07476997375488
dss,gasto-educ-pib,GTM,Guatemala,1993,1.66575002670288
dss,gasto-educ-pib,JAM,Jamaica,1993,3.21403002738953
dss,gasto-educ-pib,DOM,República Dominicana,1993,0.773949980735779
dss,gasto-educ-pib,VEN,Venezuela,1993,3.81783008575439
dss,gasto-educ-pib,CAN,Canadá,1994,6.65829992294312
dss,gasto-educ-pib,CHL,Chile,1994,2.49258995056152
dss,gasto-educ-pib,CUB,Cuba,1994,5.61948013305664
dss,gasto-educ-pib,GTM,Guatemala,1994,1.43998003005981
dss,gasto-educ-pib,GUY,Guyana,1994,3.72445011138916
dss,gasto-educ-pib,HND,Honduras,1994,2.51263999938965
dss,gasto-educ-pib,JAM,Jamaica,1994,4.06418991088867
dss,gasto-educ-pib,MEX,México,1994,3.47706007957458
dss,gasto-educ-pib,PAN,Panamá,1994,3.47054004669189
dss,gasto-educ-pib,DOM,República Dominicana,1994,0.893369972705841
dss,gasto-educ-pib,LCA,Santa Lucía,1994,6.53238010406494
dss,gasto-educ-pib,TTO,Trinidad y Tobago,1994,3.43180990219116
dss,gasto-educ-pib,URY,Uruguay,1994,2.27171993255615
dss,gasto-educ-pib,VEN,Venezuela,1994,5.00603008270264
dss,gasto-educ-pib,BRA,Brasil,1995,4.56816005706787
dss,gasto-educ-pib,CAN,Canadá,1995,6.30476999282837
dss,gasto-educ-pib,CHL,Chile,1995,2.55165004730225
dss,gasto-educ-pib,CRI,Costa Rica,1995,3.35273003578186
dss,gasto-educ-pib,ECU,Ecuador,1995,1.99764001369476
dss,gasto-educ-pib,GTM,Guatemala,1995,1.60479998588562
dss,gasto-educ-pib,GUY,Guyana,1995,3.60933995246887
dss,gasto-educ-pib,HND,Honduras,1995,2.61744999885559
dss,gasto-educ-pib,JAM,Jamaica,1995,3.38908004760742
dss,gasto-educ-pib,MEX,México,1995,3.4974699020385702
dss,gasto-educ-pib,PAN,Panamá,1995,3.94780993461609
dss,gasto-educ-pib,DOM,República Dominicana,1995,1.03330004215241
dss,gasto-educ-pib,KNA,San Cristóbal y Nieves,1995,2.57641005516052
dss,gasto-educ-pib,TTO,Trinidad y Tobago,1995,3.55854988098144
dss,gasto-educ-pib,URY,Uruguay,1995,2.521399974823
dss,gasto-educ-pib,ARG,Argentina,1996,3.73198008537292
dss,gasto-educ-pib,CHL,Chile,1996,2.77720999717712
dss,gasto-educ-pib,CRI,Costa Rica,1996,3.89071011543274
dss,gasto-educ-pib,GTM,Guatemala,1996,1.56369996070862
dss,gasto-educ-pib,JAM,Jamaica,1996,3.67773008346558
dss,gasto-educ-pib,PAN,Panamá,1996,4.39390993118286
dss,gasto-educ-pib,PER,Perú,1996,3.11879992485046
dss,gasto-educ-pib,DOM,República Dominicana,1996,1.22724997997284
dss,gasto-educ-pib,TTO,Trinidad y Tobago,1996,3.24876999855042
dss,gasto-educ-pib,URY,Uruguay,1996,2.86985993385315
dss,gasto-educ-pib,CHL,Chile,1997,2.98516988754273
dss,gasto-educ-pib,JAM,Jamaica,1997,4.37953996658325
dss,gasto-educ-pib,PAN,Panamá,1997,4.08364009857178
dss,gasto-educ-pib,TTO,Trinidad y Tobago,1997,3.3252100944519
dss,gasto-educ-pib,ARG,Argentina,1998,4.03986978530884
dss,gasto-educ-pib,ABW,Aruba,1998,4.76316022872925
dss,gasto-educ-pib,BMU,Bermudas,1998,2.15227007865906
dss,gasto-educ-pib,BRA,Brasil,1998,4.75666999816895
dss,gasto-educ-pib,CAN,Canadá,1998,5.49377012252808
dss,gasto-educ-pib,CHL,Chile,1998,3.32312989234924
dss,gasto-educ-pib,COL,Colombia,1998,3.92645001411438
dss,gasto-educ-pib,CUB,Cuba,1998,6.20873022079468
dss,gasto-educ-pib,DMA,Dominica,1998,5.73984003067017
dss,gasto-educ-pib,ECU,Ecuador,1998,2.19536995887756
dss,gasto-educ-pib,SLV,El Salvador,1998,2.54725003242493
dss,gasto-educ-pib,MEX,México,1998,3.17838001251221
dss,gasto-educ-pib,NIC,Nicaragua,1998,2.22585010528564
dss,gasto-educ-pib,PRY,Paraguay,1998,4.19833993911743
dss,gasto-educ-pib,PER,Perú,1998,3.27817988395691
dss,gasto-educ-pib,KNA,San Cristóbal y Nieves,1998,4.02056980133057
dss,gasto-educ-pib,VCT,San Vicente y las Granadinas,1998,4.03337001800537
dss,gasto-educ-pib,LCA,Santa Lucía,1998,5.52894020080566
dss,gasto-educ-pib,TTO,Trinidad y Tobago,1998,2.43892002105713
dss,gasto-educ-pib,URY,Uruguay,1998,2.24337005615234
dss,gasto-educ-pib,ATG,Antigua y Barbuda,1999,2.52540993690491
dss,gasto-educ-pib,ARG,Argentina,1999,4.52167987823486
dss,gasto-educ-pib,ABW,Aruba,1999,4.39526987075806
dss,gasto-educ-pib,BRB,Barbados,1999,4.34123992919922
dss,gasto-educ-pib,BLZ,Belice,1999,4.0349497795105
dss,gasto-educ-pib,BRA,Brasil,1999,3.80062007904053
dss,gasto-educ-pib,CAN,Canadá,1999,5.53079986572266
dss,gasto-educ-pib,CHL,Chile,1999,3.7083899974823
dss,gasto-educ-pib,COL,Colombia,1999,4.44080018997192
dss,gasto-educ-pib,CRI,Costa Rica,1999,5.39436006546021
dss,gasto-educ-pib,CUB,Cuba,1999,6.75523996353149
dss,gasto-educ-pib,DMA,Dominica,1999,4.02858018875122
dss,gasto-educ-pib,ECU,Ecuador,1999,1.54734003543854
dss,gasto-educ-pib,SLV,El Salvador,1999,2.56260991096497
dss,gasto-educ-pib,GUY,Guyana,1999,8.56105995178223
dss,gasto-educ-pib,MEX,México,1999,3.36164999008179
dss,gasto-educ-pib,NIC,Nicaragua,1999,2.92365002632141
dss,gasto-educ-pib,PAN,Panamá,1999,4.75114011764526
dss,gasto-educ-pib,PRY,Paraguay,1999,4.23087978363037
dss,gasto-educ-pib,PER,Perú,1999,3.44133996963501
dss,gasto-educ-pib,KNA,San Cristóbal y Nieves,1999,3.32266998291016
dss,gasto-educ-pib,VCT,San Vicente y las Granadinas,1999,5.75268983840942
dss,gasto-educ-pib,LCA,Santa Lucía,1999,5.44994020462036
dss,gasto-educ-pib,TTO,Trinidad y Tobago,1999,2.75611996650696
dss,gasto-educ-pib,ARG,Argentina,2000,4.58030986785889
dss,gasto-educ-pib,ABW,Aruba,2000,4.71468019485474
dss,gasto-educ-pib,BHS,Bahamas,2000,2.23284006118774
dss,gasto-educ-pib,BRB,Barbados,2000,4.71585988998413
dss,gasto-educ-pib,BLZ,Belice,2000,3.68356990814209
dss,gasto-educ-pib,BRA,Brasil,2000,3.94893002510071
dss,gasto-educ-pib,CAN,Canadá,2000,5.42330980300903
dss,gasto-educ-pib,CHL,Chile,2000,3.75707006454468
dss,gasto-educ-pib,COL,Colombia,2000,3.5112099647522
dss,gasto-educ-pib,CRI,Costa Rica,2000,4.66695022583008
dss,gasto-educ-pib,CUB,Cuba,2000,7.70481014251709
dss,gasto-educ-pib,ECU,Ecuador,2000,1.20265996456146
dss,gasto-educ-pib,SLV,El Salvador,2000,2.8386800289154
dss,gasto-educ-pib,GUY,Guyana,2000,8.48414993286133
dss,gasto-educ-pib,TCA,Islas Turcas y Caicos,2000,4.71883010864258
dss,gasto-educ-pib,JAM,Jamaica,2000,4.98346996307373
dss,gasto-educ-pib,MEX,México,2000,3.80870008468628
dss,gasto-educ-pib,NIC,Nicaragua,2000,3.00160002708435
dss,gasto-educ-pib,PAN,Panamá,2000,4.89397001266479
dss,gasto-educ-pib,PRY,Paraguay,2000,4.2302098274231
dss,gasto-educ-pib,PER,Perú,2000,3.22802996635437
dss,gasto-educ-pib,DOM,República Dominicana,2000,1.88829004764557
dss,gasto-educ-pib,KNA,San Cristóbal y Nieves,2000,4.74038982391357
dss,gasto-educ-pib,VCT,San Vicente y las Granadinas,2000,7.32787990570068
dss,gasto-educ-pib,TTO,Trinidad y Tobago,2000,2.75565004348755
dss,gasto-educ-pib,URY,Uruguay,2000,2.42254996299744
dss,gasto-educ-pib,ARG,Argentina,2001,4.833740234375
dss,gasto-educ-pib,ABW,Aruba,2001,4.79898023605347
dss,gasto-educ-pib,BRB,Barbados,2001,6.05536985397339
dss,gasto-educ-pib,BLZ,Belice,2001,4.23519992828369
dss,gasto-educ-pib,BRA,Brasil,2001,3.84467005729675
dss,gasto-educ-pib,CAN,Canadá,2001,4.95304012298584
dss,gasto-educ-pib,COL,Colombia,2001,3.70867991447449
dss,gasto-educ-pib,CRI,Costa Rica,2001,4.83203983306885
dss,gasto-educ-pib,CUB,Cuba,2001,8.3580904006958
dss,gasto-educ-pib,GUY,Guyana,2001,8.39729022979736
dss,gasto-educ-pib,TCA,Islas Turcas y Caicos,2001,4.84300994873047
dss,gasto-educ-pib,JAM,Jamaica,2001,5.38103008270264
dss,gasto-educ-pib,MEX,México,2001,4.0313401222229
dss,gasto-educ-pib,PAN,Panamá,2001,4.18935012817383
dss,gasto-educ-pib,PRY,Paraguay,2001,3.8335599899292
dss,gasto-educ-pib,PER,Perú,2001,3.03712010383606
dss,gasto-educ-pib,DOM,República Dominicana,2001,1.96782994270325
dss,gasto-educ-pib,KNA,San Cristóbal y Nieves,2001,4.4215497970581
dss,gasto-educ-pib,LCA,Santa Lucía,2001,5.70733022689819
dss,gasto-educ-pib,TTO,Trinidad y Tobago,2001,3.06528997421265
dss,gasto-educ-pib,URY,Uruguay,2001,2.80096006393433
dss,gasto-educ-pib,ATG,Antigua y Barbuda,2002,3.07877993583679
dss,gasto-educ-pib,ARG,Argentina,2002,4.01734018325806
dss,gasto-educ-pib,ABW,Aruba,2002,4.87220001220703
dss,gasto-educ-pib,BRB,Barbados,2002,5.88062000274658
dss,gasto-educ-pib,BRA,Brasil,2002,3.75037002563477
dss,gasto-educ-pib,CAN,Canadá,2002,4.99306011199951
dss,gasto-educ-pib,CHL,Chile,2002,4.04881000518799
dss,gasto-educ-pib,COL,Colombia,2002,4.26812982559204
dss,gasto-educ-pib,CRI,Costa Rica,2002,5.15044021606445
dss,gasto-educ-pib,CUB,Cuba,2002,9.57116985321045
dss,gasto-educ-pib,SLV,El Salvador,2002,3.242840051651
dss,gasto-educ-pib,GUY,Guyana,2002,8.36553955078125
dss,gasto-educ-pib,TCA,Islas Turcas y Caicos,2002,5.06913995742798
dss,gasto-educ-pib,JAM,Jamaica,2002,5.37522983551025
dss,gasto-educ-pib,MEX,México,2002,4.24307012557983
dss,gasto-educ-pib,NIC,Nicaragua,2002,2.39101004600525
dss,gasto-educ-pib,PAN,Panamá,2002,4.2549901008606
dss,gasto-educ-pib,PRY,Paraguay,2002,3.40773010253906
dss,gasto-educ-pib,PER,Perú,2002,2.82056999206543
dss,gasto-educ-pib,DOM,República Dominicana,2002,1.9140100479126
dss,gasto-educ-pib,KNA,San Cristóbal y Nieves,2002,3.92051005363464
dss,gasto-educ-pib,VCT,San Vicente y las Granadinas,2002,7.38802003860474
dss,gasto-educ-pib,TTO,Trinidad y Tobago,2002,3.54300999641419
dss,gasto-educ-pib,URY,Uruguay,2002,2.32220005989075
dss,gasto-educ-pib,ARG,Argentina,2003,3.53504991531372
dss,gasto-educ-pib,BRB,Barbados,2003,6.24569988250732
dss,gasto-educ-pib,BLZ,Belice,2003,3.90120005607605
dss,gasto-educ-pib,BMU,Bermudas,2003,1.6662700176239
dss,gasto-educ-pib,CHL,Chile,2003,3.91868996620178
dss,gasto-educ-pib,COL,Colombia,2003,4.32513999938965
dss,gasto-educ-pib,CRI,Costa Rica,2003,5.13373994827271
dss,gasto-educ-pib,CUB,Cuba,2003,9.9408597946167
dss,gasto-educ-pib,SLV,El Salvador,2003,3.13467001914978
dss,gasto-educ-pib,GRD,Granada,2003,3.92673993110657
dss,gasto-educ-pib,GUY,Guyana,2003,6.95590019226074
dss,gasto-educ-pib,TCA,Islas Turcas y Caicos,2003,4.72877979278565
dss,gasto-educ-pib,JAM,Jamaica,2003,4.25684976577759
dss,gasto-educ-pib,MEX,México,2003,4.83262014389038
dss,gasto-educ-pib,NIC,Nicaragua,2003,2.42200994491577
dss,gasto-educ-pib,PAN,Panamá,2003,4.19644021987915
dss,gasto-educ-pib,PRY,Paraguay,2003,3.3827600479126
dss,gasto-educ-pib,PER,Perú,2003,2.93779993057251
dss,gasto-educ-pib,DOM,República Dominicana,2003,1.84465003013611
dss,gasto-educ-pib,KNA,San Cristóbal y Nieves,2003,3.79099011421204
dss,gasto-educ-pib,VCT,San Vicente y las Granadinas,2003,8.17488956451416
dss,gasto-educ-pib,LCA,Santa Lucía,2003,3.53449010848999
dss,gasto-educ-pib,TTO,Trinidad y Tobago,2003,3.13660001754761
dss,gasto-educ-pib,URY,Uruguay,2003,2.0682098865509
dss,gasto-educ-pib,ARG,Argentina,2004,3.48652005195618
dss,gasto-educ-pib,ABW,Aruba,2004,4.35698986053467
dss,gasto-educ-pib,BRB,Barbados,2004,6.02428007125854
dss,gasto-educ-pib,BLZ,Belice,2004,4.0096697807312
dss,gasto-educ-pib,BMU,Bermudas,2004,1.77587997913361
dss,gasto-educ-pib,BRA,Brasil,2004,3.97448992729187
dss,gasto-educ-pib,CHL,Chile,2004,3.54307007789612
dss,gasto-educ-pib,COL,Colombia,2004,4.07934999465942
dss,gasto-educ-pib,CRI,Costa Rica,2004,4.89062976837158
dss,gasto-educ-pib,CUB,Cuba,2004,10.2682304382324
dss,gasto-educ-pib,GUY,Guyana,2004,5.51291990280151
dss,gasto-educ-pib,JAM,Jamaica,2004,3.91254997253418
dss,gasto-educ-pib,MEX,México,2004,4.51204013824463
dss,gasto-educ-pib,PAN,Panamá,2004,3.55807995796204
dss,gasto-educ-pib,PRY,Paraguay,2004,2.86989998817444
dss,gasto-educ-pib,PER,Perú,2004,2.95787000656128
dss,gasto-educ-pib,KNA,San Cristóbal y Nieves,2004,3.9713499546051
dss,gasto-educ-pib,LCA,Santa Lucía,2004,3.43646001815796
dss,gasto-educ-pib,URY,Uruguay,2004,2.49954009056091
dss,gasto-educ-pib,ARG,Argentina,2005,3.86000990867615
dss,gasto-educ-pib,ABW,Aruba,2005,4.62321996688843
dss,gasto-educ-pib,BRB,Barbados,2005,5.66965007781982
dss,gasto-educ-pib,BMU,Bermudas,2005,1.98877000808716
dss,gasto-educ-pib,BRA,Brasil,2005,4.47909021377563
dss,gasto-educ-pib,CAN,Canadá,2005,4.76589012145996
dss,gasto-educ-pib,CHL,Chile,2005,3.28016996383667
dss,gasto-educ-pib,COL,Colombia,2005,4.02098989486694
dss,gasto-educ-pib,CUB,Cuba,2005,10.5577802658081
dss,gasto-educ-pib,SLV,El Salvador,2005,3.17785000801086
dss,gasto-educ-pib,GUY,Guyana,2005,8.13973045349121
dss,gasto-educ-pib,TCA,Islas Turcas y Caicos,2005,2.54099988937378
dss,gasto-educ-pib,JAM,Jamaica,2005,4.61641979217529
dss,gasto-educ-pib,MEX,México,2005,4.63395023345947
dss,gasto-educ-pib,PER,Perú,2005,2.83903002738953
dss,gasto-educ-pib,KNA,San Cristóbal y Nieves,2005,3.83144998550415
dss,gasto-educ-pib,VCT,San Vicente y las Granadinas,2005,6.03082990646362
dss,gasto-educ-pib,LCA,Santa Lucía,2005,4.23895978927612
dss,gasto-educ-pib,URY,Uruguay,2005,2.71476006507873
dss,gasto-educ-pib,ARG,Argentina,2006,4.12821006774902
dss,gasto-educ-pib,BOL,Bolivia,2006,6.43421983718872
dss,gasto-educ-pib,BRA,Brasil,2006,4.87060022354126
dss,gasto-educ-pib,CHL,Chile,2006,3.04014992713928
dss,gasto-educ-pib,COL,Colombia,2006,3.91671991348267
dss,gasto-educ-pib,CRI,Costa Rica,2006,4.61614990234375
dss,gasto-educ-pib,CUB,Cuba,2006,9.05716991424561
dss,gasto-educ-pib,SLV,El Salvador,2006,3.49298000335693
dss,gasto-educ-pib,GTM,Guatemala,2006,3.03285002708435
dss,gasto-educ-pib,GUY,Guyana,2006,3.11891007423401
dss,gasto-educ-pib,MEX,México,2006,4.49317979812622
dss,gasto-educ-pib,PER,Perú,2006,2.65281009674072
dss,gasto-educ-pib,KNA,San Cristóbal y Nieves,2006,4.05925989151001
dss,gasto-educ-pib,LCA,Santa Lucía,2006,4.69669008255005
dss,gasto-educ-pib,URY,Uruguay,2006,2.85664010047913
dss,gasto-educ-pib,VEN,Venezuela,2006,3.66905999183655
dss,gasto-educ-pib,ARG,Argentina,2007,4.46260976791382
dss,gasto-educ-pib,ABW,Aruba,2007,4.70254993438721
dss,gasto-educ-pib,BRB,Barbados,2007,5.22061014175415
dss,gasto-educ-pib,BOL,Bolivia,2007,6.7204999923706
dss,gasto-educ-pib,BRA,Brasil,2007,4.97426986694336
dss,gasto-educ-pib,CAN,Canadá,2007,4.76642990112305
dss,gasto-educ-pib,CHL,Chile,2007,3.2331600189209
dss,gasto-educ-pib,COL,Colombia,2007,4.08301019668579
dss,gasto-educ-pib,CRI,Costa Rica,2007,4.63449001312256
dss,gasto-educ-pib,CUB,Cuba,2007,11.8682098388672
dss,gasto-educ-pib,SLV,El Salvador,2007,3.60984992980957
dss,gasto-educ-pib,GTM,Guatemala,2007,3.08809995651245
dss,gasto-educ-pib,GUY,Guyana,2007,2.39117002487183
dss,gasto-educ-pib,JAM,Jamaica,2007,5.49022006988525
dss,gasto-educ-pib,MEX,México,2007,4.47919988632202
dss,gasto-educ-pib,PRY,Paraguay,2007,2.73951005935669
dss,gasto-educ-pib,PER,Perú,2007,2.62940001487732
dss,gasto-educ-pib,DOM,República Dominicana,2007,2.04678010940552
dss,gasto-educ-pib,KNA,San Cristóbal y Nieves,2007,4.1938099861145
dss,gasto-educ-pib,VCT,San Vicente y las Granadinas,2007,5.43937015533447
dss,gasto-educ-pib,VEN,Venezuela,2007,3.62732005119324
dss,gasto-educ-pib,ARG,Argentina,2008,4.84438991546631
dss,gasto-educ-pib,ABW,Aruba,2008,4.82730007171631
dss,gasto-educ-pib,BRB,Barbados,2008,4.92074012756348
dss,gasto-educ-pib,BLZ,Belice,2008,4.29996013641357
dss,gasto-educ-pib,BOL,Bolivia,2008,6.72301006317139
dss,gasto-educ-pib,BRA,Brasil,2008,5.26884984970093
dss,gasto-educ-pib,CAN,Canadá,2008,4.62612009048462
dss,gasto-educ-pib,CHL,Chile,2008,3.79189991950989
dss,gasto-educ-pib,COL,Colombia,2008,3.9387800693512
dss,gasto-educ-pib,CRI,Costa Rica,2008,4.88697004318237
dss,gasto-educ-pib,CUB,Cuba,2008,14.0590801239014
dss,gasto-educ-pib,SLV,El Salvador,2008,4.45810985565185
dss,gasto-educ-pib,GTM,Guatemala,2008,3.23686003684998
dss,gasto-educ-pib,JAM,Jamaica,2008,6.19131994247437
dss,gasto-educ-pib,MEX,México,2008,4.60607004165649
dss,gasto-educ-pib,PAN,Panamá,2008,3.42529010772705
dss,gasto-educ-pib,PER,Perú,2008,2.8677499294281
dss,gasto-educ-pib,LCA,Santa Lucía,2008,4.48353004455566
dss,gasto-educ-pib,ATG,Antigua y Barbuda,2009,2.22264003753662
dss,gasto-educ-pib,ARG,Argentina,2009,5.53105020523071
dss,gasto-educ-pib,ABW,Aruba,2009,5.79739999771118
dss,gasto-educ-pib,BRB,Barbados,2009,5.11040019989014
dss,gasto-educ-pib,BLZ,Belice,2009,4.8011999130249
dss,gasto-educ-pib,BMU,Bermudas,2009,2.28920006752014
dss,gasto-educ-pib,BOL,Bolivia,2009,7.57484006881714
dss,gasto-educ-pib,BRA,Brasil,2009,5.46355009078979
dss,gasto-educ-pib,CAN,Canadá,2009,4.84057998657227
dss,gasto-educ-pib,CHL,Chile,2009,4.25475978851318
dss,gasto-educ-pib,COL,Colombia,2009,4.77651977539062
dss,gasto-educ-pib,CRI,Costa Rica,2009,6.01031017303467
dss,gasto-educ-pib,CUB,Cuba,2009,13.1248598098755
dss,gasto-educ-pib,ECU,Ecuador,2009,4.51763010025024
dss,gasto-educ-pib,SLV,El Salvador,2009,4.65950012207031
dss,gasto-educ-pib,GUY,Guyana,2009,2.15057992935181
dss,gasto-educ-pib,JAM,Jamaica,2009,6.19848012924194
dss,gasto-educ-pib,MEX,México,2009,4.94934988021851
dss,gasto-educ-pib,PER,Perú,2009,3.13994002342224
dss,gasto-educ-pib,VCT,San Vicente y las Granadinas,2009,5.3761100769043
dss,gasto-educ-pib,LCA,Santa Lucía,2009,3.0676600933075
dss,gasto-educ-pib,VEN,Venezuela,2009,6.87467002868652
dss,gasto-educ-pib,ARG,Argentina,2010,5.01972007751465
dss,gasto-educ-pib,ABW,Aruba,2010,6.75109004974365
dss,gasto-educ-pib,BHS,Bahamas,2010,2.45165990475209
dss,gasto-educ-pib,BRB,Barbados,2010,6.05261993408203
dss,gasto-educ-pib,BLZ,Belice,2010,5.24251985549927
dss,gasto-educ-pib,BMU,Bermudas,2010,2.30668997764587
dss,gasto-educ-pib,BOL,Bolivia,2010,6.97377014160156
dss,gasto-educ-pib,BRA,Brasil,2010,5.64879989624023
dss,gasto-educ-pib,CAN,Canadá,2010,5.35637998580933
dss,gasto-educ-pib,CHL,Chile,2010,4.18953990936279
dss,gasto-educ-pib,COL,Colombia,2010,4.83382987976074
dss,gasto-educ-pib,CRI,Costa Rica,2010,6.56575012207031
dss,gasto-educ-pib,CUB,Cuba,2010,12.8373098373413
dss,gasto-educ-pib,ECU,Ecuador,2010,4.60028982162476
dss,gasto-educ-pib,SLV,El Salvador,2010,4.04807996749878
dss,gasto-educ-pib,GRD,Granada,2010,5.07508233496978
dss,gasto-educ-pib,GTM,Guatemala,2010,2.84864997863769
dss,gasto-educ-pib,GUY,Guyana,2010,2.40938997268677
dss,gasto-educ-pib,VGB,Islas Vírgenes Británicas,2010,3.48700818755313
dss,gasto-educ-pib,JAM,Jamaica,2010,6.37058019638062
dss,gasto-educ-pib,MEX,México,2010,4.93697023391724
dss,gasto-educ-pib,NIC,Nicaragua,2010,4.48422002792358
dss,gasto-educ-pib,PRY,Paraguay,2010,2.7707200050354
dss,gasto-educ-pib,PER,Perú,2010,2.86730003356934
dss,gasto-educ-pib,DOM,República Dominicana,2010,1.88728788680129
dss,gasto-educ-pib,KNA,San Cristóbal y Nieves,2010,2.54554015619203
dss,gasto-educ-pib,VCT,San Vicente y las Granadinas,2010,4.80839014053345
dss,gasto-educ-pib,LCA,Santa Lucía,2010,3.4828999042511
dss,gasto-educ-pib,TTO,Trinidad y Tobago,2010,4.21155458844183
dss,gasto-educ-pib,ARG,Argentina,2011,5.29063987731934
dss,gasto-educ-pib,ABW,Aruba,2011,5.91466999053955
dss,gasto-educ-pib,BHS,Bahamas,2011,2.35576638581195
dss,gasto-educ-pib,BLZ,Belice,2011,5.51786910233588
dss,gasto-educ-pib,BMU,Bermudas,2011,2.19656988306324
dss,gasto-educ-pib,BOL,Bolivia,2011,6.45054006576538
dss,gasto-educ-pib,BRA,Brasil,2011,5.73741006851196
dss,gasto-educ-pib,CAN,Canadá,2011,5.26204013824463
dss,gasto-educ-pib,CHL,Chile,2011,4.06173992156982
dss,gasto-educ-pib,COL,Colombia,2011,4.46608018875122
dss,gasto-educ-pib,CRI,Costa Rica,2011,6.37988996505737
dss,gasto-educ-pib,CUW,Curazao,2011,5.64725392834695
dss,gasto-educ-pib,ECU,Ecuador,2011,4.74424982070923
dss,gasto-educ-pib,SLV,El Salvador,2011,3.89854001998901
dss,gasto-educ-pib,GRD,Granada,2011,5.48532342071091
dss,gasto-educ-pib,GTM,Guatemala,2011,2.96865010261536
dss,gasto-educ-pib,GUY,Guyana,2011,2.50669002532959
dss,gasto-educ-pib,TCA,Islas Turcas y Caicos,2011,3.16663368961357
dss,gasto-educ-pib,JAM,Jamaica,2011,6.26664018630981
dss,gasto-educ-pib,MEX,México,2011,4.9040699005127
dss,gasto-educ-pib,PAN,Panamá,2011,3.07034993171692
dss,gasto-educ-pib,PRY,Paraguay,2011,3.69283008575439
dss,gasto-educ-pib,PER,Perú,2011,2.6635000705719
dss,gasto-educ-pib,DOM,República Dominicana,2011,1.87925755786153
dss,gasto-educ-pib,KNA,San Cristóbal y Nieves,2011,2.49706527276352
dss,gasto-educ-pib,LCA,Santa Lucía,2011,3.5988199710846
dss,gasto-educ-pib,TTO,Trinidad y Tobago,2011,3.85078840215008
dss,gasto-educ-pib,URY,Uruguay,2011,4.14937019348145
dss,gasto-educ-pib,ATG,Antigua y Barbuda,2012,2.13043025907083
dss,gasto-educ-pib,ARG,Argentina,2012,5.3458399772644
dss,gasto-educ-pib,ABW,Aruba,2012,6.3472900390625
dss,gasto-educ-pib,BHS,Bahamas,2012,2.30391197238935
dss,gasto-educ-pib,BRB,Barbados,2012,4.58823013305664
dss,gasto-educ-pib,BLZ,Belice,2012,5.47351989539787
dss,gasto-educ-pib,BMU,Bermudas,2012,2.38597137100485
dss,gasto-educ-pib,BOL,Bolivia,2012,6.62799978256226
dss,gasto-educ-pib,BRA,Brasil,2012,5.85510015487671
dss,gasto-educ-pib,COL,Colombia,2012,4.37038993835449
dss,gasto-educ-pib,CRI,Costa Rica,2012,6.58239984512329
dss,gasto-educ-pib,CUB,Cuba,2012,11.5516604913797
dss,gasto-educ-pib,CUW,Curazao,2012,5.38283590387706
dss,gasto-educ-pib,DMA,Dominica,2012,4.52896287885139
dss,gasto-educ-pib,ECU,Ecuador,2012,4.65310001373291
dss,gasto-educ-pib,SLV,El Salvador,2012,3.7124400138855
dss,gasto-educ-pib,GRD,Granada,2012,5.07225880686028
dss,gasto-educ-pib,GTM,Guatemala,2012,3.00524997711182
dss,gasto-educ-pib,GUY,Guyana,2012,2.24131989479065
dss,gasto-educ-pib,HND,Honduras,2012,6.29972793577391
dss,gasto-educ-pib,TCA,Islas Turcas y Caicos,2012,2.69749326490282
dss,gasto-educ-pib,VGB,Islas Vírgenes Británicas,2012,3.55560728835564
dss,gasto-educ-pib,JAM,Jamaica,2012,6.1124701499939
dss,gasto-educ-pib,MEX,México,2012,4.88349008560181
dss,gasto-educ-pib,PRY,Paraguay,2012,3.66877007484436
dss,gasto-educ-pib,PER,Perú,2012,2.92276000976562
dss,gasto-educ-pib,KNA,San Cristóbal y Nieves,2012,2.49200145387318
dss,gasto-educ-pib,SXM,San Martín (Países Bajos),2012,4.61834872782909
dss,gasto-educ-pib,LCA,Santa Lucía,2012,3.29098010063171
dss,gasto-educ-pib,TTO,Trinidad y Tobago,2012,3.57398000577018
dss,gasto-educ-pib,URY,Uruguay,2012,4.09353338283242
dss,gasto-educ-pib,ATG,Antigua y Barbuda,2013,2.35972143126598
dss,gasto-educ-pib,ARG,Argentina,2013,5.43660020828247
dss,gasto-educ-pib,ABW,Aruba,2013,6.44295978546143
dss,gasto-educ-pib,BHS,Bahamas,2013,2.4242884241713
dss,gasto-educ-pib,BRB,Barbados,2013,4.50306987762451
dss,gasto-educ-pib,BLZ,Belice,2013,5.12474012374878
dss,gasto-educ-pib,BMU,Bermudas,2013,2.2795032068669
dss,gasto-educ-pib,BOL,Bolivia,2013,6.80321979522705
dss,gasto-educ-pib,BRA,Brasil,2013,5.8388500213623
dss,gasto-educ-pib,CAN,Canadá,2013,4.58899021148682
dss,gasto-educ-pib,CHL,Chile,2013,4.54814004898071
dss,gasto-educ-pib,COL,Colombia,2013,4.87855005264282
dss,gasto-educ-pib,CRI,Costa Rica,2013,6.68738985061646
dss,gasto-educ-pib,CUB,Cuba,2013,10.67169596101
dss,gasto-educ-pib,CUW,Curazao,2013,5.11633014678955
dss,gasto-educ-pib,DMA,Dominica,2013,4.35428103166344
dss,gasto-educ-pib,ECU,Ecuador,2013,4.92997980117798
dss,gasto-educ-pib,SLV,El Salvador,2013,3.80149006843567
dss,gasto-educ-pib,GTM,Guatemala,2013,2.88808989524841
dss,gasto-educ-pib,HND,Honduras,2013,5.87493991851807
dss,gasto-educ-pib,TCA,Islas Turcas y Caicos,2013,2.80478695053816
dss,gasto-educ-pib,VGB,Islas Vírgenes Británicas,2013,4.45811210742524
dss,gasto-educ-pib,JAM,Jamaica,2013,6.25106000900269
dss,gasto-educ-pib,MEX,México,2013,4.50858020782471
dss,gasto-educ-pib,PRY,Paraguay,2013,2.67871193892232
dss,gasto-educ-pib,PER,Perú,2013,3.29729008674622
dss,gasto-educ-pib,PRI,Puerto Rico,2013,6.48106002807617
dss,gasto-educ-pib,DOM,República Dominicana,2013,3.62818152019188
dss,gasto-educ-pib,KNA,San Cristóbal y Nieves,2013,3.26205857202123
dss,gasto-educ-pib,LCA,Santa Lucía,2013,3.87661004066467
dss,gasto-educ-pib,TTO,Trinidad y Tobago,2013,3.75275872925405
dss,gasto-educ-pib,URY,Uruguay,2013,4.23893022537231
dss,gasto-educ-pib,ATG,Antigua y Barbuda,2014,2.3044409375638
dss,gasto-educ-pib,ARG,Argentina,2014,5.36144018173218
dss,gasto-educ-pib,ABW,Aruba,2014,5.85128021240234
dss,gasto-educ-pib,BHS,Bahamas,2014,2.24714705533939
dss,gasto-educ-pib,BRB,Barbados,2014,5.35950994491577
dss,gasto-educ-pib,BLZ,Belice,2014,5.1395001411438
dss,gasto-educ-pib,BMU,Bermudas,2014,1.5368800163269
dss,gasto-educ-pib,BOL,Bolivia,2014,7.47811985015869
dss,gasto-educ-pib,BRA,Brasil,2014,5.94848012924194
dss,gasto-educ-pib,CAN,Canadá,2014,4.84358978271484
dss,gasto-educ-pib,CHL,Chile,2014,4.75168991088867
dss,gasto-educ-pib,COL,Colombia,2014,4.62945985794067
dss,gasto-educ-pib,CRI,Costa Rica,2014,6.67953014373779
dss,gasto-educ-pib,CUB,Cuba,2014,9.6074568445536
dss,gasto-educ-pib,CUW,Curazao,2014,5.95464718602819
dss,gasto-educ-pib,DMA,Dominica,2014,4.33216630134647
dss,gasto-educ-pib,ECU,Ecuador,2014,5.21019983291626
dss,gasto-educ-pib,SLV,El Salvador,2014,3.82416009902954
dss,gasto-educ-pib,GRD,Granada,2014,4.47756594772942
dss,gasto-educ-pib,GTM,Guatemala,2014,2.98563003540039
dss,gasto-educ-pib,GUY,Guyana,2014,4.36033010482788
dss,gasto-educ-pib,HTI,Haití,2014,1.75226998329163
dss,gasto-educ-pib,HND,Honduras,2014,7.09010982513428
dss,gasto-educ-pib,TCA,Islas Turcas y Caicos,2014,2.74654631561921
dss,gasto-educ-pib,VGB,Islas Vírgenes Británicas,2014,4.00919804063438
dss,gasto-educ-pib,JAM,Jamaica,2014,6.01584005355835
dss,gasto-educ-pib,MEX,México,2014,5.06807994842529
dss,gasto-educ-pib,NIC,Nicaragua,2014,4.08329010009766
dss,gasto-educ-pib,PAN,Panamá,2014,3.08107995986939
dss,gasto-educ-pib,PRY,Paraguay,2014,2.59655894629063
dss,gasto-educ-pib,PER,Perú,2014,3.69599008560181
dss,gasto-educ-pib,PRI,Puerto Rico,2014,6.07265996932983
dss,gasto-educ-pib,DOM,República Dominicana,2014,3.62243443144513
dss,gasto-educ-pib,KNA,San Cristóbal y Nieves,2014,2.85307503792741
dss,gasto-educ-pib,SXM,San Martín (Países Bajos),2014,3.06759489680727
dss,gasto-educ-pib,LCA,Santa Lucía,2014,3.89103007316589
dss,gasto-educ-pib,TTO,Trinidad y Tobago,2014,3.59013796983043
dss,gasto-educ-pib,URY,Uruguay,2014,4.26735019683838
dss,gasto-educ-pib,ATG,Antigua y Barbuda,2015,1.9934755302761
dss,gasto-educ-pib,ARG,Argentina,2015,5.77611017227173
dss,gasto-educ-pib,ABW,Aruba,2015,5.88826990127563
dss,gasto-educ-pib,BHS,Bahamas,2015,2.2723175918231
dss,gasto-educ-pib,BRB,Barbados,2015,5.15997517232471
dss,gasto-educ-pib,BLZ,Belice,2015,5.35711002349854
dss,gasto-educ-pib,BMU,Bermudas,2015,1.50163996219635
dss,gasto-educ-pib,BOL,Bolivia,2015,8.1434497833252
dss,gasto-educ-pib,BRA,Brasil,2015,6.24105978012085
dss,gasto-educ-pib,CAN,Canadá,2015,4.73936986923218
dss,gasto-educ-pib,CHL,Chile,2015,4.90390014648438
dss,gasto-educ-pib,COL,Colombia,2015,4.47038984298706
dss,gasto-educ-pib,CRI,Costa Rica,2015,6.87349987030029
dss,gasto-educ-pib,CUB,Cuba,2015,8.9633578559392
dss,gasto-educ-pib,CUW,Curazao,2015,5.95011209033324
dss,gasto-educ-pib,DMA,Dominica,2015,3.09856009483337
dss,gasto-educ-pib,ECU,Ecuador,2015,5.10570001602173
dss,gasto-educ-pib,SLV,El Salvador,2015,3.90987992286682
dss,gasto-educ-pib,USA,Estados Unidos,2015,4.93064022064209
dss,gasto-educ-pib,GRD,Granada,2015,4.23861035989182
dss,gasto-educ-pib,GTM,Guatemala,2015,3.03032994270325
dss,gasto-educ-pib,GUY,Guyana,2015,3.89569997787476
dss,gasto-educ-pib,HTI,Haití,2015,1.85497999191284
dss,gasto-educ-pib,HND,Honduras,2015,6.41298007965088
dss,gasto-educ-pib,TCA,Islas Turcas y Caicos,2015,3.09093999862671
dss,gasto-educ-pib,VGB,Islas Vírgenes Británicas,2015,4.70449999843962
dss,gasto-educ-pib,JAM,Jamaica,2015,5.45523023605347
dss,gasto-educ-pib,MEX,México,2015,5.05087995529175
dss,gasto-educ-pib,NIC,Nicaragua,2015,4.07843017578125
dss,gasto-educ-pib,PAN,Panamá,2015,3.26552009582519
dss,gasto-educ-pib,PRY,Paraguay,2015,3.33377822870463
dss,gasto-educ-pib,PER,Perú,2015,3.96933007240295
dss,gasto-educ-pib,PRI,Puerto Rico,2015,3.34032241682023
dss,gasto-educ-pib,DOM,República Dominicana,2015,3.60400277306673
dss,gasto-educ-pib,KNA,San Cristóbal y Nieves,2015,2.54938006401062
dss,gasto-educ-pib,VCT,San Vicente y las Granadinas,2015,4.95614634835429
dss,gasto-educ-pib,LCA,Santa Lucía,2015,3.88088011741638
dss,gasto-educ-pib,SUR,Surinam,2015,5.53479610522553
dss,gasto-educ-pib,TTO,Trinidad y Tobago,2015,4.42459330779419
dss,gasto-educ-pib,URY,Uruguay,2015,4.20636987686157
dss,gasto-educ-pib,ATG,Antigua y Barbuda,2016,2.17149931504636
dss,gasto-educ-pib,ARG,Argentina,2016,5.54548978805542
dss,gasto-educ-pib,ABW,Aruba,2016,5.49136018753052
dss,gasto-educ-pib,BHS,Bahamas,2016,2.58786212973921
dss,gasto-educ-pib,BRB,Barbados,2016,4.19719982147217
dss,gasto-educ-pib,BLZ,Belice,2016,5.72603988647461
dss,gasto-educ-pib,BMU,Bermudas,2016,2.03905874199287
dss,gasto-educ-pib,BOL,Bolivia,2016,8.15062046051025
dss,gasto-educ-pib,BRA,Brasil,2016,6.31403017044067
dss,gasto-educ-pib,CAN,Canadá,2016,4.81642007827759
dss,gasto-educ-pib,CHL,Chile,2016,5.36645984649658
dss,gasto-educ-pib,COL,Colombia,2016,4.47721004486084
dss,gasto-educ-pib,CRI,Costa Rica,2016,6.89395999908447
dss,gasto-educ-pib,CUB,Cuba,2016,9.01309318032688
dss,gasto-educ-pib,CUW,Curazao,2016,6.23495389518939
dss,gasto-educ-pib,DMA,Dominica,2016,5.12971951862684
dss,gasto-educ-pib,ECU,Ecuador,2016,4.46397668804552
dss,gasto-educ-pib,SLV,El Salvador,2016,3.82523989677429
dss,gasto-educ-pib,USA,Estados Unidos,2016,4.78327989578247
dss,gasto-educ-pib,GTM,Guatemala,2016,2.94474005699158
dss,gasto-educ-pib,GUY,Guyana,2016,4.73775005340576
dss,gasto-educ-pib,HTI,Haití,2016,1.38776004314423
dss,gasto-educ-pib,HND,Honduras,2016,6.09509492079297
dss,gasto-educ-pib,TCA,Islas Turcas y Caicos,2016,2.90744573120893
dss,gasto-educ-pib,VGB,Islas Vírgenes Británicas,2016,3.25467711875258
dss,gasto-educ-pib,JAM,Jamaica,2016,5.31459999084473
dss,gasto-educ-pib,MEX,México,2016,4.75795984268188
dss,gasto-educ-pib,NIC,Nicaragua,2016,4.08114004135132
dss,gasto-educ-pib,PAN,Panamá,2016,3.32278990745544
dss,gasto-educ-pib,PRY,Paraguay,2016,3.43498992919922
dss,gasto-educ-pib,PER,Perú,2016,3.81316995620727
dss,gasto-educ-pib,PRI,Puerto Rico,2016,2.78358429967595
dss,gasto-educ-pib,DOM,República Dominicana,2016,3.85049560792469
dss,gasto-educ-pib,KNA,San Cristóbal y Nieves,2016,3.00076147453842
dss,gasto-educ-pib,VCT,San Vicente y las Granadinas,2016,5.45265007019043
dss,gasto-educ-pib,LCA,Santa Lucía,2016,5.20954990386963
dss,gasto-educ-pib,SUR,Surinam,2016,5.64051904970974
dss,gasto-educ-pib,TTO,Trinidad y Tobago,2016,4.21428227509361
dss,gasto-educ-pib,URY,Uruguay,2016,4.36420011520386
dss,gasto-educ-pib,ATG,Antigua y Barbuda,2017,2.28158315038897
dss,gasto-educ-pib,ARG,Argentina,2017,5.45432996749878
dss,gasto-educ-pib,ABW,Aruba,2017,4.45581996127504
dss,gasto-educ-pib,BHS,Bahamas,2017,2.69510162053495
dss,gasto-educ-pib,BRB,Barbados,2017,3.956209897995
dss,gasto-educ-pib,BLZ,Belice,2017,5.95071983337402
dss,gasto-educ-pib,BMU,Bermudas,2017,1.32495999336243
dss,gasto-educ-pib,BOL,Bolivia,2017,8.09722995758057
dss,gasto-educ-pib,BRA,Brasil,2017,6.32047986984253
dss,gasto-educ-pib,CAN,Canadá,2017,4.95998001098633
dss,gasto-educ-pib,CHL,Chile,2017,5.43278980255127
dss,gasto-educ-pib,COL,Colombia,2017,4.53551006317139
dss,gasto-educ-pib,CRI,Costa Rica,2017,7.06981992721558
dss,gasto-educ-pib,CUB,Cuba,2017,8.44413540438793
dss,gasto-educ-pib,CUW,Curazao,2017,5.91444785594951
dss,gasto-educ-pib,DMA,Dominica,2017,4.71605005720456
dss,gasto-educ-pib,ECU,Ecuador,2017,4.60667733499397
dss,gasto-educ-pib,SLV,El Salvador,2017,3.7252299785614
dss,gasto-educ-pib,USA,Estados Unidos,2017,5.09296989440918
dss,gasto-educ-pib,GRD,Granada,2017,3.17379999160767
dss,gasto-educ-pib,GTM,Guatemala,2017,2.95009994506836
dss,gasto-educ-pib,GUY,Guyana,2017,4.6647801399231
dss,gasto-educ-pib,HTI,Haití,2017,1.49846994876862
dss,gasto-educ-pib,HND,Honduras,2017,5.74434396129576
dss,gasto-educ-pib,TCA,Islas Turcas y Caicos,2017,2.47278207606746
dss,gasto-educ-pib,VGB,Islas Vírgenes Británicas,2017,2.4570894097885
dss,gasto-educ-pib,JAM,Jamaica,2017,5.26015996932983
dss,gasto-educ-pib,MEX,México,2017,4.39752006530762
dss,gasto-educ-pib,NIC,Nicaragua,2017,4.35768985748291
dss,gasto-educ-pib,PAN,Panamá,2017,3.37834000587463
dss,gasto-educ-pib,PRY,Paraguay,2017,3.09062070242279
dss,gasto-educ-pib,PER,Perú,2017,3.93130993843079
dss,gasto-educ-pib,PRI,Puerto Rico,2017,2.72538873126429
dss,gasto-educ-pib,DOM,República Dominicana,2017,3.92026752279272
dss,gasto-educ-pib,KNA,San Cristóbal y Nieves,2017,2.77100327979144
dss,gasto-educ-pib,VCT,San Vicente y las Granadinas,2017,5.37974977493286
dss,gasto-educ-pib,LCA,Santa Lucía,2017,3.6273152206015
dss,gasto-educ-pib,SUR,Surinam,2017,5.45861311514349
dss,gasto-educ-pib,TTO,Trinidad y Tobago,2017,3.3293687903123
dss,gasto-educ-pib,URY,Uruguay,2017,4.41787004470825
dss,gasto-educ-pib,ATG,Antigua y Barbuda,2018,2.26922708436893
dss,gasto-educ-pib,ARG,Argentina,2018,4.87773990631104
dss,gasto-educ-pib,ABW,Aruba,2018,4.54876355243615
dss,gasto-educ-pib,BHS,Bahamas,2018,2.49264112462151
dss,gasto-educ-pib,BRB,Barbados,2018,5.40447825597088
dss,gasto-educ-pib,BLZ,Belice,2018,6.12779998779297
dss,gasto-educ-pib,BMU,Bermudas,2018,1.93595466792564
dss,gasto-educ-pib,BOL,Bolivia,2018,8.01585960388184
dss,gasto-educ-pib,BRA,Brasil,2018,6.08851003646851
dss,gasto-educ-pib,CAN,Canadá,2018,4.88898992538452
dss,gasto-educ-pib,CHL,Chile,2018,5.473060131073
dss,gasto-educ-pib,COL,Colombia,2018,4.44910001754761
dss,gasto-educ-pib,CRI,Costa Rica,2018,6.76992988586426
dss,gasto-educ-pib,CUB,Cuba,2018,8.02498461098619
dss,gasto-educ-pib,CUW,Curazao,2018,5.93873270793721
dss,gasto-educ-pib,DMA,Dominica,2018,5.1536046272165
dss,gasto-educ-pib,ECU,Ecuador,2018,4.6250260585881
dss,gasto-educ-pib,SLV,El Salvador,2018,3.60575008392334
dss,gasto-educ-pib,USA,Estados Unidos,2018,4.89502000808716
dss,gasto-educ-pib,GRD,Granada,2018,3.55919341882594
dss,gasto-educ-pib,GTM,Guatemala,2018,3.13193988800049
dss,gasto-educ-pib,GUY,Guyana,2018,4.45058012008667
dss,gasto-educ-pib,HTI,Haití,2018,1.63715994358063
dss,gasto-educ-pib,HND,Honduras,2018,6.05646991729736
dss,gasto-educ-pib,CYM,Islas Caimán,2018,2.16376945997106
dss,gasto-educ-pib,TCA,Islas Turcas y Caicos,2018,2.7437698841095
dss,gasto-educ-pib,VGB,Islas Vírgenes Británicas,2018,2.42556060278319
dss,gasto-educ-pib,JAM,Jamaica,2018,5.41379022598267
dss,gasto-educ-pib,MEX,México,2018,4.13944005966187
dss,gasto-educ-pib,NIC,Nicaragua,2018,4.47380693256251
dss,gasto-educ-pib,PAN,Panamá,2018,3.4524199962616
dss,gasto-educ-pib,PRY,Paraguay,2018,3.2961960606943
dss,gasto-educ-pib,PER,Perú,2018,3.71392011642456
dss,gasto-educ-pib,PRI,Puerto Rico,2018,2.60388715714737
dss,gasto-educ-pib,DOM,República Dominicana,2018,3.92849467476802
dss,gasto-educ-pib,KNA,San Cristóbal y Nieves,2018,3.03524983830349
dss,gasto-educ-pib,VCT,San Vicente y las Granadinas,2018,5.22357988357544
dss,gasto-educ-pib,LCA,Santa Lucía,2018,3.33277988433838
dss,gasto-educ-pib,SUR,Surinam,2018,4.92259355761269
dss,gasto-educ-pib,TTO,Trinidad y Tobago,2018,3.47141762674052
dss,gasto-educ-pib,URY,Uruguay,2018,4.60361003875732
dss,gasto-educ-pib,ATG,Antigua y Barbuda,2019,3.35725653382563
dss,gasto-educ-pib,ARG,Argentina,2019,4.77165985107422
dss,gasto-educ-pib,ABW,Aruba,2019,4.43503686776957
dss,gasto-educ-pib,BHS,Bahamas,2019,2.62573176503127
dss,gasto-educ-pib,BRB,Barbados,2019,3.72228002548218
dss,gasto-educ-pib,BLZ,Belice,2019,5.96377992630005
dss,gasto-educ-pib,BMU,Bermudas,2019,1.92679827239971
dss,gasto-educ-pib,BOL,Bolivia,2019,8.09103012084961
dss,gasto-educ-pib,BRA,Brasil,2019,5.96346998214722
dss,gasto-educ-pib,CAN,Canadá,2019,4.77293014526367
dss,gasto-educ-pib,CHL,Chile,2019,5.62629985809326
dss,gasto-educ-pib,COL,Colombia,2019,4.51068019866943
dss,gasto-educ-pib,CRI,Costa Rica,2019,6.73809003829956
dss,gasto-educ-pib,CUB,Cuba,2019,9.04700486137163
dss,gasto-educ-pib,CUW,Curazao,2019,5.81155632881729
dss,gasto-educ-pib,DMA,Dominica,2019,4.88721990585327
dss,gasto-educ-pib,ECU,Ecuador,2019,4.24576997756958
dss,gasto-educ-pib,SLV,El Salvador,2019,3.38710999488831
dss,gasto-educ-pib,USA,Estados Unidos,2019,4.95746994018555
dss,gasto-educ-pib,GTM,Guatemala,2019,3.19297003746033
dss,gasto-educ-pib,HTI,Haití,2019,1.08414978067408
dss,gasto-educ-pib,HND,Honduras,2019,5.98198266311593
dss,gasto-educ-pib,CYM,Islas Caimán,2019,1.13670003414154
dss,gasto-educ-pib,TCA,Islas Turcas y Caicos,2019,2.12170004844665
dss,gasto-educ-pib,VGB,Islas Vírgenes Británicas,2019,2.500967871937
dss,gasto-educ-pib,JAM,Jamaica,2019,5.16364002227783
dss,gasto-educ-pib,NIC,Nicaragua,2019,4.59991969121332
dss,gasto-educ-pib,PAN,Panamá,2019,3.28122011579173
dss,gasto-educ-pib,PRY,Paraguay,2019,3.48983027194334
dss,gasto-educ-pib,PER,Perú,2019,3.822429895401
dss,gasto-educ-pib,PRI,Puerto Rico,2019,3.32791002069889
dss,gasto-educ-pib,DOM,República Dominicana,2019,4.04276873126053
dss,gasto-educ-pib,KNA,San Cristóbal y Nieves,2019,2.72889566429639
dss,gasto-educ-pib,LCA,Santa Lucía,2019,3.27267003059387
dss,gasto-educ-pib,SUR,Surinam,2019,6.77857289012664
dss,gasto-educ-pib,TTO,Trinidad y Tobago,2019,3.55386116245268
dss,gasto-educ-pib,URY,Uruguay,2019,4.62834978103638
dss,gasto-educ-pib,ATG,Antigua y Barbuda,2020,3.0051830460864
dss,gasto-educ-pib,ARG,Argentina,2020,5.27689981460571
dss,gasto-educ-pib,BHS,Bahamas,2020,3.7125229961238
dss,gasto-educ-pib,BRB,Barbados,2020,3.86529994010925
dss,gasto-educ-pib,BLZ,Belice,2020,5.21301984786987
dss,gasto-educ-pib,BMU,Bermudas,2020,1.74834797496856
dss,gasto-educ-pib,BOL,Bolivia,2020,8.43710994720459
dss,gasto-educ-pib,BRA,Brasil,2020,5.7714900970459
dss,gasto-educ-pib,CAN,Canadá,2020,4.88794994354248
dss,gasto-educ-pib,CHL,Chile,2020,5.62992000579834
dss,gasto-educ-pib,COL,Colombia,2020,5.26166009902954
dss,gasto-educ-pib,CRI,Costa Rica,2020,6.62899017333984
dss,gasto-educ-pib,CUB,Cuba,2020,11.5248184008093
dss,gasto-educ-pib,CUW,Curazao,2020,7.11645238834347
dss,gasto-educ-pib,DMA,Dominica,2020,4.45777988433838
dss,gasto-educ-pib,ECU,Ecuador,2020,4.26103019714355
dss,gasto-educ-pib,SLV,El Salvador,2020,3.66088008880615
dss,gasto-educ-pib,USA,Estados Unidos,2020,5.39530992507935
dss,gasto-educ-pib,GTM,Guatemala,2020,3.29485011100769
dss,gasto-educ-pib,HTI,Haití,2020,1.11353641558643
dss,gasto-educ-pib,HND,Honduras,2020,6.09801328648889
dss,gasto-educ-pib,CYM,Islas Caimán,2020,1.45542001724243
dss,gasto-educ-pib,TCA,Islas Turcas y Caicos,2020,2.46213795190062
dss,gasto-educ-pib,VGB,Islas Vírgenes Británicas,2020,2.70539282589676
dss,gasto-educ-pib,JAM,Jamaica,2020,5.38065828197341
dss,gasto-educ-pib,MEX,México,2020,4.4996600151062
dss,gasto-educ-pib,NIC,Nicaragua,2020,4.58034059162685
dss,gasto-educ-pib,PAN,Panamá,2020,4.30487012863159
dss,gasto-educ-pib,PRY,Paraguay,2020,3.93615007400513
dss,gasto-educ-pib,PER,Perú,2020,4.25937986373901
dss,gasto-educ-pib,PRI,Puerto Rico,2020,4.28663184360846
dss,gasto-educ-pib,DOM,República Dominicana,2020,4.51769850778985
dss,gasto-educ-pib,KNA,San Cristóbal y Nieves,2020,3.10568635584663
dss,gasto-educ-pib,VCT,San Vicente y las Granadinas,2020,5.46376310406546
dss,gasto-educ-pib,LCA,Santa Lucía,2020,3.61522006988525
dss,gasto-educ-pib,SUR,Surinam,2020,4.58425708265782
dss,gasto-educ-pib,TTO,Trinidad y Tobago,2020,4.22041988372803
dss,gasto-educ-pib,URY,Uruguay,2020,4.55217981338501
dss,gasto-educ-pib,ATG,Antigua y Barbuda,2021,2.50897393198865
dss,gasto-educ-pib,ARG,Argentina,2021,4.65393018722534
dss,gasto-educ-pib,ABW,Aruba,2021,3.61855755636695
dss,gasto-educ-pib,BHS,Bahamas,2021,3.04890655208507
dss,gasto-educ-pib,BRB,Barbados,2021,4.49793004989624
dss,gasto-educ-pib,BLZ,Belice,2021,5.96298980712891
dss,gasto-educ-pib,BMU,Bermudas,2021,1.94565325816336
dss,gasto-educ-pib,BOL,Bolivia,2021,7.96216011047363
dss,gasto-educ-pib,BRA,Brasil,2021,5.4969801902771
dss,gasto-educ-pib,CAN,Canadá,2021,4.74858999252319
dss,gasto-educ-pib,CHL,Chile,2021,5.00225019454956
dss,gasto-educ-pib,CRI,Costa Rica,2021,6.24842977523804
dss,gasto-educ-pib,CUB,Cuba,2021,9.3858620562531
dss,gasto-educ-pib,CUW,Curazao,2021,6.18160236726664
dss,gasto-educ-pib,DMA,Dominica,2021,5.71689183034862
dss,gasto-educ-pib,ECU,Ecuador,2021,3.65649008750915
dss,gasto-educ-pib,SLV,El Salvador,2021,3.57766008377075
dss,gasto-educ-pib,USA,Estados Unidos,2021,5.42038011550903
dss,gasto-educ-pib,GRD,Granada,2021,4.09030334217367
dss,gasto-educ-pib,GTM,Guatemala,2021,3.09189009666443
dss,gasto-educ-pib,HTI,Haití,2021,1.24275181117048
dss,gasto-educ-pib,HND,Honduras,2021,5.88160201792279
dss,gasto-educ-pib,CYM,Islas Caimán,2021,1.31253004074097
dss,gasto-educ-pib,TCA,Islas Turcas y Caicos,2021,3.27759003639221
dss,gasto-educ-pib,VGB,Islas Vírgenes Británicas,2021,3.0245532067775
dss,gasto-educ-pib,JAM,Jamaica,2021,5.63122987747192
dss,gasto-educ-pib,MEX,México,2021,4.23823976516724
dss,gasto-educ-pib,NIC,Nicaragua,2021,4.08717467298944
dss,gasto-educ-pib,PAN,Panamá,2021,3.71198010444641
dss,gasto-educ-pib,PRY,Paraguay,2021,3.41070008277893
dss,gasto-educ-pib,PER,Perú,2021,3.92765998840332
dss,gasto-educ-pib,PRI,Puerto Rico,2021,3.7296700261025
dss,gasto-educ-pib,DOM,República Dominicana,2021,3.58043271614957
dss,gasto-educ-pib,KNA,San Cristóbal y Nieves,2021,2.78379011154175
dss,gasto-educ-pib,LCA,Santa Lucía,2021,5.86197746335882
dss,gasto-educ-pib,SUR,Surinam,2021,4.13154972947739
dss,gasto-educ-pib,TTO,Trinidad y Tobago,2021,3.04397988319397
dss,gasto-educ-pib,URY,Uruguay,2021,4.46211004257202
dss,gasto-educ-pib,ATG,Antigua y Barbuda,2022,2.50368755552383
dss,gasto-educ-pib,ARG,Argentina,2022,4.79263019561768
dss,gasto-educ-pib,BHS,Bahamas,2022,2.62367021406169
dss,gasto-educ-pib,BRB,Barbados,2022,4.14000988006592
dss,gasto-educ-pib,BLZ,Belice,2022,4.60415983200073
dss,gasto-educ-pib,BMU,Bermudas,2022,1.77583338857166
dss,gasto-educ-pib,BOL,Bolivia,2022,7.57551002502441
dss,gasto-educ-pib,BRA,Brasil,2022,5.61920976638794
dss,gasto-educ-pib,CAN,Canadá,2022,4.84426021575928
dss,gasto-educ-pib,CHL,Chile,2022,4.91201019287109
dss,gasto-educ-pib,CRI,Costa Rica,2022,5.5472297668457
dss,gasto-educ-pib,CUB,Cuba,2022,8.44086351669284
dss,gasto-educ-pib,CUW,Curazao,2022,6.08167033605813
dss,gasto-educ-pib,DMA,Dominica,2022,6.04314243406571
dss,gasto-educ-pib,ECU,Ecuador,2022,3.61301994323731
dss,gasto-educ-pib,SLV,El Salvador,2022,3.26848006248474
dss,gasto-educ-pib,GRD,Granada,2022,4.03767284869161
dss,gasto-educ-pib,GTM,Guatemala,2022,3.20787000656128
dss,gasto-educ-pib,HTI,Haití,2022,1.02689812206798
dss,gasto-educ-pib,HND,Honduras,2022,4.48280030802056
dss,gasto-educ-pib,CYM,Islas Caimán,2022,1.48894000053406
dss,gasto-educ-pib,TCA,Islas Turcas y Caicos,2022,2.77640008926392
dss,gasto-educ-pib,VGB,Islas Vírgenes Británicas,2022,2.48401807300907
dss,gasto-educ-pib,JAM,Jamaica,2022,5.35435009002685
dss,gasto-educ-pib,MEX,México,2022,4.05987977981567
dss,gasto-educ-pib,NIC,Nicaragua,2022,3.80001496174069
dss,gasto-educ-pib,PAN,Panamá,2022,3.37781000137329
dss,gasto-educ-pib,PRY,Paraguay,2022,3.39619994163513
dss,gasto-educ-pib,PER,Perú,2022,3.83975005149841
dss,gasto-educ-pib,PRI,Puerto Rico,2022,3.86129930773508
dss,gasto-educ-pib,DOM,República Dominicana,2022,3.61088872070271
dss,gasto-educ-pib,KNA,San Cristóbal y Nieves,2022,3.5579615526858
dss,gasto-educ-pib,SXM,San Martín (Países Bajos),2022,4.27420508508285
dss,gasto-educ-pib,VCT,San Vicente y las Granadinas,2022,7.07575034584772
dss,gasto-educ-pib,LCA,Santa Lucía,2022,4.64235019683838
dss,gasto-educ-pib,SUR,Surinam,2022,3.43460841988051
dss,gasto-educ-pib,TTO,Trinidad y Tobago,2022,2.81801009178162
dss,gasto-educ-pib,URY,Uruguay,2022,4.4795298576355
dss,gasto-educ-pib,ATG,Antigua y Barbuda,2023,3.10505161832136
dss,gasto-educ-pib,ARG,Argentina,2023,5.00324010848999
dss,gasto-educ-pib,BHS,Bahamas,2023,2.74191570247934
dss,gasto-educ-pib,BRB,Barbados,2023,3.7754499912262
dss,gasto-educ-pib,BLZ,Belice,2023,4.23143005371094
dss,gasto-educ-pib,BMU,Bermudas,2023,1.86510440752276
dss,gasto-educ-pib,BOL,Bolivia,2023,7.89381980895996
dss,gasto-educ-pib,CRI,Costa Rica,2023,5.31208992004395
dss,gasto-educ-pib,CUW,Curazao,2023,5.30074159005788
dss,gasto-educ-pib,DMA,Dominica,2023,4.69423746286593
dss,gasto-educ-pib,ECU,Ecuador,2023,3.81964993476868
dss,gasto-educ-pib,SLV,El Salvador,2023,3.18734002113342
dss,gasto-educ-pib,GRD,Granada,2023,5.12544845968893
dss,gasto-educ-pib,GTM,Guatemala,2023,3.10877990722656
dss,gasto-educ-pib,HTI,Haití,2023,0.964648012977964
dss,gasto-educ-pib,HND,Honduras,2023,4.54962037172702
dss,gasto-educ-pib,CYM,Islas Caimán,2023,1.57024002075195
dss,gasto-educ-pib,TCA,Islas Turcas y Caicos,2023,2.68765461969981
dss,gasto-educ-pib,VGB,Islas Vírgenes Británicas,2023,3.17283855528435
dss,gasto-educ-pib,JAM,Jamaica,2023,5.65453693979426
dss,gasto-educ-pib,NIC,Nicaragua,2023,2.86954998970032
dss,gasto-educ-pib,PAN,Panamá,2023,2.47225999832153
dss,gasto-educ-pib,PRY,Paraguay,2023,3.393709897995
dss,gasto-educ-pib,PER,Perú,2023,4.24538993835449
dss,gasto-educ-pib,PRI,Puerto Rico,2023,4.26898753959873
dss,gasto-educ-pib,DOM,República Dominicana,2023,3.7606477375256
dss,gasto-educ-pib,KNA,San Cristóbal y Nieves,2023,3.49726171629099
dss,gasto-educ-pib,SXM,San Martín (Países Bajos),2023,3.92363832601723
dss,gasto-educ-pib,VCT,San Vicente y las Granadinas,2023,6.4582691706334
dss,gasto-educ-pib,LCA,Santa Lucía,2023,2.74211001396179
dss,gasto-educ-pib,SUR,Surinam,2023,2.86623341491363
dss,gasto-educ-pib,TTO,Trinidad y Tobago,2023,3.23358011245727
dss,gasto-educ-pib,URY,Uruguay,2023,4.76461982727051
dss,gasto-educ-pib,BRB,Barbados,2024,3.55593188106322
dss,gasto-educ-pib,BLZ,Belice,2024,4.62276317232973
dss,gasto-educ-pib,BOL,Bolivia,2024,7.53980016708374
dss,gasto-educ-pib,CUW,Curazao,2024,5.44313725490196
dss,gasto-educ-pib,DMA,Dominica,2024,5.38572189060925
dss,gasto-educ-pib,ECU,Ecuador,2024,3.69074988365173
dss,gasto-educ-pib,SLV,El Salvador,2024,3.31666994094849
dss,gasto-educ-pib,GTM,Guatemala,2024,3.07588005065918
dss,gasto-educ-pib,TCA,Islas Turcas y Caicos,2024,2.94998113247616
dss,gasto-educ-pib,JAM,Jamaica,2024,5.51383018493652
dss,gasto-educ-pib,PRY,Paraguay,2024,3.53410005569458
dss,gasto-educ-pib,PER,Perú,2024,4.35778999328613
dss,gasto-educ-pib,PRI,Puerto Rico,2024,4.27101949674789
dss,gasto-educ-pib,LCA,Santa Lucía,2024,3.84700018653403
dss,gini,USA,Estados Unidos,1963,36.7
dss,gini,USA,Estados Unidos,1964,37.4
dss,gini,USA,Estados Unidos,1965,36.8
dss,gini,USA,Estados Unidos,1966,37.1
dss,gini,USA,Estados Unidos,1967,36.9
dss,gini,USA,Estados Unidos,1968,36.3
dss,gini,USA,Estados Unidos,1969,36
dss,gini,USA,Estados Unidos,1970,36.6
dss,gini,CAN,Canadá,1971,37.2
dss,gini,USA,Estados Unidos,1971,36.9
dss,gini,USA,Estados Unidos,1972,36.7
dss,gini,CAN,Canadá,1973,34.9
dss,gini,USA,Estados Unidos,1973,36.1
dss,gini,USA,Estados Unidos,1974,35.5
dss,gini,CAN,Canadá,1975,34.1
dss,gini,USA,Estados Unidos,1975,35.7
dss,gini,USA,Estados Unidos,1976,35.6
dss,gini,CAN,Canadá,1977,33.7
dss,gini,USA,Estados Unidos,1977,35.5
dss,gini,USA,Estados Unidos,1978,34.8
dss,gini,CAN,Canadá,1979,33.5
dss,gini,USA,Estados Unidos,1979,34.8
dss,gini,PAN,Panamá,1979,48.7
dss,gini,ARG,Argentina,1980,40.8
dss,gini,COL,Colombia,1980,55.1
dss,gini,USA,Estados Unidos,1980,34.7
dss,gini,BRA,Brasil,1981,57.9
dss,gini,CAN,Canadá,1981,33
dss,gini,CRI,Costa Rica,1981,47.5
dss,gini,USA,Estados Unidos,1981,35.5
dss,gini,URY,Uruguay,1981,43.6
dss,gini,VEN,Venezuela,1981,55.6
dss,gini,BRA,Brasil,1982,58.4
dss,gini,CAN,Canadá,1982,32.9
dss,gini,USA,Estados Unidos,1982,36.7
dss,gini,BRA,Brasil,1983,58.9
dss,gini,USA,Estados Unidos,1983,37.3
dss,gini,BRA,Brasil,1984,58.3
dss,gini,CAN,Canadá,1984,33.5
dss,gini,USA,Estados Unidos,1984,37.3
dss,gini,MEX,México,1984,48.5
dss,gini,BRA,Brasil,1985,55.5
dss,gini,CAN,Canadá,1985,33.2
dss,gini,USA,Estados Unidos,1985,37.6
dss,gini,PER,Perú,1985,45.6
dss,gini,ARG,Argentina,1986,42.8
dss,gini,BRA,Brasil,1986,58.4
dss,gini,CAN,Canadá,1986,31.7
dss,gini,CRI,Costa Rica,1986,34.4
dss,gini,USA,Estados Unidos,1986,37.6
dss,gini,GTM,Guatemala,1986,54.1
dss,gini,DOM,República Dominicana,1986,47.8
dss,gini,ARG,Argentina,1987,45.3
dss,gini,BRA,Brasil,1987,59.6
dss,gini,CAN,Canadá,1987,31.7
dss,gini,CHL,Chile,1987,56.2
dss,gini,ECU,Ecuador,1987,50.5
dss,gini,USA,Estados Unidos,1987,37.2
dss,gini,VEN,Venezuela,1987,53.4
dss,gini,BRA,Brasil,1988,61.4
dss,gini,CAN,Canadá,1988,31.2
dss,gini,COL,Colombia,1988,53.1
dss,gini,USA,Estados Unidos,1988,37.7
dss,gini,JAM,Jamaica,1988,43.2
dss,gini,TTO,Trinidad y Tobago,1988,42.6
dss,gini,BRA,Brasil,1989,63.2
dss,gini,CAN,Canadá,1989,31
dss,gini,COL,Colombia,1989,52.8
dss,gini,CRI,Costa Rica,1989,45.5
dss,gini,SLV,El Salvador,1989,48.7
dss,gini,USA,Estados Unidos,1989,38.2
dss,gini,GTM,Guatemala,1989,58.8
dss,gini,HND,Honduras,1989,55.4
dss,gini,MEX,México,1989,50.1
dss,gini,PAN,Panamá,1989,58.5
dss,gini,DOM,República Dominicana,1989,50.4
dss,gini,URY,Uruguay,1989,42.4
dss,gini,VEN,Venezuela,1989,43.8
dss,gini,BOL,Bolivia,1990,42
dss,gini,BRA,Brasil,1990,60.5
dss,gini,CAN,Canadá,1990,31.4
dss,gini,CHL,Chile,1990,57.2
dss,gini,CRI,Costa Rica,1990,45.2
dss,gini,USA,Estados Unidos,1990,38.3
dss,gini,HND,Honduras,1990,55.9
dss,gini,JAM,Jamaica,1990,41.1
dss,gini,PRY,Paraguay,1990,40.8
dss,gini,ARG,Argentina,1991,46.8
dss,gini,CAN,Canadá,1991,31.9
dss,gini,COL,Colombia,1991,51.3
dss,gini,CRI,Costa Rica,1991,46.6
dss,gini,SLV,El Salvador,1991,53.8
dss,gini,USA,Estados Unidos,1991,38
dss,gini,HND,Honduras,1991,51.8
dss,gini,PAN,Panamá,1991,58
dss,gini,ARG,Argentina,1992,45.5
dss,gini,BOL,Bolivia,1992,49.1
dss,gini,BRA,Brasil,1992,53.1
dss,gini,CAN,Canadá,1992,31.6
dss,gini,CHL,Chile,1992,54.8
dss,gini,COL,Colombia,1992,51.3
dss,gini,CRI,Costa Rica,1992,45.6
dss,gini,USA,Estados Unidos,1992,38.4
dss,gini,GUY,Guyana,1992,39.5
dss,gini,HND,Honduras,1992,51.8
dss,gini,MEX,México,1992,52.3
dss,gini,DOM,República Dominicana,1992,51.1
dss,gini,TTO,Trinidad y Tobago,1992,40.2
dss,gini,URY,Uruguay,1992,41.5
dss,gini,VEN,Venezuela,1992,42.1
dss,gini,ARG,Argentina,1993,44.8
dss,gini,BLZ,Belice,1993,60.2
dss,gini,BRA,Brasil,1993,60.1
dss,gini,CAN,Canadá,1993,31.7
dss,gini,CRI,Costa Rica,1993,45.9
dss,gini,USA,Estados Unidos,1993,40.4
dss,gini,HND,Honduras,1993,53.4
dss,gini,JAM,Jamaica,1993,35.7
dss,gini,NIC,Nicaragua,1993,57.1
dss,gini,ARG,Argentina,1994,45.9
dss,gini,BLZ,Belice,1994,60.9
dss,gini,CAN,Canadá,1994,31.3
dss,gini,CHL,Chile,1994,56.4
dss,gini,CRI,Costa Rica,1994,46.7
dss,gini,ECU,Ecuador,1994,53.3
dss,gini,USA,Estados Unidos,1994,40
dss,gini,HND,Honduras,1994,55
dss,gini,MEX,México,1994,53.4
dss,gini,PER,Perú,1994,44
dss,gini,ARG,Argentina,1995,48.9
dss,gini,BLZ,Belice,1995,57.5
dss,gini,BRA,Brasil,1995,59.5
dss,gini,CAN,Canadá,1995,31.5
dss,gini,CRI,Costa Rica,1995,45.7
dss,gini,ECU,Ecuador,1995,50.8
dss,gini,SLV,El Salvador,1995,49.8
dss,gini,USA,Estados Unidos,1995,39.9
dss,gini,HND,Honduras,1995,55.5
dss,gini,PAN,Panamá,1995,57.6
dss,gini,PRY,Paraguay,1995,58.1
dss,gini,LCA,Santa Lucía,1995,42.6
dss,gini,URY,Uruguay,1995,40.9
dss,gini,VEN,Venezuela,1995,47.2
dss,gini,ARG,Argentina,1996,49.5
dss,gini,BLZ,Belice,1996,56.6
dss,gini,BRA,Brasil,1996,59.8
dss,gini,CAN,Canadá,1996,32.8
dss,gini,CHL,Chile,1996,54.9
dss,gini,COL,Colombia,1996,56.8
dss,gini,CRI,Costa Rica,1996,46.5
dss,gini,SLV,El Salvador,1996,51
dss,gini,USA,Estados Unidos,1996,40.3
dss,gini,HND,Honduras,1996,55.7
dss,gini,JAM,Jamaica,1996,40.4
dss,gini,MEX,México,1996,52
dss,gini,DOM,República Dominicana,1996,47.4
dss,gini,URY,Uruguay,1996,40.8
dss,gini,ARG,Argentina,1997,49.1
dss,gini,BLZ,Belice,1997,60.4
dss,gini,BOL,Bolivia,1997,58.1
dss,gini,BRA,Brasil,1997,59.8
dss,gini,CAN,Canadá,1997,33.1
dss,gini,CRI,Costa Rica,1997,45.6
dss,gini,USA,Estados Unidos,1997,40.5
dss,gini,HND,Honduras,1997,52.7
dss,gini,PAN,Panamá,1997,58.1
dss,gini,PRY,Paraguay,1997,54.9
dss,gini,PER,Perú,1997,53.3
dss,gini,DOM,República Dominicana,1997,48.9
dss,gini,URY,Uruguay,1997,41.5
dss,gini,ARG,Argentina,1998,50.7
dss,gini,BLZ,Belice,1998,54.9
dss,gini,BRA,Brasil,1998,59.6
dss,gini,CAN,Canadá,1998,33.2
dss,gini,CHL,Chile,1998,55.5
dss,gini,CRI,Costa Rica,1998,45.6
dss,gini,ECU,Ecuador,1998,49.6
dss,gini,SLV,El Salvador,1998,54.4
dss,gini,USA,Estados Unidos,1998,40
dss,gini,GTM,Guatemala,1998,49.4
dss,gini,GUY,Guyana,1998,45.1
dss,gini,HND,Honduras,1998,57.3
dss,gini,MEX,México,1998,53.3
dss,gini,NIC,Nicaragua,1998,54.4
dss,gini,PAN,Panamá,1998,57.3
dss,gini,PER,Perú,1998,55.1
dss,gini,URY,Uruguay,1998,42.5
dss,gini,VEN,Venezuela,1998,48
dss,gini,ARG,Argentina,1999,49.8
dss,gini,BLZ,Belice,1999,53.2
dss,gini,BOL,Bolivia,1999,58
dss,gini,BRA,Brasil,1999,59
dss,gini,CAN,Canadá,1999,33.1
dss,gini,COL,Colombia,1999,58.5
dss,gini,CRI,Costa Rica,1999,47.6
dss,gini,ECU,Ecuador,1999,58.6
dss,gini,SLV,El Salvador,1999,52.1
dss,gini,USA,Estados Unidos,1999,40
dss,gini,HND,Honduras,1999,55.2
dss,gini,JAM,Jamaica,1999,44.1
dss,gini,PAN,Panamá,1999,56.3
dss,gini,PRY,Paraguay,1999,54.6
dss,gini,PER,Perú,1999,54.8
dss,gini,SUR,Surinam,1999,57.5
dss,gini,VEN,Venezuela,1999,47.7
dss,gini,ARG,Argentina,2000,51
dss,gini,BOL,Bolivia,2000,61.6
dss,gini,CAN,Canadá,2000,33.4
dss,gini,CHL,Chile,2000,52.8
dss,gini,COL,Colombia,2000,58.4
dss,gini,CRI,Costa Rica,2000,47.4
dss,gini,ECU,Ecuador,2000,56.3
dss,gini,SLV,El Salvador,2000,51.5
dss,gini,USA,Estados Unidos,2000,40.1
dss,gini,GTM,Guatemala,2000,54.2
dss,gini,MEX,México,2000,53.4
dss,gini,PAN,Panamá,2000,56.6
dss,gini,PER,Perú,2000,49.1
dss,gini,DOM,República Dominicana,2000,51.5
dss,gini,URY,Uruguay,2000,43.4
dss,gini,ARG,Argentina,2001,53.3
dss,gini,BOL,Bolivia,2001,57.4
dss,gini,BRA,Brasil,2001,58.4
dss,gini,CAN,Canadá,2001,33.6
dss,gini,COL,Colombia,2001,57.3
dss,gini,CRI,Costa Rica,2001,51.5
dss,gini,SLV,El Salvador,2001,51.3
dss,gini,USA,Estados Unidos,2001,40.6
dss,gini,HTI,Haití,2001,59
dss,gini,HND,Honduras,2001,55.4
dss,gini,NIC,Nicaragua,2001,52.9
dss,gini,PAN,Panamá,2001,56.7
dss,gini,PRY,Paraguay,2001,54.6
dss,gini,PER,Perú,2001,51.3
dss,gini,DOM,República Dominicana,2001,50
dss,gini,URY,Uruguay,2001,45
dss,gini,VEN,Venezuela,2001,47.2
dss,gini,ARG,Argentina,2002,53.8
dss,gini,BOL,Bolivia,2002,59.3
dss,gini,BRA,Brasil,2002,58.1
dss,gini,CAN,Canadá,2002,33.6
dss,gini,COL,Colombia,2002,56
dss,gini,CRI,Costa Rica,2002,51.8
dss,gini,SLV,El Salvador,2002,51.9
dss,gini,USA,Estados Unidos,2002,40.4
dss,gini,HND,Honduras,2002,55.7
dss,gini,JAM,Jamaica,2002,48.3
dss,gini,MEX,México,2002,50.6
dss,gini,PAN,Panamá,2002,56.1
dss,gini,PRY,Paraguay,2002,57.3
dss,gini,PER,Perú,2002,53.6
dss,gini,DOM,República Dominicana,2002,49.7
dss,gini,URY,Uruguay,2002,45.5
dss,gini,VEN,Venezuela,2002,48.9
dss,gini,ARG,Argentina,2003,51
dss,gini,BRA,Brasil,2003,57.6
dss,gini,CAN,Canadá,2003,33.8
dss,gini,CHL,Chile,2003,51.5
dss,gini,COL,Colombia,2003,53.6
dss,gini,CRI,Costa Rica,2003,49.3
dss,gini,ECU,Ecuador,2003,53.5
dss,gini,SLV,El Salvador,2003,50.4
dss,gini,USA,Estados Unidos,2003,40.8
dss,gini,HND,Honduras,2003,58.1
dss,gini,PAN,Panamá,2003,55.6
dss,gini,PRY,Paraguay,2003,54.9
dss,gini,PER,Perú,2003,53.1
dss,gini,DOM,República Dominicana,2003,52.1
dss,gini,URY,Uruguay,2003,45
dss,gini,VEN,Venezuela,2003,47.9
dss,gini,ARG,Argentina,2004,48.5
dss,gini,BOL,Bolivia,2004,55
dss,gini,BRA,Brasil,2004,56.5
dss,gini,CAN,Canadá,2004,33.8
dss,gini,COL,Colombia,2004,55
dss,gini,CRI,Costa Rica,2004,48.4
dss,gini,ECU,Ecuador,2004,53.9
dss,gini,SLV,El Salvador,2004,47.8
dss,gini,USA,Estados Unidos,2004,40.5
dss,gini,HND,Honduras,2004,58.1
dss,gini,JAM,Jamaica,2004,45.5
dss,gini,MEX,México,2004,50.3
dss,gini,PAN,Panamá,2004,54.8
dss,gini,PRY,Paraguay,2004,52.3
dss,gini,PER,Perú,2004,49.9
dss,gini,DOM,República Dominicana,2004,52.1
dss,gini,URY,Uruguay,2004,45.9
dss,gini,VEN,Venezuela,2004,47.3
dss,gini,ARG,Argentina,2005,47.8
dss,gini,BOL,Bolivia,2005,58.5
dss,gini,BRA,Brasil,2005,56.3
dss,gini,CAN,Canadá,2005,33.6
dss,gini,COL,Colombia,2005,53.9
dss,gini,CRI,Costa Rica,2005,47.5
dss,gini,ECU,Ecuador,2005,53.1
dss,gini,SLV,El Salvador,2005,48.5
dss,gini,USA,Estados Unidos,2005,41.3
dss,gini,HND,Honduras,2005,59.5
dss,gini,MEX,México,2005,50.9
dss,gini,NIC,Nicaragua,2005,48.8
dss,gini,PAN,Panamá,2005,53.8
dss,gini,PRY,Paraguay,2005,51.4
dss,gini,PER,Perú,2005,50.4
dss,gini,DOM,República Dominicana,2005,50
dss,gini,URY,Uruguay,2005,44.7
dss,gini,VEN,Venezuela,2005,49.3
dss,gini,ARG,Argentina,2006,46.4
dss,gini,BOL,Bolivia,2006,56.7
dss,gini,BRA,Brasil,2006,55.6
dss,gini,CAN,Canadá,2006,34.1
dss,gini,CHL,Chile,2006,47.7
dss,gini,CRI,Costa Rica,2006,49.3
dss,gini,ECU,Ecuador,2006,52.3
dss,gini,SLV,El Salvador,2006,45.7
dss,gini,USA,Estados Unidos,2006,41.7
dss,gini,GTM,Guatemala,2006,54.5
dss,gini,HND,Honduras,2006,57.5
dss,gini,MEX,México,2006,49.7
dss,gini,PAN,Panamá,2006,54.6
dss,gini,PRY,Paraguay,2006,53
dss,gini,PER,Perú,2006,50.3
dss,gini,DOM,República Dominicana,2006,52
dss,gini,URY,Uruguay,2006,45.9
dss,gini,VEN,Venezuela,2006,44.7
dss,gini,ARG,Argentina,2007,46.3
dss,gini,BOL,Bolivia,2007,54.5
dss,gini,BRA,Brasil,2007,54.9
dss,gini,CAN,Canadá,2007,33.8
dss,gini,CRI,Costa Rica,2007,49.3
dss,gini,ECU,Ecuador,2007,53.4
dss,gini,SLV,El Salvador,2007,45.2
dss,gini,USA,Estados Unidos,2007,41.1
dss,gini,HND,Honduras,2007,55.8
dss,gini,PAN,Panamá,2007,52.7
dss,gini,PRY,Paraguay,2007,53
dss,gini,PER,Perú,2007,50
dss,gini,DOM,República Dominicana,2007,48.9
dss,gini,URY,Uruguay,2007,46.4
dss,gini,ARG,Argentina,2008,45
dss,gini,BOL,Bolivia,2008,50.8
dss,gini,BRA,Brasil,2008,54
dss,gini,CAN,Canadá,2008,33.9
dss,gini,COL,Colombia,2008,55
dss,gini,CRI,Costa Rica,2008,48.6
dss,gini,ECU,Ecuador,2008,49.8
dss,gini,SLV,El Salvador,2008,46.9
dss,gini,USA,Estados Unidos,2008,41.1
dss,gini,HND,Honduras,2008,55.5
dss,gini,MEX,México,2008,50.8
dss,gini,PAN,Panamá,2008,52.7
dss,gini,PRY,Paraguay,2008,50.7
dss,gini,PER,Perú,2008,47.5
dss,gini,DOM,República Dominicana,2008,48.1
dss,gini,URY,Uruguay,2008,45.1
dss,gini,ARG,Argentina,2009,43.8
dss,gini,BOL,Bolivia,2009,49.2
dss,gini,BRA,Brasil,2009,53.7
dss,gini,CAN,Canadá,2009,34
dss,gini,CHL,Chile,2009,47.4
dss,gini,COL,Colombia,2009,54.1
dss,gini,CRI,Costa Rica,2009,50.6
dss,gini,ECU,Ecuador,2009,48.5
dss,gini,SLV,El Salvador,2009,45.8
dss,gini,USA,Estados Unidos,2009,40.9
dss,gini,HND,Honduras,2009,51.3
dss,gini,NIC,Nicaragua,2009,43.9
dss,gini,PAN,Panamá,2009,51.8
dss,gini,PRY,Paraguay,2009,49.1
dss,gini,PER,Perú,2009,47
dss,gini,DOM,República Dominicana,2009,48.9
dss,gini,URY,Uruguay,2009,45.5
dss,gini,ARG,Argentina,2010,43.7
dss,gini,CAN,Canadá,2010,33.6
dss,gini,COL,Colombia,2010,54.4
dss,gini,CRI,Costa Rica,2010,48
dss,gini,ECU,Ecuador,2010,48.8
dss,gini,SLV,El Salvador,2010,43.5
dss,gini,USA,Estados Unidos,2010,40.2
dss,gini,HND,Honduras,2010,53.1
dss,gini,MEX,México,2010,47.7
dss,gini,PAN,Panamá,2010,51.6
dss,gini,PRY,Paraguay,2010,51
dss,gini,PER,Perú,2010,45.5
dss,gini,DOM,República Dominicana,2010,47.3
dss,gini,URY,Uruguay,2010,44.5
dss,gini,ARG,Argentina,2011,42.7
dss,gini,BOL,Bolivia,2011,46.1
dss,gini,BRA,Brasil,2011,52.9
dss,gini,CAN,Canadá,2011,32.7
dss,gini,CHL,Chile,2011,46.9
dss,gini,COL,Colombia,2011,53.3
dss,gini,CRI,Costa Rica,2011,48.8
dss,gini,ECU,Ecuador,2011,45.9
dss,gini,SLV,El Salvador,2011,42.3
dss,gini,USA,Estados Unidos,2011,41.2
dss,gini,HND,Honduras,2011,52.6
dss,gini,PAN,Panamá,2011,51.3
dss,gini,PRY,Paraguay,2011,52.3
dss,gini,PER,Perú,2011,44.7
dss,gini,DOM,República Dominicana,2011,47.7
dss,gini,URY,Uruguay,2011,42.2
dss,gini,ARG,Argentina,2012,41.4
dss,gini,BOL,Bolivia,2012,46.6
dss,gini,BRA,Brasil,2012,53.4
dss,gini,CAN,Canadá,2012,33.5
dss,gini,COL,Colombia,2012,53.6
dss,gini,CRI,Costa Rica,2012,48.4
dss,gini,ECU,Ecuador,2012,46.1
dss,gini,SLV,El Salvador,2012,41.8
dss,gini,USA,Estados Unidos,2012,41.2
dss,gini,HTI,Haití,2012,41.1
dss,gini,HND,Honduras,2012,53.4
dss,gini,MEX,México,2012,49.6
dss,gini,PAN,Panamá,2012,51.7
dss,gini,PRY,Paraguay,2012,47.6
dss,gini,PER,Perú,2012,44.4
dss,gini,DOM,República Dominicana,2012,46.1
dss,gini,URY,Uruguay,2012,39.9
dss,gini,ARG,Argentina,2013,41.1
dss,gini,BOL,Bolivia,2013,47.6
dss,gini,BRA,Brasil,2013,52.7
dss,gini,CAN,Canadá,2013,33.8
dss,gini,CHL,Chile,2013,46.8
dss,gini,COL,Colombia,2013,53.5
dss,gini,CRI,Costa Rica,2013,49.2
dss,gini,ECU,Ecuador,2013,46.9
dss,gini,SLV,El Salvador,2013,43.4
dss,gini,USA,Estados Unidos,2013,40.9
dss,gini,HND,Honduras,2013,50
dss,gini,PAN,Panamá,2013,51.5
dss,gini,PRY,Paraguay,2013,47.9
dss,gini,PER,Perú,2013,43.9
dss,gini,DOM,República Dominicana,2013,47.7
dss,gini,URY,Uruguay,2013,40.5
dss,gini,ARG,Argentina,2014,41.8
dss,gini,BOL,Bolivia,2014,47.8
dss,gini,BRA,Brasil,2014,52.1
dss,gini,CAN,Canadá,2014,33.2
dss,gini,COL,Colombia,2014,53.6
dss,gini,CRI,Costa Rica,2014,48.6
dss,gini,ECU,Ecuador,2014,45
dss,gini,SLV,El Salvador,2014,41.6
dss,gini,USA,Estados Unidos,2014,41.7
dss,gini,GTM,Guatemala,2014,48.3
dss,gini,HND,Honduras,2014,49.9
dss,gini,MEX,México,2014,48.9
dss,gini,NIC,Nicaragua,2014,46.2
dss,gini,PAN,Panamá,2014,50.5
dss,gini,PRY,Paraguay,2014,50.7
dss,gini,PER,Perú,2014,43.1
dss,gini,DOM,República Dominicana,2014,44.3
dss,gini,URY,Uruguay,2014,40.1
dss,gini,BOL,Bolivia,2015,46.7
dss,gini,BRA,Brasil,2015,51.9
dss,gini,CAN,Canadá,2015,33.7
dss,gini,CHL,Chile,2015,45.3
dss,gini,COL,Colombia,2015,52
dss,gini,CRI,Costa Rica,2015,48.4
dss,gini,ECU,Ecuador,2015,46
dss,gini,SLV,El Salvador,2015,40.6
dss,gini,USA,Estados Unidos,2015,41.5
dss,gini,HND,Honduras,2015,49.2
dss,gini,PAN,Panamá,2015,50.8
dss,gini,PRY,Paraguay,2015,47.6
dss,gini,PER,Perú,2015,43.4
dss,gini,DOM,República Dominicana,2015,45.2
dss,gini,LCA,Santa Lucía,2015,43.7
dss,gini,URY,Uruguay,2015,40.1
dss,gini,ARG,Argentina,2016,42.3
dss,gini,BRB,Barbados,2016,34.1
dss,gini,BOL,Bolivia,2016,45.2
dss,gini,BRA,Brasil,2016,53.4
dss,gini,CAN,Canadá,2016,32.7
dss,gini,COL,Colombia,2016,51.7
dss,gini,CRI,Costa Rica,2016,48.7
dss,gini,ECU,Ecuador,2016,45
dss,gini,SLV,El Salvador,2016,40
dss,gini,USA,Estados Unidos,2016,41.3
dss,gini,HND,Honduras,2016,49.8
dss,gini,MEX,México,2016,46.9
dss,gini,PAN,Panamá,2016,50.4
dss,gini,PRY,Paraguay,2016,47.9
dss,gini,PER,Perú,2016,43.6
dss,gini,DOM,República Dominicana,2016,45.7
dss,gini,URY,Uruguay,2016,39.7
dss,gini,ARG,Argentina,2017,41.4
dss,gini,BOL,Bolivia,2017,44.6
dss,gini,BRA,Brasil,2017,53.3
dss,gini,CAN,Canadá,2017,33.3
dss,gini,CHL,Chile,2017,45.3
dss,gini,COL,Colombia,2017,50.9
dss,gini,CRI,Costa Rica,2017,48.3
dss,gini,ECU,Ecuador,2017,44.7
dss,gini,SLV,El Salvador,2017,38
dss,gini,USA,Estados Unidos,2017,41.4
dss,gini,HND,Honduras,2017,49.4
dss,gini,PAN,Panamá,2017,49.9
dss,gini,PRY,Paraguay,2017,48.5
dss,gini,PER,Perú,2017,43.3
dss,gini,DOM,República Dominicana,2017,42.2
dss,gini,URY,Uruguay,2017,39.5
dss,gini,ARG,Argentina,2018,41.7
dss,gini,BLZ,Belice,2018,39.9
dss,gini,BOL,Bolivia,2018,42.6
dss,gini,BRA,Brasil,2018,53.9
dss,gini,CAN,Canadá,2018,32.5
dss,gini,COL,Colombia,2018,51.6
dss,gini,CRI,Costa Rica,2018,48
dss,gini,ECU,Ecuador,2018,45.4
dss,gini,SLV,El Salvador,2018,38.6
dss,gini,USA,Estados Unidos,2018,41.8
dss,gini,GRD,Granada,2018,43.8
dss,gini,HND,Honduras,2018,48.9
dss,gini,JAM,Jamaica,2018,35.3
dss,gini,MEX,México,2018,46
dss,gini,PAN,Panamá,2018,49.2
dss,gini,PRY,Paraguay,2018,46
dss,gini,PER,Perú,2018,42.4
dss,gini,DOM,República Dominicana,2018,43.7
dss,gini,URY,Uruguay,2018,39.7
dss,gini,ARG,Argentina,2019,43.3
dss,gini,BOL,Bolivia,2019,41.6
dss,gini,BRA,Brasil,2019,53.5
dss,gini,CAN,Canadá,2019,31.8
dss,gini,COL,Colombia,2019,52.5
dss,gini,CRI,Costa Rica,2019,48.2
dss,gini,ECU,Ecuador,2019,45.7
dss,gini,SLV,El Salvador,2019,38.8
dss,gini,USA,Estados Unidos,2019,41.9
dss,gini,HND,Honduras,2019,48.2
dss,gini,PAN,Panamá,2019,49.8
dss,gini,PRY,Paraguay,2019,45.7
dss,gini,PER,Perú,2019,41.5
dss,gini,DOM,República Dominicana,2019,41.9
dss,gini,URY,Uruguay,2019,39.7
dss,gini,ARG,Argentina,2020,42.7
dss,gini,BOL,Bolivia,2020,43.6
dss,gini,BRA,Brasil,2020,48.8
dss,gini,CAN,Canadá,2020,29.9
dss,gini,CHL,Chile,2020,47
dss,gini,COL,Colombia,2020,54.4
dss,gini,CRI,Costa Rica,2020,49.2
dss,gini,ECU,Ecuador,2020,47.3
dss,gini,USA,Estados Unidos,2020,40
dss,gini,MEX,México,2020,44.6
dss,gini,PRY,Paraguay,2020,43.5
dss,gini,PER,Perú,2020,43.7
dss,gini,DOM,República Dominicana,2020,39.6
dss,gini,URY,Uruguay,2020,40.2
dss,gini,ARG,Argentina,2021,42.4
dss,gini,BOL,Bolivia,2021,40.9
dss,gini,BRA,Brasil,2021,52.9
dss,gini,CAN,Canadá,2021,31.1
dss,gini,COL,Colombia,2021,55.1
dss,gini,CRI,Costa Rica,2021,48.7
dss,gini,ECU,Ecuador,2021,45.8
dss,gini,SLV,El Salvador,2021,39
dss,gini,USA,Estados Unidos,2021,39.7
dss,gini,JAM,Jamaica,2021,39.9
dss,gini,PAN,Panamá,2021,50.9
dss,gini,PRY,Paraguay,2021,42.9
dss,gini,PER,Perú,2021,40.1
dss,gini,DOM,República Dominicana,2021,38.5
dss,gini,URY,Uruguay,2021,40.8
dss,gini,ARG,Argentina,2022,40.7
dss,gini,BOL,Bolivia,2022,41.2
dss,gini,BRA,Brasil,2022,51.9
dss,gini,CAN,Canadá,2022,31.5
dss,gini,CHL,Chile,2022,43.2
dss,gini,COL,Colombia,2022,54.8
dss,gini,CRI,Costa Rica,2022,47.2
dss,gini,ECU,Ecuador,2022,45.5
dss,gini,SLV,El Salvador,2022,38.8
dss,gini,USA,Estados Unidos,2022,41.7
dss,gini,MEX,México,2022,43.5
dss,gini,PRY,Paraguay,2022,44.6
dss,gini,PER,Perú,2022,40.3
dss,gini,DOM,República Dominicana,2022,37
dss,gini,SUR,Surinam,2022,39.2
dss,gini,URY,Uruguay,2022,40.6
dss,gini,ARG,Argentina,2023,42.4
dss,gini,BOL,Bolivia,2023,42.1
dss,gini,BRA,Brasil,2023,51.5
dss,gini,COL,Colombia,2023,54.6
dss,gini,CRI,Costa Rica,2023,46.7
dss,gini,ECU,Ecuador,2023,44.6
dss,gini,SLV,El Salvador,2023,39.8
dss,gini,USA,Estados Unidos,2023,41.8
dss,gini,GTM,Guatemala,2023,45.2
dss,gini,HND,Honduras,2023,46.8
dss,gini,PAN,Panamá,2023,48.9
dss,gini,PRY,Paraguay,2023,44.2
dss,gini,PER,Perú,2023,40.7
dss,gini,DOM,República Dominicana,2023,38.4
dss,gini,URY,Uruguay,2023,40.9
dss,gini,ARG,Argentina,2024,42.4
dss,gini,BOL,Bolivia,2024,40.9
dss,gini,BRA,Brasil,2024,50.3
dss,gini,CHL,Chile,2024,43
dss,gini,COL,Colombia,2024,54.4
dss,gini,CRI,Costa Rica,2024,45.8
dss,gini,ECU,Ecuador,2024,45.2
dss,gini,USA,Estados Unidos,2024,41.8
dss,gini,HND,Honduras,2024,45.7
dss,gini,MEX,México,2024,42.6
dss,gini,PAN,Panamá,2024,49.7
dss,gini,PRY,Paraguay,2024,44.2
dss,gini,PER,Perú,2024,40.1
dss,gini,DOM,República Dominicana,2024,39
dss,gini,URY,Uruguay,2024,40
dss,gini,CRI,Costa Rica,2025,45.5
dss,gini,ECU,Ecuador,2025,45.9
dss,uso-internet,ATG,Antigua y Barbuda,1990,0
dss,uso-internet,ARG,Argentina,1990,0
dss,uso-internet,ABW,Aruba,1990,0
dss,uso-internet,BHS,Bahamas,1990,0
dss,uso-internet,BRB,Barbados,1990,0
dss,uso-internet,BLZ,Belice,1990,0
dss,uso-internet,BMU,Bermudas,1990,0
dss,uso-internet,BOL,Bolivia,1990,0
dss,uso-internet,BRA,Brasil,1990,0
dss,uso-internet,CAN,Canadá,1990,0.361
dss,uso-internet,CHL,Chile,1990,0
dss,uso-internet,COL,Colombia,1990,0
dss,uso-internet,CRI,Costa Rica,1990,0
dss,uso-internet,CUB,Cuba,1990,0
dss,uso-internet,DMA,Dominica,1990,0
dss,uso-internet,ECU,Ecuador,1990,0
dss,uso-internet,SLV,El Salvador,1990,0
dss,uso-internet,USA,Estados Unidos,1990,0.785
dss,uso-internet,GRD,Granada,1990,0
dss,uso-internet,GRL,Groenlandia,1990,0
dss,uso-internet,GTM,Guatemala,1990,0
dss,uso-internet,GUY,Guyana,1990,0
dss,uso-internet,HTI,Haití,1990,0
dss,uso-internet,HND,Honduras,1990,0
dss,uso-internet,CYM,Islas Caimán,1990,0
dss,uso-internet,TCA,Islas Turcas y Caicos,1990,0
dss,uso-internet,VGB,Islas Vírgenes Británicas,1990,0
dss,uso-internet,VIR,Islas Vírgenes de los Estados Unidos,1990,0
dss,uso-internet,JAM,Jamaica,1990,0
dss,uso-internet,MEX,México,1990,0
dss,uso-internet,NIC,Nicaragua,1990,0
dss,uso-internet,PAN,Panamá,1990,0
dss,uso-internet,PRY,Paraguay,1990,0
dss,uso-internet,PER,Perú,1990,0
dss,uso-internet,PRI,Puerto Rico,1990,0
dss,uso-internet,DOM,República Dominicana,1990,0
dss,uso-internet,KNA,San Cristóbal y Nieves,1990,0
dss,uso-internet,VCT,San Vicente y las Granadinas,1990,0
dss,uso-internet,LCA,Santa Lucía,1990,0
dss,uso-internet,SUR,Surinam,1990,0
dss,uso-internet,TTO,Trinidad y Tobago,1990,0
dss,uso-internet,URY,Uruguay,1990,0
dss,uso-internet,VEN,Venezuela,1990,0
dss,uso-internet,BRA,Brasil,1991,0.00329
dss,uso-internet,CAN,Canadá,1991,0.57
dss,uso-internet,USA,Estados Unidos,1991,1.16
dss,uso-internet,GRD,Granada,1991,0
dss,uso-internet,MEX,México,1991,0.00588
dss,uso-internet,ARG,Argentina,1992,0.00299
dss,uso-internet,BRA,Brasil,1992,0.0129
dss,uso-internet,CAN,Canadá,1992,0.916
dss,uso-internet,CHL,Chile,1992,0.0365
dss,uso-internet,CRI,Costa Rica,1992,0.00111
dss,uso-internet,ECU,Ecuador,1992,0.00512
dss,uso-internet,USA,Estados Unidos,1992,1.72
dss,uso-internet,GRD,Granada,1992,0
dss,uso-internet,MEX,México,1992,0.0173
dss,uso-internet,VEN,Venezuela,1992,0.0121
dss,uso-internet,ARG,Argentina,1993,0.0295
dss,uso-internet,BRA,Brasil,1993,0.0255
dss,uso-internet,CAN,Canadá,1993,1.18
dss,uso-internet,CHL,Chile,1993,0.0718
dss,uso-internet,CRI,Costa Rica,1993,0.0815
dss,uso-internet,ECU,Ecuador,1993,0.0164
dss,uso-internet,USA,Estados Unidos,1993,2.27
dss,uso-internet,GRD,Granada,1993,0
dss,uso-internet,CYM,Islas Caimán,1993,0
dss,uso-internet,MEX,México,1993,0.0283
dss,uso-internet,VEN,Venezuela,1993,0.0416
dss,uso-internet,ARG,Argentina,1994,0.0437
dss,uso-internet,BRA,Brasil,1994,0.0377
dss,uso-internet,CAN,Canadá,1994,2.38
dss,uso-internet,CHL,Chile,1994,0.141
dss,uso-internet,COL,Colombia,1994,0.107
dss,uso-internet,CRI,Costa Rica,1994,0.28
dss,uso-internet,ECU,Ecuador,1994,0.0348
dss,uso-internet,USA,Estados Unidos,1994,4.86
dss,uso-internet,GRD,Granada,1994,0
dss,uso-internet,GRL,Groenlandia,1994,0.0647
dss,uso-internet,CYM,Islas Caimán,1994,0
dss,uso-internet,VIR,Islas Vírgenes de los Estados Unidos,1994,0.941
dss,uso-internet,JAM,Jamaica,1994,0.0368
dss,uso-internet,MEX,México,1994,0.0433
dss,uso-internet,NIC,Nicaragua,1994,0.0132
dss,uso-internet,PAN,Panamá,1994,0.00764
dss,uso-internet,PER,Perú,1994,0.0085
dss,uso-internet,PRI,Puerto Rico,1994,0.0273
dss,uso-internet,URY,Uruguay,1994,0.0625
dss,uso-internet,VEN,Venezuela,1994,0.0555
dss,uso-internet,ATG,Antigua y Barbuda,1995,2.2
dss,uso-internet,ARG,Argentina,1995,0.0863
dss,uso-internet,BHS,Bahamas,1995,0.96
dss,uso-internet,BRB,Barbados,1995,0.00775
dss,uso-internet,BLZ,Belice,1995,0.0454
dss,uso-internet,BMU,Bermudas,1995,6.84
dss,uso-internet,BOL,Bolivia,1995,0.0668
dss,uso-internet,BRA,Brasil,1995,0.105
dss,uso-internet,CAN,Canadá,1995,4.16
dss,uso-internet,CHL,Chile,1995,0.347
dss,uso-internet,COL,Colombia,1995,0.188
dss,uso-internet,CRI,Costa Rica,1995,0.417
dss,uso-internet,CUB,Cuba,1995,9.17e-5
dss,uso-internet,DMA,Dominica,1995,0.549
dss,uso-internet,ECU,Ecuador,1995,0.0438
dss,uso-internet,USA,Estados Unidos,1995,9.24
dss,uso-internet,GRD,Granada,1995,0
dss,uso-internet,GRL,Groenlandia,1995,0.053900000000000003
dss,uso-internet,GTM,Guatemala,1995,0.003
dss,uso-internet,HND,Honduras,1995,0.0368
dss,uso-internet,CYM,Islas Caimán,1995,3.95
dss,uso-internet,VIR,Islas Vírgenes de los Estados Unidos,1995,2.8
dss,uso-internet,JAM,Jamaica,1995,0.109
dss,uso-internet,MEX,México,1995,0.103
dss,uso-internet,NIC,Nicaragua,1995,0.03
dss,uso-internet,PAN,Panamá,1995,0.0561
dss,uso-internet,PER,Perú,1995,0.0334
dss,uso-internet,PRI,Puerto Rico,1995,0.135
dss,uso-internet,DOM,República Dominicana,1995,0.0172
dss,uso-internet,VCT,San Vicente y las Granadinas,1995,0.129
dss,uso-internet,LCA,Santa Lucía,1995,0.306
dss,uso-internet,SUR,Surinam,1995,0.115
dss,uso-internet,TTO,Trinidad y Tobago,1995,0.158
dss,uso-internet,URY,Uruguay,1995,0.31
dss,uso-internet,VEN,Venezuela,1995,0.122
dss,uso-internet,ATG,Antigua y Barbuda,1996,2.86
dss,uso-internet,ARG,Argentina,1996,0.142
dss,uso-internet,ABW,Aruba,1996,2.77
dss,uso-internet,BHS,Bahamas,1996,1.75
dss,uso-internet,BRB,Barbados,1996,0.389
dss,uso-internet,BLZ,Belice,1996,0.883
dss,uso-internet,BMU,Bermudas,1996,16.2
dss,uso-internet,BOL,Bolivia,1996,0.196
dss,uso-internet,BRA,Brasil,1996,0.451
dss,uso-internet,CAN,Canadá,1996,6.76
dss,uso-internet,CHL,Chile,1996,0.683
dss,uso-internet,COL,Colombia,1996,0.33
dss,uso-internet,CRI,Costa Rica,1996,0.841
dss,uso-internet,CUB,Cuba,1996,0.0319
dss,uso-internet,DMA,Dominica,1996,1.17
dss,uso-internet,ECU,Ecuador,1996,0.0862
dss,uso-internet,SLV,El Salvador,1996,0.0864
dss,uso-internet,USA,Estados Unidos,1996,16.4
dss,uso-internet,GRD,Granada,1996,0.298
dss,uso-internet,GRL,Groenlandia,1996,1.8
dss,uso-internet,GTM,Guatemala,1996,0.0195
dss,uso-internet,GUY,Guyana,1996,0.0659
dss,uso-internet,HTI,Haití,1996,0.00748
dss,uso-internet,HND,Honduras,1996,0.0437
dss,uso-internet,VIR,Islas Vírgenes de los Estados Unidos,1996,4.65
dss,uso-internet,JAM,Jamaica,1996,0.591
dss,uso-internet,MEX,México,1996,0.2
dss,uso-internet,NIC,Nicaragua,1996,0.0841
dss,uso-internet,PAN,Panamá,1996,0.22
dss,uso-internet,PRY,Paraguay,1996,0.0204
dss,uso-internet,PER,Perú,1996,0.246
dss,uso-internet,PRI,Puerto Rico,1996,0.268
dss,uso-internet,DOM,República Dominicana,1996,0.075
dss,uso-internet,KNA,San Cristóbal y Nieves,1996,1.95
dss,uso-internet,VCT,San Vicente y las Granadinas,1996,0.483
dss,uso-internet,LCA,Santa Lucía,1996,0.67
dss,uso-internet,SUR,Surinam,1996,0.226
dss,uso-internet,TTO,Trinidad y Tobago,1996,0.393
dss,uso-internet,URY,Uruguay,1996,1.85
dss,uso-internet,VEN,Venezuela,1996,0.248
dss,uso-internet,ATG,Antigua y Barbuda,1997,3.48
dss,uso-internet,ARG,Argentina,1997,0.28
dss,uso-internet,BHS,Bahamas,1997,1.36
dss,uso-internet,BRB,Barbados,1997,0.783
dss,uso-internet,BLZ,Belice,1997,1.29
dss,uso-internet,BMU,Bermudas,1997,24.2
dss,uso-internet,BOL,Bolivia,1997,0.448
dss,uso-internet,BRA,Brasil,1997,0.786
dss,uso-internet,CAN,Canadá,1997,15.1
dss,uso-internet,CHL,Chile,1997,1.06
dss,uso-internet,COL,Colombia,1997,0.551
dss,uso-internet,CRI,Costa Rica,1997,1.64
dss,uso-internet,CUB,Cuba,1997,0.0682
dss,uso-internet,ECU,Ecuador,1997,0.11
dss,uso-internet,SLV,El Salvador,1997,0.257
dss,uso-internet,USA,Estados Unidos,1997,21.6
dss,uso-internet,GRD,Granada,1997,0.991
dss,uso-internet,GRL,Groenlandia,1997,7.95
dss,uso-internet,GTM,Guatemala,1997,0.0955
dss,uso-internet,GUY,Guyana,1997,0.132
dss,uso-internet,HND,Honduras,1997,0.171
dss,uso-internet,VIR,Islas Vírgenes de los Estados Unidos,1997,6.95
dss,uso-internet,JAM,Jamaica,1997,0.798
dss,uso-internet,MEX,México,1997,0.627
dss,uso-internet,NIC,Nicaragua,1997,0.206
dss,uso-internet,PAN,Panamá,1997,0.539
dss,uso-internet,PRY,Paraguay,1997,0.0996
dss,uso-internet,PER,Perú,1997,0.403
dss,uso-internet,PRI,Puerto Rico,1997,1.33
dss,uso-internet,DOM,República Dominicana,1997,0.143
dss,uso-internet,KNA,San Cristóbal y Nieves,1997,2.26
dss,uso-internet,VCT,San Vicente y las Granadinas,1997,0.926
dss,uso-internet,LCA,Santa Lucía,1997,0.992
dss,uso-internet,SUR,Surinam,1997,1
dss,uso-internet,TTO,Trinidad y Tobago,1997,1.17
dss,uso-internet,URY,Uruguay,1997,3.36
dss,uso-internet,VEN,Venezuela,1997,0.391
dss,uso-internet,ATG,Antigua y Barbuda,1998,4.07
dss,uso-internet,ARG,Argentina,1998,0.831
dss,uso-internet,BHS,Bahamas,1998,2.34
dss,uso-internet,BRB,Barbados,1998,1.97
dss,uso-internet,BLZ,Belice,1998,2.09
dss,uso-internet,BMU,Bermudas,1998,32.1
dss,uso-internet,BOL,Bolivia,1998,0.626
dss,uso-internet,BRA,Brasil,1998,1.48
dss,uso-internet,CAN,Canadá,1998,24.9
dss,uso-internet,CHL,Chile,1998,1.66
dss,uso-internet,COL,Colombia,1998,1.13
dss,uso-internet,CRI,Costa Rica,1998,2.67
dss,uso-internet,CUB,Cuba,1998,0.227
dss,uso-internet,DMA,Dominica,1998,2.93
dss,uso-internet,ECU,Ecuador,1998,0.125
dss,uso-internet,SLV,El Salvador,1998,0.425
dss,uso-internet,USA,Estados Unidos,1998,30.1
dss,uso-internet,GRD,Granada,1998,1.48
dss,uso-internet,GRL,Groenlandia,1998,14.7
dss,uso-internet,GTM,Guatemala,1998,0.467
dss,uso-internet,GUY,Guyana,1998,0.264
dss,uso-internet,HTI,Haití,1998,0.024
dss,uso-internet,HND,Honduras,1998,0.301
dss,uso-internet,VIR,Islas Vírgenes de los Estados Unidos,1998,9.25
dss,uso-internet,JAM,Jamaica,1998,1.98
dss,uso-internet,MEX,México,1998,1.27
dss,uso-internet,NIC,Nicaragua,1998,0.304
dss,uso-internet,PAN,Panamá,1998,2.75
dss,uso-internet,PRY,Paraguay,1998,0.195
dss,uso-internet,PER,Perú,1998,1.19
dss,uso-internet,PRI,Puerto Rico,1998,2.65
dss,uso-internet,DOM,República Dominicana,1998,0.234
dss,uso-internet,KNA,San Cristóbal y Nieves,1998,3.34
dss,uso-internet,VCT,San Vicente y las Granadinas,1998,1.85
dss,uso-internet,LCA,Santa Lucía,1998,1.3
dss,uso-internet,SUR,Surinam,1998,1.67
dss,uso-internet,TTO,Trinidad y Tobago,1998,2.72
dss,uso-internet,URY,Uruguay,1998,6.99
dss,uso-internet,VEN,Venezuela,1998,1.38
dss,uso-internet,ATG,Antigua y Barbuda,1999,5.3
dss,uso-internet,ARG,Argentina,1999,3.28
dss,uso-internet,ABW,Aruba,1999,4.51
dss,uso-internet,BHS,Bahamas,1999,3.76
dss,uso-internet,BRB,Barbados,1999,2.38
dss,uso-internet,BLZ,Belice,1999,4.08
dss,uso-internet,BMU,Bermudas,1999,39.9
dss,uso-internet,BOL,Bolivia,1999,0.982
dss,uso-internet,BRA,Brasil,1999,2.04
dss,uso-internet,CAN,Canadá,1999,36.2
dss,uso-internet,CHL,Chile,1999,4.1
dss,uso-internet,COL,Colombia,1999,1.7
dss,uso-internet,CRI,Costa Rica,1999,3.9
dss,uso-internet,CUB,Cuba,1999,0.315
dss,uso-internet,DMA,Dominica,1999,2.93
dss,uso-internet,ECU,Ecuador,1999,0.823
dss,uso-internet,SLV,El Salvador,1999,0.845
dss,uso-internet,USA,Estados Unidos,1999,35.8
dss,uso-internet,GRD,Granada,1999,2.47
dss,uso-internet,GRL,Groenlandia,1999,21.6
dss,uso-internet,GTM,Guatemala,1999,0.593
dss,uso-internet,GUY,Guyana,1999,0.4
dss,uso-internet,HTI,Haití,1999,0.0707
dss,uso-internet,HND,Honduras,1999,0.574
dss,uso-internet,VIR,Islas Vírgenes de los Estados Unidos,1999,11.1
dss,uso-internet,JAM,Jamaica,1999,2.36
dss,uso-internet,MEX,México,1999,1.86
dss,uso-internet,NIC,Nicaragua,1999,0.498
dss,uso-internet,PAN,Panamá,1999,3.84
dss,uso-internet,PRY,Paraguay,1999,0.382
dss,uso-internet,PER,Perú,1999,1.95
dss,uso-internet,PRI,Puerto Rico,1999,5.27
dss,uso-internet,DOM,República Dominicana,1999,1.1
dss,uso-internet,KNA,San Cristóbal y Nieves,1999,4.4
dss,uso-internet,VCT,San Vicente y las Granadinas,1999,2.78
dss,uso-internet,LCA,Santa Lucía,1999,1.93
dss,uso-internet,SUR,Surinam,1999,1.89
dss,uso-internet,TTO,Trinidad y Tobago,1999,5.81
dss,uso-internet,URY,Uruguay,1999,9.97
dss,uso-internet,VEN,Venezuela,1999,2.84
dss,uso-internet,ATG,Antigua y Barbuda,2000,6.48222573702907
dss,uso-internet,ARG,Argentina,2000,7.0386830862178
dss,uso-internet,ABW,Aruba,2000,15.4428229480349
dss,uso-internet,BHS,Bahamas,2000,8
dss,uso-internet,BRB,Barbados,2000,3.97367835457927
dss,uso-internet,BLZ,Belice,2000,5.96383530272428
dss,uso-internet,BMU,Bermudas,2000,42.9498600152711
dss,uso-internet,BOL,Bolivia,2000,1.4427635847914
dss,uso-internet,BRA,Brasil,2000,2.87068515854108
dss,uso-internet,CAN,Canadá,2000,51.3
dss,uso-internet,CHL,Chile,2000,16.6
dss,uso-internet,COL,Colombia,2000,2.207532992624
dss,uso-internet,CRI,Costa Rica,2000,5.80025302331829
dss,uso-internet,CUB,Cuba,2000,0.541182548811058
dss,uso-internet,DMA,Dominica,2000,8.81484419762881
dss,uso-internet,ECU,Ecuador,2000,1.46218853556457
dss,uso-internet,SLV,El Salvador,2000,1.17739726914477
dss,uso-internet,USA,Estados Unidos,2000,43.0791626375201
dss,uso-internet,GRD,Granada,2000,4.06390799146313
dss,uso-internet,GRL,Groenlandia,2000,31.7478112321162
dss,uso-internet,GTM,Guatemala,2000,0.712332904508925
dss,uso-internet,GUY,Guyana,2000,0.6
dss,uso-internet,HTI,Haití,2000,0.231270714628821
dss,uso-internet,HND,Honduras,2000,1.20385599891878
dss,uso-internet,VIR,Islas Vírgenes de los Estados Unidos,2000,13.8150805419196
dss,uso-internet,JAM,Jamaica,2000,3.11577802729967
dss,uso-internet,MEX,México,2000,5.08138415338066
dss,uso-internet,NIC,Nicaragua,2000,0.980216486692385
dss,uso-internet,PAN,Panamá,2000,6.55479647729549
dss,uso-internet,PRY,Paraguay,2000,0.747630711548184
dss,uso-internet,PER,Perú,2000,3.07643061137675
dss,uso-internet,PRI,Puerto Rico,2000,10.4746482089399
dss,uso-internet,DOM,República Dominicana,2000,3.70469235587688
dss,uso-internet,KNA,San Cristóbal y Nieves,2000,5.86281024037522
dss,uso-internet,VCT,San Vicente y las Granadinas,2000,3.24503741064558
dss,uso-internet,LCA,Santa Lucía,2000,5.09048334139327
dss,uso-internet,SUR,Surinam,2000,2.50641105226881
dss,uso-internet,TTO,Trinidad y Tobago,2000,7.72141147401745
dss,uso-internet,URY,Uruguay,2000,10.5390577480141
dss,uso-internet,VEN,Venezuela,2000,3.3595974645036
dss,uso-internet,ATG,Antigua y Barbuda,2001,8.89928551450583
dss,uso-internet,ARG,Argentina,2001,9.78080728532407
dss,uso-internet,ABW,Aruba,2001,17.1
dss,uso-internet,BHS,Bahamas,2001,11.8
dss,uso-internet,BRB,Barbados,2001,11.9364503383984
dss,uso-internet,BMU,Bermudas,2001,47.5096998970623
dss,uso-internet,BOL,Bolivia,2001,2.1204625341365
dss,uso-internet,BRA,Brasil,2001,4.52849486902851
dss,uso-internet,CAN,Canadá,2001,60.2
dss,uso-internet,CHL,Chile,2001,19.1
dss,uso-internet,COL,Colombia,2001,2.85419997133433
dss,uso-internet,CRI,Costa Rica,2001,9.55948213497093
dss,uso-internet,CUB,Cuba,2001,1.07975172188907
dss,uso-internet,DMA,Dominica,2001,13.2452280386761
dss,uso-internet,ECU,Ecuador,2001,2.67044367376705
dss,uso-internet,SLV,El Salvador,2001,1.5
dss,uso-internet,USA,Estados Unidos,2001,49.0808315896951
dss,uso-internet,GRD,Granada,2001,5.12810398216998
dss,uso-internet,GRL,Groenlandia,2001,35.4641368915684
dss,uso-internet,GTM,Guatemala,2001,1.7382017815873
dss,uso-internet,GUY,Guyana,2001,1
dss,uso-internet,HTI,Haití,2001,0.340832326173809
dss,uso-internet,HND,Honduras,2001,1.41528193123711
dss,uso-internet,VIR,Islas Vírgenes de los Estados Unidos,2001,18.3757660397468
dss,uso-internet,JAM,Jamaica,2001,3.8630203874764
dss,uso-internet,MEX,México,2001,7.0380231165045
dss,uso-internet,NIC,Nicaragua,2001,1.44879942820716
dss,uso-internet,PAN,Panamá,2001,7.26839987788729
dss,uso-internet,PRY,Paraguay,2001,1.09879383569333
dss,uso-internet,PER,Perú,2001,7.57876295717419
dss,uso-internet,PRI,Puerto Rico,2001,15.6300309162012
dss,uso-internet,DOM,República Dominicana,2001,4.42939069666645
dss,uso-internet,KNA,San Cristóbal y Nieves,2001,7.71472655580319
dss,uso-internet,VCT,San Vicente y las Granadinas,2001,5.09480977832946
dss,uso-internet,LCA,Santa Lucía,2001,8.18186395448366
dss,uso-internet,SUR,Surinam,2001,3.06444838873752
dss,uso-internet,TTO,Trinidad y Tobago,2001,15.384627218944
dss,uso-internet,URY,Uruguay,2001,11.1214376832783
dss,uso-internet,VEN,Venezuela,2001,4.63600094778677
dss,uso-internet,ATG,Antigua y Barbuda,2002,12.5
dss,uso-internet,ARG,Argentina,2002,10.8821243775325
dss,uso-internet,ABW,Aruba,2002,18.8
dss,uso-internet,BHS,Bahamas,2002,18
dss,uso-internet,BRB,Barbados,2002,27.836322424146
dss,uso-internet,BLZ,Belice,2002,5.68425121358763
dss,uso-internet,BMU,Bermudas,2002,52.0315973700393
dss,uso-internet,BOL,Bolivia,2002,3.11719294696997
dss,uso-internet,BRA,Brasil,2002,9.14942508560748
dss,uso-internet,CAN,Canadá,2002,61.5932992681952
dss,uso-internet,CHL,Chile,2002,22.1
dss,uso-internet,COL,Colombia,2002,4.6
dss,uso-internet,CRI,Costa Rica,2002,19.8948511346293
dss,uso-internet,CUB,Cuba,2002,3.77058503769014
dss,uso-internet,DMA,Dominica,2002,18.4248927671241
dss,uso-internet,ECU,Ecuador,2002,4.26079691519764
dss,uso-internet,SLV,El Salvador,2002,1.9
dss,uso-internet,USA,Estados Unidos,2002,58.7854038836952
dss,uso-internet,GRD,Granada,2002,14.7588405454867
dss,uso-internet,GRL,Groenlandia,2002,44.154789028418
dss,uso-internet,GTM,Guatemala,2002,3.39174627024502
dss,uso-internet,GUY,Guyana,2002,1.5
dss,uso-internet,HTI,Haití,2002,0.893432988337908
dss,uso-internet,HND,Honduras,2002,2.5974025974026
dss,uso-internet,VGB,Islas Vírgenes Británicas,2002,18.8857412653447
dss,uso-internet,VIR,Islas Vírgenes de los Estados Unidos,2002,27.4944323774436
dss,uso-internet,JAM,Jamaica,2002,6.1
dss,uso-internet,MEX,México,2002,11.9
dss,uso-internet,NIC,Nicaragua,2002,1.71472958428668
dss,uso-internet,PAN,Panamá,2002,8.51807781515595
dss,uso-internet,PRY,Paraguay,2002,1.79496959770244
dss,uso-internet,PER,Perú,2002,8.96694917040028
dss,uso-internet,PRI,Puerto Rico,2002,17.5476475654777
dss,uso-internet,DOM,República Dominicana,2002,6.8237257325842
dss,uso-internet,KNA,San Cristóbal y Nieves,2002,21.152381758186
dss,uso-internet,VCT,San Vicente y las Granadinas,2002,5.54959487957379
dss,uso-internet,LCA,Santa Lucía,2002,14.6418357746777
dss,uso-internet,SUR,Surinam,2002,4.1615687449541
dss,uso-internet,TTO,Trinidad y Tobago,2002,21.9986754804449
dss,uso-internet,URY,Uruguay,2002,11.4194701966853
dss,uso-internet,VEN,Venezuela,2002,4.91044632720325
dss,uso-internet,ATG,Antigua y Barbuda,2003,17.2286487816884
dss,uso-internet,ARG,Argentina,2003,11.9136965509954
dss,uso-internet,ABW,Aruba,2003,20.8
dss,uso-internet,BHS,Bahamas,2003,20
dss,uso-internet,BRB,Barbados,2003,39.6896271159532
dss,uso-internet,BMU,Bermudas,2003,56.5220121836337
dss,uso-internet,BOL,Bolivia,2003,3.50859640072336
dss,uso-internet,BRA,Brasil,2003,13.2075861035303
dss,uso-internet,CAN,Canadá,2003,64.2
dss,uso-internet,CHL,Chile,2003,25.4737788864723
dss,uso-internet,COL,Colombia,2003,7.38892371052557
dss,uso-internet,CRI,Costa Rica,2003,20.3336148143541
dss,uso-internet,CUB,Cuba,2003,5.2412690536929
dss,uso-internet,DMA,Dominica,2003,23.6204198529629
dss,uso-internet,ECU,Ecuador,2003,4.46022834472698
dss,uso-internet,SLV,El Salvador,2003,2.5
dss,uso-internet,USA,Estados Unidos,2003,61.6971171244207
dss,uso-internet,GRD,Granada,2003,18.6451821830564
dss,uso-internet,GRL,Groenlandia,2003,54.5342598293605
dss,uso-internet,GTM,Guatemala,2003,4.54885490848324
dss,uso-internet,GUY,Guyana,2003,2.4
dss,uso-internet,HTI,Haití,2003,1.64735834557778
dss,uso-internet,HND,Honduras,2003,4.8
dss,uso-internet,VIR,Islas Vírgenes de los Estados Unidos,2003,27.4290729887632
dss,uso-internet,JAM,Jamaica,2003,7.8
dss,uso-internet,MEX,México,2003,12.9
dss,uso-internet,NIC,Nicaragua,2003,1.88041253242301
dss,uso-internet,PAN,Panamá,2003,9.98742407723405
dss,uso-internet,PRY,Paraguay,2003,2.11194208210034
dss,uso-internet,PER,Perú,2003,11.6
dss,uso-internet,PRI,Puerto Rico,2003,19.7070256578252
dss,uso-internet,DOM,República Dominicana,2003,7.89839293716387
dss,uso-internet,KNA,San Cristóbal y Nieves,2003,22.9697842928439
dss,uso-internet,VCT,San Vicente y las Granadinas,2003,6.46227416659743
dss,uso-internet,LCA,Santa Lucía,2003,20.9824734633424
dss,uso-internet,SUR,Surinam,2003,4.71987539528956
dss,uso-internet,TTO,Trinidad y Tobago,2003,25.9717641091609
dss,uso-internet,URY,Uruguay,2003,15.9371367159756
dss,uso-internet,VEN,Venezuela,2003,7.49996346522407
dss,uso-internet,ATG,Antigua y Barbuda,2004,24.2665437161785
dss,uso-internet,ARG,Argentina,2004,16.0366841054923
dss,uso-internet,ABW,Aruba,2004,23
dss,uso-internet,BHS,Bahamas,2004,22
dss,uso-internet,BRB,Barbados,2004,49.8
dss,uso-internet,BLZ,Belice,2004,9.8
dss,uso-internet,BMU,Bermudas,2004,60.9908670086326
dss,uso-internet,BOL,Bolivia,2004,4.43992460120042
dss,uso-internet,BRA,Brasil,2004,19.073672274442
dss,uso-internet,CAN,Canadá,2004,65.9559634648989
dss,uso-internet,CHL,Chile,2004,28.1779101232438
dss,uso-internet,COL,Colombia,2004,9.1186903029666
dss,uso-internet,CRI,Costa Rica,2004,20.7923067055542
dss,uso-internet,CUB,Cuba,2004,8.40798475900703
dss,uso-internet,DMA,Dominica,2004,30.3196130921568
dss,uso-internet,ECU,Ecuador,2004,4.83444263759525
dss,uso-internet,SLV,El Salvador,2004,3.2
dss,uso-internet,USA,Estados Unidos,2004,64.7582564759896
dss,uso-internet,GRD,Granada,2004,19.570620584378698
dss,uso-internet,GRL,Groenlandia,2004,56.0990147610533
dss,uso-internet,GTM,Guatemala,2004,5.1
dss,uso-internet,GUY,Guyana,2004,3.7
dss,uso-internet,HTI,Haití,2004,5.401261907622
dss,uso-internet,HND,Honduras,2004,5.6
dss,uso-internet,VIR,Islas Vírgenes de los Estados Unidos,2004,27.3770087880198
dss,uso-internet,JAM,Jamaica,2004,10
dss,uso-internet,MEX,México,2004,14.1
dss,uso-internet,NIC,Nicaragua,2004,2.32066460863941
dss,uso-internet,PAN,Panamá,2004,11.1408625409415
dss,uso-internet,PRY,Paraguay,2004,3.45243843137079
dss,uso-internet,PER,Perú,2004,14.1
dss,uso-internet,PRI,Puerto Rico,2004,22.1307382347014
dss,uso-internet,DOM,República Dominicana,2004,8.8655534607044
dss,uso-internet,KNA,San Cristóbal y Nieves,2004,24.7376775443732
dss,uso-internet,VCT,San Vicente y las Granadinas,2004,7.37116584201749
dss,uso-internet,LCA,Santa Lucía,2004,21.395212362765
dss,uso-internet,SUR,Surinam,2004,6.0760478144456
dss,uso-internet,TTO,Trinidad y Tobago,2004,27.0242700782714
dss,uso-internet,URY,Uruguay,2004,17.0630983403661
dss,uso-internet,VEN,Venezuela,2004,8.40446959241215
dss,uso-internet,ATG,Antigua y Barbuda,2005,27
dss,uso-internet,ARG,Argentina,2005,17.7205833696065
dss,uso-internet,ABW,Aruba,2005,25.4
dss,uso-internet,BHS,Bahamas,2005,25
dss,uso-internet,BRB,Barbados,2005,52.5
dss,uso-internet,BLZ,Belice,2005,17
dss,uso-internet,BMU,Bermudas,2005,65.4470657898838
dss,uso-internet,BOL,Bolivia,2005,5.22758395663196
dss,uso-internet,BRA,Brasil,2005,21.022747248827
dss,uso-internet,CAN,Canadá,2005,71.66
dss,uso-internet,CHL,Chile,2005,31.1753006
dss,uso-internet,COL,Colombia,2005,11.0072638904585
dss,uso-internet,CRI,Costa Rica,2005,22.07
dss,uso-internet,CUB,Cuba,2005,9.73806220781346
dss,uso-internet,DMA,Dominica,2005,38.54359818
dss,uso-internet,ECU,Ecuador,2005,5.994299889
dss,uso-internet,SLV,El Salvador,2005,4.199999809
dss,uso-internet,USA,Estados Unidos,2005,67.9681015
dss,uso-internet,GRD,Granada,2005,20.4878006
dss,uso-internet,GRL,Groenlandia,2005,57.7034045008656
dss,uso-internet,GTM,Guatemala,2005,5.699999809
dss,uso-internet,GUY,Guyana,2005,5.699999809
dss,uso-internet,HTI,Haití,2005,6.376200199
dss,uso-internet,HND,Honduras,2005,6.5
dss,uso-internet,CYM,Islas Caimán,2005,38.0343830823064
dss,uso-internet,VIR,Islas Vírgenes de los Estados Unidos,2005,27.3443196733265
dss,uso-internet,JAM,Jamaica,2005,12.80000019
dss,uso-internet,MEX,México,2005,17.20999908
dss,uso-internet,NIC,Nicaragua,2005,2.566400051
dss,uso-internet,PAN,Panamá,2005,11.48400021
dss,uso-internet,PRY,Paraguay,2005,7.90700786141285
dss,uso-internet,PER,Perú,2005,17.10000038
dss,uso-internet,PRI,Puerto Rico,2005,23.4000504486583
dss,uso-internet,DOM,República Dominicana,2005,11.4831977789344
dss,uso-internet,KNA,San Cristóbal y Nieves,2005,34
dss,uso-internet,VCT,San Vicente y las Granadinas,2005,9.19827808234299
dss,uso-internet,LCA,Santa Lucía,2005,21.5675829464215
dss,uso-internet,SUR,Surinam,2005,6.40308628759062
dss,uso-internet,TTO,Trinidad y Tobago,2005,28.97669983
dss,uso-internet,URY,Uruguay,2005,20.0881895579305
dss,uso-internet,VEN,Venezuela,2005,12.5529979098299
dss,uso-internet,ATG,Antigua y Barbuda,2006,30
dss,uso-internet,ARG,Argentina,2006,20.9272021035896
dss,uso-internet,ABW,Aruba,2006,28
dss,uso-internet,BHS,Bahamas,2006,26
dss,uso-internet,BRB,Barbados,2006,55.29999924
dss,uso-internet,BLZ,Belice,2006,24
dss,uso-internet,BMU,Bermudas,2006,69.8996551617012
dss,uso-internet,BOL,Bolivia,2006,6.20067125473576
dss,uso-internet,BRA,Brasil,2006,28.17840004
dss,uso-internet,CAN,Canadá,2006,72.40000153
dss,uso-internet,CHL,Chile,2006,34.4977511736017
dss,uso-internet,COL,Colombia,2006,15.3416745365682
dss,uso-internet,CRI,Costa Rica,2006,25.10000038
dss,uso-internet,CUB,Cuba,2006,11.1596013147617
dss,uso-internet,DMA,Dominica,2006,39.39820099
dss,uso-internet,ECU,Ecuador,2006,7.199999809
dss,uso-internet,SLV,El Salvador,2006,5.5
dss,uso-internet,USA,Estados Unidos,2006,68.93119812
dss,uso-internet,GRD,Granada,2006,21.39599991
dss,uso-internet,GRL,Groenlandia,2006,59.361687268664
dss,uso-internet,GTM,Guatemala,2006,6.5
dss,uso-internet,GUY,Guyana,2006,8.899999619
dss,uso-internet,HTI,Haití,2006,6.796000004
dss,uso-internet,HND,Honduras,2006,7.800000191
dss,uso-internet,CYM,Islas Caimán,2006,44.5
dss,uso-internet,VIR,Islas Vírgenes de los Estados Unidos,2006,27.3326105376325
dss,uso-internet,JAM,Jamaica,2006,16.39999962
dss,uso-internet,MEX,México,2006,19.52000046
dss,uso-internet,NIC,Nicaragua,2006,2.8055730627337
dss,uso-internet,PAN,Panamá,2006,17.34959984
dss,uso-internet,PRY,Paraguay,2006,7.962100029
dss,uso-internet,PER,Perú,2006,20.700000760000002
dss,uso-internet,PRI,Puerto Rico,2006,25.4424182102582
dss,uso-internet,DOM,República Dominicana,2006,14.8449283654589
dss,uso-internet,KNA,San Cristóbal y Nieves,2006,38.5
dss,uso-internet,VCT,San Vicente y las Granadinas,2006,12
dss,uso-internet,LCA,Santa Lucía,2006,24.5
dss,uso-internet,SUR,Surinam,2006,9.49960041
dss,uso-internet,TTO,Trinidad y Tobago,2006,30.00370026
dss,uso-internet,URY,Uruguay,2006,29.39999962
dss,uso-internet,VEN,Venezuela,2006,15.2247114771787
dss,uso-internet,ATG,Antigua y Barbuda,2007,34
dss,uso-internet,ARG,Argentina,2007,25.9466329403819
dss,uso-internet,ABW,Aruba,2007,30.9
dss,uso-internet,BHS,Bahamas,2007,27
dss,uso-internet,BRB,Barbados,2007,58.20000076
dss,uso-internet,BLZ,Belice,2007,24.60000038
dss,uso-internet,BMU,Bermudas,2007,74.3505940302669
dss,uso-internet,BOL,Bolivia,2007,10.49919987
dss,uso-internet,BRA,Brasil,2007,30.87999916
dss,uso-internet,CAN,Canadá,2007,73.2
dss,uso-internet,CHL,Chile,2007,35.90000153
dss,uso-internet,COL,Colombia,2007,21.799999239999998
dss,uso-internet,CRI,Costa Rica,2007,28.39999962
dss,uso-internet,CUB,Cuba,2007,11.69
dss,uso-internet,DMA,Dominica,2007,40.2745018
dss,uso-internet,ECU,Ecuador,2007,10.80000019
dss,uso-internet,SLV,El Salvador,2007,6.11
dss,uso-internet,USA,Estados Unidos,2007,75
dss,uso-internet,GRD,Granada,2007,22.29
dss,uso-internet,GRL,Groenlandia,2007,61.07
dss,uso-internet,GTM,Guatemala,2007,7.300000191
dss,uso-internet,GUY,Guyana,2007,13.80000019
dss,uso-internet,HTI,Haití,2007,7.199999809
dss,uso-internet,HND,Honduras,2007,9.399999619
dss,uso-internet,CYM,Islas Caimán,2007,52
dss,uso-internet,VIR,Islas Vírgenes de los Estados Unidos,2007,27.3393358364014
dss,uso-internet,JAM,Jamaica,2007,21.10000038
dss,uso-internet,MEX,México,2007,20.81
dss,uso-internet,NIC,Nicaragua,2007,3.9000000950000002
dss,uso-internet,PAN,Panamá,2007,22.29
dss,uso-internet,PRY,Paraguay,2007,11.21
dss,uso-internet,PER,Perú,2007,25.200000760000002
dss,uso-internet,PRI,Puerto Rico,2007,27.86
dss,uso-internet,DOM,República Dominicana,2007,17.66
dss,uso-internet,KNA,San Cristóbal y Nieves,2007,43.5
dss,uso-internet,VCT,San Vicente y las Granadinas,2007,16
dss,uso-internet,LCA,Santa Lucía,2007,27.89999962
dss,uso-internet,SUR,Surinam,2007,14.11
dss,uso-internet,TTO,Trinidad y Tobago,2007,32.3
dss,uso-internet,URY,Uruguay,2007,34
dss,uso-internet,VEN,Venezuela,2007,20.83
dss,uso-internet,ATG,Antigua y Barbuda,2008,38
dss,uso-internet,ARG,Argentina,2008,28.1126234799907
dss,uso-internet,ABW,Aruba,2008,52
dss,uso-internet,BHS,Bahamas,2008,31.54
dss,uso-internet,BRB,Barbados,2008,61.40000153
dss,uso-internet,BLZ,Belice,2008,26.299999239999998
dss,uso-internet,BMU,Bermudas,2008,82.3
dss,uso-internet,BOL,Bolivia,2008,12.5
dss,uso-internet,BRA,Brasil,2008,33.83
dss,uso-internet,CAN,Canadá,2008,76.69999695
dss,uso-internet,CHL,Chile,2008,37.29999924
dss,uso-internet,COL,Colombia,2008,25.6
dss,uso-internet,CRI,Costa Rica,2008,32.29
dss,uso-internet,CUB,Cuba,2008,12.94
dss,uso-internet,DMA,Dominica,2008,41.15999985
dss,uso-internet,ECU,Ecuador,2008,18.8
dss,uso-internet,SLV,El Salvador,2008,10.08
dss,uso-internet,USA,Estados Unidos,2008,74
dss,uso-internet,GRD,Granada,2008,23.18000031
dss,uso-internet,GRL,Groenlandia,2008,62.82
dss,uso-internet,GTM,Guatemala,2008,8.300000191
dss,uso-internet,GUY,Guyana,2008,18.2
dss,uso-internet,HTI,Haití,2008,7.599999905
dss,uso-internet,HND,Honduras,2008,9.6
dss,uso-internet,CYM,Islas Caimán,2008,61
dss,uso-internet,VIR,Islas Vírgenes de los Estados Unidos,2008,27.3617774210613
dss,uso-internet,JAM,Jamaica,2008,23.6
dss,uso-internet,MEX,México,2008,21.71
dss,uso-internet,NIC,Nicaragua,2008,5.300000191
dss,uso-internet,PAN,Panamá,2008,33.82
dss,uso-internet,PRY,Paraguay,2008,14.27
dss,uso-internet,PER,Perú,2008,30.57
dss,uso-internet,PRI,Puerto Rico,2008,38
dss,uso-internet,DOM,República Dominicana,2008,20.82
dss,uso-internet,KNA,San Cristóbal y Nieves,2008,49.20000076
dss,uso-internet,VCT,San Vicente y las Granadinas,2008,21
dss,uso-internet,LCA,Santa Lucía,2008,30
dss,uso-internet,SUR,Surinam,2008,21.05999947
dss,uso-internet,TTO,Trinidad y Tobago,2008,34.8
dss,uso-internet,URY,Uruguay,2008,39.3
dss,uso-internet,VEN,Venezuela,2008,25.88
dss,uso-internet,ATG,Antigua y Barbuda,2009,42
dss,uso-internet,ARG,Argentina,2009,34
dss,uso-internet,ABW,Aruba,2009,58
dss,uso-internet,BHS,Bahamas,2009,33.88
dss,uso-internet,BRB,Barbados,2009,64.69999695
dss,uso-internet,BLZ,Belice,2009,27.200000760000002
dss,uso-internet,BMU,Bermudas,2009,83.25
dss,uso-internet,BOL,Bolivia,2009,16.799999239999998
dss,uso-internet,BRA,Brasil,2009,39.22
dss,uso-internet,CAN,Canadá,2009,80.3
dss,uso-internet,CHL,Chile,2009,41.56
dss,uso-internet,COL,Colombia,2009,30
dss,uso-internet,CRI,Costa Rica,2009,34.33
dss,uso-internet,CUB,Cuba,2009,14.33
dss,uso-internet,DMA,Dominica,2009,42.02000046
dss,uso-internet,ECU,Ecuador,2009,24.6
dss,uso-internet,SLV,El Salvador,2009,12.11
dss,uso-internet,USA,Estados Unidos,2009,71
dss,uso-internet,GRD,Granada,2009,24.049999239999998
dss,uso-internet,GRL,Groenlandia,2009,62.83
dss,uso-internet,GTM,Guatemala,2009,9.300000191
dss,uso-internet,GUY,Guyana,2009,23.9
dss,uso-internet,HTI,Haití,2009,8.100000381
dss,uso-internet,HND,Honduras,2009,9.800000191
dss,uso-internet,CYM,Islas Caimán,2009,64.5
dss,uso-internet,VGB,Islas Vírgenes Británicas,2009,36
dss,uso-internet,VIR,Islas Vírgenes de los Estados Unidos,2009,27.3965096846662
dss,uso-internet,JAM,Jamaica,2009,24.3
dss,uso-internet,MEX,México,2009,26.34
dss,uso-internet,NIC,Nicaragua,2009,7.300000191
dss,uso-internet,PAN,Panamá,2009,39.08
dss,uso-internet,PRY,Paraguay,2009,18.9
dss,uso-internet,PER,Perú,2009,31.4
dss,uso-internet,PRI,Puerto Rico,2009,41.5
dss,uso-internet,DOM,República Dominicana,2009,27.72
dss,uso-internet,KNA,San Cristóbal y Nieves,2009,55.70000076
dss,uso-internet,VCT,San Vicente y las Granadinas,2009,31
dss,uso-internet,LCA,Santa Lucía,2009,31
dss,uso-internet,SUR,Surinam,2009,31.36
dss,uso-internet,TTO,Trinidad y Tobago,2009,44.3
dss,uso-internet,URY,Uruguay,2009,41.8
dss,uso-internet,VEN,Venezuela,2009,32.7
dss,uso-internet,ATG,Antigua y Barbuda,2010,47
dss,uso-internet,ARG,Argentina,2010,45
dss,uso-internet,ABW,Aruba,2010,62
dss,uso-internet,BHS,Bahamas,2010,43
dss,uso-internet,BRB,Barbados,2010,65.09999847
dss,uso-internet,BLZ,Belice,2010,28.2
dss,uso-internet,BMU,Bermudas,2010,84.21
dss,uso-internet,BOL,Bolivia,2010,22.39999962
dss,uso-internet,BRA,Brasil,2010,40.65
dss,uso-internet,CAN,Canadá,2010,80.3
dss,uso-internet,CHL,Chile,2010,45
dss,uso-internet,COL,Colombia,2010,36.5
dss,uso-internet,CRI,Costa Rica,2010,36.5
dss,uso-internet,CUB,Cuba,2010,15.9
dss,uso-internet,DMA,Dominica,2010,47.45
dss,uso-internet,ECU,Ecuador,2010,29.03
dss,uso-internet,SLV,El Salvador,2010,15.9
dss,uso-internet,USA,Estados Unidos,2010,71.69
dss,uso-internet,GRD,Granada,2010,27
dss,uso-internet,GRL,Groenlandia,2010,63
dss,uso-internet,GTM,Guatemala,2010,10.5
dss,uso-internet,GUY,Guyana,2010,29.9
dss,uso-internet,HTI,Haití,2010,8.369999886
dss,uso-internet,HND,Honduras,2010,11.09
dss,uso-internet,CYM,Islas Caimán,2010,66
dss,uso-internet,VGB,Islas Vírgenes Británicas,2010,37
dss,uso-internet,VIR,Islas Vírgenes de los Estados Unidos,2010,31.22
dss,uso-internet,JAM,Jamaica,2010,27.67
dss,uso-internet,MEX,México,2010,31.05
dss,uso-internet,NIC,Nicaragua,2010,10
dss,uso-internet,PAN,Panamá,2010,40.1
dss,uso-internet,PRY,Paraguay,2010,19.8
dss,uso-internet,PER,Perú,2010,34.77
dss,uso-internet,PRI,Puerto Rico,2010,45.3
dss,uso-internet,DOM,República Dominicana,2010,31.39999962
dss,uso-internet,KNA,San Cristóbal y Nieves,2010,63
dss,uso-internet,VCT,San Vicente y las Granadinas,2010,33.70000076
dss,uso-internet,LCA,Santa Lucía,2010,32.5
dss,uso-internet,SUR,Surinam,2010,31.59
dss,uso-internet,TTO,Trinidad y Tobago,2010,48.5
dss,uso-internet,URY,Uruguay,2010,46.4
dss,uso-internet,VEN,Venezuela,2010,37.37
dss,uso-internet,ATG,Antigua y Barbuda,2011,52
dss,uso-internet,ARG,Argentina,2011,51
dss,uso-internet,ABW,Aruba,2011,69
dss,uso-internet,BHS,Bahamas,2011,65
dss,uso-internet,BRB,Barbados,2011,66.5
dss,uso-internet,BLZ,Belice,2011,30.700000760000002
dss,uso-internet,BMU,Bermudas,2011,88.336
dss,uso-internet,BOL,Bolivia,2011,30
dss,uso-internet,BRA,Brasil,2011,45.69
dss,uso-internet,CAN,Canadá,2011,83
dss,uso-internet,CHL,Chile,2011,52.2496072877744
dss,uso-internet,COL,Colombia,2011,40.3509157546318
dss,uso-internet,CRI,Costa Rica,2011,39.2121959961842
dss,uso-internet,CUB,Cuba,2011,16.0172907996413
dss,uso-internet,DMA,Dominica,2011,48.59999847
dss,uso-internet,ECU,Ecuador,2011,31.3668083587433
dss,uso-internet,SLV,El Salvador,2011,18.89999962
dss,uso-internet,USA,Estados Unidos,2011,69.7294607619268
dss,uso-internet,GRD,Granada,2011,30
dss,uso-internet,GRL,Groenlandia,2011,64
dss,uso-internet,GTM,Guatemala,2011,12.30000019
dss,uso-internet,GUY,Guyana,2011,30
dss,uso-internet,HTI,Haití,2011,9
dss,uso-internet,HND,Honduras,2011,15.9
dss,uso-internet,CYM,Islas Caimán,2011,69.46594499
dss,uso-internet,VGB,Islas Vírgenes Británicas,2011,37.4
dss,uso-internet,VIR,Islas Vírgenes de los Estados Unidos,2011,35.6
dss,uso-internet,JAM,Jamaica,2011,37.438613414848
dss,uso-internet,MEX,México,2011,37.1762954125184
dss,uso-internet,NIC,Nicaragua,2011,10.6
dss,uso-internet,PAN,Panamá,2011,42.7
dss,uso-internet,PRY,Paraguay,2011,24.7635158793993
dss,uso-internet,PER,Perú,2011,36.01
dss,uso-internet,PRI,Puerto Rico,2011,48
dss,uso-internet,DOM,República Dominicana,2011,38
dss,uso-internet,KNA,San Cristóbal y Nieves,2011,63.20000076
dss,uso-internet,VCT,San Vicente y las Granadinas,2011,36.70000076
dss,uso-internet,LCA,Santa Lucía,2011,34
dss,uso-internet,SUR,Surinam,2011,32
dss,uso-internet,TTO,Trinidad y Tobago,2011,55.2
dss,uso-internet,URY,Uruguay,2011,51.4046610563616
dss,uso-internet,VEN,Venezuela,2011,40.22
dss,uso-internet,ATG,Antigua y Barbuda,2012,58
dss,uso-internet,ARG,Argentina,2012,55.79999924
dss,uso-internet,ABW,Aruba,2012,74
dss,uso-internet,BHS,Bahamas,2012,71.74819946
dss,uso-internet,BRB,Barbados,2012,71.19999695
dss,uso-internet,BLZ,Belice,2012,31
dss,uso-internet,BMU,Bermudas,2012,91.2993045243401
dss,uso-internet,BOL,Bolivia,2012,35.34
dss,uso-internet,BRA,Brasil,2012,48.56
dss,uso-internet,CAN,Canadá,2012,83
dss,uso-internet,CHL,Chile,2012,55.04999924
dss,uso-internet,COL,Colombia,2012,48.98
dss,uso-internet,CRI,Costa Rica,2012,47.5
dss,uso-internet,CUB,Cuba,2012,21.200000760000002
dss,uso-internet,DMA,Dominica,2012,49.79999924
dss,uso-internet,ECU,Ecuador,2012,35.1351464545516
dss,uso-internet,SLV,El Salvador,2012,20.3213877242007
dss,uso-internet,USA,Estados Unidos,2012,74.7
dss,uso-internet,GRD,Granada,2012,32
dss,uso-internet,GRL,Groenlandia,2012,64.8960100995989
dss,uso-internet,GTM,Guatemala,2012,16
dss,uso-internet,GUY,Guyana,2012,30.5
dss,uso-internet,HTI,Haití,2012,9.800000191
dss,uso-internet,HND,Honduras,2012,18.12
dss,uso-internet,CYM,Islas Caimán,2012,69.7
dss,uso-internet,VGB,Islas Vírgenes Británicas,2012,37.6
dss,uso-internet,VIR,Islas Vírgenes de los Estados Unidos,2012,40.5479
dss,uso-internet,JAM,Jamaica,2012,33.79
dss,uso-internet,MEX,México,2012,39.75
dss,uso-internet,NIC,Nicaragua,2012,13.5
dss,uso-internet,PAN,Panamá,2012,40.3018952210488
dss,uso-internet,PRY,Paraguay,2012,29.34
dss,uso-internet,PER,Perú,2012,38.2
dss,uso-internet,PRI,Puerto Rico,2012,68.9999826014151
dss,uso-internet,DOM,República Dominicana,2012,42.32
dss,uso-internet,KNA,San Cristóbal y Nieves,2012,64
dss,uso-internet,VCT,San Vicente y las Granadinas,2012,40
dss,uso-internet,LCA,Santa Lucía,2012,45.865
dss,uso-internet,SUR,Surinam,2012,34.68119812
dss,uso-internet,TTO,Trinidad y Tobago,2012,57.5
dss,uso-internet,URY,Uruguay,2012,54.453768680746
dss,uso-internet,VEN,Venezuela,2012,49.0500830729861
dss,uso-internet,ATG,Antigua y Barbuda,2013,63.40000153
dss,uso-internet,ARG,Argentina,2013,59.90000153
dss,uso-internet,ABW,Aruba,2013,78.9
dss,uso-internet,BHS,Bahamas,2013,72
dss,uso-internet,BRB,Barbados,2013,71.80000305
dss,uso-internet,BLZ,Belice,2013,33.59999847
dss,uso-internet,BMU,Bermudas,2013,95.3
dss,uso-internet,BOL,Bolivia,2013,36.99
dss,uso-internet,BRA,Brasil,2013,51.04
dss,uso-internet,CAN,Canadá,2013,85.80000305
dss,uso-internet,CHL,Chile,2013,58
dss,uso-internet,COL,Colombia,2013,51.7
dss,uso-internet,CRI,Costa Rica,2013,45.96
dss,uso-internet,CUB,Cuba,2013,27.93
dss,uso-internet,DMA,Dominica,2013,51
dss,uso-internet,ECU,Ecuador,2013,40.279121941
dss,uso-internet,SLV,El Salvador,2013,23.1093
dss,uso-internet,USA,Estados Unidos,2013,71.4
dss,uso-internet,GRD,Granada,2013,35
dss,uso-internet,GRL,Groenlandia,2013,65.8
dss,uso-internet,GTM,Guatemala,2013,19.700000760000002
dss,uso-internet,GUY,Guyana,2013,31
dss,uso-internet,HTI,Haití,2013,10.600000380000001
dss,uso-internet,HND,Honduras,2013,17.8
dss,uso-internet,CYM,Islas Caimán,2013,71.4
dss,uso-internet,VIR,Islas Vírgenes de los Estados Unidos,2013,45.3
dss,uso-internet,JAM,Jamaica,2013,37.1
dss,uso-internet,MEX,México,2013,43.46
dss,uso-internet,NIC,Nicaragua,2013,15.5
dss,uso-internet,PAN,Panamá,2013,44.03
dss,uso-internet,PRY,Paraguay,2013,36.9
dss,uso-internet,PER,Perú,2013,39.2
dss,uso-internet,PRI,Puerto Rico,2013,68.999990004
dss,uso-internet,DOM,República Dominicana,2013,45.9
dss,uso-internet,KNA,San Cristóbal y Nieves,2013,64.59999847
dss,uso-internet,VCT,San Vicente y las Granadinas,2013,43.5
dss,uso-internet,LCA,Santa Lucía,2013,49.3871994
dss,uso-internet,SUR,Surinam,2013,37.40000153
dss,uso-internet,TTO,Trinidad y Tobago,2013,59.90000153
dss,uso-internet,URY,Uruguay,2013,57.69
dss,uso-internet,VEN,Venezuela,2013,54.90000153
dss,uso-internet,ATG,Antigua y Barbuda,2014,67.77999878
dss,uso-internet,ARG,Argentina,2014,64.69999695
dss,uso-internet,ABW,Aruba,2014,83.78
dss,uso-internet,BHS,Bahamas,2014,76.91999817
dss,uso-internet,BRB,Barbados,2014,71.92459869
dss,uso-internet,BLZ,Belice,2014,38.70000076
dss,uso-internet,BMU,Bermudas,2014,96.8
dss,uso-internet,BOL,Bolivia,2014,34.6016202324676
dss,uso-internet,BRA,Brasil,2014,54.5510018796392
dss,uso-internet,CAN,Canadá,2014,87.12000275
dss,uso-internet,CHL,Chile,2014,61.11000061
dss,uso-internet,COL,Colombia,2014,52.568136539247
dss,uso-internet,CRI,Costa Rica,2014,53
dss,uso-internet,CUB,Cuba,2014,29.0701843656523
dss,uso-internet,DMA,Dominica,2014,57.5
dss,uso-internet,ECU,Ecuador,2014,45.5903906666095
dss,uso-internet,SLV,El Salvador,2014,24.7617121459061
dss,uso-internet,USA,Estados Unidos,2014,73
dss,uso-internet,GRD,Granada,2014,51.6
dss,uso-internet,GRL,Groenlandia,2014,66.7
dss,uso-internet,GTM,Guatemala,2014,23.39999962
dss,uso-internet,GUY,Guyana,2014,32
dss,uso-internet,HTI,Haití,2014,11.399999619999999
dss,uso-internet,HND,Honduras,2014,23
dss,uso-internet,CYM,Islas Caimán,2014,74.1
dss,uso-internet,VIR,Islas Vírgenes de los Estados Unidos,2014,50.07
dss,uso-internet,JAM,Jamaica,2014,40.4027351046672
dss,uso-internet,MEX,México,2014,44.3856962723411
dss,uso-internet,NIC,Nicaragua,2014,17.60000038
dss,uso-internet,PAN,Panamá,2014,44.9238152577893
dss,uso-internet,PRY,Paraguay,2014,43.0073750122614
dss,uso-internet,PER,Perú,2014,40.2446560091704
dss,uso-internet,PRI,Puerto Rico,2014,76.1338597201667
dss,uso-internet,DOM,República Dominicana,2014,49.58000183
dss,uso-internet,KNA,San Cristóbal y Nieves,2014,65.38179779
dss,uso-internet,VCT,San Vicente y las Granadinas,2014,47.4
dss,uso-internet,LCA,Santa Lucía,2014,53.17969894
dss,uso-internet,SUR,Surinam,2014,40.08000183
dss,uso-internet,TTO,Trinidad y Tobago,2014,62.40000153
dss,uso-internet,URY,Uruguay,2014,61.4624951684405
dss,uso-internet,VEN,Venezuela,2014,57
dss,uso-internet,ATG,Antigua y Barbuda,2015,70
dss,uso-internet,ARG,Argentina,2015,68.0430641088122
dss,uso-internet,ABW,Aruba,2015,88.661226932496
dss,uso-internet,BHS,Bahamas,2015,78
dss,uso-internet,BRB,Barbados,2015,72.04940033
dss,uso-internet,BLZ,Belice,2015,41.59000015
dss,uso-internet,BMU,Bermudas,2015,98.3236096537251
dss,uso-internet,BOL,Bolivia,2015,37.4868176324391
dss,uso-internet,BRA,Brasil,2015,58.3279517340924
dss,uso-internet,CAN,Canadá,2015,90
dss,uso-internet,CHL,Chile,2015,76.6295919508796
dss,uso-internet,COL,Colombia,2015,55.9049725142924
dss,uso-internet,CRI,Costa Rica,2015,59.7629501371681
dss,uso-internet,CUB,Cuba,2015,37.3050974155373
dss,uso-internet,DMA,Dominica,2015,65
dss,uso-internet,ECU,Ecuador,2015,48.9404337892669
dss,uso-internet,SLV,El Salvador,2015,26.8026049600572
dss,uso-internet,USA,Estados Unidos,2015,74.5542024462761
dss,uso-internet,GRD,Granada,2015,52.5
dss,uso-internet,GRL,Groenlandia,2015,67.600443481006
dss,uso-internet,GTM,Guatemala,2015,28.80590057
dss,uso-internet,GUY,Guyana,2015,34
dss,uso-internet,HTI,Haití,2015,14.19999981
dss,uso-internet,HND,Honduras,2015,27.1395454833776
dss,uso-internet,CYM,Islas Caimán,2015,77
dss,uso-internet,VIR,Islas Vírgenes de los Estados Unidos,2015,54.839137296
dss,uso-internet,JAM,Jamaica,2015,42.2212211907441
dss,uso-internet,MEX,México,2015,57.4310429923633
dss,uso-internet,NIC,Nicaragua,2015,19.70429993
dss,uso-internet,PAN,Panamá,2015,51.2054249948687
dss,uso-internet,PRY,Paraguay,2015,49.716304663966
dss,uso-internet,PER,Perú,2015,40.8526009090468
dss,uso-internet,PRI,Puerto Rico,2015,63.4663353848474
dss,uso-internet,DOM,República Dominicana,2015,54.2157663369785
dss,uso-internet,KNA,San Cristóbal y Nieves,2015,66.17310333
dss,uso-internet,VCT,San Vicente y las Granadinas,2015,49.40000153
dss,uso-internet,LCA,Santa Lucía,2015,57.26330185
dss,uso-internet,SUR,Surinam,2015,42.76380157
dss,uso-internet,TTO,Trinidad y Tobago,2015,65.09999847
dss,uso-internet,URY,Uruguay,2015,64.5707870971624
dss,uso-internet,VEN,Venezuela,2015,58
dss,uso-internet,ATG,Antigua y Barbuda,2016,70.27159882
dss,uso-internet,ARG,Argentina,2016,70.9689808206024
dss,uso-internet,ABW,Aruba,2016,93.542453865048
dss,uso-internet,BHS,Bahamas,2016,80
dss,uso-internet,BRB,Barbados,2016,71.57299805
dss,uso-internet,BLZ,Belice,2016,44.57569885
dss,uso-internet,BMU,Bermudas,2016,98
dss,uso-internet,BOL,Bolivia,2016,39.69749832
dss,uso-internet,BRA,Brasil,2016,60.8725400681261
dss,uso-internet,CAN,Canadá,2016,91.16000366
dss,uso-internet,CHL,Chile,2016,83.5585860244169
dss,uso-internet,COL,Colombia,2016,58.1364935728703
dss,uso-internet,CRI,Costa Rica,2016,65.8804491942718
dss,uso-internet,CUB,Cuba,2016,42.9786751910106
dss,uso-internet,CUW,Curazao,2016,61.855510740634
dss,uso-internet,DMA,Dominica,2016,67.02999878
dss,uso-internet,ECU,Ecuador,2016,54.0629247288864
dss,uso-internet,SLV,El Salvador,2016,28.99710083
dss,uso-internet,USA,Estados Unidos,2016,85.5444212887222
dss,uso-internet,GRD,Granada,2016,53.29999924
dss,uso-internet,GRL,Groenlandia,2016,68.500873675421
dss,uso-internet,GTM,Guatemala,2016,34.50930023
dss,uso-internet,GUY,Guyana,2016,35.65999985
dss,uso-internet,HTI,Haití,2016,22.799999239999998
dss,uso-internet,HND,Honduras,2016,29.5282180796457
dss,uso-internet,CYM,Islas Caimán,2016,79
dss,uso-internet,VGB,Islas Vírgenes Británicas,2016,77.7014296797074
dss,uso-internet,VIR,Islas Vírgenes de los Estados Unidos,2016,59.60831579895
dss,uso-internet,JAM,Jamaica,2016,44.3668563671334
dss,uso-internet,MEX,México,2016,59.5404459967255
dss,uso-internet,NIC,Nicaragua,2016,24.57180023
dss,uso-internet,PAN,Panamá,2016,54
dss,uso-internet,PRY,Paraguay,2016,53.4041274791009
dss,uso-internet,PER,Perú,2016,45.4617406869459
dss,uso-internet,PRI,Puerto Rico,2016,68.6438071976518
dss,uso-internet,DOM,República Dominicana,2016,63.8708647408206
dss,uso-internet,KNA,San Cristóbal y Nieves,2016,66.97389984
dss,uso-internet,VCT,San Vicente y las Granadinas,2016,51.5
dss,uso-internet,LCA,Santa Lucía,2016,58.22259903
dss,uso-internet,SUR,Surinam,2016,45.40000153
dss,uso-internet,TTO,Trinidad y Tobago,2016,67.80000305
dss,uso-internet,URY,Uruguay,2016,66.40000153
dss,uso-internet,VEN,Venezuela,2016,60
dss,uso-internet,ATG,Antigua y Barbuda,2017,70.54419708
dss,uso-internet,ARG,Argentina,2017,74.2949068657957
dss,uso-internet,ABW,Aruba,2017,97.17
dss,uso-internet,BHS,Bahamas,2017,80.59999847
dss,uso-internet,BRB,Barbados,2017,71.14849854
dss,uso-internet,BLZ,Belice,2017,48.8771019
dss,uso-internet,BMU,Bermudas,2017,98.37
dss,uso-internet,BOL,Bolivia,2017,43.83229828
dss,uso-internet,BRA,Brasil,2017,67.4712845236305
dss,uso-internet,CAN,Canadá,2017,92.70140076
dss,uso-internet,CHL,Chile,2017,82.3274869338464
dss,uso-internet,COL,Colombia,2017,62.2598803162841
dss,uso-internet,CRI,Costa Rica,2017,71.5816646195022
dss,uso-internet,CUB,Cuba,2017,57.1484043170788
dss,uso-internet,CUW,Curazao,2017,68.1272162511339
dss,uso-internet,DMA,Dominica,2017,69.61969757
dss,uso-internet,ECU,Ecuador,2017,55.79999924
dss,uso-internet,SLV,El Salvador,2017,33.8207289048526
dss,uso-internet,USA,Estados Unidos,2017,87.2748891687657
dss,uso-internet,GRD,Granada,2017,54.20000076
dss,uso-internet,GRL,Groenlandia,2017,69.4824617821988
dss,uso-internet,GTM,Guatemala,2017,37.90000153
dss,uso-internet,GUY,Guyana,2017,42.6753006
dss,uso-internet,HTI,Haití,2017,27.200000760000002
dss,uso-internet,HND,Honduras,2017,31.7357924661485
dss,uso-internet,CYM,Islas Caimán,2017,81.0676932508161
dss,uso-internet,VGB,Islas Vírgenes Británicas,2017,77.7042682926829
dss,uso-internet,VIR,Islas Vírgenes de los Estados Unidos,2017,64.3774942980087
dss,uso-internet,JAM,Jamaica,2017,55.0720670507751
dss,uso-internet,MEX,México,2017,53.0317886110982
dss,uso-internet,NIC,Nicaragua,2017,30.39999962
dss,uso-internet,PAN,Panamá,2017,59.9506309038683
dss,uso-internet,PRY,Paraguay,2017,61.0757562215797
dss,uso-internet,PER,Perú,2017,50.4504121848143
dss,uso-internet,PRI,Puerto Rico,2017,68.7407731407209
dss,uso-internet,DOM,República Dominicana,2017,67.5712453277737
dss,uso-internet,KNA,San Cristóbal y Nieves,2017,67.78440094
dss,uso-internet,VCT,San Vicente y las Granadinas,2017,53.70000076
dss,uso-internet,LCA,Santa Lucía,2017,59.16009903
dss,uso-internet,SUR,Surinam,2017,48.94520187
dss,uso-internet,TTO,Trinidad y Tobago,2017,70.59999847
dss,uso-internet,URY,Uruguay,2017,70.3223543994698
dss,uso-internet,ATG,Antigua y Barbuda,2018,70.81790161
dss,uso-internet,ARG,Argentina,2018,77.7
dss,uso-internet,BHS,Bahamas,2018,83
dss,uso-internet,BRB,Barbados,2018,70.72650146
dss,uso-internet,BLZ,Belice,2018,53.59360123
dss,uso-internet,BOL,Bolivia,2018,44.2861422024283
dss,uso-internet,BRA,Brasil,2018,70.4342825404361
dss,uso-internet,CAN,Canadá,2018,94.64
dss,uso-internet,CHL,Chile,2018,84.90000153
dss,uso-internet,COL,Colombia,2018,64.1263768204459
dss,uso-internet,CRI,Costa Rica,2018,73.4797284369906
dss,uso-internet,CUB,Cuba,2018,62.6789236230601
dss,uso-internet,ECU,Ecuador,2018,57.5
dss,uso-internet,SLV,El Salvador,2018,43.79999924
dss,uso-internet,USA,Estados Unidos,2018,88.498903165152
dss,uso-internet,GRD,Granada,2018,61.42459869
dss,uso-internet,GTM,Guatemala,2018,41.5
dss,uso-internet,GUY,Guyana,2018,48.59889984
dss,uso-internet,HTI,Haití,2018,32.4736271300557
dss,uso-internet,HND,Honduras,2018,36.0400608231468
dss,uso-internet,JAM,Jamaica,2018,68.2145170876072
dss,uso-internet,MEX,México,2018,56.6595667981289
dss,uso-internet,NIC,Nicaragua,2018,33.9129982
dss,uso-internet,PAN,Panamá,2018,61.8055313202468
dss,uso-internet,PRY,Paraguay,2018,64.9935430235756
dss,uso-internet,PER,Perú,2018,55.0543342443197
dss,uso-internet,PRI,Puerto Rico,2018,70.8563997424362
dss,uso-internet,DOM,República Dominicana,2018,74.8220483597284
dss,uso-internet,KNA,San Cristóbal y Nieves,2018,68.60479736
dss,uso-internet,VCT,San Vicente y las Granadinas,2018,56
dss,uso-internet,LCA,Santa Lucía,2018,60.11259842
dss,uso-internet,SUR,Surinam,2018,55.10210037
dss,uso-internet,TTO,Trinidad y Tobago,2018,72.76029968
dss,uso-internet,URY,Uruguay,2018,80.7268428795854
dss,uso-internet,ATG,Antigua y Barbuda,2019,71.09259796
dss,uso-internet,ARG,Argentina,2019,79.9469520347551
dss,uso-internet,BHS,Bahamas,2019,90.69329834
dss,uso-internet,BRB,Barbados,2019,70.30709839
dss,uso-internet,BLZ,Belice,2019,58.76520157
dss,uso-internet,BOL,Bolivia,2019,47.4748191121692
dss,uso-internet,BRA,Brasil,2019,73.9124399133589
dss,uso-internet,CAN,Canadá,2019,91.91290283
dss,uso-internet,CHL,Chile,2019,85.01760101
dss,uso-internet,COL,Colombia,2019,65.0069007159493
dss,uso-internet,CRI,Costa Rica,2019,81.2025964435269
dss,uso-internet,CUB,Cuba,2019,67.9708086565152
dss,uso-internet,DMA,Dominica,2019,73.38200378
dss,uso-internet,ECU,Ecuador,2019,59.2
dss,uso-internet,SLV,El Salvador,2019,50.4911940673888
dss,uso-internet,USA,Estados Unidos,2019,89.4302848575712
dss,uso-internet,GRD,Granada,2019,64.31279755
dss,uso-internet,GTM,Guatemala,2019,44.401049838502
dss,uso-internet,GUY,Guyana,2019,55.31269836
dss,uso-internet,HTI,Haití,2019,35.76409912
dss,uso-internet,HND,Honduras,2019,39.3883521850111
dss,uso-internet,JAM,Jamaica,2019,70.8410169743356
dss,uso-internet,MEX,México,2019,69.6321092705209
dss,uso-internet,NIC,Nicaragua,2019,39.01079941
dss,uso-internet,PAN,Panamá,2019,63.6284147731451
dss,uso-internet,PRY,Paraguay,2019,68.5176284222264
dss,uso-internet,PER,Perú,2019,59.9505036049006
dss,uso-internet,PRI,Puerto Rico,2019,77.7364393708352
dss,uso-internet,DOM,República Dominicana,2019,79.71549988
dss,uso-internet,KNA,San Cristóbal y Nieves,2019,69.43499756
dss,uso-internet,VCT,San Vicente y las Granadinas,2019,59.57630157
dss,uso-internet,LCA,Santa Lucía,2019,61.08050156
dss,uso-internet,SUR,Surinam,2019,62.03350067
dss,uso-internet,TTO,Trinidad y Tobago,2019,74.98670197
dss,uso-internet,URY,Uruguay,2019,83.3515337667548
dss,uso-internet,VEN,Venezuela,2019,49.05009842
dss,uso-internet,ATG,Antigua y Barbuda,2020,71.36840057
dss,uso-internet,ARG,Argentina,2020,85.51438646
dss,uso-internet,BHS,Bahamas,2020,92.4437027
dss,uso-internet,BRB,Barbados,2020,69.89009857
dss,uso-internet,BLZ,Belice,2020,64.43589783
dss,uso-internet,BOL,Bolivia,2020,59.94010155
dss,uso-internet,BRA,Brasil,2020,81.34269353
dss,uso-internet,CAN,Canadá,2020,92.3
dss,uso-internet,CHL,Chile,2020,87.45929718
dss,uso-internet,COL,Colombia,2020,69.79533474
dss,uso-internet,CRI,Costa Rica,2020,80.530186079999993
dss,uso-internet,CUB,Cuba,2020,71.11907507
dss,uso-internet,DMA,Dominica,2020,75.65670013
dss,uso-internet,ECU,Ecuador,2020,70.7
dss,uso-internet,SLV,El Salvador,2020,54.60136976
dss,uso-internet,USA,Estados Unidos,2020,90.34470367
dss,uso-internet,GRD,Granada,2020,65.65380096
dss,uso-internet,GTM,Guatemala,2020,47.51229858
dss,uso-internet,GUY,Guyana,2020,62.95399857
dss,uso-internet,HTI,Haití,2020,39.38809967
dss,uso-internet,HND,Honduras,2020,45.24829865
dss,uso-internet,JAM,Jamaica,2020,76.38400269
dss,uso-internet,MEX,México,2020,71.49017499
dss,uso-internet,NIC,Nicaragua,2020,44.87490082
dss,uso-internet,PAN,Panamá,2020,64.82430267
dss,uso-internet,PRY,Paraguay,2020,73.95751114
dss,uso-internet,PER,Perú,2020,65.25179796
dss,uso-internet,DOM,República Dominicana,2020,81.61730194
dss,uso-internet,KNA,San Cristóbal y Nieves,2020,70.27529907
dss,uso-internet,VCT,San Vicente y las Granadinas,2020,63.38100052
dss,uso-internet,LCA,Santa Lucía,2020,62.06399918
dss,uso-internet,TTO,Trinidad y Tobago,2020,77.28130341
dss,uso-internet,URY,Uruguay,2020,85.47100067
dss,uso-internet,VEN,Venezuela,2020,72.44110107
dss,uso-internet,ATG,Antigua y Barbuda,2021,71.64530182
dss,uso-internet,ARG,Argentina,2021,87.15070683
dss,uso-internet,BHS,Bahamas,2021,92.34980011
dss,uso-internet,BRB,Barbados,2021,69.4756012
dss,uso-internet,BLZ,Belice,2021,70.65370178
dss,uso-internet,BOL,Bolivia,2021,65.9773785
dss,uso-internet,BRA,Brasil,2021,80.68989314
dss,uso-internet,CAN,Canadá,2021,93.93710327
dss,uso-internet,CHL,Chile,2021,90.23280334
dss,uso-internet,COL,Colombia,2021,73.02837449
dss,uso-internet,CRI,Costa Rica,2021,82.74901607
dss,uso-internet,CUB,Cuba,2021,67.64354869
dss,uso-internet,DMA,Dominica,2021,78.07949829
dss,uso-internet,ECU,Ecuador,2021,69.1147995
dss,uso-internet,SLV,El Salvador,2021,57.26380157
dss,uso-internet,USA,Estados Unidos,2021,91.2684021
dss,uso-internet,GRD,Granada,2021,67.02279663
dss,uso-internet,GTM,Guatemala,2021,50.84164945
dss,uso-internet,GUY,Guyana,2021,71.65090179
dss,uso-internet,HTI,Haití,2021,43.37919998
dss,uso-internet,HND,Honduras,2021,51.95159912
dss,uso-internet,JAM,Jamaica,2021,82.36071561
dss,uso-internet,MEX,México,2021,75.62650476
dss,uso-internet,NIC,Nicaragua,2021,51.62039948
dss,uso-internet,PAN,Panamá,2021,66.04270172
dss,uso-internet,PRY,Paraguay,2021,77.01838621
dss,uso-internet,PER,Perú,2021,71.10782643
dss,uso-internet,PRI,Puerto Rico,2021,84.78666399
dss,uso-internet,DOM,República Dominicana,2021,85.24298638
dss,uso-internet,KNA,San Cristóbal y Nieves,2021,74.37159729
dss,uso-internet,VCT,San Vicente y las Granadinas,2021,68.83339691
dss,uso-internet,LCA,Santa Lucía,2021,63.06330109
dss,uso-internet,TTO,Trinidad y Tobago,2021,84.36576986
dss,uso-internet,URY,Uruguay,2021,87.64440155
dss,uso-internet,VEN,Venezuela,2021,74.11219788
dss,uso-internet,ATG,Antigua y Barbuda,2022,71.9233017
dss,uso-internet,ARG,Argentina,2022,88.37535691
dss,uso-internet,BHS,Bahamas,2022,92.2559967
dss,uso-internet,BRB,Barbados,2022,69.06359863
dss,uso-internet,BLZ,Belice,2022,69.98329926
dss,uso-internet,BOL,Bolivia,2022,72.62270355
dss,uso-internet,BRA,Brasil,2022,80.52775094
dss,uso-internet,CAN,Canadá,2022,94
dss,uso-internet,CHL,Chile,2022,92.31819916
dss,uso-internet,COL,Colombia,2022,72.79637855
dss,uso-internet,CRI,Costa Rica,2022,82.59801121
dss,uso-internet,CUB,Cuba,2022,67.88410187
dss,uso-internet,DMA,Dominica,2022,80.57980347
dss,uso-internet,ECU,Ecuador,2022,69.71811356
dss,uso-internet,SLV,El Salvador,2022,60.05609894
dss,uso-internet,USA,Estados Unidos,2022,92.72850037
dss,uso-internet,GRD,Granada,2022,68.42030334
dss,uso-internet,GTM,Guatemala,2022,54.40430069
dss,uso-internet,GUY,Guyana,2022,76.56240082
dss,uso-internet,HTI,Haití,2022,47.77470016
dss,uso-internet,HND,Honduras,2022,56.88069916
dss,uso-internet,JAM,Jamaica,2022,85.84329987
dss,uso-internet,MEX,México,2022,78.63217894
dss,uso-internet,NIC,Nicaragua,2022,59.38000107
dss,uso-internet,PAN,Panamá,2022,67.2838974
dss,uso-internet,PRY,Paraguay,2022,76.25916611
dss,uso-internet,PER,Perú,2022,74.67495213
dss,uso-internet,PRI,Puerto Rico,2022,87.29178106
dss,uso-internet,DOM,República Dominicana,2022,81.51269675
dss,uso-internet,KNA,San Cristóbal y Nieves,2022,75.76229858
dss,uso-internet,VCT,San Vicente y las Granadinas,2022,74.75479889
dss,uso-internet,LCA,Santa Lucía,2022,66.95159912
dss,uso-internet,TTO,Trinidad y Tobago,2022,81.69760132
dss,uso-internet,URY,Uruguay,2022,89.87304314
dss,uso-internet,VEN,Venezuela,2022,75.82180023
dss,uso-internet,ATG,Antigua y Barbuda,2023,72.12409973
dss,uso-internet,ARG,Argentina,2023,89.22897166
dss,uso-internet,BHS,Bahamas,2023,92.38729858
dss,uso-internet,BRB,Barbados,2023,69.67510223
dss,uso-internet,BLZ,Belice,2023,70.18720245
dss,uso-internet,BOL,Bolivia,2023,77.30039978
dss,uso-internet,BRA,Brasil,2023,84.15060238
dss,uso-internet,CAN,Canadá,2023,94.14530182
dss,uso-internet,CHL,Chile,2023,94.45742345
dss,uso-internet,COL,Colombia,2023,77.33686322
dss,uso-internet,CRI,Costa Rica,2023,85.39514799
dss,uso-internet,CUB,Cuba,2023,69.55580139
dss,uso-internet,DMA,Dominica,2023,81.33650208
dss,uso-internet,ECU,Ecuador,2023,72.6943146
dss,uso-internet,SLV,El Salvador,2023,62.61989975
dss,uso-internet,USA,Estados Unidos,2023,93.52559662
dss,uso-internet,GRD,Granada,2023,69.4131012
dss,uso-internet,GTM,Guatemala,2023,56.72669983
dss,uso-internet,GUY,Guyana,2023,79.3553009
dss,uso-internet,HTI,Haití,2023,47.99269867
dss,uso-internet,HND,Honduras,2023,58.0685997
dss,uso-internet,JAM,Jamaica,2023,89.47304282
dss,uso-internet,MEX,México,2023,81.18318755
dss,uso-internet,NIC,Nicaragua,2023,60.30120087
dss,uso-internet,PAN,Panamá,2023,68.54851592
dss,uso-internet,PRY,Paraguay,2023,78.09481878
dss,uso-internet,PER,Perú,2023,79.48484477
dss,uso-internet,DOM,República Dominicana,2023,86.12689972
dss,uso-internet,KNA,San Cristóbal y Nieves,2023,76.58950043
dss,uso-internet,VCT,San Vicente y las Granadinas,2023,75.53679657
dss,uso-internet,LCA,Santa Lucía,2023,67.44390106
dss,uso-internet,SUR,Surinam,2023,87.4
dss,uso-internet,TTO,Trinidad y Tobago,2023,81.9681015
dss,uso-internet,URY,Uruguay,2023,90.92590332
dss,uso-internet,VEN,Venezuela,2023,76.33190155
dss,uso-internet,ATG,Antigua y Barbuda,2024,72.73040009
dss,uso-internet,ARG,Argentina,2024,89.66715228
dss,uso-internet,BHS,Bahamas,2024,92.47270203
dss,uso-internet,BRB,Barbados,2024,70.36470032
dss,uso-internet,BLZ,Belice,2024,80.00582262
dss,uso-internet,BOL,Bolivia,2024,79.70469666
dss,uso-internet,BRA,Brasil,2024,84.46347227
dss,uso-internet,CAN,Canadá,2024,94.353302
dss,uso-internet,CHL,Chile,2024,95.590243
dss,uso-internet,COL,Colombia,2024,79.34543299
dss,uso-internet,CRI,Costa Rica,2024,87.17019653
dss,uso-internet,CUB,Cuba,2024,70.47699738
dss,uso-internet,DMA,Dominica,2024,82.04689789
dss,uso-internet,ECU,Ecuador,2024,77.17273115
dss,uso-internet,SLV,El Salvador,2024,66.47769928
dss,uso-internet,USA,Estados Unidos,2024,94.69380188
dss,uso-internet,GRD,Granada,2024,70.16159821
dss,uso-internet,GTM,Guatemala,2024,60.22140121
dss,uso-internet,GUY,Guyana,2024,83.00080109
dss,uso-internet,HTI,Haití,2024,47.8614006
dss,uso-internet,HND,Honduras,2024,58.62269974
dss,uso-internet,JAM,Jamaica,2024,90.10870361
dss,uso-internet,MEX,México,2024,83.12233799
dss,uso-internet,NIC,Nicaragua,2024,61.39550018
dss,uso-internet,PAN,Panamá,2024,72.77149963
dss,uso-internet,PRY,Paraguay,2024,81.57806793
dss,uso-internet,PER,Perú,2024,81.95705992
dss,uso-internet,DOM,República Dominicana,2024,91.0022446
dss,uso-internet,KNA,San Cristóbal y Nieves,2024,76.88400269
dss,uso-internet,VCT,San Vicente y las Granadinas,2024,76.19010162
dss,uso-internet,LCA,Santa Lucía,2024,68.20500183
dss,uso-internet,TTO,Trinidad y Tobago,2024,82.15989685
dss,uso-internet,URY,Uruguay,2024,91.99109007
dss,uso-internet,VEN,Venezuela,2024,76.67890167
priorizado,razon-mortalidad-materna,AIA,Anguila,2000,0.19
priorizado,razon-mortalidad-materna,ARG,Argentina,2000,49
priorizado,razon-mortalidad-materna,ABW,Aruba,2000,6.2
priorizado,razon-mortalidad-materna,BHS,Bahamas,2000,57
priorizado,razon-mortalidad-materna,BRB,Barbados,2000,1.1
priorizado,razon-mortalidad-materna,BLZ,Belice,2000,113
priorizado,razon-mortalidad-materna,BMU,Bermudas,2000,0
priorizado,razon-mortalidad-materna,BRA,Brasil,2000,49
priorizado,razon-mortalidad-materna,CAN,Canadá,2000,8
priorizado,razon-mortalidad-materna,CHL,Chile,2000,33
priorizado,razon-mortalidad-materna,COL,Colombia,2000,70
priorizado,razon-mortalidad-materna,CRI,Costa Rica,2000,25
priorizado,razon-mortalidad-materna,CUB,Cuba,2000,23
priorizado,razon-mortalidad-materna,DMA,Dominica,2000,4.4
priorizado,razon-mortalidad-materna,ECU,Ecuador,2000,124
priorizado,razon-mortalidad-materna,SLV,El Salvador,2000,58
priorizado,razon-mortalidad-materna,GRD,Granada,2000,0
priorizado,razon-mortalidad-materna,GRL,Groenlandia,2000,192
priorizado,razon-mortalidad-materna,GTM,Guatemala,2000,28
priorizado,razon-mortalidad-materna,GUY,Guyana,2000,148
priorizado,razon-mortalidad-materna,HTI,Haití,2000,576
priorizado,razon-mortalidad-materna,HND,Honduras,2000,280
priorizado,razon-mortalidad-materna,CYM,Islas Caimán,2000,13
priorizado,razon-mortalidad-materna,VGB,Islas Vírgenes Británicas,2000,4.9
priorizado,razon-mortalidad-materna,JAM,Jamaica,2000,12
priorizado,razon-mortalidad-materna,MSR,Montserrat,2000,0
priorizado,razon-mortalidad-materna,MEX,México,2000,37
priorizado,razon-mortalidad-materna,NIC,Nicaragua,2000,125
priorizado,razon-mortalidad-materna,PAN,Panamá,2000,71
priorizado,razon-mortalidad-materna,PRY,Paraguay,2000,98
priorizado,razon-mortalidad-materna,PER,Perú,2000,367
priorizado,razon-mortalidad-materna,PRI,Puerto Rico,2000,9.8
priorizado,razon-mortalidad-materna,DOM,República Dominicana,2000,145
priorizado,razon-mortalidad-materna,SUR,Surinam,2000,50
priorizado,razon-mortalidad-materna,URY,Uruguay,2000,33
priorizado,razon-mortalidad-materna,AIA,Anguila,2001,0
priorizado,razon-mortalidad-materna,ARG,Argentina,2001,46
priorizado,razon-mortalidad-materna,ABW,Aruba,2001,6.5
priorizado,razon-mortalidad-materna,BHS,Bahamas,2001,39
priorizado,razon-mortalidad-materna,BRB,Barbados,2001,2.3
priorizado,razon-mortalidad-materna,BLZ,Belice,2001,131
priorizado,razon-mortalidad-materna,BMU,Bermudas,2001,0
priorizado,razon-mortalidad-materna,BRA,Brasil,2001,46
priorizado,razon-mortalidad-materna,CAN,Canadá,2001,8
priorizado,razon-mortalidad-materna,CHL,Chile,2001,31
priorizado,razon-mortalidad-materna,COL,Colombia,2001,64
priorizado,razon-mortalidad-materna,CRI,Costa Rica,2001,26
priorizado,razon-mortalidad-materna,CUB,Cuba,2001,16
priorizado,razon-mortalidad-materna,DMA,Dominica,2001,5.4
priorizado,razon-mortalidad-materna,ECU,Ecuador,2001,103
priorizado,razon-mortalidad-materna,SLV,El Salvador,2001,53
priorizado,razon-mortalidad-materna,GRD,Granada,2001,0.69
priorizado,razon-mortalidad-materna,GRL,Groenlandia,2001,194
priorizado,razon-mortalidad-materna,GTM,Guatemala,2001,23
priorizado,razon-mortalidad-materna,GUY,Guyana,2001,134
priorizado,razon-mortalidad-materna,HTI,Haití,2001,576
priorizado,razon-mortalidad-materna,HND,Honduras,2001,200
priorizado,razon-mortalidad-materna,CYM,Islas Caimán,2001,2.4
priorizado,razon-mortalidad-materna,VGB,Islas Vírgenes Británicas,2001,4.8
priorizado,razon-mortalidad-materna,JAM,Jamaica,2001,11
priorizado,razon-mortalidad-materna,MSR,Montserrat,2001,0
priorizado,razon-mortalidad-materna,MEX,México,2001,36
priorizado,razon-mortalidad-materna,NIC,Nicaragua,2001,120
priorizado,razon-mortalidad-materna,PAN,Panamá,2001,99
priorizado,razon-mortalidad-materna,PRY,Paraguay,2001,96
priorizado,razon-mortalidad-materna,PER,Perú,2001,327
priorizado,razon-mortalidad-materna,PRI,Puerto Rico,2001,6.4
priorizado,razon-mortalidad-materna,DOM,República Dominicana,2001,124
priorizado,razon-mortalidad-materna,SUR,Surinam,2001,38
priorizado,razon-mortalidad-materna,URY,Uruguay,2001,34
priorizado,razon-mortalidad-materna,AIA,Anguila,2002,0
priorizado,razon-mortalidad-materna,ARG,Argentina,2002,45
priorizado,razon-mortalidad-materna,ABW,Aruba,2002,6.8
priorizado,razon-mortalidad-materna,BHS,Bahamas,2002,25
priorizado,razon-mortalidad-materna,BRB,Barbados,2002,1.9
priorizado,razon-mortalidad-materna,BLZ,Belice,2002,119
priorizado,razon-mortalidad-materna,BMU,Bermudas,2002,0
priorizado,razon-mortalidad-materna,BRA,Brasil,2002,50
priorizado,razon-mortalidad-materna,CAN,Canadá,2002,7.3
priorizado,razon-mortalidad-materna,CHL,Chile,2002,24
priorizado,razon-mortalidad-materna,COL,Colombia,2002,59
priorizado,razon-mortalidad-materna,CRI,Costa Rica,2002,21
priorizado,razon-mortalidad-materna,CUB,Cuba,2002,15
priorizado,razon-mortalidad-materna,DMA,Dominica,2002,2.9
priorizado,razon-mortalidad-materna,ECU,Ecuador,2002,95
priorizado,razon-mortalidad-materna,SLV,El Salvador,2002,52
priorizado,razon-mortalidad-materna,GRD,Granada,2002,0.92
priorizado,razon-mortalidad-materna,GRL,Groenlandia,2002,196
priorizado,razon-mortalidad-materna,GTM,Guatemala,2002,27
priorizado,razon-mortalidad-materna,GUY,Guyana,2002,173
priorizado,razon-mortalidad-materna,HTI,Haití,2002,571
priorizado,razon-mortalidad-materna,HND,Honduras,2002,161
priorizado,razon-mortalidad-materna,CYM,Islas Caimán,2002,0
priorizado,razon-mortalidad-materna,VGB,Islas Vírgenes Británicas,2002,4.7
priorizado,razon-mortalidad-materna,JAM,Jamaica,2002,8.9
priorizado,razon-mortalidad-materna,MSR,Montserrat,2002,0
priorizado,razon-mortalidad-materna,MEX,México,2002,33
priorizado,razon-mortalidad-materna,NIC,Nicaragua,2002,98
priorizado,razon-mortalidad-materna,PAN,Panamá,2002,87
priorizado,razon-mortalidad-materna,PRY,Paraguay,2002,91
priorizado,razon-mortalidad-materna,PER,Perú,2002,295
priorizado,razon-mortalidad-materna,PRI,Puerto Rico,2002,6.5
priorizado,razon-mortalidad-materna,DOM,República Dominicana,2002,100
priorizado,razon-mortalidad-materna,SUR,Surinam,2002,44
priorizado,razon-mortalidad-materna,URY,Uruguay,2002,26
priorizado,razon-mortalidad-materna,AIA,Anguila,2003,0
priorizado,razon-mortalidad-materna,ARG,Argentina,2003,41
priorizado,razon-mortalidad-materna,ABW,Aruba,2003,7.1
priorizado,razon-mortalidad-materna,BHS,Bahamas,2003,19
priorizado,razon-mortalidad-materna,BRB,Barbados,2003,3.3
priorizado,razon-mortalidad-materna,BLZ,Belice,2003,80
priorizado,razon-mortalidad-materna,BMU,Bermudas,2003,4.7
priorizado,razon-mortalidad-materna,BRA,Brasil,2003,51
priorizado,razon-mortalidad-materna,CAN,Canadá,2003,6.9
priorizado,razon-mortalidad-materna,CHL,Chile,2003,21
priorizado,razon-mortalidad-materna,COL,Colombia,2003,56
priorizado,razon-mortalidad-materna,CRI,Costa Rica,2003,21
priorizado,razon-mortalidad-materna,CUB,Cuba,2003,13
priorizado,razon-mortalidad-materna,DMA,Dominica,2003,7.6
priorizado,razon-mortalidad-materna,ECU,Ecuador,2003,105
priorizado,razon-mortalidad-materna,SLV,El Salvador,2003,43
priorizado,razon-mortalidad-materna,GRD,Granada,2003,1.8
priorizado,razon-mortalidad-materna,GRL,Groenlandia,2003,198
priorizado,razon-mortalidad-materna,GTM,Guatemala,2003,24
priorizado,razon-mortalidad-materna,GUY,Guyana,2003,171
priorizado,razon-mortalidad-materna,HTI,Haití,2003,562
priorizado,razon-mortalidad-materna,HND,Honduras,2003,133
priorizado,razon-mortalidad-materna,CYM,Islas Caimán,2003,0
priorizado,razon-mortalidad-materna,VGB,Islas Vírgenes Británicas,2003,4.5
priorizado,razon-mortalidad-materna,JAM,Jamaica,2003,9.5
priorizado,razon-mortalidad-materna,MSR,Montserrat,2003,22
priorizado,razon-mortalidad-materna,MEX,México,2003,34
priorizado,razon-mortalidad-materna,NIC,Nicaragua,2003,102
priorizado,razon-mortalidad-materna,PAN,Panamá,2003,85
priorizado,razon-mortalidad-materna,PRY,Paraguay,2003,92
priorizado,razon-mortalidad-materna,PER,Perú,2003,245
priorizado,razon-mortalidad-materna,PRI,Puerto Rico,2003,5.6
priorizado,razon-mortalidad-materna,DOM,República Dominicana,2003,113
priorizado,razon-mortalidad-materna,SUR,Surinam,2003,44
priorizado,razon-mortalidad-materna,URY,Uruguay,2003,31
priorizado,razon-mortalidad-materna,AIA,Anguila,2004,0
priorizado,razon-mortalidad-materna,ARG,Argentina,2004,42
priorizado,razon-mortalidad-materna,ABW,Aruba,2004,7.3
priorizado,razon-mortalidad-materna,BHS,Bahamas,2004,25
priorizado,razon-mortalidad-materna,BRB,Barbados,2004,7.1
priorizado,razon-mortalidad-materna,BLZ,Belice,2004,61
priorizado,razon-mortalidad-materna,BMU,Bermudas,2004,9.6
priorizado,razon-mortalidad-materna,BRA,Brasil,2004,52
priorizado,razon-mortalidad-materna,CAN,Canadá,2004,6.4
priorizado,razon-mortalidad-materna,CHL,Chile,2004,24
priorizado,razon-mortalidad-materna,COL,Colombia,2004,51
priorizado,razon-mortalidad-materna,CRI,Costa Rica,2004,26
priorizado,razon-mortalidad-materna,CUB,Cuba,2004,11
priorizado,razon-mortalidad-materna,DMA,Dominica,2004,8.7
priorizado,razon-mortalidad-materna,ECU,Ecuador,2004,93
priorizado,razon-mortalidad-materna,SLV,El Salvador,2004,41
priorizado,razon-mortalidad-materna,GRD,Granada,2004,1.8
priorizado,razon-mortalidad-materna,GRL,Groenlandia,2004,200
priorizado,razon-mortalidad-materna,GTM,Guatemala,2004,29
priorizado,razon-mortalidad-materna,GUY,Guyana,2004,152
priorizado,razon-mortalidad-materna,HTI,Haití,2004,549
priorizado,razon-mortalidad-materna,HND,Honduras,2004,108
priorizado,razon-mortalidad-materna,CYM,Islas Caimán,2004,2.2
priorizado,razon-mortalidad-materna,VGB,Islas Vírgenes Británicas,2004,8.7
priorizado,razon-mortalidad-materna,JAM,Jamaica,2004,8.7
priorizado,razon-mortalidad-materna,MSR,Montserrat,2004,0
priorizado,razon-mortalidad-materna,MEX,México,2004,26
priorizado,razon-mortalidad-materna,NIC,Nicaragua,2004,94
priorizado,razon-mortalidad-materna,PAN,Panamá,2004,86
priorizado,razon-mortalidad-materna,PRY,Paraguay,2004,88
priorizado,razon-mortalidad-materna,PER,Perú,2004,240
priorizado,razon-mortalidad-materna,PRI,Puerto Rico,2004,5.7
priorizado,razon-mortalidad-materna,DOM,República Dominicana,2004,103
priorizado,razon-mortalidad-materna,SUR,Surinam,2004,38
priorizado,razon-mortalidad-materna,URY,Uruguay,2004,34
priorizado,razon-mortalidad-materna,AIA,Anguila,2005,0.65
priorizado,razon-mortalidad-materna,ARG,Argentina,2005,38
priorizado,razon-mortalidad-materna,ABW,Aruba,2005,7.6
priorizado,razon-mortalidad-materna,BHS,Bahamas,2005,21
priorizado,razon-mortalidad-materna,BRB,Barbados,2005,3.5
priorizado,razon-mortalidad-materna,BLZ,Belice,2005,70
priorizado,razon-mortalidad-materna,BMU,Bermudas,2005,6.9
priorizado,razon-mortalidad-materna,BRA,Brasil,2005,48
priorizado,razon-mortalidad-materna,CAN,Canadá,2005,6.3
priorizado,razon-mortalidad-materna,CHL,Chile,2005,22
priorizado,razon-mortalidad-materna,COL,Colombia,2005,44
priorizado,razon-mortalidad-materna,CRI,Costa Rica,2005,19
priorizado,razon-mortalidad-materna,CUB,Cuba,2005,10
priorizado,razon-mortalidad-materna,DMA,Dominica,2005,9.7
priorizado,razon-mortalidad-materna,ECU,Ecuador,2005,62
priorizado,razon-mortalidad-materna,SLV,El Salvador,2005,50
priorizado,razon-mortalidad-materna,GRD,Granada,2005,1.9
priorizado,razon-mortalidad-materna,GRL,Groenlandia,2005,202
priorizado,razon-mortalidad-materna,GTM,Guatemala,2005,33
priorizado,razon-mortalidad-materna,GUY,Guyana,2005,151
priorizado,razon-mortalidad-materna,HTI,Haití,2005,532
priorizado,razon-mortalidad-materna,HND,Honduras,2005,92
priorizado,razon-mortalidad-materna,CYM,Islas Caimán,2005,0.97
priorizado,razon-mortalidad-materna,VGB,Islas Vírgenes Británicas,2005,0
priorizado,razon-mortalidad-materna,JAM,Jamaica,2005,6.4
priorizado,razon-mortalidad-materna,MSR,Montserrat,2005,22
priorizado,razon-mortalidad-materna,MEX,México,2005,31
priorizado,razon-mortalidad-materna,NIC,Nicaragua,2005,77
priorizado,razon-mortalidad-materna,PAN,Panamá,2005,79
priorizado,razon-mortalidad-materna,PRY,Paraguay,2005,77
priorizado,razon-mortalidad-materna,PER,Perú,2005,228
priorizado,razon-mortalidad-materna,PRI,Puerto Rico,2005,5
priorizado,razon-mortalidad-materna,DOM,República Dominicana,2005,108
priorizado,razon-mortalidad-materna,SUR,Surinam,2005,42
priorizado,razon-mortalidad-materna,URY,Uruguay,2005,28
priorizado,razon-mortalidad-materna,AIA,Anguila,2006,0
priorizado,razon-mortalidad-materna,ARG,Argentina,2006,34
priorizado,razon-mortalidad-materna,ABW,Aruba,2006,7.9
priorizado,razon-mortalidad-materna,BHS,Bahamas,2006,25
priorizado,razon-mortalidad-materna,BRB,Barbados,2006,1.9
priorizado,razon-mortalidad-materna,BLZ,Belice,2006,55
priorizado,razon-mortalidad-materna,BMU,Bermudas,2006,4.8
priorizado,razon-mortalidad-materna,BRA,Brasil,2006,44
priorizado,razon-mortalidad-materna,CAN,Canadá,2006,6
priorizado,razon-mortalidad-materna,CHL,Chile,2006,21
priorizado,razon-mortalidad-materna,COL,Colombia,2006,45
priorizado,razon-mortalidad-materna,CRI,Costa Rica,2006,17
priorizado,razon-mortalidad-materna,CUB,Cuba,2006,10
priorizado,razon-mortalidad-materna,DMA,Dominica,2006,28
priorizado,razon-mortalidad-materna,ECU,Ecuador,2006,60
priorizado,razon-mortalidad-materna,SLV,El Salvador,2006,44
priorizado,razon-mortalidad-materna,GRD,Granada,2006,0.91
priorizado,razon-mortalidad-materna,GRL,Groenlandia,2006,204
priorizado,razon-mortalidad-materna,GTM,Guatemala,2006,31
priorizado,razon-mortalidad-materna,GUY,Guyana,2006,163
priorizado,razon-mortalidad-materna,HTI,Haití,2006,514
priorizado,razon-mortalidad-materna,HND,Honduras,2006,84
priorizado,razon-mortalidad-materna,CYM,Islas Caimán,2006,0
priorizado,razon-mortalidad-materna,VGB,Islas Vírgenes Británicas,2006,0
priorizado,razon-mortalidad-materna,JAM,Jamaica,2006,6.4
priorizado,razon-mortalidad-materna,MSR,Montserrat,2006,0
priorizado,razon-mortalidad-materna,MEX,México,2006,29
priorizado,razon-mortalidad-materna,NIC,Nicaragua,2006,75
priorizado,razon-mortalidad-materna,PAN,Panamá,2006,76
priorizado,razon-mortalidad-materna,PRY,Paraguay,2006,82
priorizado,razon-mortalidad-materna,PER,Perú,2006,218
priorizado,razon-mortalidad-materna,PRI,Puerto Rico,2006,4.9
priorizado,razon-mortalidad-materna,DOM,República Dominicana,2006,92
priorizado,razon-mortalidad-materna,SUR,Surinam,2006,45
priorizado,razon-mortalidad-materna,URY,Uruguay,2006,25
priorizado,razon-mortalidad-materna,AIA,Anguila,2007,0
priorizado,razon-mortalidad-materna,ARG,Argentina,2007,35
priorizado,razon-mortalidad-materna,ABW,Aruba,2007,8.2
priorizado,razon-mortalidad-materna,BHS,Bahamas,2007,19
priorizado,razon-mortalidad-materna,BRB,Barbados,2007,5.9
priorizado,razon-mortalidad-materna,BLZ,Belice,2007,38
priorizado,razon-mortalidad-materna,BMU,Bermudas,2007,4.1
priorizado,razon-mortalidad-materna,BRA,Brasil,2007,44
priorizado,razon-mortalidad-materna,CAN,Canadá,2007,5.8
priorizado,razon-mortalidad-materna,CHL,Chile,2007,20
priorizado,razon-mortalidad-materna,COL,Colombia,2007,43
priorizado,razon-mortalidad-materna,CRI,Costa Rica,2007,18
priorizado,razon-mortalidad-materna,CUB,Cuba,2007,9.8
priorizado,razon-mortalidad-materna,DMA,Dominica,2007,4.4
priorizado,razon-mortalidad-materna,ECU,Ecuador,2007,60
priorizado,razon-mortalidad-materna,SLV,El Salvador,2007,43
priorizado,razon-mortalidad-materna,GRD,Granada,2007,2.7
priorizado,razon-mortalidad-materna,GRL,Groenlandia,2007,206
priorizado,razon-mortalidad-materna,GTM,Guatemala,2007,26
priorizado,razon-mortalidad-materna,GUY,Guyana,2007,133
priorizado,razon-mortalidad-materna,HTI,Haití,2007,488
priorizado,razon-mortalidad-materna,HND,Honduras,2007,69
priorizado,razon-mortalidad-materna,CYM,Islas Caimán,2007,2
priorizado,razon-mortalidad-materna,VGB,Islas Vírgenes Británicas,2007,0
priorizado,razon-mortalidad-materna,JAM,Jamaica,2007,6.8
priorizado,razon-mortalidad-materna,MSR,Montserrat,2007,43
priorizado,razon-mortalidad-materna,MEX,México,2007,28
priorizado,razon-mortalidad-materna,NIC,Nicaragua,2007,80
priorizado,razon-mortalidad-materna,PAN,Panamá,2007,72
priorizado,razon-mortalidad-materna,PRY,Paraguay,2007,72
priorizado,razon-mortalidad-materna,PER,Perú,2007,194
priorizado,razon-mortalidad-materna,PRI,Puerto Rico,2007,4.2
priorizado,razon-mortalidad-materna,DOM,República Dominicana,2007,78
priorizado,razon-mortalidad-materna,SUR,Surinam,2007,43
priorizado,razon-mortalidad-materna,URY,Uruguay,2007,26
priorizado,razon-mortalidad-materna,AIA,Anguila,2008,0.93
priorizado,razon-mortalidad-materna,ARG,Argentina,2008,31
priorizado,razon-mortalidad-materna,ABW,Aruba,2008,8.4
priorizado,razon-mortalidad-materna,BHS,Bahamas,2008,20
priorizado,razon-mortalidad-materna,BRB,Barbados,2008,1.1
priorizado,razon-mortalidad-materna,BLZ,Belice,2008,50
priorizado,razon-mortalidad-materna,BMU,Bermudas,2008,3.3
priorizado,razon-mortalidad-materna,BRA,Brasil,2008,44
priorizado,razon-mortalidad-materna,CAN,Canadá,2008,5.9
priorizado,razon-mortalidad-materna,CHL,Chile,2008,20
priorizado,razon-mortalidad-materna,COL,Colombia,2008,43
priorizado,razon-mortalidad-materna,CRI,Costa Rica,2008,16
priorizado,razon-mortalidad-materna,CUB,Cuba,2008,10
priorizado,razon-mortalidad-materna,DMA,Dominica,2008,19
priorizado,razon-mortalidad-materna,ECU,Ecuador,2008,56
priorizado,razon-mortalidad-materna,SLV,El Salvador,2008,43
priorizado,razon-mortalidad-materna,GRD,Granada,2008,4.5
priorizado,razon-mortalidad-materna,GRL,Groenlandia,2008,208
priorizado,razon-mortalidad-materna,GTM,Guatemala,2008,26
priorizado,razon-mortalidad-materna,GUY,Guyana,2008,143
priorizado,razon-mortalidad-materna,HTI,Haití,2008,456
priorizado,razon-mortalidad-materna,HND,Honduras,2008,67
priorizado,razon-mortalidad-materna,CYM,Islas Caimán,2008,2
priorizado,razon-mortalidad-materna,VGB,Islas Vírgenes Británicas,2008,1.2
priorizado,razon-mortalidad-materna,JAM,Jamaica,2008,6.6
priorizado,razon-mortalidad-materna,MSR,Montserrat,2008,29
priorizado,razon-mortalidad-materna,MEX,México,2008,28
priorizado,razon-mortalidad-materna,NIC,Nicaragua,2008,76
priorizado,razon-mortalidad-materna,PAN,Panamá,2008,71
priorizado,razon-mortalidad-materna,PRY,Paraguay,2008,67
priorizado,razon-mortalidad-materna,PER,Perú,2008,182
priorizado,razon-mortalidad-materna,PRI,Puerto Rico,2008,3.9
priorizado,razon-mortalidad-materna,DOM,República Dominicana,2008,75
priorizado,razon-mortalidad-materna,SUR,Surinam,2008,34
priorizado,razon-mortalidad-materna,URY,Uruguay,2008,29
priorizado,razon-mortalidad-materna,AIA,Anguila,2009,1
priorizado,razon-mortalidad-materna,ARG,Argentina,2009,25
priorizado,razon-mortalidad-materna,ABW,Aruba,2009,8.7
priorizado,razon-mortalidad-materna,BHS,Bahamas,2009,18
priorizado,razon-mortalidad-materna,BRB,Barbados,2009,0.73
priorizado,razon-mortalidad-materna,BLZ,Belice,2009,48
priorizado,razon-mortalidad-materna,BMU,Bermudas,2009,2.5
priorizado,razon-mortalidad-materna,BRA,Brasil,2009,43
priorizado,razon-mortalidad-materna,CAN,Canadá,2009,5.7
priorizado,razon-mortalidad-materna,CHL,Chile,2009,19
priorizado,razon-mortalidad-materna,COL,Colombia,2009,41
priorizado,razon-mortalidad-materna,CRI,Costa Rica,2009,14
priorizado,razon-mortalidad-materna,CUB,Cuba,2009,8.6
priorizado,razon-mortalidad-materna,DMA,Dominica,2009,5.8
priorizado,razon-mortalidad-materna,ECU,Ecuador,2009,51
priorizado,razon-mortalidad-materna,SLV,El Salvador,2009,40
priorizado,razon-mortalidad-materna,GRD,Granada,2009,4.5
priorizado,razon-mortalidad-materna,GRL,Groenlandia,2009,161
priorizado,razon-mortalidad-materna,GTM,Guatemala,2009,23
priorizado,razon-mortalidad-materna,GUY,Guyana,2009,164
priorizado,razon-mortalidad-materna,HTI,Haití,2009,428
priorizado,razon-mortalidad-materna,HND,Honduras,2009,66
priorizado,razon-mortalidad-materna,CYM,Islas Caimán,2009,3.8
priorizado,razon-mortalidad-materna,VGB,Islas Vírgenes Británicas,2009,2.4
priorizado,razon-mortalidad-materna,JAM,Jamaica,2009,8.4
priorizado,razon-mortalidad-materna,MSR,Montserrat,2009,14
priorizado,razon-mortalidad-materna,MEX,México,2009,27
priorizado,razon-mortalidad-materna,NIC,Nicaragua,2009,69
priorizado,razon-mortalidad-materna,PAN,Panamá,2009,64
priorizado,razon-mortalidad-materna,PRY,Paraguay,2009,67
priorizado,razon-mortalidad-materna,PER,Perú,2009,171
priorizado,razon-mortalidad-materna,PRI,Puerto Rico,2009,2.6
priorizado,razon-mortalidad-materna,DOM,República Dominicana,2009,70
priorizado,razon-mortalidad-materna,SUR,Surinam,2009,55
priorizado,razon-mortalidad-materna,URY,Uruguay,2009,29
priorizado,razon-mortalidad-materna,AIA,Anguila,2010,7.5
priorizado,razon-mortalidad-materna,ARG,Argentina,2010,24
priorizado,razon-mortalidad-materna,ABW,Aruba,2010,6
priorizado,razon-mortalidad-materna,BHS,Bahamas,2010,12
priorizado,razon-mortalidad-materna,BRB,Barbados,2010,2.2
priorizado,razon-mortalidad-materna,BLZ,Belice,2010,75
priorizado,razon-mortalidad-materna,BMU,Bermudas,2010,1.6
priorizado,razon-mortalidad-materna,BRA,Brasil,2010,42
priorizado,razon-mortalidad-materna,CAN,Canadá,2010,4.9
priorizado,razon-mortalidad-materna,CHL,Chile,2010,19
priorizado,razon-mortalidad-materna,COL,Colombia,2010,40
priorizado,razon-mortalidad-materna,CRI,Costa Rica,2010,15
priorizado,razon-mortalidad-materna,CUB,Cuba,2010,9.8
priorizado,razon-mortalidad-materna,CUW,Curazao,2010,3.2
priorizado,razon-mortalidad-materna,DMA,Dominica,2010,12
priorizado,razon-mortalidad-materna,ECU,Ecuador,2010,49
priorizado,razon-mortalidad-materna,SLV,El Salvador,2010,39
priorizado,razon-mortalidad-materna,GRD,Granada,2010,3.6
priorizado,razon-mortalidad-materna,GRL,Groenlandia,2010,286
priorizado,razon-mortalidad-materna,GTM,Guatemala,2010,26
priorizado,razon-mortalidad-materna,GUY,Guyana,2010,150
priorizado,razon-mortalidad-materna,HTI,Haití,2010,407
priorizado,razon-mortalidad-materna,HND,Honduras,2010,62
priorizado,razon-mortalidad-materna,CYM,Islas Caimán,2010,7.4
priorizado,razon-mortalidad-materna,VGB,Islas Vírgenes Británicas,2010,3.6
priorizado,razon-mortalidad-materna,JAM,Jamaica,2010,7.6
priorizado,razon-mortalidad-materna,MSR,Montserrat,2010,0
priorizado,razon-mortalidad-materna,MEX,México,2010,28
priorizado,razon-mortalidad-materna,NIC,Nicaragua,2010,70
priorizado,razon-mortalidad-materna,PAN,Panamá,2010,62
priorizado,razon-mortalidad-materna,PRY,Paraguay,2010,62
priorizado,razon-mortalidad-materna,PER,Perú,2010,159
priorizado,razon-mortalidad-materna,PRI,Puerto Rico,2010,3.2
priorizado,razon-mortalidad-materna,DOM,República Dominicana,2010,61
priorizado,razon-mortalidad-materna,SUR,Surinam,2010,57
priorizado,razon-mortalidad-materna,URY,Uruguay,2010,28
priorizado,razon-mortalidad-materna,AIA,Anguila,2011,0
priorizado,razon-mortalidad-materna,ARG,Argentina,2011,31
priorizado,razon-mortalidad-materna,ABW,Aruba,2011,7.9
priorizado,razon-mortalidad-materna,BHS,Bahamas,2011,15
priorizado,razon-mortalidad-materna,BRB,Barbados,2011,0
priorizado,razon-mortalidad-materna,BLZ,Belice,2011,36
priorizado,razon-mortalidad-materna,BMU,Bermudas,2011,1.6
priorizado,razon-mortalidad-materna,BRA,Brasil,2011,42
priorizado,razon-mortalidad-materna,CAN,Canadá,2011,5
priorizado,razon-mortalidad-materna,CHL,Chile,2011,19
priorizado,razon-mortalidad-materna,COL,Colombia,2011,40
priorizado,razon-mortalidad-materna,CRI,Costa Rica,2011,15
priorizado,razon-mortalidad-materna,CUB,Cuba,2011,9.3
priorizado,razon-mortalidad-materna,CUW,Curazao,2011,0.63
priorizado,razon-mortalidad-materna,DMA,Dominica,2011,2.9
priorizado,razon-mortalidad-materna,ECU,Ecuador,2011,50
priorizado,razon-mortalidad-materna,SLV,El Salvador,2011,43
priorizado,razon-mortalidad-materna,GRD,Granada,2011,1.8
priorizado,razon-mortalidad-materna,GRL,Groenlandia,2011,283
priorizado,razon-mortalidad-materna,GTM,Guatemala,2011,23
priorizado,razon-mortalidad-materna,GUY,Guyana,2011,145
priorizado,razon-mortalidad-materna,HTI,Haití,2011,389
priorizado,razon-mortalidad-materna,HND,Honduras,2011,66
priorizado,razon-mortalidad-materna,CYM,Islas Caimán,2011,3.6
priorizado,razon-mortalidad-materna,VGB,Islas Vírgenes Británicas,2011,0
priorizado,razon-mortalidad-materna,JAM,Jamaica,2011,5.9
priorizado,razon-mortalidad-materna,MSR,Montserrat,2011,0
priorizado,razon-mortalidad-materna,MEX,México,2011,27
priorizado,razon-mortalidad-materna,NIC,Nicaragua,2011,74
priorizado,razon-mortalidad-materna,PAN,Panamá,2011,64
priorizado,razon-mortalidad-materna,PRY,Paraguay,2011,62
priorizado,razon-mortalidad-materna,PER,Perú,2011,155
priorizado,razon-mortalidad-materna,PRI,Puerto Rico,2011,2
priorizado,razon-mortalidad-materna,DOM,República Dominicana,2011,64
priorizado,razon-mortalidad-materna,SUR,Surinam,2011,35
priorizado,razon-mortalidad-materna,URY,Uruguay,2011,32
priorizado,razon-mortalidad-materna,AIA,Anguila,2012,0
priorizado,razon-mortalidad-materna,ARG,Argentina,2012,27
priorizado,razon-mortalidad-materna,ABW,Aruba,2012,28
priorizado,razon-mortalidad-materna,BHS,Bahamas,2012,12
priorizado,razon-mortalidad-materna,BRB,Barbados,2012,1.4
priorizado,razon-mortalidad-materna,BLZ,Belice,2012,40
priorizado,razon-mortalidad-materna,BMU,Bermudas,2012,4.7
priorizado,razon-mortalidad-materna,BRA,Brasil,2012,42
priorizado,razon-mortalidad-materna,CAN,Canadá,2012,5.6
priorizado,razon-mortalidad-materna,CHL,Chile,2012,18
priorizado,razon-mortalidad-materna,COL,Colombia,2012,39
priorizado,razon-mortalidad-materna,CRI,Costa Rica,2012,14
priorizado,razon-mortalidad-materna,CUB,Cuba,2012,8.3
priorizado,razon-mortalidad-materna,CUW,Curazao,2012,0.62
priorizado,razon-mortalidad-materna,DMA,Dominica,2012,10
priorizado,razon-mortalidad-materna,ECU,Ecuador,2012,51
priorizado,razon-mortalidad-materna,SLV,El Salvador,2012,46
priorizado,razon-mortalidad-materna,GRD,Granada,2012,0.89
priorizado,razon-mortalidad-materna,GRL,Groenlandia,2012,203
priorizado,razon-mortalidad-materna,GTM,Guatemala,2012,26
priorizado,razon-mortalidad-materna,GUY,Guyana,2012,148
priorizado,razon-mortalidad-materna,HTI,Haití,2012,372
priorizado,razon-mortalidad-materna,HND,Honduras,2012,59
priorizado,razon-mortalidad-materna,CYM,Islas Caimán,2012,11
priorizado,razon-mortalidad-materna,VGB,Islas Vírgenes Británicas,2012,0
priorizado,razon-mortalidad-materna,JAM,Jamaica,2012,5
priorizado,razon-mortalidad-materna,MSR,Montserrat,2012,0
priorizado,razon-mortalidad-materna,MEX,México,2012,26
priorizado,razon-mortalidad-materna,NIC,Nicaragua,2012,74
priorizado,razon-mortalidad-materna,PAN,Panamá,2012,58
priorizado,razon-mortalidad-materna,PRY,Paraguay,2012,62
priorizado,razon-mortalidad-materna,PER,Perú,2012,143
priorizado,razon-mortalidad-materna,PRI,Puerto Rico,2012,2.8
priorizado,razon-mortalidad-materna,DOM,República Dominicana,2012,61
priorizado,razon-mortalidad-materna,SUR,Surinam,2012,35
priorizado,razon-mortalidad-materna,URY,Uruguay,2012,31
priorizado,razon-mortalidad-materna,AIA,Anguila,2013,0
priorizado,razon-mortalidad-materna,ARG,Argentina,2013,27
priorizado,razon-mortalidad-materna,ABW,Aruba,2013,11
priorizado,razon-mortalidad-materna,BHS,Bahamas,2013,12
priorizado,razon-mortalidad-materna,BRB,Barbados,2013,1.4
priorizado,razon-mortalidad-materna,BLZ,Belice,2013,55
priorizado,razon-mortalidad-materna,BMU,Bermudas,2013,0
priorizado,razon-mortalidad-materna,BRA,Brasil,2013,42
priorizado,razon-mortalidad-materna,CAN,Canadá,2013,5.4
priorizado,razon-mortalidad-materna,CHL,Chile,2013,18
priorizado,razon-mortalidad-materna,COL,Colombia,2013,36
priorizado,razon-mortalidad-materna,CRI,Costa Rica,2013,12
priorizado,razon-mortalidad-materna,CUB,Cuba,2013,8.4
priorizado,razon-mortalidad-materna,CUW,Curazao,2013,1.2
priorizado,razon-mortalidad-materna,DMA,Dominica,2013,4.3
priorizado,razon-mortalidad-materna,ECU,Ecuador,2013,47
priorizado,razon-mortalidad-materna,SLV,El Salvador,2013,48
priorizado,razon-mortalidad-materna,GRD,Granada,2013,2.1
priorizado,razon-mortalidad-materna,GRL,Groenlandia,2013,230
priorizado,razon-mortalidad-materna,GTM,Guatemala,2013,24
priorizado,razon-mortalidad-materna,GUY,Guyana,2013,130
priorizado,razon-mortalidad-materna,HTI,Haití,2013,353
priorizado,razon-mortalidad-materna,HND,Honduras,2013,55
priorizado,razon-mortalidad-materna,CYM,Islas Caimán,2013,8.5
priorizado,razon-mortalidad-materna,VGB,Islas Vírgenes Británicas,2013,3.2
priorizado,razon-mortalidad-materna,JAM,Jamaica,2013,5.1
priorizado,razon-mortalidad-materna,MSR,Montserrat,2013,0
priorizado,razon-mortalidad-materna,MEX,México,2013,26
priorizado,razon-mortalidad-materna,NIC,Nicaragua,2013,70
priorizado,razon-mortalidad-materna,PAN,Panamá,2013,54
priorizado,razon-mortalidad-materna,PRY,Paraguay,2013,56
priorizado,razon-mortalidad-materna,PER,Perú,2013,139
priorizado,razon-mortalidad-materna,PRI,Puerto Rico,2013,1.9
priorizado,razon-mortalidad-materna,DOM,República Dominicana,2013,62
priorizado,razon-mortalidad-materna,SUR,Surinam,2013,37
priorizado,razon-mortalidad-materna,URY,Uruguay,2013,34
priorizado,razon-mortalidad-materna,AIA,Anguila,2014,7.3
priorizado,razon-mortalidad-materna,ARG,Argentina,2014,27
priorizado,razon-mortalidad-materna,ABW,Aruba,2014,1.9
priorizado,razon-mortalidad-materna,BHS,Bahamas,2014,18
priorizado,razon-mortalidad-materna,BRB,Barbados,2014,1.8
priorizado,razon-mortalidad-materna,BLZ,Belice,2014,31
priorizado,razon-mortalidad-materna,BMU,Bermudas,2014,0
priorizado,razon-mortalidad-materna,BRA,Brasil,2014,41
priorizado,razon-mortalidad-materna,CAN,Canadá,2014,5
priorizado,razon-mortalidad-materna,CHL,Chile,2014,17
priorizado,razon-mortalidad-materna,COL,Colombia,2014,34
priorizado,razon-mortalidad-materna,CRI,Costa Rica,2014,13
priorizado,razon-mortalidad-materna,CUB,Cuba,2014,8
priorizado,razon-mortalidad-materna,CUW,Curazao,2014,3
priorizado,razon-mortalidad-materna,DMA,Dominica,2014,1.4
priorizado,razon-mortalidad-materna,ECU,Ecuador,2014,44
priorizado,razon-mortalidad-materna,SLV,El Salvador,2014,48
priorizado,razon-mortalidad-materna,GRD,Granada,2014,0
priorizado,razon-mortalidad-materna,GRL,Groenlandia,2014,206
priorizado,razon-mortalidad-materna,GTM,Guatemala,2014,23
priorizado,razon-mortalidad-materna,GUY,Guyana,2014,100
priorizado,razon-mortalidad-materna,HTI,Haití,2014,336
priorizado,razon-mortalidad-materna,HND,Honduras,2014,49
priorizado,razon-mortalidad-materna,CYM,Islas Caimán,2014,0
priorizado,razon-mortalidad-materna,VGB,Islas Vírgenes Británicas,2014,0
priorizado,razon-mortalidad-materna,JAM,Jamaica,2014,4.4
priorizado,razon-mortalidad-materna,MSR,Montserrat,2014,0
priorizado,razon-mortalidad-materna,MEX,México,2014,25
priorizado,razon-mortalidad-materna,NIC,Nicaragua,2014,65
priorizado,razon-mortalidad-materna,PAN,Panamá,2014,52
priorizado,razon-mortalidad-materna,PRY,Paraguay,2014,54
priorizado,razon-mortalidad-materna,PER,Perú,2014,136
priorizado,razon-mortalidad-materna,PRI,Puerto Rico,2014,1.7
priorizado,razon-mortalidad-materna,DOM,República Dominicana,2014,60
priorizado,razon-mortalidad-materna,SUR,Surinam,2014,37
priorizado,razon-mortalidad-materna,URY,Uruguay,2014,33
priorizado,razon-mortalidad-materna,AIA,Anguila,2015,0
priorizado,razon-mortalidad-materna,ARG,Argentina,2015,28
priorizado,razon-mortalidad-materna,ABW,Aruba,2015,5.8
priorizado,razon-mortalidad-materna,BHS,Bahamas,2015,21
priorizado,razon-mortalidad-materna,BRB,Barbados,2015,0
priorizado,razon-mortalidad-materna,BLZ,Belice,2015,33
priorizado,razon-mortalidad-materna,BMU,Bermudas,2015,0
priorizado,razon-mortalidad-materna,BRA,Brasil,2015,41
priorizado,razon-mortalidad-materna,CAN,Canadá,2015,5.1
priorizado,razon-mortalidad-materna,CHL,Chile,2015,18
priorizado,razon-mortalidad-materna,COL,Colombia,2015,33
priorizado,razon-mortalidad-materna,CRI,Costa Rica,2015,12
priorizado,razon-mortalidad-materna,CUB,Cuba,2015,7.5
priorizado,razon-mortalidad-materna,CUW,Curazao,2015,4.8
priorizado,razon-mortalidad-materna,DMA,Dominica,2015,9.9
priorizado,razon-mortalidad-materna,ECU,Ecuador,2015,42
priorizado,razon-mortalidad-materna,SLV,El Salvador,2015,53
priorizado,razon-mortalidad-materna,GRD,Granada,2015,4.4
priorizado,razon-mortalidad-materna,GRL,Groenlandia,2015,189
priorizado,razon-mortalidad-materna,GTM,Guatemala,2015,23
priorizado,razon-mortalidad-materna,GUY,Guyana,2015,102
priorizado,razon-mortalidad-materna,HTI,Haití,2015,318
priorizado,razon-mortalidad-materna,HND,Honduras,2015,49
priorizado,razon-mortalidad-materna,CYM,Islas Caimán,2015,11
priorizado,razon-mortalidad-materna,VGB,Islas Vírgenes Británicas,2015,0
priorizado,razon-mortalidad-materna,JAM,Jamaica,2015,5.2
priorizado,razon-mortalidad-materna,MSR,Montserrat,2015,0
priorizado,razon-mortalidad-materna,MEX,México,2015,25
priorizado,razon-mortalidad-materna,NIC,Nicaragua,2015,59
priorizado,razon-mortalidad-materna,PAN,Panamá,2015,58
priorizado,razon-mortalidad-materna,PRY,Paraguay,2015,55
priorizado,razon-mortalidad-materna,PER,Perú,2015,131
priorizado,razon-mortalidad-materna,PRI,Puerto Rico,2015,2
priorizado,razon-mortalidad-materna,DOM,República Dominicana,2015,59
priorizado,razon-mortalidad-materna,SUR,Surinam,2015,35
priorizado,razon-mortalidad-materna,URY,Uruguay,2015,33
priorizado,razon-mortalidad-materna,AIA,Anguila,2016,0
priorizado,razon-mortalidad-materna,ARG,Argentina,2016,30
priorizado,razon-mortalidad-materna,ABW,Aruba,2016,7.6
priorizado,razon-mortalidad-materna,BHS,Bahamas,2016,30
priorizado,razon-mortalidad-materna,BRB,Barbados,2016,1.1
priorizado,razon-mortalidad-materna,BLZ,Belice,2016,49
priorizado,razon-mortalidad-materna,BMU,Bermudas,2016,3.2
priorizado,razon-mortalidad-materna,BRA,Brasil,2016,41
priorizado,razon-mortalidad-materna,CAN,Canadá,2016,5.3
priorizado,razon-mortalidad-materna,CHL,Chile,2016,17
priorizado,razon-mortalidad-materna,COL,Colombia,2016,34
priorizado,razon-mortalidad-materna,CRI,Costa Rica,2016,9.6
priorizado,razon-mortalidad-materna,CUB,Cuba,2016,7.3
priorizado,razon-mortalidad-materna,CUW,Curazao,2016,2.4
priorizado,razon-mortalidad-materna,DMA,Dominica,2016,7.2
priorizado,razon-mortalidad-materna,ECU,Ecuador,2016,42
priorizado,razon-mortalidad-materna,SLV,El Salvador,2016,65
priorizado,razon-mortalidad-materna,GRD,Granada,2016,5.2
priorizado,razon-mortalidad-materna,GRL,Groenlandia,2016,134
priorizado,razon-mortalidad-materna,GTM,Guatemala,2016,22
priorizado,razon-mortalidad-materna,GUY,Guyana,2016,101
priorizado,razon-mortalidad-materna,HTI,Haití,2016,297
priorizado,razon-mortalidad-materna,HND,Honduras,2016,48
priorizado,razon-mortalidad-materna,CYM,Islas Caimán,2016,4.8
priorizado,razon-mortalidad-materna,VGB,Islas Vírgenes Británicas,2016,0
priorizado,razon-mortalidad-materna,JAM,Jamaica,2016,5.1
priorizado,razon-mortalidad-materna,MSR,Montserrat,2016,0
priorizado,razon-mortalidad-materna,MEX,México,2016,25
priorizado,razon-mortalidad-materna,NIC,Nicaragua,2016,54
priorizado,razon-mortalidad-materna,PAN,Panamá,2016,61
priorizado,razon-mortalidad-materna,PRY,Paraguay,2016,55
priorizado,razon-mortalidad-materna,PER,Perú,2016,129
priorizado,razon-mortalidad-materna,PRI,Puerto Rico,2016,2.5
priorizado,razon-mortalidad-materna,DOM,República Dominicana,2016,55
priorizado,razon-mortalidad-materna,SUR,Surinam,2016,27
priorizado,razon-mortalidad-materna,URY,Uruguay,2016,32
priorizado,razon-mortalidad-materna,AIA,Anguila,2017,1.8
priorizado,razon-mortalidad-materna,ARG,Argentina,2017,29
priorizado,razon-mortalidad-materna,ABW,Aruba,2017,7.6
priorizado,razon-mortalidad-materna,BHS,Bahamas,2017,17
priorizado,razon-mortalidad-materna,BRB,Barbados,2017,0
priorizado,razon-mortalidad-materna,BLZ,Belice,2017,47
priorizado,razon-mortalidad-materna,BMU,Bermudas,2017,3.1
priorizado,razon-mortalidad-materna,BRA,Brasil,2017,43
priorizado,razon-mortalidad-materna,CAN,Canadá,2017,5.4
priorizado,razon-mortalidad-materna,CHL,Chile,2017,18
priorizado,razon-mortalidad-materna,COL,Colombia,2017,34
priorizado,razon-mortalidad-materna,CRI,Costa Rica,2017,9.6
priorizado,razon-mortalidad-materna,CUB,Cuba,2017,7.6
priorizado,razon-mortalidad-materna,CUW,Curazao,2017,5.3
priorizado,razon-mortalidad-materna,DMA,Dominica,2017,1.5
priorizado,razon-mortalidad-materna,ECU,Ecuador,2017,44
priorizado,razon-mortalidad-materna,SLV,El Salvador,2017,77
priorizado,razon-mortalidad-materna,GRD,Granada,2017,2.6
priorizado,razon-mortalidad-materna,GRL,Groenlandia,2017,130
priorizado,razon-mortalidad-materna,GTM,Guatemala,2017,23
priorizado,razon-mortalidad-materna,GUY,Guyana,2017,90
priorizado,razon-mortalidad-materna,HTI,Haití,2017,276
priorizado,razon-mortalidad-materna,HND,Honduras,2017,46
priorizado,razon-mortalidad-materna,CYM,Islas Caimán,2017,6.2
priorizado,razon-mortalidad-materna,VGB,Islas Vírgenes Británicas,2017,1.4
priorizado,razon-mortalidad-materna,JAM,Jamaica,2017,5.9
priorizado,razon-mortalidad-materna,MSR,Montserrat,2017,0
priorizado,razon-mortalidad-materna,MEX,México,2017,25
priorizado,razon-mortalidad-materna,NIC,Nicaragua,2017,51
priorizado,razon-mortalidad-materna,PAN,Panamá,2017,61
priorizado,razon-mortalidad-materna,PRY,Paraguay,2017,57
priorizado,razon-mortalidad-materna,PER,Perú,2017,128
priorizado,razon-mortalidad-materna,PRI,Puerto Rico,2017,1.5
priorizado,razon-mortalidad-materna,DOM,República Dominicana,2017,50
priorizado,razon-mortalidad-materna,SUR,Surinam,2017,31
priorizado,razon-mortalidad-materna,URY,Uruguay,2017,34
priorizado,razon-mortalidad-materna,AIA,Anguila,2018,0
priorizado,razon-mortalidad-materna,ARG,Argentina,2018,30
priorizado,razon-mortalidad-materna,ABW,Aruba,2018,4.7
priorizado,razon-mortalidad-materna,BHS,Bahamas,2018,15
priorizado,razon-mortalidad-materna,BRB,Barbados,2018,0.36
priorizado,razon-mortalidad-materna,BLZ,Belice,2018,39
priorizado,razon-mortalidad-materna,BMU,Bermudas,2018,3.1
priorizado,razon-mortalidad-materna,BRA,Brasil,2018,45
priorizado,razon-mortalidad-materna,CAN,Canadá,2018,5.3
priorizado,razon-mortalidad-materna,CHL,Chile,2018,19
priorizado,razon-mortalidad-materna,COL,Colombia,2018,34
priorizado,razon-mortalidad-materna,CRI,Costa Rica,2018,10
priorizado,razon-mortalidad-materna,CUB,Cuba,2018,7.6
priorizado,razon-mortalidad-materna,CUW,Curazao,2018,4.1
priorizado,razon-mortalidad-materna,DMA,Dominica,2018,5.9
priorizado,razon-mortalidad-materna,ECU,Ecuador,2018,45
priorizado,razon-mortalidad-materna,SLV,El Salvador,2018,76
priorizado,razon-mortalidad-materna,GRD,Granada,2018,1.7
priorizado,razon-mortalidad-materna,GRL,Groenlandia,2018,111
priorizado,razon-mortalidad-materna,GTM,Guatemala,2018,24
priorizado,razon-mortalidad-materna,GUY,Guyana,2018,85
priorizado,razon-mortalidad-materna,HTI,Haití,2018,256
priorizado,razon-mortalidad-materna,HND,Honduras,2018,45
priorizado,razon-mortalidad-materna,CYM,Islas Caimán,2018,4.5
priorizado,razon-mortalidad-materna,VGB,Islas Vírgenes Británicas,2018,2.9
priorizado,razon-mortalidad-materna,JAM,Jamaica,2018,3.9
priorizado,razon-mortalidad-materna,MSR,Montserrat,2018,0
priorizado,razon-mortalidad-materna,MEX,México,2018,26
priorizado,razon-mortalidad-materna,NIC,Nicaragua,2018,46
priorizado,razon-mortalidad-materna,PAN,Panamá,2018,54
priorizado,razon-mortalidad-materna,PRY,Paraguay,2018,56
priorizado,razon-mortalidad-materna,PER,Perú,2018,132
priorizado,razon-mortalidad-materna,PRI,Puerto Rico,2018,1
priorizado,razon-mortalidad-materna,DOM,República Dominicana,2018,49
priorizado,razon-mortalidad-materna,SUR,Surinam,2018,41
priorizado,razon-mortalidad-materna,URY,Uruguay,2018,36
priorizado,razon-mortalidad-materna,AIA,Anguila,2019,2
priorizado,razon-mortalidad-materna,ARG,Argentina,2019,33
priorizado,razon-mortalidad-materna,ABW,Aruba,2019,1.9
priorizado,razon-mortalidad-materna,BHS,Bahamas,2019,17
priorizado,razon-mortalidad-materna,BRB,Barbados,2019,0
priorizado,razon-mortalidad-materna,BLZ,Belice,2019,35
priorizado,razon-mortalidad-materna,BMU,Bermudas,2019,3.1
priorizado,razon-mortalidad-materna,BRA,Brasil,2019,45
priorizado,razon-mortalidad-materna,CAN,Canadá,2019,5.6
priorizado,razon-mortalidad-materna,CHL,Chile,2019,19
priorizado,razon-mortalidad-materna,COL,Colombia,2019,36
priorizado,razon-mortalidad-materna,CRI,Costa Rica,2019,9.9
priorizado,razon-mortalidad-materna,CUB,Cuba,2019,6.8
priorizado,razon-mortalidad-materna,CUW,Curazao,2019,3.8
priorizado,razon-mortalidad-materna,DMA,Dominica,2019,15
priorizado,razon-mortalidad-materna,ECU,Ecuador,2019,46
priorizado,razon-mortalidad-materna,SLV,El Salvador,2019,63
priorizado,razon-mortalidad-materna,GRD,Granada,2019,2.6
priorizado,razon-mortalidad-materna,GRL,Groenlandia,2019,142
priorizado,razon-mortalidad-materna,GTM,Guatemala,2019,24
priorizado,razon-mortalidad-materna,GUY,Guyana,2019,80
priorizado,razon-mortalidad-materna,HTI,Haití,2019,239
priorizado,razon-mortalidad-materna,HND,Honduras,2019,38
priorizado,razon-mortalidad-materna,CYM,Islas Caimán,2019,5.9
priorizado,razon-mortalidad-materna,VGB,Islas Vírgenes Británicas,2019,2.3
priorizado,razon-mortalidad-materna,JAM,Jamaica,2019,3.5
priorizado,razon-mortalidad-materna,MSR,Montserrat,2019,0
priorizado,razon-mortalidad-materna,MEX,México,2019,26
priorizado,razon-mortalidad-materna,NIC,Nicaragua,2019,49
priorizado,razon-mortalidad-materna,PAN,Panamá,2019,39
priorizado,razon-mortalidad-materna,PRY,Paraguay,2019,60
priorizado,razon-mortalidad-materna,PER,Perú,2019,131
priorizado,razon-mortalidad-materna,PRI,Puerto Rico,2019,1.4
priorizado,razon-mortalidad-materna,DOM,República Dominicana,2019,45
priorizado,razon-mortalidad-materna,SUR,Surinam,2019,31
priorizado,razon-mortalidad-materna,URY,Uruguay,2019,38
priorizado,razon-mortalidad-materna,AIA,Anguila,2020,2.1
priorizado,razon-mortalidad-materna,ARG,Argentina,2020,27
priorizado,razon-mortalidad-materna,ABW,Aruba,2020,0.93
priorizado,razon-mortalidad-materna,BHS,Bahamas,2020,10
priorizado,razon-mortalidad-materna,BRB,Barbados,2020,2.1
priorizado,razon-mortalidad-materna,BLZ,Belice,2020,34
priorizado,razon-mortalidad-materna,BMU,Bermudas,2020,4.7
priorizado,razon-mortalidad-materna,BRA,Brasil,2020,45
priorizado,razon-mortalidad-materna,CAN,Canadá,2020,5.1
priorizado,razon-mortalidad-materna,CHL,Chile,2020,15
priorizado,razon-mortalidad-materna,COL,Colombia,2020,39
priorizado,razon-mortalidad-materna,CRI,Costa Rica,2020,9.7
priorizado,razon-mortalidad-materna,CUB,Cuba,2020,6.2
priorizado,razon-mortalidad-materna,CUW,Curazao,2020,3.5
priorizado,razon-mortalidad-materna,DMA,Dominica,2020,5.2
priorizado,razon-mortalidad-materna,ECU,Ecuador,2020,38
priorizado,razon-mortalidad-materna,SLV,El Salvador,2020,42
priorizado,razon-mortalidad-materna,GRD,Granada,2020,0.86
priorizado,razon-mortalidad-materna,GRL,Groenlandia,2020,166
priorizado,razon-mortalidad-materna,GTM,Guatemala,2020,18
priorizado,razon-mortalidad-materna,GUY,Guyana,2020,59
priorizado,razon-mortalidad-materna,HTI,Haití,2020,223
priorizado,razon-mortalidad-materna,HND,Honduras,2020,38
priorizado,razon-mortalidad-materna,CYM,Islas Caimán,2020,2.9
priorizado,razon-mortalidad-materna,VGB,Islas Vírgenes Británicas,2020,1.7
priorizado,razon-mortalidad-materna,JAM,Jamaica,2020,2.9
priorizado,razon-mortalidad-materna,MSR,Montserrat,2020,0
priorizado,razon-mortalidad-materna,MEX,México,2020,26
priorizado,razon-mortalidad-materna,NIC,Nicaragua,2020,47
priorizado,razon-mortalidad-materna,PAN,Panamá,2020,34
priorizado,razon-mortalidad-materna,PRY,Paraguay,2020,50
priorizado,razon-mortalidad-materna,PER,Perú,2020,128
priorizado,razon-mortalidad-materna,PRI,Puerto Rico,2020,1.1
priorizado,razon-mortalidad-materna,DOM,República Dominicana,2020,46
priorizado,razon-mortalidad-materna,SUR,Surinam,2020,25
priorizado,razon-mortalidad-materna,URY,Uruguay,2020,35
priorizado,razon-mortalidad-materna,AIA,Anguila,2021,0
priorizado,razon-mortalidad-materna,ARG,Argentina,2021,34
priorizado,razon-mortalidad-materna,ABW,Aruba,2021,5.6
priorizado,razon-mortalidad-materna,BHS,Bahamas,2021,14
priorizado,razon-mortalidad-materna,BRB,Barbados,2021,0.35
priorizado,razon-mortalidad-materna,BLZ,Belice,2021,35
priorizado,razon-mortalidad-materna,BMU,Bermudas,2021,3.1
priorizado,razon-mortalidad-materna,BRA,Brasil,2021,47
priorizado,razon-mortalidad-materna,CAN,Canadá,2021,5.4
priorizado,razon-mortalidad-materna,CHL,Chile,2021,17
priorizado,razon-mortalidad-materna,COL,Colombia,2021,41
priorizado,razon-mortalidad-materna,CRI,Costa Rica,2021,9.8
priorizado,razon-mortalidad-materna,CUB,Cuba,2021,5.4
priorizado,razon-mortalidad-materna,CUW,Curazao,2021,3.2
priorizado,razon-mortalidad-materna,DMA,Dominica,2021,0
priorizado,razon-mortalidad-materna,ECU,Ecuador,2021,41
priorizado,razon-mortalidad-materna,SLV,El Salvador,2021,39
priorizado,razon-mortalidad-materna,GRD,Granada,2021,1.7
priorizado,razon-mortalidad-materna,GRL,Groenlandia,2021,76
priorizado,razon-mortalidad-materna,GTM,Guatemala,2021,20
priorizado,razon-mortalidad-materna,GUY,Guyana,2021,66
priorizado,razon-mortalidad-materna,HTI,Haití,2021,209
priorizado,razon-mortalidad-materna,HND,Honduras,2021,38
priorizado,razon-mortalidad-materna,CYM,Islas Caimán,2021,2.9
priorizado,razon-mortalidad-materna,VGB,Islas Vírgenes Británicas,2021,1.2
priorizado,razon-mortalidad-materna,JAM,Jamaica,2021,2.7
priorizado,razon-mortalidad-materna,MSR,Montserrat,2021,0
priorizado,razon-mortalidad-materna,MEX,México,2021,27
priorizado,razon-mortalidad-materna,NIC,Nicaragua,2021,46
priorizado,razon-mortalidad-materna,PAN,Panamá,2021,43
priorizado,razon-mortalidad-materna,PRY,Paraguay,2021,57
priorizado,razon-mortalidad-materna,PER,Perú,2021,137
priorizado,razon-mortalidad-materna,PRI,Puerto Rico,2021,0.69
priorizado,razon-mortalidad-materna,DOM,República Dominicana,2021,47
priorizado,razon-mortalidad-materna,SUR,Surinam,2021,23
priorizado,razon-mortalidad-materna,URY,Uruguay,2021,34
priorizado,razon-mortalidad-materna,AIA,Anguila,2022,7.1
priorizado,razon-mortalidad-materna,ARG,Argentina,2022,35
priorizado,razon-mortalidad-materna,ABW,Aruba,2022,4.6
priorizado,razon-mortalidad-materna,BHS,Bahamas,2022,16
priorizado,razon-mortalidad-materna,BRB,Barbados,2022,1.8
priorizado,razon-mortalidad-materna,BLZ,Belice,2022,35
priorizado,razon-mortalidad-materna,BMU,Bermudas,2022,1.5
priorizado,razon-mortalidad-materna,BRA,Brasil,2022,49
priorizado,razon-mortalidad-materna,CAN,Canadá,2022,5.6
priorizado,razon-mortalidad-materna,CHL,Chile,2022,18
priorizado,razon-mortalidad-materna,COL,Colombia,2022,44
priorizado,razon-mortalidad-materna,CRI,Costa Rica,2022,9.8
priorizado,razon-mortalidad-materna,CUB,Cuba,2022,7.7
priorizado,razon-mortalidad-materna,CUW,Curazao,2022,2.7
priorizado,razon-mortalidad-materna,DMA,Dominica,2022,0
priorizado,razon-mortalidad-materna,ECU,Ecuador,2022,50
priorizado,razon-mortalidad-materna,SLV,El Salvador,2022,51
priorizado,razon-mortalidad-materna,GRD,Granada,2022,0.86
priorizado,razon-mortalidad-materna,GRL,Groenlandia,2022,130
priorizado,razon-mortalidad-materna,GTM,Guatemala,2022,26
priorizado,razon-mortalidad-materna,GUY,Guyana,2022,61
priorizado,razon-mortalidad-materna,HTI,Haití,2022,196
priorizado,razon-mortalidad-materna,HND,Honduras,2022,38
priorizado,razon-mortalidad-materna,CYM,Islas Caimán,2022,8.4
priorizado,razon-mortalidad-materna,VGB,Islas Vírgenes Británicas,2022,0.58
priorizado,razon-mortalidad-materna,JAM,Jamaica,2022,3.9
priorizado,razon-mortalidad-materna,MSR,Montserrat,2022,0
priorizado,razon-mortalidad-materna,MEX,México,2022,27
priorizado,razon-mortalidad-materna,NIC,Nicaragua,2022,45
priorizado,razon-mortalidad-materna,PAN,Panamá,2022,49
priorizado,razon-mortalidad-materna,PRY,Paraguay,2022,67
priorizado,razon-mortalidad-materna,PER,Perú,2022,149
priorizado,razon-mortalidad-materna,PRI,Puerto Rico,2022,0.86
priorizado,razon-mortalidad-materna,DOM,República Dominicana,2022,49
priorizado,razon-mortalidad-materna,SUR,Surinam,2022,32
priorizado,razon-mortalidad-materna,URY,Uruguay,2022,41
priorizado,razon-mortalidad-materna,AIA,Anguila,2023,2.3
priorizado,razon-mortalidad-materna,ARG,Argentina,2023,39
priorizado,razon-mortalidad-materna,ABW,Aruba,2023,3.7
priorizado,razon-mortalidad-materna,BHS,Bahamas,2023,8.8
priorizado,razon-mortalidad-materna,BRB,Barbados,2023,0.71
priorizado,razon-mortalidad-materna,BLZ,Belice,2023,34
priorizado,razon-mortalidad-materna,BMU,Bermudas,2023,3.1
priorizado,razon-mortalidad-materna,BRA,Brasil,2023,49
priorizado,razon-mortalidad-materna,CAN,Canadá,2023,6.2
priorizado,razon-mortalidad-materna,CHL,Chile,2023,20
priorizado,razon-mortalidad-materna,COL,Colombia,2023,46
priorizado,razon-mortalidad-materna,CRI,Costa Rica,2023,9.5
priorizado,razon-mortalidad-materna,CUB,Cuba,2023,8.1
priorizado,razon-mortalidad-materna,CUW,Curazao,2023,2.8
priorizado,razon-mortalidad-materna,DMA,Dominica,2023,6
priorizado,razon-mortalidad-materna,ECU,Ecuador,2023,59
priorizado,razon-mortalidad-materna,SLV,El Salvador,2023,86
priorizado,razon-mortalidad-materna,GRD,Granada,2023,4.3
priorizado,razon-mortalidad-materna,GRL,Groenlandia,2023,110
priorizado,razon-mortalidad-materna,GTM,Guatemala,2023,29
priorizado,razon-mortalidad-materna,GUY,Guyana,2023,66
priorizado,razon-mortalidad-materna,HTI,Haití,2023,185
priorizado,razon-mortalidad-materna,HND,Honduras,2023,38
priorizado,razon-mortalidad-materna,CYM,Islas Caimán,2023,4.1
priorizado,razon-mortalidad-materna,VGB,Islas Vírgenes Británicas,2023,0
priorizado,razon-mortalidad-materna,JAM,Jamaica,2023,4.3
priorizado,razon-mortalidad-materna,MSR,Montserrat,2023,0
priorizado,razon-mortalidad-materna,MEX,México,2023,28
priorizado,razon-mortalidad-materna,NIC,Nicaragua,2023,44
priorizado,razon-mortalidad-materna,PAN,Panamá,2023,61
priorizado,razon-mortalidad-materna,PRY,Paraguay,2023,76
priorizado,razon-mortalidad-materna,PER,Perú,2023,149
priorizado,razon-mortalidad-materna,PRI,Puerto Rico,2023,0.81
priorizado,razon-mortalidad-materna,DOM,República Dominicana,2023,50
priorizado,razon-mortalidad-materna,SUR,Surinam,2023,31
priorizado,razon-mortalidad-materna,URY,Uruguay,2023,45
priorizado,razon-mortalidad-materna,AIA,Anguila,2024,0
priorizado,razon-mortalidad-materna,ARG,Argentina,2024,44
priorizado,razon-mortalidad-materna,ABW,Aruba,2024,8.3
priorizado,razon-mortalidad-materna,BHS,Bahamas,2024,18
priorizado,razon-mortalidad-materna,BRB,Barbados,2024,1
priorizado,razon-mortalidad-materna,BLZ,Belice,2024,34
priorizado,razon-mortalidad-materna,BMU,Bermudas,2024,3.1
priorizado,razon-mortalidad-materna,BRA,Brasil,2024,49
priorizado,razon-mortalidad-materna,CAN,Canadá,2024,6.2
priorizado,razon-mortalidad-materna,CHL,Chile,2024,19
priorizado,razon-mortalidad-materna,COL,Colombia,2024,49
priorizado,razon-mortalidad-materna,CRI,Costa Rica,2024,9.3
priorizado,razon-mortalidad-materna,CUB,Cuba,2024,11
priorizado,razon-mortalidad-materna,CUW,Curazao,2024,2.8
priorizado,razon-mortalidad-materna,DMA,Dominica,2024,4.5
priorizado,razon-mortalidad-materna,ECU,Ecuador,2024,66
priorizado,razon-mortalidad-materna,SLV,El Salvador,2024,116
priorizado,razon-mortalidad-materna,GRD,Granada,2024,1.7
priorizado,razon-mortalidad-materna,GRL,Groenlandia,2024,139
priorizado,razon-mortalidad-materna,GTM,Guatemala,2024,28
priorizado,razon-mortalidad-materna,GUY,Guyana,2024,67
priorizado,razon-mortalidad-materna,HTI,Haití,2024,175
priorizado,razon-mortalidad-materna,HND,Honduras,2024,38
priorizado,razon-mortalidad-materna,CYM,Islas Caimán,2024,4.9
priorizado,razon-mortalidad-materna,VGB,Islas Vírgenes Británicas,2024,0
priorizado,razon-mortalidad-materna,JAM,Jamaica,2024,2.3
priorizado,razon-mortalidad-materna,MSR,Montserrat,2024,0
priorizado,razon-mortalidad-materna,MEX,México,2024,28
priorizado,razon-mortalidad-materna,NIC,Nicaragua,2024,43
priorizado,razon-mortalidad-materna,PAN,Panamá,2024,63
priorizado,razon-mortalidad-materna,PRY,Paraguay,2024,81
priorizado,razon-mortalidad-materna,PER,Perú,2024,139
priorizado,razon-mortalidad-materna,PRI,Puerto Rico,2024,0.55
priorizado,razon-mortalidad-materna,DOM,República Dominicana,2024,51
priorizado,razon-mortalidad-materna,SUR,Surinam,2024,34
priorizado,razon-mortalidad-materna,URY,Uruguay,2024,47
priorizado,tuberculosis,AIA,Anguila,2000,0.19
priorizado,tuberculosis,ARG,Argentina,2000,49
priorizado,tuberculosis,ABW,Aruba,2000,6.2
priorizado,tuberculosis,BHS,Bahamas,2000,57
priorizado,tuberculosis,BRB,Barbados,2000,1.1
priorizado,tuberculosis,BLZ,Belice,2000,113
priorizado,tuberculosis,BMU,Bermudas,2000,0
priorizado,tuberculosis,BRA,Brasil,2000,49
priorizado,tuberculosis,CAN,Canadá,2000,8
priorizado,tuberculosis,CHL,Chile,2000,33
priorizado,tuberculosis,COL,Colombia,2000,70
priorizado,tuberculosis,CRI,Costa Rica,2000,25
priorizado,tuberculosis,CUB,Cuba,2000,23
priorizado,tuberculosis,DMA,Dominica,2000,4.4
priorizado,tuberculosis,ECU,Ecuador,2000,124
priorizado,tuberculosis,SLV,El Salvador,2000,58
priorizado,tuberculosis,GRD,Granada,2000,0
priorizado,tuberculosis,GRL,Groenlandia,2000,192
priorizado,tuberculosis,GTM,Guatemala,2000,28
priorizado,tuberculosis,GUY,Guyana,2000,148
priorizado,tuberculosis,HTI,Haití,2000,576
priorizado,tuberculosis,HND,Honduras,2000,280
priorizado,tuberculosis,CYM,Islas Caimán,2000,13
priorizado,tuberculosis,VGB,Islas Vírgenes Británicas,2000,4.9
priorizado,tuberculosis,JAM,Jamaica,2000,12
priorizado,tuberculosis,MSR,Montserrat,2000,0
priorizado,tuberculosis,MEX,México,2000,37
priorizado,tuberculosis,NIC,Nicaragua,2000,125
priorizado,tuberculosis,PAN,Panamá,2000,71
priorizado,tuberculosis,PRY,Paraguay,2000,98
priorizado,tuberculosis,PER,Perú,2000,367
priorizado,tuberculosis,PRI,Puerto Rico,2000,9.8
priorizado,tuberculosis,DOM,República Dominicana,2000,145
priorizado,tuberculosis,SUR,Surinam,2000,50
priorizado,tuberculosis,URY,Uruguay,2000,33
priorizado,tuberculosis,AIA,Anguila,2001,0
priorizado,tuberculosis,ARG,Argentina,2001,46
priorizado,tuberculosis,ABW,Aruba,2001,6.5
priorizado,tuberculosis,BHS,Bahamas,2001,39
priorizado,tuberculosis,BRB,Barbados,2001,2.3
priorizado,tuberculosis,BLZ,Belice,2001,131
priorizado,tuberculosis,BMU,Bermudas,2001,0
priorizado,tuberculosis,BRA,Brasil,2001,46
priorizado,tuberculosis,CAN,Canadá,2001,8
priorizado,tuberculosis,CHL,Chile,2001,31
priorizado,tuberculosis,COL,Colombia,2001,64
priorizado,tuberculosis,CRI,Costa Rica,2001,26
priorizado,tuberculosis,CUB,Cuba,2001,16
priorizado,tuberculosis,DMA,Dominica,2001,5.4
priorizado,tuberculosis,ECU,Ecuador,2001,103
priorizado,tuberculosis,SLV,El Salvador,2001,53
priorizado,tuberculosis,GRD,Granada,2001,0.69
priorizado,tuberculosis,GRL,Groenlandia,2001,194
priorizado,tuberculosis,GTM,Guatemala,2001,23
priorizado,tuberculosis,GUY,Guyana,2001,134
priorizado,tuberculosis,HTI,Haití,2001,576
priorizado,tuberculosis,HND,Honduras,2001,200
priorizado,tuberculosis,CYM,Islas Caimán,2001,2.4
priorizado,tuberculosis,VGB,Islas Vírgenes Británicas,2001,4.8
priorizado,tuberculosis,JAM,Jamaica,2001,11
priorizado,tuberculosis,MSR,Montserrat,2001,0
priorizado,tuberculosis,MEX,México,2001,36
priorizado,tuberculosis,NIC,Nicaragua,2001,120
priorizado,tuberculosis,PAN,Panamá,2001,99
priorizado,tuberculosis,PRY,Paraguay,2001,96
priorizado,tuberculosis,PER,Perú,2001,327
priorizado,tuberculosis,PRI,Puerto Rico,2001,6.4
priorizado,tuberculosis,DOM,República Dominicana,2001,124
priorizado,tuberculosis,SUR,Surinam,2001,38
priorizado,tuberculosis,URY,Uruguay,2001,34
priorizado,tuberculosis,AIA,Anguila,2002,0
priorizado,tuberculosis,ARG,Argentina,2002,45
priorizado,tuberculosis,ABW,Aruba,2002,6.8
priorizado,tuberculosis,BHS,Bahamas,2002,25
priorizado,tuberculosis,BRB,Barbados,2002,1.9
priorizado,tuberculosis,BLZ,Belice,2002,119
priorizado,tuberculosis,BMU,Bermudas,2002,0
priorizado,tuberculosis,BRA,Brasil,2002,50
priorizado,tuberculosis,CAN,Canadá,2002,7.3
priorizado,tuberculosis,CHL,Chile,2002,24
priorizado,tuberculosis,COL,Colombia,2002,59
priorizado,tuberculosis,CRI,Costa Rica,2002,21
priorizado,tuberculosis,CUB,Cuba,2002,15
priorizado,tuberculosis,DMA,Dominica,2002,2.9
priorizado,tuberculosis,ECU,Ecuador,2002,95
priorizado,tuberculosis,SLV,El Salvador,2002,52
priorizado,tuberculosis,GRD,Granada,2002,0.92
priorizado,tuberculosis,GRL,Groenlandia,2002,196
priorizado,tuberculosis,GTM,Guatemala,2002,27
priorizado,tuberculosis,GUY,Guyana,2002,173
priorizado,tuberculosis,HTI,Haití,2002,571
priorizado,tuberculosis,HND,Honduras,2002,161
priorizado,tuberculosis,CYM,Islas Caimán,2002,0
priorizado,tuberculosis,VGB,Islas Vírgenes Británicas,2002,4.7
priorizado,tuberculosis,JAM,Jamaica,2002,8.9
priorizado,tuberculosis,MSR,Montserrat,2002,0
priorizado,tuberculosis,MEX,México,2002,33
priorizado,tuberculosis,NIC,Nicaragua,2002,98
priorizado,tuberculosis,PAN,Panamá,2002,87
priorizado,tuberculosis,PRY,Paraguay,2002,91
priorizado,tuberculosis,PER,Perú,2002,295
priorizado,tuberculosis,PRI,Puerto Rico,2002,6.5
priorizado,tuberculosis,DOM,República Dominicana,2002,100
priorizado,tuberculosis,SUR,Surinam,2002,44
priorizado,tuberculosis,URY,Uruguay,2002,26
priorizado,tuberculosis,AIA,Anguila,2003,0
priorizado,tuberculosis,ARG,Argentina,2003,41
priorizado,tuberculosis,ABW,Aruba,2003,7.1
priorizado,tuberculosis,BHS,Bahamas,2003,19
priorizado,tuberculosis,BRB,Barbados,2003,3.3
priorizado,tuberculosis,BLZ,Belice,2003,80
priorizado,tuberculosis,BMU,Bermudas,2003,4.7
priorizado,tuberculosis,BRA,Brasil,2003,51
priorizado,tuberculosis,CAN,Canadá,2003,6.9
priorizado,tuberculosis,CHL,Chile,2003,21
priorizado,tuberculosis,COL,Colombia,2003,56
priorizado,tuberculosis,CRI,Costa Rica,2003,21
priorizado,tuberculosis,CUB,Cuba,2003,13
priorizado,tuberculosis,DMA,Dominica,2003,7.6
priorizado,tuberculosis,ECU,Ecuador,2003,105
priorizado,tuberculosis,SLV,El Salvador,2003,43
priorizado,tuberculosis,GRD,Granada,2003,1.8
priorizado,tuberculosis,GRL,Groenlandia,2003,198
priorizado,tuberculosis,GTM,Guatemala,2003,24
priorizado,tuberculosis,GUY,Guyana,2003,171
priorizado,tuberculosis,HTI,Haití,2003,562
priorizado,tuberculosis,HND,Honduras,2003,133
priorizado,tuberculosis,CYM,Islas Caimán,2003,0
priorizado,tuberculosis,VGB,Islas Vírgenes Británicas,2003,4.5
priorizado,tuberculosis,JAM,Jamaica,2003,9.5
priorizado,tuberculosis,MSR,Montserrat,2003,22
priorizado,tuberculosis,MEX,México,2003,34
priorizado,tuberculosis,NIC,Nicaragua,2003,102
priorizado,tuberculosis,PAN,Panamá,2003,85
priorizado,tuberculosis,PRY,Paraguay,2003,92
priorizado,tuberculosis,PER,Perú,2003,245
priorizado,tuberculosis,PRI,Puerto Rico,2003,5.6
priorizado,tuberculosis,DOM,República Dominicana,2003,113
priorizado,tuberculosis,SUR,Surinam,2003,44
priorizado,tuberculosis,URY,Uruguay,2003,31
priorizado,tuberculosis,AIA,Anguila,2004,0
priorizado,tuberculosis,ARG,Argentina,2004,42
priorizado,tuberculosis,ABW,Aruba,2004,7.3
priorizado,tuberculosis,BHS,Bahamas,2004,25
priorizado,tuberculosis,BRB,Barbados,2004,7.1
priorizado,tuberculosis,BLZ,Belice,2004,61
priorizado,tuberculosis,BMU,Bermudas,2004,9.6
priorizado,tuberculosis,BRA,Brasil,2004,52
priorizado,tuberculosis,CAN,Canadá,2004,6.4
priorizado,tuberculosis,CHL,Chile,2004,24
priorizado,tuberculosis,COL,Colombia,2004,51
priorizado,tuberculosis,CRI,Costa Rica,2004,26
priorizado,tuberculosis,CUB,Cuba,2004,11
priorizado,tuberculosis,DMA,Dominica,2004,8.7
priorizado,tuberculosis,ECU,Ecuador,2004,93
priorizado,tuberculosis,SLV,El Salvador,2004,41
priorizado,tuberculosis,GRD,Granada,2004,1.8
priorizado,tuberculosis,GRL,Groenlandia,2004,200
priorizado,tuberculosis,GTM,Guatemala,2004,29
priorizado,tuberculosis,GUY,Guyana,2004,152
priorizado,tuberculosis,HTI,Haití,2004,549
priorizado,tuberculosis,HND,Honduras,2004,108
priorizado,tuberculosis,CYM,Islas Caimán,2004,2.2
priorizado,tuberculosis,VGB,Islas Vírgenes Británicas,2004,8.7
priorizado,tuberculosis,JAM,Jamaica,2004,8.7
priorizado,tuberculosis,MSR,Montserrat,2004,0
priorizado,tuberculosis,MEX,México,2004,26
priorizado,tuberculosis,NIC,Nicaragua,2004,94
priorizado,tuberculosis,PAN,Panamá,2004,86
priorizado,tuberculosis,PRY,Paraguay,2004,88
priorizado,tuberculosis,PER,Perú,2004,240
priorizado,tuberculosis,PRI,Puerto Rico,2004,5.7
priorizado,tuberculosis,DOM,República Dominicana,2004,103
priorizado,tuberculosis,SUR,Surinam,2004,38
priorizado,tuberculosis,URY,Uruguay,2004,34
priorizado,tuberculosis,AIA,Anguila,2005,0.65
priorizado,tuberculosis,ARG,Argentina,2005,38
priorizado,tuberculosis,ABW,Aruba,2005,7.6
priorizado,tuberculosis,BHS,Bahamas,2005,21
priorizado,tuberculosis,BRB,Barbados,2005,3.5
priorizado,tuberculosis,BLZ,Belice,2005,70
priorizado,tuberculosis,BMU,Bermudas,2005,6.9
priorizado,tuberculosis,BRA,Brasil,2005,48
priorizado,tuberculosis,CAN,Canadá,2005,6.3
priorizado,tuberculosis,CHL,Chile,2005,22
priorizado,tuberculosis,COL,Colombia,2005,44
priorizado,tuberculosis,CRI,Costa Rica,2005,19
priorizado,tuberculosis,CUB,Cuba,2005,10
priorizado,tuberculosis,DMA,Dominica,2005,9.7
priorizado,tuberculosis,ECU,Ecuador,2005,62
priorizado,tuberculosis,SLV,El Salvador,2005,50
priorizado,tuberculosis,GRD,Granada,2005,1.9
priorizado,tuberculosis,GRL,Groenlandia,2005,202
priorizado,tuberculosis,GTM,Guatemala,2005,33
priorizado,tuberculosis,GUY,Guyana,2005,151
priorizado,tuberculosis,HTI,Haití,2005,532
priorizado,tuberculosis,HND,Honduras,2005,92
priorizado,tuberculosis,CYM,Islas Caimán,2005,0.97
priorizado,tuberculosis,VGB,Islas Vírgenes Británicas,2005,0
priorizado,tuberculosis,JAM,Jamaica,2005,6.4
priorizado,tuberculosis,MSR,Montserrat,2005,22
priorizado,tuberculosis,MEX,México,2005,31
priorizado,tuberculosis,NIC,Nicaragua,2005,77
priorizado,tuberculosis,PAN,Panamá,2005,79
priorizado,tuberculosis,PRY,Paraguay,2005,77
priorizado,tuberculosis,PER,Perú,2005,228
priorizado,tuberculosis,PRI,Puerto Rico,2005,5
priorizado,tuberculosis,DOM,República Dominicana,2005,108
priorizado,tuberculosis,SUR,Surinam,2005,42
priorizado,tuberculosis,URY,Uruguay,2005,28
priorizado,tuberculosis,AIA,Anguila,2006,0
priorizado,tuberculosis,ARG,Argentina,2006,34
priorizado,tuberculosis,ABW,Aruba,2006,7.9
priorizado,tuberculosis,BHS,Bahamas,2006,25
priorizado,tuberculosis,BRB,Barbados,2006,1.9
priorizado,tuberculosis,BLZ,Belice,2006,55
priorizado,tuberculosis,BMU,Bermudas,2006,4.8
priorizado,tuberculosis,BRA,Brasil,2006,44
priorizado,tuberculosis,CAN,Canadá,2006,6
priorizado,tuberculosis,CHL,Chile,2006,21
priorizado,tuberculosis,COL,Colombia,2006,45
priorizado,tuberculosis,CRI,Costa Rica,2006,17
priorizado,tuberculosis,CUB,Cuba,2006,10
priorizado,tuberculosis,DMA,Dominica,2006,28
priorizado,tuberculosis,ECU,Ecuador,2006,60
priorizado,tuberculosis,SLV,El Salvador,2006,44
priorizado,tuberculosis,GRD,Granada,2006,0.91
priorizado,tuberculosis,GRL,Groenlandia,2006,204
priorizado,tuberculosis,GTM,Guatemala,2006,31
priorizado,tuberculosis,GUY,Guyana,2006,163
priorizado,tuberculosis,HTI,Haití,2006,514
priorizado,tuberculosis,HND,Honduras,2006,84
priorizado,tuberculosis,CYM,Islas Caimán,2006,0
priorizado,tuberculosis,VGB,Islas Vírgenes Británicas,2006,0
priorizado,tuberculosis,JAM,Jamaica,2006,6.4
priorizado,tuberculosis,MSR,Montserrat,2006,0
priorizado,tuberculosis,MEX,México,2006,29
priorizado,tuberculosis,NIC,Nicaragua,2006,75
priorizado,tuberculosis,PAN,Panamá,2006,76
priorizado,tuberculosis,PRY,Paraguay,2006,82
priorizado,tuberculosis,PER,Perú,2006,218
priorizado,tuberculosis,PRI,Puerto Rico,2006,4.9
priorizado,tuberculosis,DOM,República Dominicana,2006,92
priorizado,tuberculosis,SUR,Surinam,2006,45
priorizado,tuberculosis,URY,Uruguay,2006,25
priorizado,tuberculosis,AIA,Anguila,2007,0
priorizado,tuberculosis,ARG,Argentina,2007,35
priorizado,tuberculosis,ABW,Aruba,2007,8.2
priorizado,tuberculosis,BHS,Bahamas,2007,19
priorizado,tuberculosis,BRB,Barbados,2007,5.9
priorizado,tuberculosis,BLZ,Belice,2007,38
priorizado,tuberculosis,BMU,Bermudas,2007,4.1
priorizado,tuberculosis,BRA,Brasil,2007,44
priorizado,tuberculosis,CAN,Canadá,2007,5.8
priorizado,tuberculosis,CHL,Chile,2007,20
priorizado,tuberculosis,COL,Colombia,2007,43
priorizado,tuberculosis,CRI,Costa Rica,2007,18
priorizado,tuberculosis,CUB,Cuba,2007,9.8
priorizado,tuberculosis,DMA,Dominica,2007,4.4
priorizado,tuberculosis,ECU,Ecuador,2007,60
priorizado,tuberculosis,SLV,El Salvador,2007,43
priorizado,tuberculosis,GRD,Granada,2007,2.7
priorizado,tuberculosis,GRL,Groenlandia,2007,206
priorizado,tuberculosis,GTM,Guatemala,2007,26
priorizado,tuberculosis,GUY,Guyana,2007,133
priorizado,tuberculosis,HTI,Haití,2007,488
priorizado,tuberculosis,HND,Honduras,2007,69
priorizado,tuberculosis,CYM,Islas Caimán,2007,2
priorizado,tuberculosis,VGB,Islas Vírgenes Británicas,2007,0
priorizado,tuberculosis,JAM,Jamaica,2007,6.8
priorizado,tuberculosis,MSR,Montserrat,2007,43
priorizado,tuberculosis,MEX,México,2007,28
priorizado,tuberculosis,NIC,Nicaragua,2007,80
priorizado,tuberculosis,PAN,Panamá,2007,72
priorizado,tuberculosis,PRY,Paraguay,2007,72
priorizado,tuberculosis,PER,Perú,2007,194
priorizado,tuberculosis,PRI,Puerto Rico,2007,4.2
priorizado,tuberculosis,DOM,República Dominicana,2007,78
priorizado,tuberculosis,SUR,Surinam,2007,43
priorizado,tuberculosis,URY,Uruguay,2007,26
priorizado,tuberculosis,AIA,Anguila,2008,0.93
priorizado,tuberculosis,ARG,Argentina,2008,31
priorizado,tuberculosis,ABW,Aruba,2008,8.4
priorizado,tuberculosis,BHS,Bahamas,2008,20
priorizado,tuberculosis,BRB,Barbados,2008,1.1
priorizado,tuberculosis,BLZ,Belice,2008,50
priorizado,tuberculosis,BMU,Bermudas,2008,3.3
priorizado,tuberculosis,BRA,Brasil,2008,44
priorizado,tuberculosis,CAN,Canadá,2008,5.9
priorizado,tuberculosis,CHL,Chile,2008,20
priorizado,tuberculosis,COL,Colombia,2008,43
priorizado,tuberculosis,CRI,Costa Rica,2008,16
priorizado,tuberculosis,CUB,Cuba,2008,10
priorizado,tuberculosis,DMA,Dominica,2008,19
priorizado,tuberculosis,ECU,Ecuador,2008,56
priorizado,tuberculosis,SLV,El Salvador,2008,43
priorizado,tuberculosis,GRD,Granada,2008,4.5
priorizado,tuberculosis,GRL,Groenlandia,2008,208
priorizado,tuberculosis,GTM,Guatemala,2008,26
priorizado,tuberculosis,GUY,Guyana,2008,143
priorizado,tuberculosis,HTI,Haití,2008,456
priorizado,tuberculosis,HND,Honduras,2008,67
priorizado,tuberculosis,CYM,Islas Caimán,2008,2
priorizado,tuberculosis,VGB,Islas Vírgenes Británicas,2008,1.2
priorizado,tuberculosis,JAM,Jamaica,2008,6.6
priorizado,tuberculosis,MSR,Montserrat,2008,29
priorizado,tuberculosis,MEX,México,2008,28
priorizado,tuberculosis,NIC,Nicaragua,2008,76
priorizado,tuberculosis,PAN,Panamá,2008,71
priorizado,tuberculosis,PRY,Paraguay,2008,67
priorizado,tuberculosis,PER,Perú,2008,182
priorizado,tuberculosis,PRI,Puerto Rico,2008,3.9
priorizado,tuberculosis,DOM,República Dominicana,2008,75
priorizado,tuberculosis,SUR,Surinam,2008,34
priorizado,tuberculosis,URY,Uruguay,2008,29
priorizado,tuberculosis,AIA,Anguila,2009,1
priorizado,tuberculosis,ARG,Argentina,2009,25
priorizado,tuberculosis,ABW,Aruba,2009,8.7
priorizado,tuberculosis,BHS,Bahamas,2009,18
priorizado,tuberculosis,BRB,Barbados,2009,0.73
priorizado,tuberculosis,BLZ,Belice,2009,48
priorizado,tuberculosis,BMU,Bermudas,2009,2.5
priorizado,tuberculosis,BRA,Brasil,2009,43
priorizado,tuberculosis,CAN,Canadá,2009,5.7
priorizado,tuberculosis,CHL,Chile,2009,19
priorizado,tuberculosis,COL,Colombia,2009,41
priorizado,tuberculosis,CRI,Costa Rica,2009,14
priorizado,tuberculosis,CUB,Cuba,2009,8.6
priorizado,tuberculosis,DMA,Dominica,2009,5.8
priorizado,tuberculosis,ECU,Ecuador,2009,51
priorizado,tuberculosis,SLV,El Salvador,2009,40
priorizado,tuberculosis,GRD,Granada,2009,4.5
priorizado,tuberculosis,GRL,Groenlandia,2009,161
priorizado,tuberculosis,GTM,Guatemala,2009,23
priorizado,tuberculosis,GUY,Guyana,2009,164
priorizado,tuberculosis,HTI,Haití,2009,428
priorizado,tuberculosis,HND,Honduras,2009,66
priorizado,tuberculosis,CYM,Islas Caimán,2009,3.8
priorizado,tuberculosis,VGB,Islas Vírgenes Británicas,2009,2.4
priorizado,tuberculosis,JAM,Jamaica,2009,8.4
priorizado,tuberculosis,MSR,Montserrat,2009,14
priorizado,tuberculosis,MEX,México,2009,27
priorizado,tuberculosis,NIC,Nicaragua,2009,69
priorizado,tuberculosis,PAN,Panamá,2009,64
priorizado,tuberculosis,PRY,Paraguay,2009,67
priorizado,tuberculosis,PER,Perú,2009,171
priorizado,tuberculosis,PRI,Puerto Rico,2009,2.6
priorizado,tuberculosis,DOM,República Dominicana,2009,70
priorizado,tuberculosis,SUR,Surinam,2009,55
priorizado,tuberculosis,URY,Uruguay,2009,29
priorizado,tuberculosis,AIA,Anguila,2010,7.5
priorizado,tuberculosis,ARG,Argentina,2010,24
priorizado,tuberculosis,ABW,Aruba,2010,6
priorizado,tuberculosis,BHS,Bahamas,2010,12
priorizado,tuberculosis,BRB,Barbados,2010,2.2
priorizado,tuberculosis,BLZ,Belice,2010,75
priorizado,tuberculosis,BMU,Bermudas,2010,1.6
priorizado,tuberculosis,BRA,Brasil,2010,42
priorizado,tuberculosis,CAN,Canadá,2010,4.9
priorizado,tuberculosis,CHL,Chile,2010,19
priorizado,tuberculosis,COL,Colombia,2010,40
priorizado,tuberculosis,CRI,Costa Rica,2010,15
priorizado,tuberculosis,CUB,Cuba,2010,9.8
priorizado,tuberculosis,CUW,Curazao,2010,3.2
priorizado,tuberculosis,DMA,Dominica,2010,12
priorizado,tuberculosis,ECU,Ecuador,2010,49
priorizado,tuberculosis,SLV,El Salvador,2010,39
priorizado,tuberculosis,GRD,Granada,2010,3.6
priorizado,tuberculosis,GRL,Groenlandia,2010,286
priorizado,tuberculosis,GTM,Guatemala,2010,26
priorizado,tuberculosis,GUY,Guyana,2010,150
priorizado,tuberculosis,HTI,Haití,2010,407
priorizado,tuberculosis,HND,Honduras,2010,62
priorizado,tuberculosis,CYM,Islas Caimán,2010,7.4
priorizado,tuberculosis,VGB,Islas Vírgenes Británicas,2010,3.6
priorizado,tuberculosis,JAM,Jamaica,2010,7.6
priorizado,tuberculosis,MSR,Montserrat,2010,0
priorizado,tuberculosis,MEX,México,2010,28
priorizado,tuberculosis,NIC,Nicaragua,2010,70
priorizado,tuberculosis,PAN,Panamá,2010,62
priorizado,tuberculosis,PRY,Paraguay,2010,62
priorizado,tuberculosis,PER,Perú,2010,159
priorizado,tuberculosis,PRI,Puerto Rico,2010,3.2
priorizado,tuberculosis,DOM,República Dominicana,2010,61
priorizado,tuberculosis,SUR,Surinam,2010,57
priorizado,tuberculosis,URY,Uruguay,2010,28
priorizado,tuberculosis,AIA,Anguila,2011,0
priorizado,tuberculosis,ARG,Argentina,2011,31
priorizado,tuberculosis,ABW,Aruba,2011,7.9
priorizado,tuberculosis,BHS,Bahamas,2011,15
priorizado,tuberculosis,BRB,Barbados,2011,0
priorizado,tuberculosis,BLZ,Belice,2011,36
priorizado,tuberculosis,BMU,Bermudas,2011,1.6
priorizado,tuberculosis,BRA,Brasil,2011,42
priorizado,tuberculosis,CAN,Canadá,2011,5
priorizado,tuberculosis,CHL,Chile,2011,19
priorizado,tuberculosis,COL,Colombia,2011,40
priorizado,tuberculosis,CRI,Costa Rica,2011,15
priorizado,tuberculosis,CUB,Cuba,2011,9.3
priorizado,tuberculosis,CUW,Curazao,2011,0.63
priorizado,tuberculosis,DMA,Dominica,2011,2.9
priorizado,tuberculosis,ECU,Ecuador,2011,50
priorizado,tuberculosis,SLV,El Salvador,2011,43
priorizado,tuberculosis,GRD,Granada,2011,1.8
priorizado,tuberculosis,GRL,Groenlandia,2011,283
priorizado,tuberculosis,GTM,Guatemala,2011,23
priorizado,tuberculosis,GUY,Guyana,2011,145
priorizado,tuberculosis,HTI,Haití,2011,389
priorizado,tuberculosis,HND,Honduras,2011,66
priorizado,tuberculosis,CYM,Islas Caimán,2011,3.6
priorizado,tuberculosis,VGB,Islas Vírgenes Británicas,2011,0
priorizado,tuberculosis,JAM,Jamaica,2011,5.9
priorizado,tuberculosis,MSR,Montserrat,2011,0
priorizado,tuberculosis,MEX,México,2011,27
priorizado,tuberculosis,NIC,Nicaragua,2011,74
priorizado,tuberculosis,PAN,Panamá,2011,64
priorizado,tuberculosis,PRY,Paraguay,2011,62
priorizado,tuberculosis,PER,Perú,2011,155
priorizado,tuberculosis,PRI,Puerto Rico,2011,2
priorizado,tuberculosis,DOM,República Dominicana,2011,64
priorizado,tuberculosis,SUR,Surinam,2011,35
priorizado,tuberculosis,URY,Uruguay,2011,32
priorizado,tuberculosis,AIA,Anguila,2012,0
priorizado,tuberculosis,ARG,Argentina,2012,27
priorizado,tuberculosis,ABW,Aruba,2012,28
priorizado,tuberculosis,BHS,Bahamas,2012,12
priorizado,tuberculosis,BRB,Barbados,2012,1.4
priorizado,tuberculosis,BLZ,Belice,2012,40
priorizado,tuberculosis,BMU,Bermudas,2012,4.7
priorizado,tuberculosis,BRA,Brasil,2012,42
priorizado,tuberculosis,CAN,Canadá,2012,5.6
priorizado,tuberculosis,CHL,Chile,2012,18
priorizado,tuberculosis,COL,Colombia,2012,39
priorizado,tuberculosis,CRI,Costa Rica,2012,14
priorizado,tuberculosis,CUB,Cuba,2012,8.3
priorizado,tuberculosis,CUW,Curazao,2012,0.62
priorizado,tuberculosis,DMA,Dominica,2012,10
priorizado,tuberculosis,ECU,Ecuador,2012,51
priorizado,tuberculosis,SLV,El Salvador,2012,46
priorizado,tuberculosis,GRD,Granada,2012,0.89
priorizado,tuberculosis,GRL,Groenlandia,2012,203
priorizado,tuberculosis,GTM,Guatemala,2012,26
priorizado,tuberculosis,GUY,Guyana,2012,148
priorizado,tuberculosis,HTI,Haití,2012,372
priorizado,tuberculosis,HND,Honduras,2012,59
priorizado,tuberculosis,CYM,Islas Caimán,2012,11
priorizado,tuberculosis,VGB,Islas Vírgenes Británicas,2012,0
priorizado,tuberculosis,JAM,Jamaica,2012,5
priorizado,tuberculosis,MSR,Montserrat,2012,0
priorizado,tuberculosis,MEX,México,2012,26
priorizado,tuberculosis,NIC,Nicaragua,2012,74
priorizado,tuberculosis,PAN,Panamá,2012,58
priorizado,tuberculosis,PRY,Paraguay,2012,62
priorizado,tuberculosis,PER,Perú,2012,143
priorizado,tuberculosis,PRI,Puerto Rico,2012,2.8
priorizado,tuberculosis,DOM,República Dominicana,2012,61
priorizado,tuberculosis,SUR,Surinam,2012,35
priorizado,tuberculosis,URY,Uruguay,2012,31
priorizado,tuberculosis,AIA,Anguila,2013,0
priorizado,tuberculosis,ARG,Argentina,2013,27
priorizado,tuberculosis,ABW,Aruba,2013,11
priorizado,tuberculosis,BHS,Bahamas,2013,12
priorizado,tuberculosis,BRB,Barbados,2013,1.4
priorizado,tuberculosis,BLZ,Belice,2013,55
priorizado,tuberculosis,BMU,Bermudas,2013,0
priorizado,tuberculosis,BRA,Brasil,2013,42
priorizado,tuberculosis,CAN,Canadá,2013,5.4
priorizado,tuberculosis,CHL,Chile,2013,18
priorizado,tuberculosis,COL,Colombia,2013,36
priorizado,tuberculosis,CRI,Costa Rica,2013,12
priorizado,tuberculosis,CUB,Cuba,2013,8.4
priorizado,tuberculosis,CUW,Curazao,2013,1.2
priorizado,tuberculosis,DMA,Dominica,2013,4.3
priorizado,tuberculosis,ECU,Ecuador,2013,47
priorizado,tuberculosis,SLV,El Salvador,2013,48
priorizado,tuberculosis,GRD,Granada,2013,2.1
priorizado,tuberculosis,GRL,Groenlandia,2013,230
priorizado,tuberculosis,GTM,Guatemala,2013,24
priorizado,tuberculosis,GUY,Guyana,2013,130
priorizado,tuberculosis,HTI,Haití,2013,353
priorizado,tuberculosis,HND,Honduras,2013,55
priorizado,tuberculosis,CYM,Islas Caimán,2013,8.5
priorizado,tuberculosis,VGB,Islas Vírgenes Británicas,2013,3.2
priorizado,tuberculosis,JAM,Jamaica,2013,5.1
priorizado,tuberculosis,MSR,Montserrat,2013,0
priorizado,tuberculosis,MEX,México,2013,26
priorizado,tuberculosis,NIC,Nicaragua,2013,70
priorizado,tuberculosis,PAN,Panamá,2013,54
priorizado,tuberculosis,PRY,Paraguay,2013,56
priorizado,tuberculosis,PER,Perú,2013,139
priorizado,tuberculosis,PRI,Puerto Rico,2013,1.9
priorizado,tuberculosis,DOM,República Dominicana,2013,62
priorizado,tuberculosis,SUR,Surinam,2013,37
priorizado,tuberculosis,URY,Uruguay,2013,34
priorizado,tuberculosis,AIA,Anguila,2014,7.3
priorizado,tuberculosis,ARG,Argentina,2014,27
priorizado,tuberculosis,ABW,Aruba,2014,1.9
priorizado,tuberculosis,BHS,Bahamas,2014,18
priorizado,tuberculosis,BRB,Barbados,2014,1.8
priorizado,tuberculosis,BLZ,Belice,2014,31
priorizado,tuberculosis,BMU,Bermudas,2014,0
priorizado,tuberculosis,BRA,Brasil,2014,41
priorizado,tuberculosis,CAN,Canadá,2014,5
priorizado,tuberculosis,CHL,Chile,2014,17
priorizado,tuberculosis,COL,Colombia,2014,34
priorizado,tuberculosis,CRI,Costa Rica,2014,13
priorizado,tuberculosis,CUB,Cuba,2014,8
priorizado,tuberculosis,CUW,Curazao,2014,3
priorizado,tuberculosis,DMA,Dominica,2014,1.4
priorizado,tuberculosis,ECU,Ecuador,2014,44
priorizado,tuberculosis,SLV,El Salvador,2014,48
priorizado,tuberculosis,GRD,Granada,2014,0
priorizado,tuberculosis,GRL,Groenlandia,2014,206
priorizado,tuberculosis,GTM,Guatemala,2014,23
priorizado,tuberculosis,GUY,Guyana,2014,100
priorizado,tuberculosis,HTI,Haití,2014,336
priorizado,tuberculosis,HND,Honduras,2014,49
priorizado,tuberculosis,CYM,Islas Caimán,2014,0
priorizado,tuberculosis,VGB,Islas Vírgenes Británicas,2014,0
priorizado,tuberculosis,JAM,Jamaica,2014,4.4
priorizado,tuberculosis,MSR,Montserrat,2014,0
priorizado,tuberculosis,MEX,México,2014,25
priorizado,tuberculosis,NIC,Nicaragua,2014,65
priorizado,tuberculosis,PAN,Panamá,2014,52
priorizado,tuberculosis,PRY,Paraguay,2014,54
priorizado,tuberculosis,PER,Perú,2014,136
priorizado,tuberculosis,PRI,Puerto Rico,2014,1.7
priorizado,tuberculosis,DOM,República Dominicana,2014,60
priorizado,tuberculosis,SUR,Surinam,2014,37
priorizado,tuberculosis,URY,Uruguay,2014,33
priorizado,tuberculosis,AIA,Anguila,2015,0
priorizado,tuberculosis,ARG,Argentina,2015,28
priorizado,tuberculosis,ABW,Aruba,2015,5.8
priorizado,tuberculosis,BHS,Bahamas,2015,21
priorizado,tuberculosis,BRB,Barbados,2015,0
priorizado,tuberculosis,BLZ,Belice,2015,33
priorizado,tuberculosis,BMU,Bermudas,2015,0
priorizado,tuberculosis,BRA,Brasil,2015,41
priorizado,tuberculosis,CAN,Canadá,2015,5.1
priorizado,tuberculosis,CHL,Chile,2015,18
priorizado,tuberculosis,COL,Colombia,2015,33
priorizado,tuberculosis,CRI,Costa Rica,2015,12
priorizado,tuberculosis,CUB,Cuba,2015,7.5
priorizado,tuberculosis,CUW,Curazao,2015,4.8
priorizado,tuberculosis,DMA,Dominica,2015,9.9
priorizado,tuberculosis,ECU,Ecuador,2015,42
priorizado,tuberculosis,SLV,El Salvador,2015,53
priorizado,tuberculosis,GRD,Granada,2015,4.4
priorizado,tuberculosis,GRL,Groenlandia,2015,189
priorizado,tuberculosis,GTM,Guatemala,2015,23
priorizado,tuberculosis,GUY,Guyana,2015,102
priorizado,tuberculosis,HTI,Haití,2015,318
priorizado,tuberculosis,HND,Honduras,2015,49
priorizado,tuberculosis,CYM,Islas Caimán,2015,11
priorizado,tuberculosis,VGB,Islas Vírgenes Británicas,2015,0
priorizado,tuberculosis,JAM,Jamaica,2015,5.2
priorizado,tuberculosis,MSR,Montserrat,2015,0
priorizado,tuberculosis,MEX,México,2015,25
priorizado,tuberculosis,NIC,Nicaragua,2015,59
priorizado,tuberculosis,PAN,Panamá,2015,58
priorizado,tuberculosis,PRY,Paraguay,2015,55
priorizado,tuberculosis,PER,Perú,2015,131
priorizado,tuberculosis,PRI,Puerto Rico,2015,2
priorizado,tuberculosis,DOM,República Dominicana,2015,59
priorizado,tuberculosis,SUR,Surinam,2015,35
priorizado,tuberculosis,URY,Uruguay,2015,33
priorizado,tuberculosis,AIA,Anguila,2016,0
priorizado,tuberculosis,ARG,Argentina,2016,30
priorizado,tuberculosis,ABW,Aruba,2016,7.6
priorizado,tuberculosis,BHS,Bahamas,2016,30
priorizado,tuberculosis,BRB,Barbados,2016,1.1
priorizado,tuberculosis,BLZ,Belice,2016,49
priorizado,tuberculosis,BMU,Bermudas,2016,3.2
priorizado,tuberculosis,BRA,Brasil,2016,41
priorizado,tuberculosis,CAN,Canadá,2016,5.3
priorizado,tuberculosis,CHL,Chile,2016,17
priorizado,tuberculosis,COL,Colombia,2016,34
priorizado,tuberculosis,CRI,Costa Rica,2016,9.6
priorizado,tuberculosis,CUB,Cuba,2016,7.3
priorizado,tuberculosis,CUW,Curazao,2016,2.4
priorizado,tuberculosis,DMA,Dominica,2016,7.2
priorizado,tuberculosis,ECU,Ecuador,2016,42
priorizado,tuberculosis,SLV,El Salvador,2016,65
priorizado,tuberculosis,GRD,Granada,2016,5.2
priorizado,tuberculosis,GRL,Groenlandia,2016,134
priorizado,tuberculosis,GTM,Guatemala,2016,22
priorizado,tuberculosis,GUY,Guyana,2016,101
priorizado,tuberculosis,HTI,Haití,2016,297
priorizado,tuberculosis,HND,Honduras,2016,48
priorizado,tuberculosis,CYM,Islas Caimán,2016,4.8
priorizado,tuberculosis,VGB,Islas Vírgenes Británicas,2016,0
priorizado,tuberculosis,JAM,Jamaica,2016,5.1
priorizado,tuberculosis,MSR,Montserrat,2016,0
priorizado,tuberculosis,MEX,México,2016,25
priorizado,tuberculosis,NIC,Nicaragua,2016,54
priorizado,tuberculosis,PAN,Panamá,2016,61
priorizado,tuberculosis,PRY,Paraguay,2016,55
priorizado,tuberculosis,PER,Perú,2016,129
priorizado,tuberculosis,PRI,Puerto Rico,2016,2.5
priorizado,tuberculosis,DOM,República Dominicana,2016,55
priorizado,tuberculosis,SUR,Surinam,2016,27
priorizado,tuberculosis,URY,Uruguay,2016,32
priorizado,tuberculosis,AIA,Anguila,2017,1.8
priorizado,tuberculosis,ARG,Argentina,2017,29
priorizado,tuberculosis,ABW,Aruba,2017,7.6
priorizado,tuberculosis,BHS,Bahamas,2017,17
priorizado,tuberculosis,BRB,Barbados,2017,0
priorizado,tuberculosis,BLZ,Belice,2017,47
priorizado,tuberculosis,BMU,Bermudas,2017,3.1
priorizado,tuberculosis,BRA,Brasil,2017,43
priorizado,tuberculosis,CAN,Canadá,2017,5.4
priorizado,tuberculosis,CHL,Chile,2017,18
priorizado,tuberculosis,COL,Colombia,2017,34
priorizado,tuberculosis,CRI,Costa Rica,2017,9.6
priorizado,tuberculosis,CUB,Cuba,2017,7.6
priorizado,tuberculosis,CUW,Curazao,2017,5.3
priorizado,tuberculosis,DMA,Dominica,2017,1.5
priorizado,tuberculosis,ECU,Ecuador,2017,44
priorizado,tuberculosis,SLV,El Salvador,2017,77
priorizado,tuberculosis,GRD,Granada,2017,2.6
priorizado,tuberculosis,GRL,Groenlandia,2017,130
priorizado,tuberculosis,GTM,Guatemala,2017,23
priorizado,tuberculosis,GUY,Guyana,2017,90
priorizado,tuberculosis,HTI,Haití,2017,276
priorizado,tuberculosis,HND,Honduras,2017,46
priorizado,tuberculosis,CYM,Islas Caimán,2017,6.2
priorizado,tuberculosis,VGB,Islas Vírgenes Británicas,2017,1.4
priorizado,tuberculosis,JAM,Jamaica,2017,5.9
priorizado,tuberculosis,MSR,Montserrat,2017,0
priorizado,tuberculosis,MEX,México,2017,25
priorizado,tuberculosis,NIC,Nicaragua,2017,51
priorizado,tuberculosis,PAN,Panamá,2017,61
priorizado,tuberculosis,PRY,Paraguay,2017,57
priorizado,tuberculosis,PER,Perú,2017,128
priorizado,tuberculosis,PRI,Puerto Rico,2017,1.5
priorizado,tuberculosis,DOM,República Dominicana,2017,50
priorizado,tuberculosis,SUR,Surinam,2017,31
priorizado,tuberculosis,URY,Uruguay,2017,34
priorizado,tuberculosis,AIA,Anguila,2018,0
priorizado,tuberculosis,ARG,Argentina,2018,30
priorizado,tuberculosis,ABW,Aruba,2018,4.7
priorizado,tuberculosis,BHS,Bahamas,2018,15
priorizado,tuberculosis,BRB,Barbados,2018,0.36
priorizado,tuberculosis,BLZ,Belice,2018,39
priorizado,tuberculosis,BMU,Bermudas,2018,3.1
priorizado,tuberculosis,BRA,Brasil,2018,45
priorizado,tuberculosis,CAN,Canadá,2018,5.3
priorizado,tuberculosis,CHL,Chile,2018,19
priorizado,tuberculosis,COL,Colombia,2018,34
priorizado,tuberculosis,CRI,Costa Rica,2018,10
priorizado,tuberculosis,CUB,Cuba,2018,7.6
priorizado,tuberculosis,CUW,Curazao,2018,4.1
priorizado,tuberculosis,DMA,Dominica,2018,5.9
priorizado,tuberculosis,ECU,Ecuador,2018,45
priorizado,tuberculosis,SLV,El Salvador,2018,76
priorizado,tuberculosis,GRD,Granada,2018,1.7
priorizado,tuberculosis,GRL,Groenlandia,2018,111
priorizado,tuberculosis,GTM,Guatemala,2018,24
priorizado,tuberculosis,GUY,Guyana,2018,85
priorizado,tuberculosis,HTI,Haití,2018,256
priorizado,tuberculosis,HND,Honduras,2018,45
priorizado,tuberculosis,CYM,Islas Caimán,2018,4.5
priorizado,tuberculosis,VGB,Islas Vírgenes Británicas,2018,2.9
priorizado,tuberculosis,JAM,Jamaica,2018,3.9
priorizado,tuberculosis,MSR,Montserrat,2018,0
priorizado,tuberculosis,MEX,México,2018,26
priorizado,tuberculosis,NIC,Nicaragua,2018,46
priorizado,tuberculosis,PAN,Panamá,2018,54
priorizado,tuberculosis,PRY,Paraguay,2018,56
priorizado,tuberculosis,PER,Perú,2018,132
priorizado,tuberculosis,PRI,Puerto Rico,2018,1
priorizado,tuberculosis,DOM,República Dominicana,2018,49
priorizado,tuberculosis,SUR,Surinam,2018,41
priorizado,tuberculosis,URY,Uruguay,2018,36
priorizado,tuberculosis,AIA,Anguila,2019,2
priorizado,tuberculosis,ARG,Argentina,2019,33
priorizado,tuberculosis,ABW,Aruba,2019,1.9
priorizado,tuberculosis,BHS,Bahamas,2019,17
priorizado,tuberculosis,BRB,Barbados,2019,0
priorizado,tuberculosis,BLZ,Belice,2019,35
priorizado,tuberculosis,BMU,Bermudas,2019,3.1
priorizado,tuberculosis,BRA,Brasil,2019,45
priorizado,tuberculosis,CAN,Canadá,2019,5.6
priorizado,tuberculosis,CHL,Chile,2019,19
priorizado,tuberculosis,COL,Colombia,2019,36
priorizado,tuberculosis,CRI,Costa Rica,2019,9.9
priorizado,tuberculosis,CUB,Cuba,2019,6.8
priorizado,tuberculosis,CUW,Curazao,2019,3.8
priorizado,tuberculosis,DMA,Dominica,2019,15
priorizado,tuberculosis,ECU,Ecuador,2019,46
priorizado,tuberculosis,SLV,El Salvador,2019,63
priorizado,tuberculosis,GRD,Granada,2019,2.6
priorizado,tuberculosis,GRL,Groenlandia,2019,142
priorizado,tuberculosis,GTM,Guatemala,2019,24
priorizado,tuberculosis,GUY,Guyana,2019,80
priorizado,tuberculosis,HTI,Haití,2019,239
priorizado,tuberculosis,HND,Honduras,2019,38
priorizado,tuberculosis,CYM,Islas Caimán,2019,5.9
priorizado,tuberculosis,VGB,Islas Vírgenes Británicas,2019,2.3
priorizado,tuberculosis,JAM,Jamaica,2019,3.5
priorizado,tuberculosis,MSR,Montserrat,2019,0
priorizado,tuberculosis,MEX,México,2019,26
priorizado,tuberculosis,NIC,Nicaragua,2019,49
priorizado,tuberculosis,PAN,Panamá,2019,39
priorizado,tuberculosis,PRY,Paraguay,2019,60
priorizado,tuberculosis,PER,Perú,2019,131
priorizado,tuberculosis,PRI,Puerto Rico,2019,1.4
priorizado,tuberculosis,DOM,República Dominicana,2019,45
priorizado,tuberculosis,SUR,Surinam,2019,31
priorizado,tuberculosis,URY,Uruguay,2019,38
priorizado,tuberculosis,AIA,Anguila,2020,2.1
priorizado,tuberculosis,ARG,Argentina,2020,27
priorizado,tuberculosis,ABW,Aruba,2020,0.93
priorizado,tuberculosis,BHS,Bahamas,2020,10
priorizado,tuberculosis,BRB,Barbados,2020,2.1
priorizado,tuberculosis,BLZ,Belice,2020,34
priorizado,tuberculosis,BMU,Bermudas,2020,4.7
priorizado,tuberculosis,BRA,Brasil,2020,45
priorizado,tuberculosis,CAN,Canadá,2020,5.1
priorizado,tuberculosis,CHL,Chile,2020,15
priorizado,tuberculosis,COL,Colombia,2020,39
priorizado,tuberculosis,CRI,Costa Rica,2020,9.7
priorizado,tuberculosis,CUB,Cuba,2020,6.2
priorizado,tuberculosis,CUW,Curazao,2020,3.5
priorizado,tuberculosis,DMA,Dominica,2020,5.2
priorizado,tuberculosis,ECU,Ecuador,2020,38
priorizado,tuberculosis,SLV,El Salvador,2020,42
priorizado,tuberculosis,GRD,Granada,2020,0.86
priorizado,tuberculosis,GRL,Groenlandia,2020,166
priorizado,tuberculosis,GTM,Guatemala,2020,18
priorizado,tuberculosis,GUY,Guyana,2020,59
priorizado,tuberculosis,HTI,Haití,2020,223
priorizado,tuberculosis,HND,Honduras,2020,38
priorizado,tuberculosis,CYM,Islas Caimán,2020,2.9
priorizado,tuberculosis,VGB,Islas Vírgenes Británicas,2020,1.7
priorizado,tuberculosis,JAM,Jamaica,2020,2.9
priorizado,tuberculosis,MSR,Montserrat,2020,0
priorizado,tuberculosis,MEX,México,2020,26
priorizado,tuberculosis,NIC,Nicaragua,2020,47
priorizado,tuberculosis,PAN,Panamá,2020,34
priorizado,tuberculosis,PRY,Paraguay,2020,50
priorizado,tuberculosis,PER,Perú,2020,128
priorizado,tuberculosis,PRI,Puerto Rico,2020,1.1
priorizado,tuberculosis,DOM,República Dominicana,2020,46
priorizado,tuberculosis,SUR,Surinam,2020,25
priorizado,tuberculosis,URY,Uruguay,2020,35
priorizado,tuberculosis,AIA,Anguila,2021,0
priorizado,tuberculosis,ARG,Argentina,2021,34
priorizado,tuberculosis,ABW,Aruba,2021,5.6
priorizado,tuberculosis,BHS,Bahamas,2021,14
priorizado,tuberculosis,BRB,Barbados,2021,0.35
priorizado,tuberculosis,BLZ,Belice,2021,35
priorizado,tuberculosis,BMU,Bermudas,2021,3.1
priorizado,tuberculosis,BRA,Brasil,2021,47
priorizado,tuberculosis,CAN,Canadá,2021,5.4
priorizado,tuberculosis,CHL,Chile,2021,17
priorizado,tuberculosis,COL,Colombia,2021,41
priorizado,tuberculosis,CRI,Costa Rica,2021,9.8
priorizado,tuberculosis,CUB,Cuba,2021,5.4
priorizado,tuberculosis,CUW,Curazao,2021,3.2
priorizado,tuberculosis,DMA,Dominica,2021,0
priorizado,tuberculosis,ECU,Ecuador,2021,41
priorizado,tuberculosis,SLV,El Salvador,2021,39
priorizado,tuberculosis,GRD,Granada,2021,1.7
priorizado,tuberculosis,GRL,Groenlandia,2021,76
priorizado,tuberculosis,GTM,Guatemala,2021,20
priorizado,tuberculosis,GUY,Guyana,2021,66
priorizado,tuberculosis,HTI,Haití,2021,209
priorizado,tuberculosis,HND,Honduras,2021,38
priorizado,tuberculosis,CYM,Islas Caimán,2021,2.9
priorizado,tuberculosis,VGB,Islas Vírgenes Británicas,2021,1.2
priorizado,tuberculosis,JAM,Jamaica,2021,2.7
priorizado,tuberculosis,MSR,Montserrat,2021,0
priorizado,tuberculosis,MEX,México,2021,27
priorizado,tuberculosis,NIC,Nicaragua,2021,46
priorizado,tuberculosis,PAN,Panamá,2021,43
priorizado,tuberculosis,PRY,Paraguay,2021,57
priorizado,tuberculosis,PER,Perú,2021,137
priorizado,tuberculosis,PRI,Puerto Rico,2021,0.69
priorizado,tuberculosis,DOM,República Dominicana,2021,47
priorizado,tuberculosis,SUR,Surinam,2021,23
priorizado,tuberculosis,URY,Uruguay,2021,34
priorizado,tuberculosis,AIA,Anguila,2022,7.1
priorizado,tuberculosis,ARG,Argentina,2022,35
priorizado,tuberculosis,ABW,Aruba,2022,4.6
priorizado,tuberculosis,BHS,Bahamas,2022,16
priorizado,tuberculosis,BRB,Barbados,2022,1.8
priorizado,tuberculosis,BLZ,Belice,2022,35
priorizado,tuberculosis,BMU,Bermudas,2022,1.5
priorizado,tuberculosis,BRA,Brasil,2022,49
priorizado,tuberculosis,CAN,Canadá,2022,5.6
priorizado,tuberculosis,CHL,Chile,2022,18
priorizado,tuberculosis,COL,Colombia,2022,44
priorizado,tuberculosis,CRI,Costa Rica,2022,9.8
priorizado,tuberculosis,CUB,Cuba,2022,7.7
priorizado,tuberculosis,CUW,Curazao,2022,2.7
priorizado,tuberculosis,DMA,Dominica,2022,0
priorizado,tuberculosis,ECU,Ecuador,2022,50
priorizado,tuberculosis,SLV,El Salvador,2022,51
priorizado,tuberculosis,GRD,Granada,2022,0.86
priorizado,tuberculosis,GRL,Groenlandia,2022,130
priorizado,tuberculosis,GTM,Guatemala,2022,26
priorizado,tuberculosis,GUY,Guyana,2022,61
priorizado,tuberculosis,HTI,Haití,2022,196
priorizado,tuberculosis,HND,Honduras,2022,38
priorizado,tuberculosis,CYM,Islas Caimán,2022,8.4
priorizado,tuberculosis,VGB,Islas Vírgenes Británicas,2022,0.58
priorizado,tuberculosis,JAM,Jamaica,2022,3.9
priorizado,tuberculosis,MSR,Montserrat,2022,0
priorizado,tuberculosis,MEX,México,2022,27
priorizado,tuberculosis,NIC,Nicaragua,2022,45
priorizado,tuberculosis,PAN,Panamá,2022,49
priorizado,tuberculosis,PRY,Paraguay,2022,67
priorizado,tuberculosis,PER,Perú,2022,149
priorizado,tuberculosis,PRI,Puerto Rico,2022,0.86
priorizado,tuberculosis,DOM,República Dominicana,2022,49
priorizado,tuberculosis,SUR,Surinam,2022,32
priorizado,tuberculosis,URY,Uruguay,2022,41
priorizado,tuberculosis,AIA,Anguila,2023,2.3
priorizado,tuberculosis,ARG,Argentina,2023,39
priorizado,tuberculosis,ABW,Aruba,2023,3.7
priorizado,tuberculosis,BHS,Bahamas,2023,8.8
priorizado,tuberculosis,BRB,Barbados,2023,0.71
priorizado,tuberculosis,BLZ,Belice,2023,34
priorizado,tuberculosis,BMU,Bermudas,2023,3.1
priorizado,tuberculosis,BRA,Brasil,2023,49
priorizado,tuberculosis,CAN,Canadá,2023,6.2
priorizado,tuberculosis,CHL,Chile,2023,20
priorizado,tuberculosis,COL,Colombia,2023,46
priorizado,tuberculosis,CRI,Costa Rica,2023,9.5
priorizado,tuberculosis,CUB,Cuba,2023,8.1
priorizado,tuberculosis,CUW,Curazao,2023,2.8
priorizado,tuberculosis,DMA,Dominica,2023,6
priorizado,tuberculosis,ECU,Ecuador,2023,59
priorizado,tuberculosis,SLV,El Salvador,2023,86
priorizado,tuberculosis,GRD,Granada,2023,4.3
priorizado,tuberculosis,GRL,Groenlandia,2023,110
priorizado,tuberculosis,GTM,Guatemala,2023,29
priorizado,tuberculosis,GUY,Guyana,2023,66
priorizado,tuberculosis,HTI,Haití,2023,185
priorizado,tuberculosis,HND,Honduras,2023,38
priorizado,tuberculosis,CYM,Islas Caimán,2023,4.1
priorizado,tuberculosis,VGB,Islas Vírgenes Británicas,2023,0
priorizado,tuberculosis,JAM,Jamaica,2023,4.3
priorizado,tuberculosis,MSR,Montserrat,2023,0
priorizado,tuberculosis,MEX,México,2023,28
priorizado,tuberculosis,NIC,Nicaragua,2023,44
priorizado,tuberculosis,PAN,Panamá,2023,61
priorizado,tuberculosis,PRY,Paraguay,2023,76
priorizado,tuberculosis,PER,Perú,2023,149
priorizado,tuberculosis,PRI,Puerto Rico,2023,0.81
priorizado,tuberculosis,DOM,República Dominicana,2023,50
priorizado,tuberculosis,SUR,Surinam,2023,31
priorizado,tuberculosis,URY,Uruguay,2023,45
priorizado,tuberculosis,AIA,Anguila,2024,0
priorizado,tuberculosis,ARG,Argentina,2024,44
priorizado,tuberculosis,ABW,Aruba,2024,8.3
priorizado,tuberculosis,BHS,Bahamas,2024,18
priorizado,tuberculosis,BRB,Barbados,2024,1
priorizado,tuberculosis,BLZ,Belice,2024,34
priorizado,tuberculosis,BMU,Bermudas,2024,3.1
priorizado,tuberculosis,BRA,Brasil,2024,49
priorizado,tuberculosis,CAN,Canadá,2024,6.2
priorizado,tuberculosis,CHL,Chile,2024,19
priorizado,tuberculosis,COL,Colombia,2024,49
priorizado,tuberculosis,CRI,Costa Rica,2024,9.3
priorizado,tuberculosis,CUB,Cuba,2024,11
priorizado,tuberculosis,CUW,Curazao,2024,2.8
priorizado,tuberculosis,DMA,Dominica,2024,4.5
priorizado,tuberculosis,ECU,Ecuador,2024,66
priorizado,tuberculosis,SLV,El Salvador,2024,116
priorizado,tuberculosis,GRD,Granada,2024,1.7
priorizado,tuberculosis,GRL,Groenlandia,2024,139
priorizado,tuberculosis,GTM,Guatemala,2024,28
priorizado,tuberculosis,GUY,Guyana,2024,67
priorizado,tuberculosis,HTI,Haití,2024,175
priorizado,tuberculosis,HND,Honduras,2024,38
priorizado,tuberculosis,CYM,Islas Caimán,2024,4.9
priorizado,tuberculosis,VGB,Islas Vírgenes Británicas,2024,0
priorizado,tuberculosis,JAM,Jamaica,2024,2.3
priorizado,tuberculosis,MSR,Montserrat,2024,0
priorizado,tuberculosis,MEX,México,2024,28
priorizado,tuberculosis,NIC,Nicaragua,2024,43
priorizado,tuberculosis,PAN,Panamá,2024,63
priorizado,tuberculosis,PRY,Paraguay,2024,81
priorizado,tuberculosis,PER,Perú,2024,139
priorizado,tuberculosis,PRI,Puerto Rico,2024,0.55
priorizado,tuberculosis,DOM,República Dominicana,2024,51
priorizado,tuberculosis,SUR,Surinam,2024,34
priorizado,tuberculosis,URY,Uruguay,2024,47
