priorizado,dss,iso3,territorio,anio,valor_salud,valor_dss
razon-mortalidad-materna,gasto-educ-pib,ARG,Argentina,2000,49,4.58030986785889
razon-mortalidad-materna,gasto-educ-pib,ABW,Aruba,2000,6.2,4.71468019485474
razon-mortalidad-materna,gasto-educ-pib,BHS,Bahamas,2000,57,2.23284006118774
razon-mortalidad-materna,gasto-educ-pib,BRB,Barbados,2000,1.1,4.71585988998413
razon-mortalidad-materna,gasto-educ-pib,BLZ,Belice,2000,113,3.68356990814209
razon-mortalidad-materna,gasto-educ-pib,BRA,Brasil,2000,49,3.94893002510071
razon-mortalidad-materna,gasto-educ-pib,CAN,Canadá,2000,8,5.42330980300903
razon-mortalidad-materna,gasto-educ-pib,CHL,Chile,2000,33,3.75707006454468
razon-mortalidad-materna,gasto-educ-pib,COL,Colombia,2000,70,3.5112099647522
razon-mortalidad-materna,gasto-educ-pib,CRI,Costa Rica,2000,25,4.66695022583008
razon-mortalidad-materna,gasto-educ-pib,CUB,Cuba,2000,23,7.70481014251709
razon-mortalidad-materna,gasto-educ-pib,ECU,Ecuador,2000,124,1.20265996456146
razon-mortalidad-materna,gasto-educ-pib,SLV,El Salvador,2000,58,2.8386800289154
razon-mortalidad-materna,gasto-educ-pib,GUY,Guyana,2000,148,8.48414993286133
razon-mortalidad-materna,gasto-educ-pib,JAM,Jamaica,2000,12,4.98346996307373
razon-mortalidad-materna,gasto-educ-pib,MEX,México,2000,37,3.80870008468628
razon-mortalidad-materna,gasto-educ-pib,NIC,Nicaragua,2000,125,3.00160002708435
razon-mortalidad-materna,gasto-educ-pib,PAN,Panamá,2000,71,4.89397001266479
razon-mortalidad-materna,gasto-educ-pib,PRY,Paraguay,2000,98,4.2302098274231
razon-mortalidad-materna,gasto-educ-pib,PER,Perú,2000,367,3.22802996635437
razon-mortalidad-materna,gasto-educ-pib,DOM,República Dominicana,2000,145,1.88829004764557
razon-mortalidad-materna,gasto-educ-pib,URY,Uruguay,2000,33,2.42254996299744
razon-mortalidad-materna,gasto-educ-pib,ARG,Argentina,2001,46,4.833740234375
razon-mortalidad-materna,gasto-educ-pib,ABW,Aruba,2001,6.5,4.79898023605347
razon-mortalidad-materna,gasto-educ-pib,BRB,Barbados,2001,2.3,6.05536985397339
razon-mortalidad-materna,gasto-educ-pib,BLZ,Belice,2001,131,4.23519992828369
razon-mortalidad-materna,gasto-educ-pib,BRA,Brasil,2001,46,3.84467005729675
razon-mortalidad-materna,gasto-educ-pib,CAN,Canadá,2001,8,4.95304012298584
razon-mortalidad-materna,gasto-educ-pib,COL,Colombia,2001,64,3.70867991447449
razon-mortalidad-materna,gasto-educ-pib,CRI,Costa Rica,2001,26,4.83203983306885
razon-mortalidad-materna,gasto-educ-pib,CUB,Cuba,2001,16,8.3580904006958
razon-mortalidad-materna,gasto-educ-pib,GUY,Guyana,2001,134,8.39729022979736
razon-mortalidad-materna,gasto-educ-pib,JAM,Jamaica,2001,11,5.38103008270264
razon-mortalidad-materna,gasto-educ-pib,MEX,México,2001,36,4.0313401222229
razon-mortalidad-materna,gasto-educ-pib,PAN,Panamá,2001,99,4.18935012817383
razon-mortalidad-materna,gasto-educ-pib,PRY,Paraguay,2001,96,3.8335599899292
razon-mortalidad-materna,gasto-educ-pib,PER,Perú,2001,327,3.03712010383606
razon-mortalidad-materna,gasto-educ-pib,DOM,República Dominicana,2001,124,1.96782994270325
razon-mortalidad-materna,gasto-educ-pib,URY,Uruguay,2001,34,2.80096006393433
razon-mortalidad-materna,gasto-educ-pib,ARG,Argentina,2002,45,4.01734018325806
razon-mortalidad-materna,gasto-educ-pib,ABW,Aruba,2002,6.8,4.87220001220703
razon-mortalidad-materna,gasto-educ-pib,BRB,Barbados,2002,1.9,5.88062000274658
razon-mortalidad-materna,gasto-educ-pib,BRA,Brasil,2002,50,3.75037002563477
razon-mortalidad-materna,gasto-educ-pib,CAN,Canadá,2002,7.3,4.99306011199951
razon-mortalidad-materna,gasto-educ-pib,CHL,Chile,2002,24,4.04881000518799
razon-mortalidad-materna,gasto-educ-pib,COL,Colombia,2002,59,4.26812982559204
razon-mortalidad-materna,gasto-educ-pib,CRI,Costa Rica,2002,21,5.15044021606445
razon-mortalidad-materna,gasto-educ-pib,CUB,Cuba,2002,15,9.57116985321045
razon-mortalidad-materna,gasto-educ-pib,SLV,El Salvador,2002,52,3.242840051651
razon-mortalidad-materna,gasto-educ-pib,GUY,Guyana,2002,173,8.36553955078125
razon-mortalidad-materna,gasto-educ-pib,JAM,Jamaica,2002,8.9,5.37522983551025
razon-mortalidad-materna,gasto-educ-pib,MEX,México,2002,33,4.24307012557983
razon-mortalidad-materna,gasto-educ-pib,NIC,Nicaragua,2002,98,2.39101004600525
razon-mortalidad-materna,gasto-educ-pib,PAN,Panamá,2002,87,4.2549901008606
razon-mortalidad-materna,gasto-educ-pib,PRY,Paraguay,2002,91,3.40773010253906
razon-mortalidad-materna,gasto-educ-pib,PER,Perú,2002,295,2.82056999206543
razon-mortalidad-materna,gasto-educ-pib,DOM,República Dominicana,2002,100,1.9140100479126
razon-mortalidad-materna,gasto-educ-pib,URY,Uruguay,2002,26,2.32220005989075
razon-mortalidad-materna,gasto-educ-pib,ARG,Argentina,2003,41,3.53504991531372
razon-mortalidad-materna,gasto-educ-pib,BRB,Barbados,2003,3.3,6.24569988250732
razon-mortalidad-materna,gasto-educ-pib,BLZ,Belice,2003,80,3.90120005607605
razon-mortalidad-materna,gasto-educ-pib,BMU,Bermudas,2003,4.7,1.6662700176239
razon-mortalidad-materna,gasto-educ-pib,CHL,Chile,2003,21,3.91868996620178
razon-mortalidad-materna,gasto-educ-pib,COL,Colombia,2003,56,4.32513999938965
razon-mortalidad-materna,gasto-educ-pib,CRI,Costa Rica,2003,21,5.13373994827271
razon-mortalidad-materna,gasto-educ-pib,CUB,Cuba,2003,13,9.9408597946167
razon-mortalidad-materna,gasto-educ-pib,SLV,El Salvador,2003,43,3.13467001914978
razon-mortalidad-materna,gasto-educ-pib,GRD,Granada,2003,1.8,3.92673993110657
razon-mortalidad-materna,gasto-educ-pib,GUY,Guyana,2003,171,6.95590019226074
razon-mortalidad-materna,gasto-educ-pib,JAM,Jamaica,2003,9.5,4.25684976577759
razon-mortalidad-materna,gasto-educ-pib,MEX,México,2003,34,4.83262014389038
razon-mortalidad-materna,gasto-educ-pib,NIC,Nicaragua,2003,102,2.42200994491577
razon-mortalidad-materna,gasto-educ-pib,PAN,Panamá,2003,85,4.19644021987915
razon-mortalidad-materna,gasto-educ-pib,PRY,Paraguay,2003,92,3.3827600479126
razon-mortalidad-materna,gasto-educ-pib,PER,Perú,2003,245,2.93779993057251
razon-mortalidad-materna,gasto-educ-pib,DOM,República Dominicana,2003,113,1.84465003013611
razon-mortalidad-materna,gasto-educ-pib,URY,Uruguay,2003,31,2.0682098865509
razon-mortalidad-materna,gasto-educ-pib,ARG,Argentina,2004,42,3.48652005195618
razon-mortalidad-materna,gasto-educ-pib,ABW,Aruba,2004,7.3,4.35698986053467
razon-mortalidad-materna,gasto-educ-pib,BRB,Barbados,2004,7.1,6.02428007125854
razon-mortalidad-materna,gasto-educ-pib,BLZ,Belice,2004,61,4.0096697807312
razon-mortalidad-materna,gasto-educ-pib,BMU,Bermudas,2004,9.6,1.77587997913361
razon-mortalidad-materna,gasto-educ-pib,BRA,Brasil,2004,52,3.97448992729187
razon-mortalidad-materna,gasto-educ-pib,CHL,Chile,2004,24,3.54307007789612
razon-mortalidad-materna,gasto-educ-pib,COL,Colombia,2004,51,4.07934999465942
razon-mortalidad-materna,gasto-educ-pib,CRI,Costa Rica,2004,26,4.89062976837158
razon-mortalidad-materna,gasto-educ-pib,CUB,Cuba,2004,11,10.2682304382324
razon-mortalidad-materna,gasto-educ-pib,GUY,Guyana,2004,152,5.51291990280151
razon-mortalidad-materna,gasto-educ-pib,JAM,Jamaica,2004,8.7,3.91254997253418
razon-mortalidad-materna,gasto-educ-pib,MEX,México,2004,26,4.51204013824463
razon-mortalidad-materna,gasto-educ-pib,PAN,Panamá,2004,86,3.55807995796204
razon-mortalidad-materna,gasto-educ-pib,PRY,Paraguay,2004,88,2.86989998817444
razon-mortalidad-materna,gasto-educ-pib,PER,Perú,2004,240,2.95787000656128
razon-mortalidad-materna,gasto-educ-pib,URY,Uruguay,2004,34,2.49954009056091
razon-mortalidad-materna,gasto-educ-pib,ARG,Argentina,2005,38,3.86000990867615
razon-mortalidad-materna,gasto-educ-pib,ABW,Aruba,2005,7.6,4.62321996688843
razon-mortalidad-materna,gasto-educ-pib,BRB,Barbados,2005,3.5,5.66965007781982
razon-mortalidad-materna,gasto-educ-pib,BMU,Bermudas,2005,6.9,1.98877000808716
razon-mortalidad-materna,gasto-educ-pib,BRA,Brasil,2005,48,4.47909021377563
razon-mortalidad-materna,gasto-educ-pib,CAN,Canadá,2005,6.3,4.76589012145996
razon-mortalidad-materna,gasto-educ-pib,CHL,Chile,2005,22,3.28016996383667
razon-mortalidad-materna,gasto-educ-pib,COL,Colombia,2005,44,4.02098989486694
razon-mortalidad-materna,gasto-educ-pib,CUB,Cuba,2005,10,10.5577802658081
razon-mortalidad-materna,gasto-educ-pib,SLV,El Salvador,2005,50,3.17785000801086
razon-mortalidad-materna,gasto-educ-pib,GUY,Guyana,2005,151,8.13973045349121
razon-mortalidad-materna,gasto-educ-pib,JAM,Jamaica,2005,6.4,4.61641979217529
razon-mortalidad-materna,gasto-educ-pib,MEX,México,2005,31,4.63395023345947
razon-mortalidad-materna,gasto-educ-pib,PER,Perú,2005,228,2.83903002738953
razon-mortalidad-materna,gasto-educ-pib,URY,Uruguay,2005,28,2.71476006507873
razon-mortalidad-materna,gasto-educ-pib,ARG,Argentina,2006,34,4.12821006774902
razon-mortalidad-materna,gasto-educ-pib,BRA,Brasil,2006,44,4.87060022354126
razon-mortalidad-materna,gasto-educ-pib,CHL,Chile,2006,21,3.04014992713928
razon-mortalidad-materna,gasto-educ-pib,COL,Colombia,2006,45,3.91671991348267
razon-mortalidad-materna,gasto-educ-pib,CRI,Costa Rica,2006,17,4.61614990234375
razon-mortalidad-materna,gasto-educ-pib,CUB,Cuba,2006,10,9.05716991424561
razon-mortalidad-materna,gasto-educ-pib,SLV,El Salvador,2006,44,3.49298000335693
razon-mortalidad-materna,gasto-educ-pib,GTM,Guatemala,2006,31,3.03285002708435
razon-mortalidad-materna,gasto-educ-pib,GUY,Guyana,2006,163,3.11891007423401
razon-mortalidad-materna,gasto-educ-pib,MEX,México,2006,29,4.49317979812622
razon-mortalidad-materna,gasto-educ-pib,PER,Perú,2006,218,2.65281009674072
razon-mortalidad-materna,gasto-educ-pib,URY,Uruguay,2006,25,2.85664010047913
razon-mortalidad-materna,gasto-educ-pib,ARG,Argentina,2007,35,4.46260976791382
razon-mortalidad-materna,gasto-educ-pib,ABW,Aruba,2007,8.2,4.70254993438721
razon-mortalidad-materna,gasto-educ-pib,BRB,Barbados,2007,5.9,5.22061014175415
razon-mortalidad-materna,gasto-educ-pib,BRA,Brasil,2007,44,4.97426986694336
razon-mortalidad-materna,gasto-educ-pib,CAN,Canadá,2007,5.8,4.76642990112305
razon-mortalidad-materna,gasto-educ-pib,CHL,Chile,2007,20,3.2331600189209
razon-mortalidad-materna,gasto-educ-pib,COL,Colombia,2007,43,4.08301019668579
razon-mortalidad-materna,gasto-educ-pib,CRI,Costa Rica,2007,18,4.63449001312256
razon-mortalidad-materna,gasto-educ-pib,CUB,Cuba,2007,9.8,11.8682098388672
razon-mortalidad-materna,gasto-educ-pib,SLV,El Salvador,2007,43,3.60984992980957
razon-mortalidad-materna,gasto-educ-pib,GTM,Guatemala,2007,26,3.08809995651245
razon-mortalidad-materna,gasto-educ-pib,GUY,Guyana,2007,133,2.39117002487183
razon-mortalidad-materna,gasto-educ-pib,JAM,Jamaica,2007,6.8,5.49022006988525
razon-mortalidad-materna,gasto-educ-pib,MEX,México,2007,28,4.47919988632202
razon-mortalidad-materna,gasto-educ-pib,PRY,Paraguay,2007,72,2.73951005935669
razon-mortalidad-materna,gasto-educ-pib,PER,Perú,2007,194,2.62940001487732
razon-mortalidad-materna,gasto-educ-pib,DOM,República Dominicana,2007,78,2.04678010940552
razon-mortalidad-materna,gasto-educ-pib,ARG,Argentina,2008,31,4.84438991546631
razon-mortalidad-materna,gasto-educ-pib,ABW,Aruba,2008,8.4,4.82730007171631
razon-mortalidad-materna,gasto-educ-pib,BRB,Barbados,2008,1.1,4.92074012756348
razon-mortalidad-materna,gasto-educ-pib,BLZ,Belice,2008,50,4.29996013641357
razon-mortalidad-materna,gasto-educ-pib,BRA,Brasil,2008,44,5.26884984970093
razon-mortalidad-materna,gasto-educ-pib,CAN,Canadá,2008,5.9,4.62612009048462
razon-mortalidad-materna,gasto-educ-pib,CHL,Chile,2008,20,3.79189991950989
razon-mortalidad-materna,gasto-educ-pib,COL,Colombia,2008,43,3.9387800693512
razon-mortalidad-materna,gasto-educ-pib,CRI,Costa Rica,2008,16,4.88697004318237
razon-mortalidad-materna,gasto-educ-pib,CUB,Cuba,2008,10,14.0590801239014
razon-mortalidad-materna,gasto-educ-pib,SLV,El Salvador,2008,43,4.45810985565185
razon-mortalidad-materna,gasto-educ-pib,GTM,Guatemala,2008,26,3.23686003684998
razon-mortalidad-materna,gasto-educ-pib,JAM,Jamaica,2008,6.6,6.19131994247437
razon-mortalidad-materna,gasto-educ-pib,MEX,México,2008,28,4.60607004165649
razon-mortalidad-materna,gasto-educ-pib,PAN,Panamá,2008,71,3.42529010772705
razon-mortalidad-materna,gasto-educ-pib,PER,Perú,2008,182,2.8677499294281
razon-mortalidad-materna,gasto-educ-pib,ARG,Argentina,2009,25,5.53105020523071
razon-mortalidad-materna,gasto-educ-pib,ABW,Aruba,2009,8.7,5.79739999771118
razon-mortalidad-materna,gasto-educ-pib,BRB,Barbados,2009,0.73,5.11040019989014
razon-mortalidad-materna,gasto-educ-pib,BLZ,Belice,2009,48,4.8011999130249
razon-mortalidad-materna,gasto-educ-pib,BMU,Bermudas,2009,2.5,2.28920006752014
razon-mortalidad-materna,gasto-educ-pib,BRA,Brasil,2009,43,5.46355009078979
razon-mortalidad-materna,gasto-educ-pib,CAN,Canadá,2009,5.7,4.84057998657227
razon-mortalidad-materna,gasto-educ-pib,CHL,Chile,2009,19,4.25475978851318
razon-mortalidad-materna,gasto-educ-pib,COL,Colombia,2009,41,4.77651977539062
razon-mortalidad-materna,gasto-educ-pib,CRI,Costa Rica,2009,14,6.01031017303467
razon-mortalidad-materna,gasto-educ-pib,CUB,Cuba,2009,8.6,13.1248598098755
razon-mortalidad-materna,gasto-educ-pib,ECU,Ecuador,2009,51,4.51763010025024
razon-mortalidad-materna,gasto-educ-pib,SLV,El Salvador,2009,40,4.65950012207031
razon-mortalidad-materna,gasto-educ-pib,GUY,Guyana,2009,164,2.15057992935181
razon-mortalidad-materna,gasto-educ-pib,JAM,Jamaica,2009,8.4,6.19848012924194
razon-mortalidad-materna,gasto-educ-pib,MEX,México,2009,27,4.94934988021851
razon-mortalidad-materna,gasto-educ-pib,PER,Perú,2009,171,3.13994002342224
razon-mortalidad-materna,gasto-educ-pib,ARG,Argentina,2010,24,5.01972007751465
razon-mortalidad-materna,gasto-educ-pib,ABW,Aruba,2010,6,6.75109004974365
razon-mortalidad-materna,gasto-educ-pib,BHS,Bahamas,2010,12,2.45165990475209
razon-mortalidad-materna,gasto-educ-pib,BRB,Barbados,2010,2.2,6.05261993408203
razon-mortalidad-materna,gasto-educ-pib,BLZ,Belice,2010,75,5.24251985549927
razon-mortalidad-materna,gasto-educ-pib,BMU,Bermudas,2010,1.6,2.30668997764587
razon-mortalidad-materna,gasto-educ-pib,BRA,Brasil,2010,42,5.64879989624023
razon-mortalidad-materna,gasto-educ-pib,CAN,Canadá,2010,4.9,5.35637998580933
razon-mortalidad-materna,gasto-educ-pib,CHL,Chile,2010,19,4.18953990936279
razon-mortalidad-materna,gasto-educ-pib,COL,Colombia,2010,40,4.83382987976074
razon-mortalidad-materna,gasto-educ-pib,CRI,Costa Rica,2010,15,6.56575012207031
razon-mortalidad-materna,gasto-educ-pib,CUB,Cuba,2010,9.8,12.8373098373413
razon-mortalidad-materna,gasto-educ-pib,ECU,Ecuador,2010,49,4.60028982162476
razon-mortalidad-materna,gasto-educ-pib,SLV,El Salvador,2010,39,4.04807996749878
razon-mortalidad-materna,gasto-educ-pib,GRD,Granada,2010,3.6,5.07508233496978
razon-mortalidad-materna,gasto-educ-pib,GTM,Guatemala,2010,26,2.84864997863769
razon-mortalidad-materna,gasto-educ-pib,GUY,Guyana,2010,150,2.40938997268677
razon-mortalidad-materna,gasto-educ-pib,VGB,Islas Vírgenes Británicas,2010,3.6,3.48700818755313
razon-mortalidad-materna,gasto-educ-pib,JAM,Jamaica,2010,7.6,6.37058019638062
razon-mortalidad-materna,gasto-educ-pib,MEX,México,2010,28,4.93697023391724
razon-mortalidad-materna,gasto-educ-pib,NIC,Nicaragua,2010,70,4.48422002792358
razon-mortalidad-materna,gasto-educ-pib,PRY,Paraguay,2010,62,2.7707200050354
razon-mortalidad-materna,gasto-educ-pib,PER,Perú,2010,159,2.86730003356934
razon-mortalidad-materna,gasto-educ-pib,DOM,República Dominicana,2010,61,1.88728788680129
razon-mortalidad-materna,gasto-educ-pib,ARG,Argentina,2011,31,5.29063987731934
razon-mortalidad-materna,gasto-educ-pib,ABW,Aruba,2011,7.9,5.91466999053955
razon-mortalidad-materna,gasto-educ-pib,BHS,Bahamas,2011,15,2.35576638581195
razon-mortalidad-materna,gasto-educ-pib,BLZ,Belice,2011,36,5.51786910233588
razon-mortalidad-materna,gasto-educ-pib,BMU,Bermudas,2011,1.6,2.19656988306324
razon-mortalidad-materna,gasto-educ-pib,BRA,Brasil,2011,42,5.73741006851196
razon-mortalidad-materna,gasto-educ-pib,CAN,Canadá,2011,5,5.26204013824463
razon-mortalidad-materna,gasto-educ-pib,CHL,Chile,2011,19,4.06173992156982
razon-mortalidad-materna,gasto-educ-pib,COL,Colombia,2011,40,4.46608018875122
razon-mortalidad-materna,gasto-educ-pib,CRI,Costa Rica,2011,15,6.37988996505737
razon-mortalidad-materna,gasto-educ-pib,CUW,Curazao,2011,0.63,5.64725392834695
razon-mortalidad-materna,gasto-educ-pib,ECU,Ecuador,2011,50,4.74424982070923
razon-mortalidad-materna,gasto-educ-pib,SLV,El Salvador,2011,43,3.89854001998901
razon-mortalidad-materna,gasto-educ-pib,GRD,Granada,2011,1.8,5.48532342071091
razon-mortalidad-materna,gasto-educ-pib,GTM,Guatemala,2011,23,2.96865010261536
razon-mortalidad-materna,gasto-educ-pib,GUY,Guyana,2011,145,2.50669002532959
razon-mortalidad-materna,gasto-educ-pib,JAM,Jamaica,2011,5.9,6.26664018630981
razon-mortalidad-materna,gasto-educ-pib,MEX,México,2011,27,4.9040699005127
razon-mortalidad-materna,gasto-educ-pib,PAN,Panamá,2011,64,3.07034993171692
razon-mortalidad-materna,gasto-educ-pib,PRY,Paraguay,2011,62,3.69283008575439
razon-mortalidad-materna,gasto-educ-pib,PER,Perú,2011,155,2.6635000705719
razon-mortalidad-materna,gasto-educ-pib,DOM,República Dominicana,2011,64,1.87925755786153
razon-mortalidad-materna,gasto-educ-pib,URY,Uruguay,2011,32,4.14937019348145
razon-mortalidad-materna,gasto-educ-pib,ARG,Argentina,2012,27,5.3458399772644
razon-mortalidad-materna,gasto-educ-pib,ABW,Aruba,2012,28,6.3472900390625
razon-mortalidad-materna,gasto-educ-pib,BHS,Bahamas,2012,12,2.30391197238935
razon-mortalidad-materna,gasto-educ-pib,BRB,Barbados,2012,1.4,4.58823013305664
razon-mortalidad-materna,gasto-educ-pib,BLZ,Belice,2012,40,5.47351989539787
razon-mortalidad-materna,gasto-educ-pib,BMU,Bermudas,2012,4.7,2.38597137100485
razon-mortalidad-materna,gasto-educ-pib,BRA,Brasil,2012,42,5.85510015487671
razon-mortalidad-materna,gasto-educ-pib,COL,Colombia,2012,39,4.37038993835449
razon-mortalidad-materna,gasto-educ-pib,CRI,Costa Rica,2012,14,6.58239984512329
razon-mortalidad-materna,gasto-educ-pib,CUB,Cuba,2012,8.3,11.5516604913797
razon-mortalidad-materna,gasto-educ-pib,CUW,Curazao,2012,0.62,5.38283590387706
razon-mortalidad-materna,gasto-educ-pib,DMA,Dominica,2012,10,4.52896287885139
razon-mortalidad-materna,gasto-educ-pib,ECU,Ecuador,2012,51,4.65310001373291
razon-mortalidad-materna,gasto-educ-pib,SLV,El Salvador,2012,46,3.7124400138855
razon-mortalidad-materna,gasto-educ-pib,GRD,Granada,2012,0.89,5.07225880686028
razon-mortalidad-materna,gasto-educ-pib,GTM,Guatemala,2012,26,3.00524997711182
razon-mortalidad-materna,gasto-educ-pib,GUY,Guyana,2012,148,2.24131989479065
razon-mortalidad-materna,gasto-educ-pib,HND,Honduras,2012,59,6.29972793577391
razon-mortalidad-materna,gasto-educ-pib,VGB,Islas Vírgenes Británicas,2012,0,3.55560728835564
razon-mortalidad-materna,gasto-educ-pib,JAM,Jamaica,2012,5,6.1124701499939
razon-mortalidad-materna,gasto-educ-pib,MEX,México,2012,26,4.88349008560181
razon-mortalidad-materna,gasto-educ-pib,PRY,Paraguay,2012,62,3.66877007484436
razon-mortalidad-materna,gasto-educ-pib,PER,Perú,2012,143,2.92276000976562
razon-mortalidad-materna,gasto-educ-pib,URY,Uruguay,2012,31,4.09353338283242
razon-mortalidad-materna,gasto-educ-pib,ARG,Argentina,2013,27,5.43660020828247
razon-mortalidad-materna,gasto-educ-pib,ABW,Aruba,2013,11,6.44295978546143
razon-mortalidad-materna,gasto-educ-pib,BHS,Bahamas,2013,12,2.4242884241713
razon-mortalidad-materna,gasto-educ-pib,BRB,Barbados,2013,1.4,4.50306987762451
razon-mortalidad-materna,gasto-educ-pib,BLZ,Belice,2013,55,5.12474012374878
razon-mortalidad-materna,gasto-educ-pib,BMU,Bermudas,2013,0,2.2795032068669
razon-mortalidad-materna,gasto-educ-pib,BRA,Brasil,2013,42,5.8388500213623
razon-mortalidad-materna,gasto-educ-pib,CAN,Canadá,2013,5.4,4.58899021148682
razon-mortalidad-materna,gasto-educ-pib,CHL,Chile,2013,18,4.54814004898071
razon-mortalidad-materna,gasto-educ-pib,COL,Colombia,2013,36,4.87855005264282
razon-mortalidad-materna,gasto-educ-pib,CRI,Costa Rica,2013,12,6.68738985061646
razon-mortalidad-materna,gasto-educ-pib,CUB,Cuba,2013,8.4,10.67169596101
razon-mortalidad-materna,gasto-educ-pib,CUW,Curazao,2013,1.2,5.11633014678955
razon-mortalidad-materna,gasto-educ-pib,DMA,Dominica,2013,4.3,4.35428103166344
razon-mortalidad-materna,gasto-educ-pib,ECU,Ecuador,2013,47,4.92997980117798
razon-mortalidad-materna,gasto-educ-pib,SLV,El Salvador,2013,48,3.80149006843567
razon-mortalidad-materna,gasto-educ-pib,GTM,Guatemala,2013,24,2.88808989524841
razon-mortalidad-materna,gasto-educ-pib,HND,Honduras,2013,55,5.87493991851807
razon-mortalidad-materna,gasto-educ-pib,VGB,Islas Vírgenes Británicas,2013,3.2,4.45811210742524
razon-mortalidad-materna,gasto-educ-pib,JAM,Jamaica,2013,5.1,6.25106000900269
razon-mortalidad-materna,gasto-educ-pib,MEX,México,2013,26,4.50858020782471
razon-mortalidad-materna,gasto-educ-pib,PRY,Paraguay,2013,56,2.67871193892232
razon-mortalidad-materna,gasto-educ-pib,PER,Perú,2013,139,3.29729008674622
razon-mortalidad-materna,gasto-educ-pib,PRI,Puerto Rico,2013,1.9,6.48106002807617
razon-mortalidad-materna,gasto-educ-pib,DOM,República Dominicana,2013,62,3.62818152019188
razon-mortalidad-materna,gasto-educ-pib,URY,Uruguay,2013,34,4.23893022537231
razon-mortalidad-materna,gasto-educ-pib,ARG,Argentina,2014,27,5.36144018173218
razon-mortalidad-materna,gasto-educ-pib,ABW,Aruba,2014,1.9,5.85128021240234
razon-mortalidad-materna,gasto-educ-pib,BHS,Bahamas,2014,18,2.24714705533939
razon-mortalidad-materna,gasto-educ-pib,BRB,Barbados,2014,1.8,5.35950994491577
razon-mortalidad-materna,gasto-educ-pib,BLZ,Belice,2014,31,5.1395001411438
razon-mortalidad-materna,gasto-educ-pib,BMU,Bermudas,2014,0,1.5368800163269
razon-mortalidad-materna,gasto-educ-pib,BRA,Brasil,2014,41,5.94848012924194
razon-mortalidad-materna,gasto-educ-pib,CAN,Canadá,2014,5,4.84358978271484
razon-mortalidad-materna,gasto-educ-pib,CHL,Chile,2014,17,4.75168991088867
razon-mortalidad-materna,gasto-educ-pib,COL,Colombia,2014,34,4.62945985794067
razon-mortalidad-materna,gasto-educ-pib,CRI,Costa Rica,2014,13,6.67953014373779
razon-mortalidad-materna,gasto-educ-pib,CUB,Cuba,2014,8,9.6074568445536
razon-mortalidad-materna,gasto-educ-pib,CUW,Curazao,2014,3,5.95464718602819
razon-mortalidad-materna,gasto-educ-pib,DMA,Dominica,2014,1.4,4.33216630134647
razon-mortalidad-materna,gasto-educ-pib,ECU,Ecuador,2014,44,5.21019983291626
razon-mortalidad-materna,gasto-educ-pib,SLV,El Salvador,2014,48,3.82416009902954
razon-mortalidad-materna,gasto-educ-pib,GRD,Granada,2014,0,4.47756594772942
razon-mortalidad-materna,gasto-educ-pib,GTM,Guatemala,2014,23,2.98563003540039
razon-mortalidad-materna,gasto-educ-pib,GUY,Guyana,2014,100,4.36033010482788
razon-mortalidad-materna,gasto-educ-pib,HTI,Haití,2014,336,1.75226998329163
razon-mortalidad-materna,gasto-educ-pib,HND,Honduras,2014,49,7.09010982513428
razon-mortalidad-materna,gasto-educ-pib,VGB,Islas Vírgenes Británicas,2014,0,4.00919804063438
razon-mortalidad-materna,gasto-educ-pib,JAM,Jamaica,2014,4.4,6.01584005355835
razon-mortalidad-materna,gasto-educ-pib,MEX,México,2014,25,5.06807994842529
razon-mortalidad-materna,gasto-educ-pib,NIC,Nicaragua,2014,65,4.08329010009766
razon-mortalidad-materna,gasto-educ-pib,PAN,Panamá,2014,52,3.08107995986939
razon-mortalidad-materna,gasto-educ-pib,PRY,Paraguay,2014,54,2.59655894629063
razon-mortalidad-materna,gasto-educ-pib,PER,Perú,2014,136,3.69599008560181
razon-mortalidad-materna,gasto-educ-pib,PRI,Puerto Rico,2014,1.7,6.07265996932983
razon-mortalidad-materna,gasto-educ-pib,DOM,República Dominicana,2014,60,3.62243443144513
razon-mortalidad-materna,gasto-educ-pib,URY,Uruguay,2014,33,4.26735019683838
razon-mortalidad-materna,gasto-educ-pib,ARG,Argentina,2015,28,5.77611017227173
razon-mortalidad-materna,gasto-educ-pib,ABW,Aruba,2015,5.8,5.88826990127563
razon-mortalidad-materna,gasto-educ-pib,BHS,Bahamas,2015,21,2.2723175918231
razon-mortalidad-materna,gasto-educ-pib,BRB,Barbados,2015,0,5.15997517232471
razon-mortalidad-materna,gasto-educ-pib,BLZ,Belice,2015,33,5.35711002349854
razon-mortalidad-materna,gasto-educ-pib,BMU,Bermudas,2015,0,1.50163996219635
razon-mortalidad-materna,gasto-educ-pib,BRA,Brasil,2015,41,6.24105978012085
razon-mortalidad-materna,gasto-educ-pib,CAN,Canadá,2015,5.1,4.73936986923218
razon-mortalidad-materna,gasto-educ-pib,CHL,Chile,2015,18,4.90390014648438
razon-mortalidad-materna,gasto-educ-pib,COL,Colombia,2015,33,4.47038984298706
razon-mortalidad-materna,gasto-educ-pib,CRI,Costa Rica,2015,12,6.87349987030029
razon-mortalidad-materna,gasto-educ-pib,CUB,Cuba,2015,7.5,8.9633578559392
razon-mortalidad-materna,gasto-educ-pib,CUW,Curazao,2015,4.8,5.95011209033324
razon-mortalidad-materna,gasto-educ-pib,DMA,Dominica,2015,9.9,3.09856009483337
razon-mortalidad-materna,gasto-educ-pib,ECU,Ecuador,2015,42,5.10570001602173
razon-mortalidad-materna,gasto-educ-pib,SLV,El Salvador,2015,53,3.90987992286682
razon-mortalidad-materna,gasto-educ-pib,GRD,Granada,2015,4.4,4.23861035989182
razon-mortalidad-materna,gasto-educ-pib,GTM,Guatemala,2015,23,3.03032994270325
razon-mortalidad-materna,gasto-educ-pib,GUY,Guyana,2015,102,3.89569997787476
razon-mortalidad-materna,gasto-educ-pib,HTI,Haití,2015,318,1.85497999191284
razon-mortalidad-materna,gasto-educ-pib,HND,Honduras,2015,49,6.41298007965088
razon-mortalidad-materna,gasto-educ-pib,VGB,Islas Vírgenes Británicas,2015,0,4.70449999843962
razon-mortalidad-materna,gasto-educ-pib,JAM,Jamaica,2015,5.2,5.45523023605347
razon-mortalidad-materna,gasto-educ-pib,MEX,México,2015,25,5.05087995529175
razon-mortalidad-materna,gasto-educ-pib,NIC,Nicaragua,2015,59,4.07843017578125
razon-mortalidad-materna,gasto-educ-pib,PAN,Panamá,2015,58,3.26552009582519
razon-mortalidad-materna,gasto-educ-pib,PRY,Paraguay,2015,55,3.33377822870463
razon-mortalidad-materna,gasto-educ-pib,PER,Perú,2015,131,3.96933007240295
razon-mortalidad-materna,gasto-educ-pib,PRI,Puerto Rico,2015,2,3.34032241682023
razon-mortalidad-materna,gasto-educ-pib,DOM,República Dominicana,2015,59,3.60400277306673
razon-mortalidad-materna,gasto-educ-pib,SUR,Surinam,2015,35,5.53479610522553
razon-mortalidad-materna,gasto-educ-pib,URY,Uruguay,2015,33,4.20636987686157
razon-mortalidad-materna,gasto-educ-pib,ARG,Argentina,2016,30,5.54548978805542
razon-mortalidad-materna,gasto-educ-pib,ABW,Aruba,2016,7.6,5.49136018753052
razon-mortalidad-materna,gasto-educ-pib,BHS,Bahamas,2016,30,2.58786212973921
razon-mortalidad-materna,gasto-educ-pib,BRB,Barbados,2016,1.1,4.19719982147217
razon-mortalidad-materna,gasto-educ-pib,BLZ,Belice,2016,49,5.72603988647461
razon-mortalidad-materna,gasto-educ-pib,BMU,Bermudas,2016,3.2,2.03905874199287
razon-mortalidad-materna,gasto-educ-pib,BRA,Brasil,2016,41,6.31403017044067
razon-mortalidad-materna,gasto-educ-pib,CAN,Canadá,2016,5.3,4.81642007827759
razon-mortalidad-materna,gasto-educ-pib,CHL,Chile,2016,17,5.36645984649658
razon-mortalidad-materna,gasto-educ-pib,COL,Colombia,2016,34,4.47721004486084
razon-mortalidad-materna,gasto-educ-pib,CRI,Costa Rica,2016,9.6,6.89395999908447
razon-mortalidad-materna,gasto-educ-pib,CUB,Cuba,2016,7.3,9.01309318032688
razon-mortalidad-materna,gasto-educ-pib,CUW,Curazao,2016,2.4,6.23495389518939
razon-mortalidad-materna,gasto-educ-pib,DMA,Dominica,2016,7.2,5.12971951862684
razon-mortalidad-materna,gasto-educ-pib,ECU,Ecuador,2016,42,4.46397668804552
razon-mortalidad-materna,gasto-educ-pib,SLV,El Salvador,2016,65,3.82523989677429
razon-mortalidad-materna,gasto-educ-pib,GTM,Guatemala,2016,22,2.94474005699158
razon-mortalidad-materna,gasto-educ-pib,GUY,Guyana,2016,101,4.73775005340576
razon-mortalidad-materna,gasto-educ-pib,HTI,Haití,2016,297,1.38776004314423
razon-mortalidad-materna,gasto-educ-pib,HND,Honduras,2016,48,6.09509492079297
razon-mortalidad-materna,gasto-educ-pib,VGB,Islas Vírgenes Británicas,2016,0,3.25467711875258
razon-mortalidad-materna,gasto-educ-pib,JAM,Jamaica,2016,5.1,5.31459999084473
razon-mortalidad-materna,gasto-educ-pib,MEX,México,2016,25,4.75795984268188
razon-mortalidad-materna,gasto-educ-pib,NIC,Nicaragua,2016,54,4.08114004135132
razon-mortalidad-materna,gasto-educ-pib,PAN,Panamá,2016,61,3.32278990745544
razon-mortalidad-materna,gasto-educ-pib,PRY,Paraguay,2016,55,3.43498992919922
razon-mortalidad-materna,gasto-educ-pib,PER,Perú,2016,129,3.81316995620727
razon-mortalidad-materna,gasto-educ-pib,PRI,Puerto Rico,2016,2.5,2.78358429967595
razon-mortalidad-materna,gasto-educ-pib,DOM,República Dominicana,2016,55,3.85049560792469
razon-mortalidad-materna,gasto-educ-pib,SUR,Surinam,2016,27,5.64051904970974
razon-mortalidad-materna,gasto-educ-pib,URY,Uruguay,2016,32,4.36420011520386
razon-mortalidad-materna,gasto-educ-pib,ARG,Argentina,2017,29,5.45432996749878
razon-mortalidad-materna,gasto-educ-pib,ABW,Aruba,2017,7.6,4.45581996127504
razon-mortalidad-materna,gasto-educ-pib,BHS,Bahamas,2017,17,2.69510162053495
razon-mortalidad-materna,gasto-educ-pib,BRB,Barbados,2017,0,3.956209897995
razon-mortalidad-materna,gasto-educ-pib,BLZ,Belice,2017,47,5.95071983337402
razon-mortalidad-materna,gasto-educ-pib,BMU,Bermudas,2017,3.1,1.32495999336243
razon-mortalidad-materna,gasto-educ-pib,BRA,Brasil,2017,43,6.32047986984253
razon-mortalidad-materna,gasto-educ-pib,CAN,Canadá,2017,5.4,4.95998001098633
razon-mortalidad-materna,gasto-educ-pib,CHL,Chile,2017,18,5.43278980255127
razon-mortalidad-materna,gasto-educ-pib,COL,Colombia,2017,34,4.53551006317139
razon-mortalidad-materna,gasto-educ-pib,CRI,Costa Rica,2017,9.6,7.06981992721558
razon-mortalidad-materna,gasto-educ-pib,CUB,Cuba,2017,7.6,8.44413540438793
razon-mortalidad-materna,gasto-educ-pib,CUW,Curazao,2017,5.3,5.91444785594951
razon-mortalidad-materna,gasto-educ-pib,DMA,Dominica,2017,1.5,4.71605005720456
razon-mortalidad-materna,gasto-educ-pib,ECU,Ecuador,2017,44,4.60667733499397
razon-mortalidad-materna,gasto-educ-pib,SLV,El Salvador,2017,77,3.7252299785614
razon-mortalidad-materna,gasto-educ-pib,GRD,Granada,2017,2.6,3.17379999160767
razon-mortalidad-materna,gasto-educ-pib,GTM,Guatemala,2017,23,2.95009994506836
razon-mortalidad-materna,gasto-educ-pib,GUY,Guyana,2017,90,4.6647801399231
razon-mortalidad-materna,gasto-educ-pib,HTI,Haití,2017,276,1.49846994876862
razon-mortalidad-materna,gasto-educ-pib,HND,Honduras,2017,46,5.74434396129576
razon-mortalidad-materna,gasto-educ-pib,VGB,Islas Vírgenes Británicas,2017,1.4,2.4570894097885
razon-mortalidad-materna,gasto-educ-pib,JAM,Jamaica,2017,5.9,5.26015996932983
razon-mortalidad-materna,gasto-educ-pib,MEX,México,2017,25,4.39752006530762
razon-mortalidad-materna,gasto-educ-pib,NIC,Nicaragua,2017,51,4.35768985748291
razon-mortalidad-materna,gasto-educ-pib,PAN,Panamá,2017,61,3.37834000587463
razon-mortalidad-materna,gasto-educ-pib,PRY,Paraguay,2017,57,3.09062070242279
razon-mortalidad-materna,gasto-educ-pib,PER,Perú,2017,128,3.93130993843079
razon-mortalidad-materna,gasto-educ-pib,PRI,Puerto Rico,2017,1.5,2.72538873126429
razon-mortalidad-materna,gasto-educ-pib,DOM,República Dominicana,2017,50,3.92026752279272
razon-mortalidad-materna,gasto-educ-pib,SUR,Surinam,2017,31,5.45861311514349
razon-mortalidad-materna,gasto-educ-pib,URY,Uruguay,2017,34,4.41787004470825
razon-mortalidad-materna,gasto-educ-pib,ARG,Argentina,2018,30,4.87773990631104
razon-mortalidad-materna,gasto-educ-pib,ABW,Aruba,2018,4.7,4.54876355243615
razon-mortalidad-materna,gasto-educ-pib,BHS,Bahamas,2018,15,2.49264112462151
razon-mortalidad-materna,gasto-educ-pib,BRB,Barbados,2018,0.36,5.40447825597088
razon-mortalidad-materna,gasto-educ-pib,BLZ,Belice,2018,39,6.12779998779297
razon-mortalidad-materna,gasto-educ-pib,BMU,Bermudas,2018,3.1,1.93595466792564
razon-mortalidad-materna,gasto-educ-pib,BRA,Brasil,2018,45,6.08851003646851
razon-mortalidad-materna,gasto-educ-pib,CAN,Canadá,2018,5.3,4.88898992538452
razon-mortalidad-materna,gasto-educ-pib,CHL,Chile,2018,19,5.473060131073
razon-mortalidad-materna,gasto-educ-pib,COL,Colombia,2018,34,4.44910001754761
razon-mortalidad-materna,gasto-educ-pib,CRI,Costa Rica,2018,10,6.76992988586426
razon-mortalidad-materna,gasto-educ-pib,CUB,Cuba,2018,7.6,8.02498461098619
razon-mortalidad-materna,gasto-educ-pib,CUW,Curazao,2018,4.1,5.93873270793721
razon-mortalidad-materna,gasto-educ-pib,DMA,Dominica,2018,5.9,5.1536046272165
razon-mortalidad-materna,gasto-educ-pib,ECU,Ecuador,2018,45,4.6250260585881
razon-mortalidad-materna,gasto-educ-pib,SLV,El Salvador,2018,76,3.60575008392334
razon-mortalidad-materna,gasto-educ-pib,GRD,Granada,2018,1.7,3.55919341882594
razon-mortalidad-materna,gasto-educ-pib,GTM,Guatemala,2018,24,3.13193988800049
razon-mortalidad-materna,gasto-educ-pib,GUY,Guyana,2018,85,4.45058012008667
razon-mortalidad-materna,gasto-educ-pib,HTI,Haití,2018,256,1.63715994358063
razon-mortalidad-materna,gasto-educ-pib,HND,Honduras,2018,45,6.05646991729736
razon-mortalidad-materna,gasto-educ-pib,CYM,Islas Caimán,2018,4.5,2.16376945997106
razon-mortalidad-materna,gasto-educ-pib,VGB,Islas Vírgenes Británicas,2018,2.9,2.42556060278319
razon-mortalidad-materna,gasto-educ-pib,JAM,Jamaica,2018,3.9,5.41379022598267
razon-mortalidad-materna,gasto-educ-pib,MEX,México,2018,26,4.13944005966187
razon-mortalidad-materna,gasto-educ-pib,NIC,Nicaragua,2018,46,4.47380693256251
razon-mortalidad-materna,gasto-educ-pib,PAN,Panamá,2018,54,3.4524199962616
razon-mortalidad-materna,gasto-educ-pib,PRY,Paraguay,2018,56,3.2961960606943
razon-mortalidad-materna,gasto-educ-pib,PER,Perú,2018,132,3.71392011642456
razon-mortalidad-materna,gasto-educ-pib,PRI,Puerto Rico,2018,1,2.60388715714737
razon-mortalidad-materna,gasto-educ-pib,DOM,República Dominicana,2018,49,3.92849467476802
razon-mortalidad-materna,gasto-educ-pib,SUR,Surinam,2018,41,4.92259355761269
razon-mortalidad-materna,gasto-educ-pib,URY,Uruguay,2018,36,4.60361003875732
razon-mortalidad-materna,gasto-educ-pib,ARG,Argentina,2019,33,4.77165985107422
razon-mortalidad-materna,gasto-educ-pib,ABW,Aruba,2019,1.9,4.43503686776957
razon-mortalidad-materna,gasto-educ-pib,BHS,Bahamas,2019,17,2.62573176503127
razon-mortalidad-materna,gasto-educ-pib,BRB,Barbados,2019,0,3.72228002548218
razon-mortalidad-materna,gasto-educ-pib,BLZ,Belice,2019,35,5.96377992630005
razon-mortalidad-materna,gasto-educ-pib,BMU,Bermudas,2019,3.1,1.92679827239971
razon-mortalidad-materna,gasto-educ-pib,BRA,Brasil,2019,45,5.96346998214722
razon-mortalidad-materna,gasto-educ-pib,CAN,Canadá,2019,5.6,4.77293014526367
razon-mortalidad-materna,gasto-educ-pib,CHL,Chile,2019,19,5.62629985809326
razon-mortalidad-materna,gasto-educ-pib,COL,Colombia,2019,36,4.51068019866943
razon-mortalidad-materna,gasto-educ-pib,CRI,Costa Rica,2019,9.9,6.73809003829956
razon-mortalidad-materna,gasto-educ-pib,CUB,Cuba,2019,6.8,9.04700486137163
razon-mortalidad-materna,gasto-educ-pib,CUW,Curazao,2019,3.8,5.81155632881729
razon-mortalidad-materna,gasto-educ-pib,DMA,Dominica,2019,15,4.88721990585327
razon-mortalidad-materna,gasto-educ-pib,ECU,Ecuador,2019,46,4.24576997756958
razon-mortalidad-materna,gasto-educ-pib,SLV,El Salvador,2019,63,3.38710999488831
razon-mortalidad-materna,gasto-educ-pib,GTM,Guatemala,2019,24,3.19297003746033
razon-mortalidad-materna,gasto-educ-pib,HTI,Haití,2019,239,1.08414978067408
razon-mortalidad-materna,gasto-educ-pib,HND,Honduras,2019,38,5.98198266311593
razon-mortalidad-materna,gasto-educ-pib,CYM,Islas Caimán,2019,5.9,1.13670003414154
razon-mortalidad-materna,gasto-educ-pib,VGB,Islas Vírgenes Británicas,2019,2.3,2.500967871937
razon-mortalidad-materna,gasto-educ-pib,JAM,Jamaica,2019,3.5,5.16364002227783
razon-mortalidad-materna,gasto-educ-pib,NIC,Nicaragua,2019,49,4.59991969121332
razon-mortalidad-materna,gasto-educ-pib,PAN,Panamá,2019,39,3.28122011579173
razon-mortalidad-materna,gasto-educ-pib,PRY,Paraguay,2019,60,3.48983027194334
razon-mortalidad-materna,gasto-educ-pib,PER,Perú,2019,131,3.822429895401
razon-mortalidad-materna,gasto-educ-pib,PRI,Puerto Rico,2019,1.4,3.32791002069889
razon-mortalidad-materna,gasto-educ-pib,DOM,República Dominicana,2019,45,4.04276873126053
razon-mortalidad-materna,gasto-educ-pib,SUR,Surinam,2019,31,6.77857289012664
razon-mortalidad-materna,gasto-educ-pib,URY,Uruguay,2019,38,4.62834978103638
razon-mortalidad-materna,gasto-educ-pib,ARG,Argentina,2020,27,5.27689981460571
razon-mortalidad-materna,gasto-educ-pib,BHS,Bahamas,2020,10,3.7125229961238
razon-mortalidad-materna,gasto-educ-pib,BRB,Barbados,2020,2.1,3.86529994010925
razon-mortalidad-materna,gasto-educ-pib,BLZ,Belice,2020,34,5.21301984786987
razon-mortalidad-materna,gasto-educ-pib,BMU,Bermudas,2020,4.7,1.74834797496856
razon-mortalidad-materna,gasto-educ-pib,BRA,Brasil,2020,45,5.7714900970459
razon-mortalidad-materna,gasto-educ-pib,CAN,Canadá,2020,5.1,4.88794994354248
razon-mortalidad-materna,gasto-educ-pib,CHL,Chile,2020,15,5.62992000579834
razon-mortalidad-materna,gasto-educ-pib,COL,Colombia,2020,39,5.26166009902954
razon-mortalidad-materna,gasto-educ-pib,CRI,Costa Rica,2020,9.7,6.62899017333984
razon-mortalidad-materna,gasto-educ-pib,CUB,Cuba,2020,6.2,11.5248184008093
razon-mortalidad-materna,gasto-educ-pib,CUW,Curazao,2020,3.5,7.11645238834347
razon-mortalidad-materna,gasto-educ-pib,DMA,Dominica,2020,5.2,4.45777988433838
razon-mortalidad-materna,gasto-educ-pib,ECU,Ecuador,2020,38,4.26103019714355
razon-mortalidad-materna,gasto-educ-pib,SLV,El Salvador,2020,42,3.66088008880615
razon-mortalidad-materna,gasto-educ-pib,GTM,Guatemala,2020,18,3.29485011100769
razon-mortalidad-materna,gasto-educ-pib,HTI,Haití,2020,223,1.11353641558643
razon-mortalidad-materna,gasto-educ-pib,HND,Honduras,2020,38,6.09801328648889
razon-mortalidad-materna,gasto-educ-pib,CYM,Islas Caimán,2020,2.9,1.45542001724243
razon-mortalidad-materna,gasto-educ-pib,VGB,Islas Vírgenes Británicas,2020,1.7,2.70539282589676
razon-mortalidad-materna,gasto-educ-pib,JAM,Jamaica,2020,2.9,5.38065828197341
razon-mortalidad-materna,gasto-educ-pib,MEX,México,2020,26,4.4996600151062
razon-mortalidad-materna,gasto-educ-pib,NIC,Nicaragua,2020,47,4.58034059162685
razon-mortalidad-materna,gasto-educ-pib,PAN,Panamá,2020,34,4.30487012863159
razon-mortalidad-materna,gasto-educ-pib,PRY,Paraguay,2020,50,3.93615007400513
razon-mortalidad-materna,gasto-educ-pib,PER,Perú,2020,128,4.25937986373901
razon-mortalidad-materna,gasto-educ-pib,PRI,Puerto Rico,2020,1.1,4.28663184360846
razon-mortalidad-materna,gasto-educ-pib,DOM,República Dominicana,2020,46,4.51769850778985
razon-mortalidad-materna,gasto-educ-pib,SUR,Surinam,2020,25,4.58425708265782
razon-mortalidad-materna,gasto-educ-pib,URY,Uruguay,2020,35,4.55217981338501
razon-mortalidad-materna,gasto-educ-pib,ARG,Argentina,2021,34,4.65393018722534
razon-mortalidad-materna,gasto-educ-pib,ABW,Aruba,2021,5.6,3.61855755636695
razon-mortalidad-materna,gasto-educ-pib,BHS,Bahamas,2021,14,3.04890655208507
razon-mortalidad-materna,gasto-educ-pib,BRB,Barbados,2021,0.35,4.49793004989624
razon-mortalidad-materna,gasto-educ-pib,BLZ,Belice,2021,35,5.96298980712891
razon-mortalidad-materna,gasto-educ-pib,BMU,Bermudas,2021,3.1,1.94565325816336
razon-mortalidad-materna,gasto-educ-pib,BRA,Brasil,2021,47,5.4969801902771
razon-mortalidad-materna,gasto-educ-pib,CAN,Canadá,2021,5.4,4.74858999252319
razon-mortalidad-materna,gasto-educ-pib,CHL,Chile,2021,17,5.00225019454956
razon-mortalidad-materna,gasto-educ-pib,CRI,Costa Rica,2021,9.8,6.24842977523804
razon-mortalidad-materna,gasto-educ-pib,CUB,Cuba,2021,5.4,9.3858620562531
razon-mortalidad-materna,gasto-educ-pib,CUW,Curazao,2021,3.2,6.18160236726664
razon-mortalidad-materna,gasto-educ-pib,DMA,Dominica,2021,0,5.71689183034862
razon-mortalidad-materna,gasto-educ-pib,ECU,Ecuador,2021,41,3.65649008750915
razon-mortalidad-materna,gasto-educ-pib,SLV,El Salvador,2021,39,3.57766008377075
razon-mortalidad-materna,gasto-educ-pib,GRD,Granada,2021,1.7,4.09030334217367
razon-mortalidad-materna,gasto-educ-pib,GTM,Guatemala,2021,20,3.09189009666443
razon-mortalidad-materna,gasto-educ-pib,HTI,Haití,2021,209,1.24275181117048
razon-mortalidad-materna,gasto-educ-pib,HND,Honduras,2021,38,5.88160201792279
razon-mortalidad-materna,gasto-educ-pib,CYM,Islas Caimán,2021,2.9,1.31253004074097
razon-mortalidad-materna,gasto-educ-pib,VGB,Islas Vírgenes Británicas,2021,1.2,3.0245532067775
razon-mortalidad-materna,gasto-educ-pib,JAM,Jamaica,2021,2.7,5.63122987747192
razon-mortalidad-materna,gasto-educ-pib,MEX,México,2021,27,4.23823976516724
razon-mortalidad-materna,gasto-educ-pib,NIC,Nicaragua,2021,46,4.08717467298944
razon-mortalidad-materna,gasto-educ-pib,PAN,Panamá,2021,43,3.71198010444641
razon-mortalidad-materna,gasto-educ-pib,PRY,Paraguay,2021,57,3.41070008277893
razon-mortalidad-materna,gasto-educ-pib,PER,Perú,2021,137,3.92765998840332
razon-mortalidad-materna,gasto-educ-pib,PRI,Puerto Rico,2021,0.69,3.7296700261025
razon-mortalidad-materna,gasto-educ-pib,DOM,República Dominicana,2021,47,3.58043271614957
razon-mortalidad-materna,gasto-educ-pib,SUR,Surinam,2021,23,4.13154972947739
razon-mortalidad-materna,gasto-educ-pib,URY,Uruguay,2021,34,4.46211004257202
razon-mortalidad-materna,gasto-educ-pib,ARG,Argentina,2022,35,4.79263019561768
razon-mortalidad-materna,gasto-educ-pib,BHS,Bahamas,2022,16,2.62367021406169
razon-mortalidad-materna,gasto-educ-pib,BRB,Barbados,2022,1.8,4.14000988006592
razon-mortalidad-materna,gasto-educ-pib,BLZ,Belice,2022,35,4.60415983200073
razon-mortalidad-materna,gasto-educ-pib,BMU,Bermudas,2022,1.5,1.77583338857166
razon-mortalidad-materna,gasto-educ-pib,BRA,Brasil,2022,49,5.61920976638794
razon-mortalidad-materna,gasto-educ-pib,CAN,Canadá,2022,5.6,4.84426021575928
razon-mortalidad-materna,gasto-educ-pib,CHL,Chile,2022,18,4.91201019287109
razon-mortalidad-materna,gasto-educ-pib,CRI,Costa Rica,2022,9.8,5.5472297668457
razon-mortalidad-materna,gasto-educ-pib,CUB,Cuba,2022,7.7,8.44086351669284
razon-mortalidad-materna,gasto-educ-pib,CUW,Curazao,2022,2.7,6.08167033605813
razon-mortalidad-materna,gasto-educ-pib,DMA,Dominica,2022,0,6.04314243406571
razon-mortalidad-materna,gasto-educ-pib,ECU,Ecuador,2022,50,3.61301994323731
razon-mortalidad-materna,gasto-educ-pib,SLV,El Salvador,2022,51,3.26848006248474
razon-mortalidad-materna,gasto-educ-pib,GRD,Granada,2022,0.86,4.03767284869161
razon-mortalidad-materna,gasto-educ-pib,GTM,Guatemala,2022,26,3.20787000656128
razon-mortalidad-materna,gasto-educ-pib,HTI,Haití,2022,196,1.02689812206798
razon-mortalidad-materna,gasto-educ-pib,HND,Honduras,2022,38,4.48280030802056
razon-mortalidad-materna,gasto-educ-pib,CYM,Islas Caimán,2022,8.4,1.48894000053406
razon-mortalidad-materna,gasto-educ-pib,VGB,Islas Vírgenes Británicas,2022,0.58,2.48401807300907
razon-mortalidad-materna,gasto-educ-pib,JAM,Jamaica,2022,3.9,5.35435009002685
razon-mortalidad-materna,gasto-educ-pib,MEX,México,2022,27,4.05987977981567
razon-mortalidad-materna,gasto-educ-pib,NIC,Nicaragua,2022,45,3.80001496174069
razon-mortalidad-materna,gasto-educ-pib,PAN,Panamá,2022,49,3.37781000137329
razon-mortalidad-materna,gasto-educ-pib,PRY,Paraguay,2022,67,3.39619994163513
razon-mortalidad-materna,gasto-educ-pib,PER,Perú,2022,149,3.83975005149841
razon-mortalidad-materna,gasto-educ-pib,PRI,Puerto Rico,2022,0.86,3.86129930773508
razon-mortalidad-materna,gasto-educ-pib,DOM,República Dominicana,2022,49,3.61088872070271
razon-mortalidad-materna,gasto-educ-pib,SUR,Surinam,2022,32,3.43460841988051
razon-mortalidad-materna,gasto-educ-pib,URY,Uruguay,2022,41,4.4795298576355
razon-mortalidad-materna,gasto-educ-pib,ARG,Argentina,2023,39,5.00324010848999
razon-mortalidad-materna,gasto-educ-pib,BHS,Bahamas,2023,8.8,2.74191570247934
razon-mortalidad-materna,gasto-educ-pib,BRB,Barbados,2023,0.71,3.7754499912262
razon-mortalidad-materna,gasto-educ-pib,BLZ,Belice,2023,34,4.23143005371094
razon-mortalidad-materna,gasto-educ-pib,BMU,Bermudas,2023,3.1,1.86510440752276
razon-mortalidad-materna,gasto-educ-pib,CRI,Costa Rica,2023,9.5,5.31208992004395
razon-mortalidad-materna,gasto-educ-pib,CUW,Curazao,2023,2.8,5.30074159005788
razon-mortalidad-materna,gasto-educ-pib,DMA,Dominica,2023,6,4.69423746286593
razon-mortalidad-materna,gasto-educ-pib,ECU,Ecuador,2023,59,3.81964993476868
razon-mortalidad-materna,gasto-educ-pib,SLV,El Salvador,2023,86,3.18734002113342
razon-mortalidad-materna,gasto-educ-pib,GRD,Granada,2023,4.3,5.12544845968893
razon-mortalidad-materna,gasto-educ-pib,GTM,Guatemala,2023,29,3.10877990722656
razon-mortalidad-materna,gasto-educ-pib,HTI,Haití,2023,185,0.964648012977964
razon-mortalidad-materna,gasto-educ-pib,HND,Honduras,2023,38,4.54962037172702
razon-mortalidad-materna,gasto-educ-pib,CYM,Islas Caimán,2023,4.1,1.57024002075195
razon-mortalidad-materna,gasto-educ-pib,VGB,Islas Vírgenes Británicas,2023,0,3.17283855528435
razon-mortalidad-materna,gasto-educ-pib,JAM,Jamaica,2023,4.3,5.65453693979426
razon-mortalidad-materna,gasto-educ-pib,NIC,Nicaragua,2023,44,2.86954998970032
razon-mortalidad-materna,gasto-educ-pib,PAN,Panamá,2023,61,2.47225999832153
razon-mortalidad-materna,gasto-educ-pib,PRY,Paraguay,2023,76,3.393709897995
razon-mortalidad-materna,gasto-educ-pib,PER,Perú,2023,149,4.24538993835449
razon-mortalidad-materna,gasto-educ-pib,PRI,Puerto Rico,2023,0.81,4.26898753959873
razon-mortalidad-materna,gasto-educ-pib,DOM,República Dominicana,2023,50,3.7606477375256
razon-mortalidad-materna,gasto-educ-pib,SUR,Surinam,2023,31,2.86623341491363
razon-mortalidad-materna,gasto-educ-pib,URY,Uruguay,2023,45,4.76461982727051
razon-mortalidad-materna,gasto-educ-pib,BRB,Barbados,2024,1,3.55593188106322
razon-mortalidad-materna,gasto-educ-pib,BLZ,Belice,2024,34,4.62276317232973
razon-mortalidad-materna,gasto-educ-pib,CUW,Curazao,2024,2.8,5.44313725490196
razon-mortalidad-materna,gasto-educ-pib,DMA,Dominica,2024,4.5,5.38572189060925
razon-mortalidad-materna,gasto-educ-pib,ECU,Ecuador,2024,66,3.69074988365173
razon-mortalidad-materna,gasto-educ-pib,SLV,El Salvador,2024,116,3.31666994094849
razon-mortalidad-materna,gasto-educ-pib,GTM,Guatemala,2024,28,3.07588005065918
razon-mortalidad-materna,gasto-educ-pib,JAM,Jamaica,2024,2.3,5.51383018493652
razon-mortalidad-materna,gasto-educ-pib,PRY,Paraguay,2024,81,3.53410005569458
razon-mortalidad-materna,gasto-educ-pib,PER,Perú,2024,139,4.35778999328613
razon-mortalidad-materna,gasto-educ-pib,PRI,Puerto Rico,2024,0.55,4.27101949674789
razon-mortalidad-materna,gini,ARG,Argentina,2000,49,51
razon-mortalidad-materna,gini,CAN,Canadá,2000,8,33.4
razon-mortalidad-materna,gini,CHL,Chile,2000,33,52.8
razon-mortalidad-materna,gini,COL,Colombia,2000,70,58.4
razon-mortalidad-materna,gini,CRI,Costa Rica,2000,25,47.4
razon-mortalidad-materna,gini,ECU,Ecuador,2000,124,56.3
razon-mortalidad-materna,gini,SLV,El Salvador,2000,58,51.5
razon-mortalidad-materna,gini,GTM,Guatemala,2000,28,54.2
razon-mortalidad-materna,gini,MEX,México,2000,37,53.4
razon-mortalidad-materna,gini,PAN,Panamá,2000,71,56.6
razon-mortalidad-materna,gini,PER,Perú,2000,367,49.1
razon-mortalidad-materna,gini,DOM,República Dominicana,2000,145,51.5
razon-mortalidad-materna,gini,URY,Uruguay,2000,33,43.4
razon-mortalidad-materna,gini,ARG,Argentina,2001,46,53.3
razon-mortalidad-materna,gini,BRA,Brasil,2001,46,58.4
razon-mortalidad-materna,gini,CAN,Canadá,2001,8,33.6
razon-mortalidad-materna,gini,COL,Colombia,2001,64,57.3
razon-mortalidad-materna,gini,CRI,Costa Rica,2001,26,51.5
razon-mortalidad-materna,gini,SLV,El Salvador,2001,53,51.3
razon-mortalidad-materna,gini,HTI,Haití,2001,576,59
razon-mortalidad-materna,gini,HND,Honduras,2001,200,55.4
razon-mortalidad-materna,gini,NIC,Nicaragua,2001,120,52.9
razon-mortalidad-materna,gini,PAN,Panamá,2001,99,56.7
razon-mortalidad-materna,gini,PRY,Paraguay,2001,96,54.6
razon-mortalidad-materna,gini,PER,Perú,2001,327,51.3
razon-mortalidad-materna,gini,DOM,República Dominicana,2001,124,50
razon-mortalidad-materna,gini,URY,Uruguay,2001,34,45
razon-mortalidad-materna,gini,ARG,Argentina,2002,45,53.8
razon-mortalidad-materna,gini,BRA,Brasil,2002,50,58.1
razon-mortalidad-materna,gini,CAN,Canadá,2002,7.3,33.6
razon-mortalidad-materna,gini,COL,Colombia,2002,59,56
razon-mortalidad-materna,gini,CRI,Costa Rica,2002,21,51.8
razon-mortalidad-materna,gini,SLV,El Salvador,2002,52,51.9
razon-mortalidad-materna,gini,HND,Honduras,2002,161,55.7
razon-mortalidad-materna,gini,JAM,Jamaica,2002,8.9,48.3
razon-mortalidad-materna,gini,MEX,México,2002,33,50.6
razon-mortalidad-materna,gini,PAN,Panamá,2002,87,56.1
razon-mortalidad-materna,gini,PRY,Paraguay,2002,91,57.3
razon-mortalidad-materna,gini,PER,Perú,2002,295,53.6
razon-mortalidad-materna,gini,DOM,República Dominicana,2002,100,49.7
razon-mortalidad-materna,gini,URY,Uruguay,2002,26,45.5
razon-mortalidad-materna,gini,ARG,Argentina,2003,41,51
razon-mortalidad-materna,gini,BRA,Brasil,2003,51,57.6
razon-mortalidad-materna,gini,CAN,Canadá,2003,6.9,33.8
razon-mortalidad-materna,gini,CHL,Chile,2003,21,51.5
razon-mortalidad-materna,gini,COL,Colombia,2003,56,53.6
razon-mortalidad-materna,gini,CRI,Costa Rica,2003,21,49.3
razon-mortalidad-materna,gini,ECU,Ecuador,2003,105,53.5
razon-mortalidad-materna,gini,SLV,El Salvador,2003,43,50.4
razon-mortalidad-materna,gini,HND,Honduras,2003,133,58.1
razon-mortalidad-materna,gini,PAN,Panamá,2003,85,55.6
razon-mortalidad-materna,gini,PRY,Paraguay,2003,92,54.9
razon-mortalidad-materna,gini,PER,Perú,2003,245,53.1
razon-mortalidad-materna,gini,DOM,República Dominicana,2003,113,52.1
razon-mortalidad-materna,gini,URY,Uruguay,2003,31,45
razon-mortalidad-materna,gini,ARG,Argentina,2004,42,48.5
razon-mortalidad-materna,gini,BRA,Brasil,2004,52,56.5
razon-mortalidad-materna,gini,CAN,Canadá,2004,6.4,33.8
razon-mortalidad-materna,gini,COL,Colombia,2004,51,55
razon-mortalidad-materna,gini,CRI,Costa Rica,2004,26,48.4
razon-mortalidad-materna,gini,ECU,Ecuador,2004,93,53.9
razon-mortalidad-materna,gini,SLV,El Salvador,2004,41,47.8
razon-mortalidad-materna,gini,HND,Honduras,2004,108,58.1
razon-mortalidad-materna,gini,JAM,Jamaica,2004,8.7,45.5
razon-mortalidad-materna,gini,MEX,México,2004,26,50.3
razon-mortalidad-materna,gini,PAN,Panamá,2004,86,54.8
razon-mortalidad-materna,gini,PRY,Paraguay,2004,88,52.3
razon-mortalidad-materna,gini,PER,Perú,2004,240,49.9
razon-mortalidad-materna,gini,DOM,República Dominicana,2004,103,52.1
razon-mortalidad-materna,gini,URY,Uruguay,2004,34,45.9
razon-mortalidad-materna,gini,ARG,Argentina,2005,38,47.8
razon-mortalidad-materna,gini,BRA,Brasil,2005,48,56.3
razon-mortalidad-materna,gini,CAN,Canadá,2005,6.3,33.6
razon-mortalidad-materna,gini,COL,Colombia,2005,44,53.9
razon-mortalidad-materna,gini,CRI,Costa Rica,2005,19,47.5
razon-mortalidad-materna,gini,ECU,Ecuador,2005,62,53.1
razon-mortalidad-materna,gini,SLV,El Salvador,2005,50,48.5
razon-mortalidad-materna,gini,HND,Honduras,2005,92,59.5
razon-mortalidad-materna,gini,MEX,México,2005,31,50.9
razon-mortalidad-materna,gini,NIC,Nicaragua,2005,77,48.8
razon-mortalidad-materna,gini,PAN,Panamá,2005,79,53.8
razon-mortalidad-materna,gini,PRY,Paraguay,2005,77,51.4
razon-mortalidad-materna,gini,PER,Perú,2005,228,50.4
razon-mortalidad-materna,gini,DOM,República Dominicana,2005,108,50
razon-mortalidad-materna,gini,URY,Uruguay,2005,28,44.7
razon-mortalidad-materna,gini,ARG,Argentina,2006,34,46.4
razon-mortalidad-materna,gini,BRA,Brasil,2006,44,55.6
razon-mortalidad-materna,gini,CAN,Canadá,2006,6,34.1
razon-mortalidad-materna,gini,CHL,Chile,2006,21,47.7
razon-mortalidad-materna,gini,CRI,Costa Rica,2006,17,49.3
razon-mortalidad-materna,gini,ECU,Ecuador,2006,60,52.3
razon-mortalidad-materna,gini,SLV,El Salvador,2006,44,45.7
razon-mortalidad-materna,gini,GTM,Guatemala,2006,31,54.5
razon-mortalidad-materna,gini,HND,Honduras,2006,84,57.5
razon-mortalidad-materna,gini,MEX,México,2006,29,49.7
razon-mortalidad-materna,gini,PAN,Panamá,2006,76,54.6
razon-mortalidad-materna,gini,PRY,Paraguay,2006,82,53
razon-mortalidad-materna,gini,PER,Perú,2006,218,50.3
razon-mortalidad-materna,gini,DOM,República Dominicana,2006,92,52
razon-mortalidad-materna,gini,URY,Uruguay,2006,25,45.9
razon-mortalidad-materna,gini,ARG,Argentina,2007,35,46.3
razon-mortalidad-materna,gini,BRA,Brasil,2007,44,54.9
razon-mortalidad-materna,gini,CAN,Canadá,2007,5.8,33.8
razon-mortalidad-materna,gini,CRI,Costa Rica,2007,18,49.3
razon-mortalidad-materna,gini,ECU,Ecuador,2007,60,53.4
razon-mortalidad-materna,gini,SLV,El Salvador,2007,43,45.2
razon-mortalidad-materna,gini,HND,Honduras,2007,69,55.8
razon-mortalidad-materna,gini,PAN,Panamá,2007,72,52.7
razon-mortalidad-materna,gini,PRY,Paraguay,2007,72,53
razon-mortalidad-materna,gini,PER,Perú,2007,194,50
razon-mortalidad-materna,gini,DOM,República Dominicana,2007,78,48.9
razon-mortalidad-materna,gini,URY,Uruguay,2007,26,46.4
razon-mortalidad-materna,gini,ARG,Argentina,2008,31,45
razon-mortalidad-materna,gini,BRA,Brasil,2008,44,54
razon-mortalidad-materna,gini,CAN,Canadá,2008,5.9,33.9
razon-mortalidad-materna,gini,COL,Colombia,2008,43,55
razon-mortalidad-materna,gini,CRI,Costa Rica,2008,16,48.6
razon-mortalidad-materna,gini,ECU,Ecuador,2008,56,49.8
razon-mortalidad-materna,gini,SLV,El Salvador,2008,43,46.9
razon-mortalidad-materna,gini,HND,Honduras,2008,67,55.5
razon-mortalidad-materna,gini,MEX,México,2008,28,50.8
razon-mortalidad-materna,gini,PAN,Panamá,2008,71,52.7
razon-mortalidad-materna,gini,PRY,Paraguay,2008,67,50.7
razon-mortalidad-materna,gini,PER,Perú,2008,182,47.5
razon-mortalidad-materna,gini,DOM,República Dominicana,2008,75,48.1
razon-mortalidad-materna,gini,URY,Uruguay,2008,29,45.1
razon-mortalidad-materna,gini,ARG,Argentina,2009,25,43.8
razon-mortalidad-materna,gini,BRA,Brasil,2009,43,53.7
razon-mortalidad-materna,gini,CAN,Canadá,2009,5.7,34
razon-mortalidad-materna,gini,CHL,Chile,2009,19,47.4
razon-mortalidad-materna,gini,COL,Colombia,2009,41,54.1
razon-mortalidad-materna,gini,CRI,Costa Rica,2009,14,50.6
razon-mortalidad-materna,gini,ECU,Ecuador,2009,51,48.5
razon-mortalidad-materna,gini,SLV,El Salvador,2009,40,45.8
razon-mortalidad-materna,gini,HND,Honduras,2009,66,51.3
razon-mortalidad-materna,gini,NIC,Nicaragua,2009,69,43.9
razon-mortalidad-materna,gini,PAN,Panamá,2009,64,51.8
razon-mortalidad-materna,gini,PRY,Paraguay,2009,67,49.1
razon-mortalidad-materna,gini,PER,Perú,2009,171,47
razon-mortalidad-materna,gini,DOM,República Dominicana,2009,70,48.9
razon-mortalidad-materna,gini,URY,Uruguay,2009,29,45.5
razon-mortalidad-materna,gini,ARG,Argentina,2010,24,43.7
razon-mortalidad-materna,gini,CAN,Canadá,2010,4.9,33.6
razon-mortalidad-materna,gini,COL,Colombia,2010,40,54.4
razon-mortalidad-materna,gini,CRI,Costa Rica,2010,15,48
razon-mortalidad-materna,gini,ECU,Ecuador,2010,49,48.8
razon-mortalidad-materna,gini,SLV,El Salvador,2010,39,43.5
razon-mortalidad-materna,gini,HND,Honduras,2010,62,53.1
razon-mortalidad-materna,gini,MEX,México,2010,28,47.7
razon-mortalidad-materna,gini,PAN,Panamá,2010,62,51.6
razon-mortalidad-materna,gini,PRY,Paraguay,2010,62,51
razon-mortalidad-materna,gini,PER,Perú,2010,159,45.5
razon-mortalidad-materna,gini,DOM,República Dominicana,2010,61,47.3
razon-mortalidad-materna,gini,URY,Uruguay,2010,28,44.5
razon-mortalidad-materna,gini,ARG,Argentina,2011,31,42.7
razon-mortalidad-materna,gini,BRA,Brasil,2011,42,52.9
razon-mortalidad-materna,gini,CAN,Canadá,2011,5,32.7
razon-mortalidad-materna,gini,CHL,Chile,2011,19,46.9
razon-mortalidad-materna,gini,COL,Colombia,2011,40,53.3
razon-mortalidad-materna,gini,CRI,Costa Rica,2011,15,48.8
razon-mortalidad-materna,gini,ECU,Ecuador,2011,50,45.9
razon-mortalidad-materna,gini,SLV,El Salvador,2011,43,42.3
razon-mortalidad-materna,gini,HND,Honduras,2011,66,52.6
razon-mortalidad-materna,gini,PAN,Panamá,2011,64,51.3
razon-mortalidad-materna,gini,PRY,Paraguay,2011,62,52.3
razon-mortalidad-materna,gini,PER,Perú,2011,155,44.7
razon-mortalidad-materna,gini,DOM,República Dominicana,2011,64,47.7
razon-mortalidad-materna,gini,URY,Uruguay,2011,32,42.2
razon-mortalidad-materna,gini,ARG,Argentina,2012,27,41.4
razon-mortalidad-materna,gini,BRA,Brasil,2012,42,53.4
razon-mortalidad-materna,gini,CAN,Canadá,2012,5.6,33.5
razon-mortalidad-materna,gini,COL,Colombia,2012,39,53.6
razon-mortalidad-materna,gini,CRI,Costa Rica,2012,14,48.4
razon-mortalidad-materna,gini,ECU,Ecuador,2012,51,46.1
razon-mortalidad-materna,gini,SLV,El Salvador,2012,46,41.8
razon-mortalidad-materna,gini,HTI,Haití,2012,372,41.1
razon-mortalidad-materna,gini,HND,Honduras,2012,59,53.4
razon-mortalidad-materna,gini,MEX,México,2012,26,49.6
razon-mortalidad-materna,gini,PAN,Panamá,2012,58,51.7
razon-mortalidad-materna,gini,PRY,Paraguay,2012,62,47.6
razon-mortalidad-materna,gini,PER,Perú,2012,143,44.4
razon-mortalidad-materna,gini,DOM,República Dominicana,2012,61,46.1
razon-mortalidad-materna,gini,URY,Uruguay,2012,31,39.9
razon-mortalidad-materna,gini,ARG,Argentina,2013,27,41.1
razon-mortalidad-materna,gini,BRA,Brasil,2013,42,52.7
razon-mortalidad-materna,gini,CAN,Canadá,2013,5.4,33.8
razon-mortalidad-materna,gini,CHL,Chile,2013,18,46.8
razon-mortalidad-materna,gini,COL,Colombia,2013,36,53.5
razon-mortalidad-materna,gini,CRI,Costa Rica,2013,12,49.2
razon-mortalidad-materna,gini,ECU,Ecuador,2013,47,46.9
razon-mortalidad-materna,gini,SLV,El Salvador,2013,48,43.4
razon-mortalidad-materna,gini,HND,Honduras,2013,55,50
razon-mortalidad-materna,gini,PAN,Panamá,2013,54,51.5
razon-mortalidad-materna,gini,PRY,Paraguay,2013,56,47.9
razon-mortalidad-materna,gini,PER,Perú,2013,139,43.9
razon-mortalidad-materna,gini,DOM,República Dominicana,2013,62,47.7
razon-mortalidad-materna,gini,URY,Uruguay,2013,34,40.5
razon-mortalidad-materna,gini,ARG,Argentina,2014,27,41.8
razon-mortalidad-materna,gini,BRA,Brasil,2014,41,52.1
razon-mortalidad-materna,gini,CAN,Canadá,2014,5,33.2
razon-mortalidad-materna,gini,COL,Colombia,2014,34,53.6
razon-mortalidad-materna,gini,CRI,Costa Rica,2014,13,48.6
razon-mortalidad-materna,gini,ECU,Ecuador,2014,44,45
razon-mortalidad-materna,gini,SLV,El Salvador,2014,48,41.6
razon-mortalidad-materna,gini,GTM,Guatemala,2014,23,48.3
razon-mortalidad-materna,gini,HND,Honduras,2014,49,49.9
razon-mortalidad-materna,gini,MEX,México,2014,25,48.9
razon-mortalidad-materna,gini,NIC,Nicaragua,2014,65,46.2
razon-mortalidad-materna,gini,PAN,Panamá,2014,52,50.5
razon-mortalidad-materna,gini,PRY,Paraguay,2014,54,50.7
razon-mortalidad-materna,gini,PER,Perú,2014,136,43.1
razon-mortalidad-materna,gini,DOM,República Dominicana,2014,60,44.3
razon-mortalidad-materna,gini,URY,Uruguay,2014,33,40.1
razon-mortalidad-materna,gini,BRA,Brasil,2015,41,51.9
razon-mortalidad-materna,gini,CAN,Canadá,2015,5.1,33.7
razon-mortalidad-materna,gini,CHL,Chile,2015,18,45.3
razon-mortalidad-materna,gini,COL,Colombia,2015,33,52
razon-mortalidad-materna,gini,CRI,Costa Rica,2015,12,48.4
razon-mortalidad-materna,gini,ECU,Ecuador,2015,42,46
razon-mortalidad-materna,gini,SLV,El Salvador,2015,53,40.6
razon-mortalidad-materna,gini,HND,Honduras,2015,49,49.2
razon-mortalidad-materna,gini,PAN,Panamá,2015,58,50.8
razon-mortalidad-materna,gini,PRY,Paraguay,2015,55,47.6
razon-mortalidad-materna,gini,PER,Perú,2015,131,43.4
razon-mortalidad-materna,gini,DOM,República Dominicana,2015,59,45.2
razon-mortalidad-materna,gini,URY,Uruguay,2015,33,40.1
razon-mortalidad-materna,gini,ARG,Argentina,2016,30,42.3
razon-mortalidad-materna,gini,BRB,Barbados,2016,1.1,34.1
razon-mortalidad-materna,gini,BRA,Brasil,2016,41,53.4
razon-mortalidad-materna,gini,CAN,Canadá,2016,5.3,32.7
razon-mortalidad-materna,gini,COL,Colombia,2016,34,51.7
razon-mortalidad-materna,gini,CRI,Costa Rica,2016,9.6,48.7
razon-mortalidad-materna,gini,ECU,Ecuador,2016,42,45
razon-mortalidad-materna,gini,SLV,El Salvador,2016,65,40
razon-mortalidad-materna,gini,HND,Honduras,2016,48,49.8
razon-mortalidad-materna,gini,MEX,México,2016,25,46.9
razon-mortalidad-materna,gini,PAN,Panamá,2016,61,50.4
razon-mortalidad-materna,gini,PRY,Paraguay,2016,55,47.9
razon-mortalidad-materna,gini,PER,Perú,2016,129,43.6
razon-mortalidad-materna,gini,DOM,República Dominicana,2016,55,45.7
razon-mortalidad-materna,gini,URY,Uruguay,2016,32,39.7
razon-mortalidad-materna,gini,ARG,Argentina,2017,29,41.4
razon-mortalidad-materna,gini,BRA,Brasil,2017,43,53.3
razon-mortalidad-materna,gini,CAN,Canadá,2017,5.4,33.3
razon-mortalidad-materna,gini,CHL,Chile,2017,18,45.3
razon-mortalidad-materna,gini,COL,Colombia,2017,34,50.9
razon-mortalidad-materna,gini,CRI,Costa Rica,2017,9.6,48.3
razon-mortalidad-materna,gini,ECU,Ecuador,2017,44,44.7
razon-mortalidad-materna,gini,SLV,El Salvador,2017,77,38
razon-mortalidad-materna,gini,HND,Honduras,2017,46,49.4
razon-mortalidad-materna,gini,PAN,Panamá,2017,61,49.9
razon-mortalidad-materna,gini,PRY,Paraguay,2017,57,48.5
razon-mortalidad-materna,gini,PER,Perú,2017,128,43.3
razon-mortalidad-materna,gini,DOM,República Dominicana,2017,50,42.2
razon-mortalidad-materna,gini,URY,Uruguay,2017,34,39.5
razon-mortalidad-materna,gini,ARG,Argentina,2018,30,41.7
razon-mortalidad-materna,gini,BLZ,Belice,2018,39,39.9
razon-mortalidad-materna,gini,BRA,Brasil,2018,45,53.9
razon-mortalidad-materna,gini,CAN,Canadá,2018,5.3,32.5
razon-mortalidad-materna,gini,COL,Colombia,2018,34,51.6
razon-mortalidad-materna,gini,CRI,Costa Rica,2018,10,48
razon-mortalidad-materna,gini,ECU,Ecuador,2018,45,45.4
razon-mortalidad-materna,gini,SLV,El Salvador,2018,76,38.6
razon-mortalidad-materna,gini,GRD,Granada,2018,1.7,43.8
razon-mortalidad-materna,gini,HND,Honduras,2018,45,48.9
razon-mortalidad-materna,gini,JAM,Jamaica,2018,3.9,35.3
razon-mortalidad-materna,gini,MEX,México,2018,26,46
razon-mortalidad-materna,gini,PAN,Panamá,2018,54,49.2
razon-mortalidad-materna,gini,PRY,Paraguay,2018,56,46
razon-mortalidad-materna,gini,PER,Perú,2018,132,42.4
razon-mortalidad-materna,gini,DOM,República Dominicana,2018,49,43.7
razon-mortalidad-materna,gini,URY,Uruguay,2018,36,39.7
razon-mortalidad-materna,gini,ARG,Argentina,2019,33,43.3
razon-mortalidad-materna,gini,BRA,Brasil,2019,45,53.5
razon-mortalidad-materna,gini,CAN,Canadá,2019,5.6,31.8
razon-mortalidad-materna,gini,COL,Colombia,2019,36,52.5
razon-mortalidad-materna,gini,CRI,Costa Rica,2019,9.9,48.2
razon-mortalidad-materna,gini,ECU,Ecuador,2019,46,45.7
razon-mortalidad-materna,gini,SLV,El Salvador,2019,63,38.8
razon-mortalidad-materna,gini,HND,Honduras,2019,38,48.2
razon-mortalidad-materna,gini,PAN,Panamá,2019,39,49.8
razon-mortalidad-materna,gini,PRY,Paraguay,2019,60,45.7
razon-mortalidad-materna,gini,PER,Perú,2019,131,41.5
razon-mortalidad-materna,gini,DOM,República Dominicana,2019,45,41.9
razon-mortalidad-materna,gini,URY,Uruguay,2019,38,39.7
razon-mortalidad-materna,gini,ARG,Argentina,2020,27,42.7
razon-mortalidad-materna,gini,BRA,Brasil,2020,45,48.8
razon-mortalidad-materna,gini,CAN,Canadá,2020,5.1,29.9
razon-mortalidad-materna,gini,CHL,Chile,2020,15,47
razon-mortalidad-materna,gini,COL,Colombia,2020,39,54.4
razon-mortalidad-materna,gini,CRI,Costa Rica,2020,9.7,49.2
razon-mortalidad-materna,gini,ECU,Ecuador,2020,38,47.3
razon-mortalidad-materna,gini,MEX,México,2020,26,44.6
razon-mortalidad-materna,gini,PRY,Paraguay,2020,50,43.5
razon-mortalidad-materna,gini,PER,Perú,2020,128,43.7
razon-mortalidad-materna,gini,DOM,República Dominicana,2020,46,39.6
razon-mortalidad-materna,gini,URY,Uruguay,2020,35,40.2
razon-mortalidad-materna,gini,ARG,Argentina,2021,34,42.4
razon-mortalidad-materna,gini,BRA,Brasil,2021,47,52.9
razon-mortalidad-materna,gini,CAN,Canadá,2021,5.4,31.1
razon-mortalidad-materna,gini,COL,Colombia,2021,41,55.1
razon-mortalidad-materna,gini,CRI,Costa Rica,2021,9.8,48.7
razon-mortalidad-materna,gini,ECU,Ecuador,2021,41,45.8
razon-mortalidad-materna,gini,SLV,El Salvador,2021,39,39
razon-mortalidad-materna,gini,JAM,Jamaica,2021,2.7,39.9
razon-mortalidad-materna,gini,PAN,Panamá,2021,43,50.9
razon-mortalidad-materna,gini,PRY,Paraguay,2021,57,42.9
razon-mortalidad-materna,gini,PER,Perú,2021,137,40.1
razon-mortalidad-materna,gini,DOM,República Dominicana,2021,47,38.5
razon-mortalidad-materna,gini,URY,Uruguay,2021,34,40.8
razon-mortalidad-materna,gini,ARG,Argentina,2022,35,40.7
razon-mortalidad-materna,gini,BRA,Brasil,2022,49,51.9
razon-mortalidad-materna,gini,CAN,Canadá,2022,5.6,31.5
razon-mortalidad-materna,gini,CHL,Chile,2022,18,43.2
razon-mortalidad-materna,gini,COL,Colombia,2022,44,54.8
razon-mortalidad-materna,gini,CRI,Costa Rica,2022,9.8,47.2
razon-mortalidad-materna,gini,ECU,Ecuador,2022,50,45.5
razon-mortalidad-materna,gini,SLV,El Salvador,2022,51,38.8
razon-mortalidad-materna,gini,MEX,México,2022,27,43.5
razon-mortalidad-materna,gini,PRY,Paraguay,2022,67,44.6
razon-mortalidad-materna,gini,PER,Perú,2022,149,40.3
razon-mortalidad-materna,gini,DOM,República Dominicana,2022,49,37
razon-mortalidad-materna,gini,SUR,Surinam,2022,32,39.2
razon-mortalidad-materna,gini,URY,Uruguay,2022,41,40.6
razon-mortalidad-materna,gini,ARG,Argentina,2023,39,42.4
razon-mortalidad-materna,gini,BRA,Brasil,2023,49,51.5
razon-mortalidad-materna,gini,COL,Colombia,2023,46,54.6
razon-mortalidad-materna,gini,CRI,Costa Rica,2023,9.5,46.7
razon-mortalidad-materna,gini,ECU,Ecuador,2023,59,44.6
razon-mortalidad-materna,gini,SLV,El Salvador,2023,86,39.8
razon-mortalidad-materna,gini,GTM,Guatemala,2023,29,45.2
razon-mortalidad-materna,gini,HND,Honduras,2023,38,46.8
razon-mortalidad-materna,gini,PAN,Panamá,2023,61,48.9
razon-mortalidad-materna,gini,PRY,Paraguay,2023,76,44.2
razon-mortalidad-materna,gini,PER,Perú,2023,149,40.7
razon-mortalidad-materna,gini,DOM,República Dominicana,2023,50,38.4
razon-mortalidad-materna,gini,URY,Uruguay,2023,45,40.9
razon-mortalidad-materna,gini,ARG,Argentina,2024,44,42.4
razon-mortalidad-materna,gini,BRA,Brasil,2024,49,50.3
razon-mortalidad-materna,gini,CHL,Chile,2024,19,43
razon-mortalidad-materna,gini,COL,Colombia,2024,49,54.4
razon-mortalidad-materna,gini,CRI,Costa Rica,2024,9.3,45.8
razon-mortalidad-materna,gini,ECU,Ecuador,2024,66,45.2
razon-mortalidad-materna,gini,HND,Honduras,2024,38,45.7
razon-mortalidad-materna,gini,MEX,México,2024,28,42.6
razon-mortalidad-materna,gini,PAN,Panamá,2024,63,49.7
razon-mortalidad-materna,gini,PRY,Paraguay,2024,81,44.2
razon-mortalidad-materna,gini,PER,Perú,2024,139,40.1
razon-mortalidad-materna,gini,DOM,República Dominicana,2024,51,39
razon-mortalidad-materna,gini,URY,Uruguay,2024,47,40
razon-mortalidad-materna,uso-internet,ARG,Argentina,2000,49,7.0386830862178
razon-mortalidad-materna,uso-internet,ABW,Aruba,2000,6.2,15.4428229480349
razon-mortalidad-materna,uso-internet,BHS,Bahamas,2000,57,8
razon-mortalidad-materna,uso-internet,BRB,Barbados,2000,1.1,3.97367835457927
razon-mortalidad-materna,uso-internet,BLZ,Belice,2000,113,5.96383530272428
razon-mortalidad-materna,uso-internet,BMU,Bermudas,2000,0,42.9498600152711
razon-mortalidad-materna,uso-internet,BRA,Brasil,2000,49,2.87068515854108
razon-mortalidad-materna,uso-internet,CAN,Canadá,2000,8,51.3
razon-mortalidad-materna,uso-internet,CHL,Chile,2000,33,16.6
razon-mortalidad-materna,uso-internet,COL,Colombia,2000,70,2.207532992624
razon-mortalidad-materna,uso-internet,CRI,Costa Rica,2000,25,5.80025302331829
razon-mortalidad-materna,uso-internet,CUB,Cuba,2000,23,0.541182548811058
razon-mortalidad-materna,uso-internet,DMA,Dominica,2000,4.4,8.81484419762881
razon-mortalidad-materna,uso-internet,ECU,Ecuador,2000,124,1.46218853556457
razon-mortalidad-materna,uso-internet,SLV,El Salvador,2000,58,1.17739726914477
razon-mortalidad-materna,uso-internet,GRD,Granada,2000,0,4.06390799146313
razon-mortalidad-materna,uso-internet,GRL,Groenlandia,2000,192,31.7478112321162
razon-mortalidad-materna,uso-internet,GTM,Guatemala,2000,28,0.712332904508925
razon-mortalidad-materna,uso-internet,GUY,Guyana,2000,148,0.6
razon-mortalidad-materna,uso-internet,HTI,Haití,2000,576,0.231270714628821
razon-mortalidad-materna,uso-internet,HND,Honduras,2000,280,1.20385599891878
razon-mortalidad-materna,uso-internet,JAM,Jamaica,2000,12,3.11577802729967
razon-mortalidad-materna,uso-internet,MEX,México,2000,37,5.08138415338066
razon-mortalidad-materna,uso-internet,NIC,Nicaragua,2000,125,0.980216486692385
razon-mortalidad-materna,uso-internet,PAN,Panamá,2000,71,6.55479647729549
razon-mortalidad-materna,uso-internet,PRY,Paraguay,2000,98,0.747630711548184
razon-mortalidad-materna,uso-internet,PER,Perú,2000,367,3.07643061137675
razon-mortalidad-materna,uso-internet,PRI,Puerto Rico,2000,9.8,10.4746482089399
razon-mortalidad-materna,uso-internet,DOM,República Dominicana,2000,145,3.70469235587688
razon-mortalidad-materna,uso-internet,SUR,Surinam,2000,50,2.50641105226881
razon-mortalidad-materna,uso-internet,URY,Uruguay,2000,33,10.5390577480141
razon-mortalidad-materna,uso-internet,ARG,Argentina,2001,46,9.78080728532407
razon-mortalidad-materna,uso-internet,ABW,Aruba,2001,6.5,17.1
razon-mortalidad-materna,uso-internet,BHS,Bahamas,2001,39,11.8
razon-mortalidad-materna,uso-internet,BRB,Barbados,2001,2.3,11.9364503383984
razon-mortalidad-materna,uso-internet,BMU,Bermudas,2001,0,47.5096998970623
razon-mortalidad-materna,uso-internet,BRA,Brasil,2001,46,4.52849486902851
razon-mortalidad-materna,uso-internet,CAN,Canadá,2001,8,60.2
razon-mortalidad-materna,uso-internet,CHL,Chile,2001,31,19.1
razon-mortalidad-materna,uso-internet,COL,Colombia,2001,64,2.85419997133433
razon-mortalidad-materna,uso-internet,CRI,Costa Rica,2001,26,9.55948213497093
razon-mortalidad-materna,uso-internet,CUB,Cuba,2001,16,1.07975172188907
razon-mortalidad-materna,uso-internet,DMA,Dominica,2001,5.4,13.2452280386761
razon-mortalidad-materna,uso-internet,ECU,Ecuador,2001,103,2.67044367376705
razon-mortalidad-materna,uso-internet,SLV,El Salvador,2001,53,1.5
razon-mortalidad-materna,uso-internet,GRD,Granada,2001,0.69,5.12810398216998
razon-mortalidad-materna,uso-internet,GRL,Groenlandia,2001,194,35.4641368915684
razon-mortalidad-materna,uso-internet,GTM,Guatemala,2001,23,1.7382017815873
razon-mortalidad-materna,uso-internet,GUY,Guyana,2001,134,1
razon-mortalidad-materna,uso-internet,HTI,Haití,2001,576,0.340832326173809
razon-mortalidad-materna,uso-internet,HND,Honduras,2001,200,1.41528193123711
razon-mortalidad-materna,uso-internet,JAM,Jamaica,2001,11,3.8630203874764
razon-mortalidad-materna,uso-internet,MEX,México,2001,36,7.0380231165045
razon-mortalidad-materna,uso-internet,NIC,Nicaragua,2001,120,1.44879942820716
razon-mortalidad-materna,uso-internet,PAN,Panamá,2001,99,7.26839987788729
razon-mortalidad-materna,uso-internet,PRY,Paraguay,2001,96,1.09879383569333
razon-mortalidad-materna,uso-internet,PER,Perú,2001,327,7.57876295717419
razon-mortalidad-materna,uso-internet,PRI,Puerto Rico,2001,6.4,15.6300309162012
razon-mortalidad-materna,uso-internet,DOM,República Dominicana,2001,124,4.42939069666645
razon-mortalidad-materna,uso-internet,SUR,Surinam,2001,38,3.06444838873752
razon-mortalidad-materna,uso-internet,URY,Uruguay,2001,34,11.1214376832783
razon-mortalidad-materna,uso-internet,ARG,Argentina,2002,45,10.8821243775325
razon-mortalidad-materna,uso-internet,ABW,Aruba,2002,6.8,18.8
razon-mortalidad-materna,uso-internet,BHS,Bahamas,2002,25,18
razon-mortalidad-materna,uso-internet,BRB,Barbados,2002,1.9,27.836322424146
razon-mortalidad-materna,uso-internet,BLZ,Belice,2002,119,5.68425121358763
razon-mortalidad-materna,uso-internet,BMU,Bermudas,2002,0,52.0315973700393
razon-mortalidad-materna,uso-internet,BRA,Brasil,2002,50,9.14942508560748
razon-mortalidad-materna,uso-internet,CAN,Canadá,2002,7.3,61.5932992681952
razon-mortalidad-materna,uso-internet,CHL,Chile,2002,24,22.1
razon-mortalidad-materna,uso-internet,COL,Colombia,2002,59,4.6
razon-mortalidad-materna,uso-internet,CRI,Costa Rica,2002,21,19.8948511346293
razon-mortalidad-materna,uso-internet,CUB,Cuba,2002,15,3.77058503769014
razon-mortalidad-materna,uso-internet,DMA,Dominica,2002,2.9,18.4248927671241
razon-mortalidad-materna,uso-internet,ECU,Ecuador,2002,95,4.26079691519764
razon-mortalidad-materna,uso-internet,SLV,El Salvador,2002,52,1.9
razon-mortalidad-materna,uso-internet,GRD,Granada,2002,0.92,14.7588405454867
razon-mortalidad-materna,uso-internet,GRL,Groenlandia,2002,196,44.154789028418
razon-mortalidad-materna,uso-internet,GTM,Guatemala,2002,27,3.39174627024502
razon-mortalidad-materna,uso-internet,GUY,Guyana,2002,173,1.5
razon-mortalidad-materna,uso-internet,HTI,Haití,2002,571,0.893432988337908
razon-mortalidad-materna,uso-internet,HND,Honduras,2002,161,2.5974025974026
razon-mortalidad-materna,uso-internet,VGB,Islas Vírgenes Británicas,2002,4.7,18.8857412653447
razon-mortalidad-materna,uso-internet,JAM,Jamaica,2002,8.9,6.1
razon-mortalidad-materna,uso-internet,MEX,México,2002,33,11.9
razon-mortalidad-materna,uso-internet,NIC,Nicaragua,2002,98,1.71472958428668
razon-mortalidad-materna,uso-internet,PAN,Panamá,2002,87,8.51807781515595
razon-mortalidad-materna,uso-internet,PRY,Paraguay,2002,91,1.79496959770244
razon-mortalidad-materna,uso-internet,PER,Perú,2002,295,8.96694917040028
razon-mortalidad-materna,uso-internet,PRI,Puerto Rico,2002,6.5,17.5476475654777
razon-mortalidad-materna,uso-internet,DOM,República Dominicana,2002,100,6.8237257325842
razon-mortalidad-materna,uso-internet,SUR,Surinam,2002,44,4.1615687449541
razon-mortalidad-materna,uso-internet,URY,Uruguay,2002,26,11.4194701966853
razon-mortalidad-materna,uso-internet,ARG,Argentina,2003,41,11.9136965509954
razon-mortalidad-materna,uso-internet,ABW,Aruba,2003,7.1,20.8
razon-mortalidad-materna,uso-internet,BHS,Bahamas,2003,19,20
razon-mortalidad-materna,uso-internet,BRB,Barbados,2003,3.3,39.6896271159532
razon-mortalidad-materna,uso-internet,BMU,Bermudas,2003,4.7,56.5220121836337
razon-mortalidad-materna,uso-internet,BRA,Brasil,2003,51,13.2075861035303
razon-mortalidad-materna,uso-internet,CAN,Canadá,2003,6.9,64.2
razon-mortalidad-materna,uso-internet,CHL,Chile,2003,21,25.4737788864723
razon-mortalidad-materna,uso-internet,COL,Colombia,2003,56,7.38892371052557
razon-mortalidad-materna,uso-internet,CRI,Costa Rica,2003,21,20.3336148143541
razon-mortalidad-materna,uso-internet,CUB,Cuba,2003,13,5.2412690536929
razon-mortalidad-materna,uso-internet,DMA,Dominica,2003,7.6,23.6204198529629
razon-mortalidad-materna,uso-internet,ECU,Ecuador,2003,105,4.46022834472698
razon-mortalidad-materna,uso-internet,SLV,El Salvador,2003,43,2.5
razon-mortalidad-materna,uso-internet,GRD,Granada,2003,1.8,18.6451821830564
razon-mortalidad-materna,uso-internet,GRL,Groenlandia,2003,198,54.5342598293605
razon-mortalidad-materna,uso-internet,GTM,Guatemala,2003,24,4.54885490848324
razon-mortalidad-materna,uso-internet,GUY,Guyana,2003,171,2.4
razon-mortalidad-materna,uso-internet,HTI,Haití,2003,562,1.64735834557778
razon-mortalidad-materna,uso-internet,HND,Honduras,2003,133,4.8
razon-mortalidad-materna,uso-internet,JAM,Jamaica,2003,9.5,7.8
razon-mortalidad-materna,uso-internet,MEX,México,2003,34,12.9
razon-mortalidad-materna,uso-internet,NIC,Nicaragua,2003,102,1.88041253242301
razon-mortalidad-materna,uso-internet,PAN,Panamá,2003,85,9.98742407723405
razon-mortalidad-materna,uso-internet,PRY,Paraguay,2003,92,2.11194208210034
razon-mortalidad-materna,uso-internet,PER,Perú,2003,245,11.6
razon-mortalidad-materna,uso-internet,PRI,Puerto Rico,2003,5.6,19.7070256578252
razon-mortalidad-materna,uso-internet,DOM,República Dominicana,2003,113,7.89839293716387
razon-mortalidad-materna,uso-internet,SUR,Surinam,2003,44,4.71987539528956
razon-mortalidad-materna,uso-internet,URY,Uruguay,2003,31,15.9371367159756
razon-mortalidad-materna,uso-internet,ARG,Argentina,2004,42,16.0366841054923
razon-mortalidad-materna,uso-internet,ABW,Aruba,2004,7.3,23
razon-mortalidad-materna,uso-internet,BHS,Bahamas,2004,25,22
razon-mortalidad-materna,uso-internet,BRB,Barbados,2004,7.1,49.8
razon-mortalidad-materna,uso-internet,BLZ,Belice,2004,61,9.8
razon-mortalidad-materna,uso-internet,BMU,Bermudas,2004,9.6,60.9908670086326
razon-mortalidad-materna,uso-internet,BRA,Brasil,2004,52,19.073672274442
razon-mortalidad-materna,uso-internet,CAN,Canadá,2004,6.4,65.9559634648989
razon-mortalidad-materna,uso-internet,CHL,Chile,2004,24,28.1779101232438
razon-mortalidad-materna,uso-internet,COL,Colombia,2004,51,9.1186903029666
razon-mortalidad-materna,uso-internet,CRI,Costa Rica,2004,26,20.7923067055542
razon-mortalidad-materna,uso-internet,CUB,Cuba,2004,11,8.40798475900703
razon-mortalidad-materna,uso-internet,DMA,Dominica,2004,8.7,30.3196130921568
razon-mortalidad-materna,uso-internet,ECU,Ecuador,2004,93,4.83444263759525
razon-mortalidad-materna,uso-internet,SLV,El Salvador,2004,41,3.2
razon-mortalidad-materna,uso-internet,GRD,Granada,2004,1.8,19.570620584378698
razon-mortalidad-materna,uso-internet,GRL,Groenlandia,2004,200,56.0990147610533
razon-mortalidad-materna,uso-internet,GTM,Guatemala,2004,29,5.1
razon-mortalidad-materna,uso-internet,GUY,Guyana,2004,152,3.7
razon-mortalidad-materna,uso-internet,HTI,Haití,2004,549,5.401261907622
razon-mortalidad-materna,uso-internet,HND,Honduras,2004,108,5.6
razon-mortalidad-materna,uso-internet,JAM,Jamaica,2004,8.7,10
razon-mortalidad-materna,uso-internet,MEX,México,2004,26,14.1
razon-mortalidad-materna,uso-internet,NIC,Nicaragua,2004,94,2.32066460863941
razon-mortalidad-materna,uso-internet,PAN,Panamá,2004,86,11.1408625409415
razon-mortalidad-materna,uso-internet,PRY,Paraguay,2004,88,3.45243843137079
razon-mortalidad-materna,uso-internet,PER,Perú,2004,240,14.1
razon-mortalidad-materna,uso-internet,PRI,Puerto Rico,2004,5.7,22.1307382347014
razon-mortalidad-materna,uso-internet,DOM,República Dominicana,2004,103,8.8655534607044
razon-mortalidad-materna,uso-internet,SUR,Surinam,2004,38,6.0760478144456
razon-mortalidad-materna,uso-internet,URY,Uruguay,2004,34,17.0630983403661
razon-mortalidad-materna,uso-internet,ARG,Argentina,2005,38,17.7205833696065
razon-mortalidad-materna,uso-internet,ABW,Aruba,2005,7.6,25.4
razon-mortalidad-materna,uso-internet,BHS,Bahamas,2005,21,25
razon-mortalidad-materna,uso-internet,BRB,Barbados,2005,3.5,52.5
razon-mortalidad-materna,uso-internet,BLZ,Belice,2005,70,17
razon-mortalidad-materna,uso-internet,BMU,Bermudas,2005,6.9,65.4470657898838
razon-mortalidad-materna,uso-internet,BRA,Brasil,2005,48,21.022747248827
razon-mortalidad-materna,uso-internet,CAN,Canadá,2005,6.3,71.66
razon-mortalidad-materna,uso-internet,CHL,Chile,2005,22,31.1753006
razon-mortalidad-materna,uso-internet,COL,Colombia,2005,44,11.0072638904585
razon-mortalidad-materna,uso-internet,CRI,Costa Rica,2005,19,22.07
razon-mortalidad-materna,uso-internet,CUB,Cuba,2005,10,9.73806220781346
razon-mortalidad-materna,uso-internet,DMA,Dominica,2005,9.7,38.54359818
razon-mortalidad-materna,uso-internet,ECU,Ecuador,2005,62,5.994299889
razon-mortalidad-materna,uso-internet,SLV,El Salvador,2005,50,4.199999809
razon-mortalidad-materna,uso-internet,GRD,Granada,2005,1.9,20.4878006
razon-mortalidad-materna,uso-internet,GRL,Groenlandia,2005,202,57.7034045008656
razon-mortalidad-materna,uso-internet,GTM,Guatemala,2005,33,5.699999809
razon-mortalidad-materna,uso-internet,GUY,Guyana,2005,151,5.699999809
razon-mortalidad-materna,uso-internet,HTI,Haití,2005,532,6.376200199
razon-mortalidad-materna,uso-internet,HND,Honduras,2005,92,6.5
razon-mortalidad-materna,uso-internet,CYM,Islas Caimán,2005,0.97,38.0343830823064
razon-mortalidad-materna,uso-internet,JAM,Jamaica,2005,6.4,12.80000019
razon-mortalidad-materna,uso-internet,MEX,México,2005,31,17.20999908
razon-mortalidad-materna,uso-internet,NIC,Nicaragua,2005,77,2.566400051
razon-mortalidad-materna,uso-internet,PAN,Panamá,2005,79,11.48400021
razon-mortalidad-materna,uso-internet,PRY,Paraguay,2005,77,7.90700786141285
razon-mortalidad-materna,uso-internet,PER,Perú,2005,228,17.10000038
razon-mortalidad-materna,uso-internet,PRI,Puerto Rico,2005,5,23.4000504486583
razon-mortalidad-materna,uso-internet,DOM,República Dominicana,2005,108,11.4831977789344
razon-mortalidad-materna,uso-internet,SUR,Surinam,2005,42,6.40308628759062
razon-mortalidad-materna,uso-internet,URY,Uruguay,2005,28,20.0881895579305
razon-mortalidad-materna,uso-internet,ARG,Argentina,2006,34,20.9272021035896
razon-mortalidad-materna,uso-internet,ABW,Aruba,2006,7.9,28
razon-mortalidad-materna,uso-internet,BHS,Bahamas,2006,25,26
razon-mortalidad-materna,uso-internet,BRB,Barbados,2006,1.9,55.29999924
razon-mortalidad-materna,uso-internet,BLZ,Belice,2006,55,24
razon-mortalidad-materna,uso-internet,BMU,Bermudas,2006,4.8,69.8996551617012
razon-mortalidad-materna,uso-internet,BRA,Brasil,2006,44,28.17840004
razon-mortalidad-materna,uso-internet,CAN,Canadá,2006,6,72.40000153
razon-mortalidad-materna,uso-internet,CHL,Chile,2006,21,34.4977511736017
razon-mortalidad-materna,uso-internet,COL,Colombia,2006,45,15.3416745365682
razon-mortalidad-materna,uso-internet,CRI,Costa Rica,2006,17,25.10000038
razon-mortalidad-materna,uso-internet,CUB,Cuba,2006,10,11.1596013147617
razon-mortalidad-materna,uso-internet,DMA,Dominica,2006,28,39.39820099
razon-mortalidad-materna,uso-internet,ECU,Ecuador,2006,60,7.199999809
razon-mortalidad-materna,uso-internet,SLV,El Salvador,2006,44,5.5
razon-mortalidad-materna,uso-internet,GRD,Granada,2006,0.91,21.39599991
razon-mortalidad-materna,uso-internet,GRL,Groenlandia,2006,204,59.361687268664
razon-mortalidad-materna,uso-internet,GTM,Guatemala,2006,31,6.5
razon-mortalidad-materna,uso-internet,GUY,Guyana,2006,163,8.899999619
razon-mortalidad-materna,uso-internet,HTI,Haití,2006,514,6.796000004
razon-mortalidad-materna,uso-internet,HND,Honduras,2006,84,7.800000191
razon-mortalidad-materna,uso-internet,CYM,Islas Caimán,2006,0,44.5
razon-mortalidad-materna,uso-internet,JAM,Jamaica,2006,6.4,16.39999962
razon-mortalidad-materna,uso-internet,MEX,México,2006,29,19.52000046
razon-mortalidad-materna,uso-internet,NIC,Nicaragua,2006,75,2.8055730627337
razon-mortalidad-materna,uso-internet,PAN,Panamá,2006,76,17.34959984
razon-mortalidad-materna,uso-internet,PRY,Paraguay,2006,82,7.962100029
razon-mortalidad-materna,uso-internet,PER,Perú,2006,218,20.700000760000002
razon-mortalidad-materna,uso-internet,PRI,Puerto Rico,2006,4.9,25.4424182102582
razon-mortalidad-materna,uso-internet,DOM,República Dominicana,2006,92,14.8449283654589
razon-mortalidad-materna,uso-internet,SUR,Surinam,2006,45,9.49960041
razon-mortalidad-materna,uso-internet,URY,Uruguay,2006,25,29.39999962
razon-mortalidad-materna,uso-internet,ARG,Argentina,2007,35,25.9466329403819
razon-mortalidad-materna,uso-internet,ABW,Aruba,2007,8.2,30.9
razon-mortalidad-materna,uso-internet,BHS,Bahamas,2007,19,27
razon-mortalidad-materna,uso-internet,BRB,Barbados,2007,5.9,58.20000076
razon-mortalidad-materna,uso-internet,BLZ,Belice,2007,38,24.60000038
razon-mortalidad-materna,uso-internet,BMU,Bermudas,2007,4.1,74.3505940302669
razon-mortalidad-materna,uso-internet,BRA,Brasil,2007,44,30.87999916
razon-mortalidad-materna,uso-internet,CAN,Canadá,2007,5.8,73.2
razon-mortalidad-materna,uso-internet,CHL,Chile,2007,20,35.90000153
razon-mortalidad-materna,uso-internet,COL,Colombia,2007,43,21.799999239999998
razon-mortalidad-materna,uso-internet,CRI,Costa Rica,2007,18,28.39999962
razon-mortalidad-materna,uso-internet,CUB,Cuba,2007,9.8,11.69
razon-mortalidad-materna,uso-internet,DMA,Dominica,2007,4.4,40.2745018
razon-mortalidad-materna,uso-internet,ECU,Ecuador,2007,60,10.80000019
razon-mortalidad-materna,uso-internet,SLV,El Salvador,2007,43,6.11
razon-mortalidad-materna,uso-internet,GRD,Granada,2007,2.7,22.29
razon-mortalidad-materna,uso-internet,GRL,Groenlandia,2007,206,61.07
razon-mortalidad-materna,uso-internet,GTM,Guatemala,2007,26,7.300000191
razon-mortalidad-materna,uso-internet,GUY,Guyana,2007,133,13.80000019
razon-mortalidad-materna,uso-internet,HTI,Haití,2007,488,7.199999809
razon-mortalidad-materna,uso-internet,HND,Honduras,2007,69,9.399999619
razon-mortalidad-materna,uso-internet,CYM,Islas Caimán,2007,2,52
razon-mortalidad-materna,uso-internet,JAM,Jamaica,2007,6.8,21.10000038
razon-mortalidad-materna,uso-internet,MEX,México,2007,28,20.81
razon-mortalidad-materna,uso-internet,NIC,Nicaragua,2007,80,3.9000000950000002
razon-mortalidad-materna,uso-internet,PAN,Panamá,2007,72,22.29
razon-mortalidad-materna,uso-internet,PRY,Paraguay,2007,72,11.21
razon-mortalidad-materna,uso-internet,PER,Perú,2007,194,25.200000760000002
razon-mortalidad-materna,uso-internet,PRI,Puerto Rico,2007,4.2,27.86
razon-mortalidad-materna,uso-internet,DOM,República Dominicana,2007,78,17.66
razon-mortalidad-materna,uso-internet,SUR,Surinam,2007,43,14.11
razon-mortalidad-materna,uso-internet,URY,Uruguay,2007,26,34
razon-mortalidad-materna,uso-internet,ARG,Argentina,2008,31,28.1126234799907
razon-mortalidad-materna,uso-internet,ABW,Aruba,2008,8.4,52
razon-mortalidad-materna,uso-internet,BHS,Bahamas,2008,20,31.54
razon-mortalidad-materna,uso-internet,BRB,Barbados,2008,1.1,61.40000153
razon-mortalidad-materna,uso-internet,BLZ,Belice,2008,50,26.299999239999998
razon-mortalidad-materna,uso-internet,BMU,Bermudas,2008,3.3,82.3
razon-mortalidad-materna,uso-internet,BRA,Brasil,2008,44,33.83
razon-mortalidad-materna,uso-internet,CAN,Canadá,2008,5.9,76.69999695
razon-mortalidad-materna,uso-internet,CHL,Chile,2008,20,37.29999924
razon-mortalidad-materna,uso-internet,COL,Colombia,2008,43,25.6
razon-mortalidad-materna,uso-internet,CRI,Costa Rica,2008,16,32.29
razon-mortalidad-materna,uso-internet,CUB,Cuba,2008,10,12.94
razon-mortalidad-materna,uso-internet,DMA,Dominica,2008,19,41.15999985
razon-mortalidad-materna,uso-internet,ECU,Ecuador,2008,56,18.8
razon-mortalidad-materna,uso-internet,SLV,El Salvador,2008,43,10.08
razon-mortalidad-materna,uso-internet,GRD,Granada,2008,4.5,23.18000031
razon-mortalidad-materna,uso-internet,GRL,Groenlandia,2008,208,62.82
razon-mortalidad-materna,uso-internet,GTM,Guatemala,2008,26,8.300000191
razon-mortalidad-materna,uso-internet,GUY,Guyana,2008,143,18.2
razon-mortalidad-materna,uso-internet,HTI,Haití,2008,456,7.599999905
razon-mortalidad-materna,uso-internet,HND,Honduras,2008,67,9.6
razon-mortalidad-materna,uso-internet,CYM,Islas Caimán,2008,2,61
razon-mortalidad-materna,uso-internet,JAM,Jamaica,2008,6.6,23.6
razon-mortalidad-materna,uso-internet,MEX,México,2008,28,21.71
razon-mortalidad-materna,uso-internet,NIC,Nicaragua,2008,76,5.300000191
razon-mortalidad-materna,uso-internet,PAN,Panamá,2008,71,33.82
razon-mortalidad-materna,uso-internet,PRY,Paraguay,2008,67,14.27
razon-mortalidad-materna,uso-internet,PER,Perú,2008,182,30.57
razon-mortalidad-materna,uso-internet,PRI,Puerto Rico,2008,3.9,38
razon-mortalidad-materna,uso-internet,DOM,República Dominicana,2008,75,20.82
razon-mortalidad-materna,uso-internet,SUR,Surinam,2008,34,21.05999947
razon-mortalidad-materna,uso-internet,URY,Uruguay,2008,29,39.3
razon-mortalidad-materna,uso-internet,ARG,Argentina,2009,25,34
razon-mortalidad-materna,uso-internet,ABW,Aruba,2009,8.7,58
razon-mortalidad-materna,uso-internet,BHS,Bahamas,2009,18,33.88
razon-mortalidad-materna,uso-internet,BRB,Barbados,2009,0.73,64.69999695
razon-mortalidad-materna,uso-internet,BLZ,Belice,2009,48,27.200000760000002
razon-mortalidad-materna,uso-internet,BMU,Bermudas,2009,2.5,83.25
razon-mortalidad-materna,uso-internet,BRA,Brasil,2009,43,39.22
razon-mortalidad-materna,uso-internet,CAN,Canadá,2009,5.7,80.3
razon-mortalidad-materna,uso-internet,CHL,Chile,2009,19,41.56
razon-mortalidad-materna,uso-internet,COL,Colombia,2009,41,30
razon-mortalidad-materna,uso-internet,CRI,Costa Rica,2009,14,34.33
razon-mortalidad-materna,uso-internet,CUB,Cuba,2009,8.6,14.33
razon-mortalidad-materna,uso-internet,DMA,Dominica,2009,5.8,42.02000046
razon-mortalidad-materna,uso-internet,ECU,Ecuador,2009,51,24.6
razon-mortalidad-materna,uso-internet,SLV,El Salvador,2009,40,12.11
razon-mortalidad-materna,uso-internet,GRD,Granada,2009,4.5,24.049999239999998
razon-mortalidad-materna,uso-internet,GRL,Groenlandia,2009,161,62.83
razon-mortalidad-materna,uso-internet,GTM,Guatemala,2009,23,9.300000191
razon-mortalidad-materna,uso-internet,GUY,Guyana,2009,164,23.9
razon-mortalidad-materna,uso-internet,HTI,Haití,2009,428,8.100000381
razon-mortalidad-materna,uso-internet,HND,Honduras,2009,66,9.800000191
razon-mortalidad-materna,uso-internet,CYM,Islas Caimán,2009,3.8,64.5
razon-mortalidad-materna,uso-internet,VGB,Islas Vírgenes Británicas,2009,2.4,36
razon-mortalidad-materna,uso-internet,JAM,Jamaica,2009,8.4,24.3
razon-mortalidad-materna,uso-internet,MEX,México,2009,27,26.34
razon-mortalidad-materna,uso-internet,NIC,Nicaragua,2009,69,7.300000191
razon-mortalidad-materna,uso-internet,PAN,Panamá,2009,64,39.08
razon-mortalidad-materna,uso-internet,PRY,Paraguay,2009,67,18.9
razon-mortalidad-materna,uso-internet,PER,Perú,2009,171,31.4
razon-mortalidad-materna,uso-internet,PRI,Puerto Rico,2009,2.6,41.5
razon-mortalidad-materna,uso-internet,DOM,República Dominicana,2009,70,27.72
razon-mortalidad-materna,uso-internet,SUR,Surinam,2009,55,31.36
razon-mortalidad-materna,uso-internet,URY,Uruguay,2009,29,41.8
razon-mortalidad-materna,uso-internet,ARG,Argentina,2010,24,45
razon-mortalidad-materna,uso-internet,ABW,Aruba,2010,6,62
razon-mortalidad-materna,uso-internet,BHS,Bahamas,2010,12,43
razon-mortalidad-materna,uso-internet,BRB,Barbados,2010,2.2,65.09999847
razon-mortalidad-materna,uso-internet,BLZ,Belice,2010,75,28.2
razon-mortalidad-materna,uso-internet,BMU,Bermudas,2010,1.6,84.21
razon-mortalidad-materna,uso-internet,BRA,Brasil,2010,42,40.65
razon-mortalidad-materna,uso-internet,CAN,Canadá,2010,4.9,80.3
razon-mortalidad-materna,uso-internet,CHL,Chile,2010,19,45
razon-mortalidad-materna,uso-internet,COL,Colombia,2010,40,36.5
razon-mortalidad-materna,uso-internet,CRI,Costa Rica,2010,15,36.5
razon-mortalidad-materna,uso-internet,CUB,Cuba,2010,9.8,15.9
razon-mortalidad-materna,uso-internet,DMA,Dominica,2010,12,47.45
razon-mortalidad-materna,uso-internet,ECU,Ecuador,2010,49,29.03
razon-mortalidad-materna,uso-internet,SLV,El Salvador,2010,39,15.9
razon-mortalidad-materna,uso-internet,GRD,Granada,2010,3.6,27
razon-mortalidad-materna,uso-internet,GRL,Groenlandia,2010,286,63
razon-mortalidad-materna,uso-internet,GTM,Guatemala,2010,26,10.5
razon-mortalidad-materna,uso-internet,GUY,Guyana,2010,150,29.9
razon-mortalidad-materna,uso-internet,HTI,Haití,2010,407,8.369999886
razon-mortalidad-materna,uso-internet,HND,Honduras,2010,62,11.09
razon-mortalidad-materna,uso-internet,CYM,Islas Caimán,2010,7.4,66
razon-mortalidad-materna,uso-internet,VGB,Islas Vírgenes Británicas,2010,3.6,37
razon-mortalidad-materna,uso-internet,JAM,Jamaica,2010,7.6,27.67
razon-mortalidad-materna,uso-internet,MEX,México,2010,28,31.05
razon-mortalidad-materna,uso-internet,NIC,Nicaragua,2010,70,10
razon-mortalidad-materna,uso-internet,PAN,Panamá,2010,62,40.1
razon-mortalidad-materna,uso-internet,PRY,Paraguay,2010,62,19.8
razon-mortalidad-materna,uso-internet,PER,Perú,2010,159,34.77
razon-mortalidad-materna,uso-internet,PRI,Puerto Rico,2010,3.2,45.3
razon-mortalidad-materna,uso-internet,DOM,República Dominicana,2010,61,31.39999962
razon-mortalidad-materna,uso-internet,SUR,Surinam,2010,57,31.59
razon-mortalidad-materna,uso-internet,URY,Uruguay,2010,28,46.4
razon-mortalidad-materna,uso-internet,ARG,Argentina,2011,31,51
razon-mortalidad-materna,uso-internet,ABW,Aruba,2011,7.9,69
razon-mortalidad-materna,uso-internet,BHS,Bahamas,2011,15,65
razon-mortalidad-materna,uso-internet,BRB,Barbados,2011,0,66.5
razon-mortalidad-materna,uso-internet,BLZ,Belice,2011,36,30.700000760000002
razon-mortalidad-materna,uso-internet,BMU,Bermudas,2011,1.6,88.336
razon-mortalidad-materna,uso-internet,BRA,Brasil,2011,42,45.69
razon-mortalidad-materna,uso-internet,CAN,Canadá,2011,5,83
razon-mortalidad-materna,uso-internet,CHL,Chile,2011,19,52.2496072877744
razon-mortalidad-materna,uso-internet,COL,Colombia,2011,40,40.3509157546318
razon-mortalidad-materna,uso-internet,CRI,Costa Rica,2011,15,39.2121959961842
razon-mortalidad-materna,uso-internet,CUB,Cuba,2011,9.3,16.0172907996413
razon-mortalidad-materna,uso-internet,DMA,Dominica,2011,2.9,48.59999847
razon-mortalidad-materna,uso-internet,ECU,Ecuador,2011,50,31.3668083587433
razon-mortalidad-materna,uso-internet,SLV,El Salvador,2011,43,18.89999962
razon-mortalidad-materna,uso-internet,GRD,Granada,2011,1.8,30
razon-mortalidad-materna,uso-internet,GRL,Groenlandia,2011,283,64
razon-mortalidad-materna,uso-internet,GTM,Guatemala,2011,23,12.30000019
razon-mortalidad-materna,uso-internet,GUY,Guyana,2011,145,30
razon-mortalidad-materna,uso-internet,HTI,Haití,2011,389,9
razon-mortalidad-materna,uso-internet,HND,Honduras,2011,66,15.9
razon-mortalidad-materna,uso-internet,CYM,Islas Caimán,2011,3.6,69.46594499
razon-mortalidad-materna,uso-internet,VGB,Islas Vírgenes Británicas,2011,0,37.4
razon-mortalidad-materna,uso-internet,JAM,Jamaica,2011,5.9,37.438613414848
razon-mortalidad-materna,uso-internet,MEX,México,2011,27,37.1762954125184
razon-mortalidad-materna,uso-internet,NIC,Nicaragua,2011,74,10.6
razon-mortalidad-materna,uso-internet,PAN,Panamá,2011,64,42.7
razon-mortalidad-materna,uso-internet,PRY,Paraguay,2011,62,24.7635158793993
razon-mortalidad-materna,uso-internet,PER,Perú,2011,155,36.01
razon-mortalidad-materna,uso-internet,PRI,Puerto Rico,2011,2,48
razon-mortalidad-materna,uso-internet,DOM,República Dominicana,2011,64,38
razon-mortalidad-materna,uso-internet,SUR,Surinam,2011,35,32
razon-mortalidad-materna,uso-internet,URY,Uruguay,2011,32,51.4046610563616
razon-mortalidad-materna,uso-internet,ARG,Argentina,2012,27,55.79999924
razon-mortalidad-materna,uso-internet,ABW,Aruba,2012,28,74
razon-mortalidad-materna,uso-internet,BHS,Bahamas,2012,12,71.74819946
razon-mortalidad-materna,uso-internet,BRB,Barbados,2012,1.4,71.19999695
razon-mortalidad-materna,uso-internet,BLZ,Belice,2012,40,31
razon-mortalidad-materna,uso-internet,BMU,Bermudas,2012,4.7,91.2993045243401
razon-mortalidad-materna,uso-internet,BRA,Brasil,2012,42,48.56
razon-mortalidad-materna,uso-internet,CAN,Canadá,2012,5.6,83
razon-mortalidad-materna,uso-internet,CHL,Chile,2012,18,55.04999924
razon-mortalidad-materna,uso-internet,COL,Colombia,2012,39,48.98
razon-mortalidad-materna,uso-internet,CRI,Costa Rica,2012,14,47.5
razon-mortalidad-materna,uso-internet,CUB,Cuba,2012,8.3,21.200000760000002
razon-mortalidad-materna,uso-internet,DMA,Dominica,2012,10,49.79999924
razon-mortalidad-materna,uso-internet,ECU,Ecuador,2012,51,35.1351464545516
razon-mortalidad-materna,uso-internet,SLV,El Salvador,2012,46,20.3213877242007
razon-mortalidad-materna,uso-internet,GRD,Granada,2012,0.89,32
razon-mortalidad-materna,uso-internet,GRL,Groenlandia,2012,203,64.8960100995989
razon-mortalidad-materna,uso-internet,GTM,Guatemala,2012,26,16
razon-mortalidad-materna,uso-internet,GUY,Guyana,2012,148,30.5
razon-mortalidad-materna,uso-internet,HTI,Haití,2012,372,9.800000191
razon-mortalidad-materna,uso-internet,HND,Honduras,2012,59,18.12
razon-mortalidad-materna,uso-internet,CYM,Islas Caimán,2012,11,69.7
razon-mortalidad-materna,uso-internet,VGB,Islas Vírgenes Británicas,2012,0,37.6
razon-mortalidad-materna,uso-internet,JAM,Jamaica,2012,5,33.79
razon-mortalidad-materna,uso-internet,MEX,México,2012,26,39.75
razon-mortalidad-materna,uso-internet,NIC,Nicaragua,2012,74,13.5
razon-mortalidad-materna,uso-internet,PAN,Panamá,2012,58,40.3018952210488
razon-mortalidad-materna,uso-internet,PRY,Paraguay,2012,62,29.34
razon-mortalidad-materna,uso-internet,PER,Perú,2012,143,38.2
razon-mortalidad-materna,uso-internet,PRI,Puerto Rico,2012,2.8,68.9999826014151
razon-mortalidad-materna,uso-internet,DOM,República Dominicana,2012,61,42.32
razon-mortalidad-materna,uso-internet,SUR,Surinam,2012,35,34.68119812
razon-mortalidad-materna,uso-internet,URY,Uruguay,2012,31,54.453768680746
razon-mortalidad-materna,uso-internet,ARG,Argentina,2013,27,59.90000153
razon-mortalidad-materna,uso-internet,ABW,Aruba,2013,11,78.9
razon-mortalidad-materna,uso-internet,BHS,Bahamas,2013,12,72
razon-mortalidad-materna,uso-internet,BRB,Barbados,2013,1.4,71.80000305
razon-mortalidad-materna,uso-internet,BLZ,Belice,2013,55,33.59999847
razon-mortalidad-materna,uso-internet,BMU,Bermudas,2013,0,95.3
razon-mortalidad-materna,uso-internet,BRA,Brasil,2013,42,51.04
razon-mortalidad-materna,uso-internet,CAN,Canadá,2013,5.4,85.80000305
razon-mortalidad-materna,uso-internet,CHL,Chile,2013,18,58
razon-mortalidad-materna,uso-internet,COL,Colombia,2013,36,51.7
razon-mortalidad-materna,uso-internet,CRI,Costa Rica,2013,12,45.96
razon-mortalidad-materna,uso-internet,CUB,Cuba,2013,8.4,27.93
razon-mortalidad-materna,uso-internet,DMA,Dominica,2013,4.3,51
razon-mortalidad-materna,uso-internet,ECU,Ecuador,2013,47,40.279121941
razon-mortalidad-materna,uso-internet,SLV,El Salvador,2013,48,23.1093
razon-mortalidad-materna,uso-internet,GRD,Granada,2013,2.1,35
razon-mortalidad-materna,uso-internet,GRL,Groenlandia,2013,230,65.8
razon-mortalidad-materna,uso-internet,GTM,Guatemala,2013,24,19.700000760000002
razon-mortalidad-materna,uso-internet,GUY,Guyana,2013,130,31
razon-mortalidad-materna,uso-internet,HTI,Haití,2013,353,10.600000380000001
razon-mortalidad-materna,uso-internet,HND,Honduras,2013,55,17.8
razon-mortalidad-materna,uso-internet,CYM,Islas Caimán,2013,8.5,71.4
razon-mortalidad-materna,uso-internet,JAM,Jamaica,2013,5.1,37.1
razon-mortalidad-materna,uso-internet,MEX,México,2013,26,43.46
razon-mortalidad-materna,uso-internet,NIC,Nicaragua,2013,70,15.5
razon-mortalidad-materna,uso-internet,PAN,Panamá,2013,54,44.03
razon-mortalidad-materna,uso-internet,PRY,Paraguay,2013,56,36.9
razon-mortalidad-materna,uso-internet,PER,Perú,2013,139,39.2
razon-mortalidad-materna,uso-internet,PRI,Puerto Rico,2013,1.9,68.999990004
razon-mortalidad-materna,uso-internet,DOM,República Dominicana,2013,62,45.9
razon-mortalidad-materna,uso-internet,SUR,Surinam,2013,37,37.40000153
razon-mortalidad-materna,uso-internet,URY,Uruguay,2013,34,57.69
razon-mortalidad-materna,uso-internet,ARG,Argentina,2014,27,64.69999695
razon-mortalidad-materna,uso-internet,ABW,Aruba,2014,1.9,83.78
razon-mortalidad-materna,uso-internet,BHS,Bahamas,2014,18,76.91999817
razon-mortalidad-materna,uso-internet,BRB,Barbados,2014,1.8,71.92459869
razon-mortalidad-materna,uso-internet,BLZ,Belice,2014,31,38.70000076
razon-mortalidad-materna,uso-internet,BMU,Bermudas,2014,0,96.8
razon-mortalidad-materna,uso-internet,BRA,Brasil,2014,41,54.5510018796392
razon-mortalidad-materna,uso-internet,CAN,Canadá,2014,5,87.12000275
razon-mortalidad-materna,uso-internet,CHL,Chile,2014,17,61.11000061
razon-mortalidad-materna,uso-internet,COL,Colombia,2014,34,52.568136539247
razon-mortalidad-materna,uso-internet,CRI,Costa Rica,2014,13,53
razon-mortalidad-materna,uso-internet,CUB,Cuba,2014,8,29.0701843656523
razon-mortalidad-materna,uso-internet,DMA,Dominica,2014,1.4,57.5
razon-mortalidad-materna,uso-internet,ECU,Ecuador,2014,44,45.5903906666095
razon-mortalidad-materna,uso-internet,SLV,El Salvador,2014,48,24.7617121459061
razon-mortalidad-materna,uso-internet,GRD,Granada,2014,0,51.6
razon-mortalidad-materna,uso-internet,GRL,Groenlandia,2014,206,66.7
razon-mortalidad-materna,uso-internet,GTM,Guatemala,2014,23,23.39999962
razon-mortalidad-materna,uso-internet,GUY,Guyana,2014,100,32
razon-mortalidad-materna,uso-internet,HTI,Haití,2014,336,11.399999619999999
razon-mortalidad-materna,uso-internet,HND,Honduras,2014,49,23
razon-mortalidad-materna,uso-internet,CYM,Islas Caimán,2014,0,74.1
razon-mortalidad-materna,uso-internet,JAM,Jamaica,2014,4.4,40.4027351046672
razon-mortalidad-materna,uso-internet,MEX,México,2014,25,44.3856962723411
razon-mortalidad-materna,uso-internet,NIC,Nicaragua,2014,65,17.60000038
razon-mortalidad-materna,uso-internet,PAN,Panamá,2014,52,44.9238152577893
razon-mortalidad-materna,uso-internet,PRY,Paraguay,2014,54,43.0073750122614
razon-mortalidad-materna,uso-internet,PER,Perú,2014,136,40.2446560091704
razon-mortalidad-materna,uso-internet,PRI,Puerto Rico,2014,1.7,76.1338597201667
razon-mortalidad-materna,uso-internet,DOM,República Dominicana,2014,60,49.58000183
razon-mortalidad-materna,uso-internet,SUR,Surinam,2014,37,40.08000183
razon-mortalidad-materna,uso-internet,URY,Uruguay,2014,33,61.4624951684405
razon-mortalidad-materna,uso-internet,ARG,Argentina,2015,28,68.0430641088122
razon-mortalidad-materna,uso-internet,ABW,Aruba,2015,5.8,88.661226932496
razon-mortalidad-materna,uso-internet,BHS,Bahamas,2015,21,78
razon-mortalidad-materna,uso-internet,BRB,Barbados,2015,0,72.04940033
razon-mortalidad-materna,uso-internet,BLZ,Belice,2015,33,41.59000015
razon-mortalidad-materna,uso-internet,BMU,Bermudas,2015,0,98.3236096537251
razon-mortalidad-materna,uso-internet,BRA,Brasil,2015,41,58.3279517340924
razon-mortalidad-materna,uso-internet,CAN,Canadá,2015,5.1,90
razon-mortalidad-materna,uso-internet,CHL,Chile,2015,18,76.6295919508796
razon-mortalidad-materna,uso-internet,COL,Colombia,2015,33,55.9049725142924
razon-mortalidad-materna,uso-internet,CRI,Costa Rica,2015,12,59.7629501371681
razon-mortalidad-materna,uso-internet,CUB,Cuba,2015,7.5,37.3050974155373
razon-mortalidad-materna,uso-internet,DMA,Dominica,2015,9.9,65
razon-mortalidad-materna,uso-internet,ECU,Ecuador,2015,42,48.9404337892669
razon-mortalidad-materna,uso-internet,SLV,El Salvador,2015,53,26.8026049600572
razon-mortalidad-materna,uso-internet,GRD,Granada,2015,4.4,52.5
razon-mortalidad-materna,uso-internet,GRL,Groenlandia,2015,189,67.600443481006
razon-mortalidad-materna,uso-internet,GTM,Guatemala,2015,23,28.80590057
razon-mortalidad-materna,uso-internet,GUY,Guyana,2015,102,34
razon-mortalidad-materna,uso-internet,HTI,Haití,2015,318,14.19999981
razon-mortalidad-materna,uso-internet,HND,Honduras,2015,49,27.1395454833776
razon-mortalidad-materna,uso-internet,CYM,Islas Caimán,2015,11,77
razon-mortalidad-materna,uso-internet,JAM,Jamaica,2015,5.2,42.2212211907441
razon-mortalidad-materna,uso-internet,MEX,México,2015,25,57.4310429923633
razon-mortalidad-materna,uso-internet,NIC,Nicaragua,2015,59,19.70429993
razon-mortalidad-materna,uso-internet,PAN,Panamá,2015,58,51.2054249948687
razon-mortalidad-materna,uso-internet,PRY,Paraguay,2015,55,49.716304663966
razon-mortalidad-materna,uso-internet,PER,Perú,2015,131,40.8526009090468
razon-mortalidad-materna,uso-internet,PRI,Puerto Rico,2015,2,63.4663353848474
razon-mortalidad-materna,uso-internet,DOM,República Dominicana,2015,59,54.2157663369785
razon-mortalidad-materna,uso-internet,SUR,Surinam,2015,35,42.76380157
razon-mortalidad-materna,uso-internet,URY,Uruguay,2015,33,64.5707870971624
razon-mortalidad-materna,uso-internet,ARG,Argentina,2016,30,70.9689808206024
razon-mortalidad-materna,uso-internet,ABW,Aruba,2016,7.6,93.542453865048
razon-mortalidad-materna,uso-internet,BHS,Bahamas,2016,30,80
razon-mortalidad-materna,uso-internet,BRB,Barbados,2016,1.1,71.57299805
razon-mortalidad-materna,uso-internet,BLZ,Belice,2016,49,44.57569885
razon-mortalidad-materna,uso-internet,BMU,Bermudas,2016,3.2,98
razon-mortalidad-materna,uso-internet,BRA,Brasil,2016,41,60.8725400681261
razon-mortalidad-materna,uso-internet,CAN,Canadá,2016,5.3,91.16000366
razon-mortalidad-materna,uso-internet,CHL,Chile,2016,17,83.5585860244169
razon-mortalidad-materna,uso-internet,COL,Colombia,2016,34,58.1364935728703
razon-mortalidad-materna,uso-internet,CRI,Costa Rica,2016,9.6,65.8804491942718
razon-mortalidad-materna,uso-internet,CUB,Cuba,2016,7.3,42.9786751910106
razon-mortalidad-materna,uso-internet,CUW,Curazao,2016,2.4,61.855510740634
razon-mortalidad-materna,uso-internet,DMA,Dominica,2016,7.2,67.02999878
razon-mortalidad-materna,uso-internet,ECU,Ecuador,2016,42,54.0629247288864
razon-mortalidad-materna,uso-internet,SLV,El Salvador,2016,65,28.99710083
razon-mortalidad-materna,uso-internet,GRD,Granada,2016,5.2,53.29999924
razon-mortalidad-materna,uso-internet,GRL,Groenlandia,2016,134,68.500873675421
razon-mortalidad-materna,uso-internet,GTM,Guatemala,2016,22,34.50930023
razon-mortalidad-materna,uso-internet,GUY,Guyana,2016,101,35.65999985
razon-mortalidad-materna,uso-internet,HTI,Haití,2016,297,22.799999239999998
razon-mortalidad-materna,uso-internet,HND,Honduras,2016,48,29.5282180796457
razon-mortalidad-materna,uso-internet,CYM,Islas Caimán,2016,4.8,79
razon-mortalidad-materna,uso-internet,VGB,Islas Vírgenes Británicas,2016,0,77.7014296797074
razon-mortalidad-materna,uso-internet,JAM,Jamaica,2016,5.1,44.3668563671334
razon-mortalidad-materna,uso-internet,MEX,México,2016,25,59.5404459967255
razon-mortalidad-materna,uso-internet,NIC,Nicaragua,2016,54,24.57180023
razon-mortalidad-materna,uso-internet,PAN,Panamá,2016,61,54
razon-mortalidad-materna,uso-internet,PRY,Paraguay,2016,55,53.4041274791009
razon-mortalidad-materna,uso-internet,PER,Perú,2016,129,45.4617406869459
razon-mortalidad-materna,uso-internet,PRI,Puerto Rico,2016,2.5,68.6438071976518
razon-mortalidad-materna,uso-internet,DOM,República Dominicana,2016,55,63.8708647408206
razon-mortalidad-materna,uso-internet,SUR,Surinam,2016,27,45.40000153
razon-mortalidad-materna,uso-internet,URY,Uruguay,2016,32,66.40000153
razon-mortalidad-materna,uso-internet,ARG,Argentina,2017,29,74.2949068657957
razon-mortalidad-materna,uso-internet,ABW,Aruba,2017,7.6,97.17
razon-mortalidad-materna,uso-internet,BHS,Bahamas,2017,17,80.59999847
razon-mortalidad-materna,uso-internet,BRB,Barbados,2017,0,71.14849854
razon-mortalidad-materna,uso-internet,BLZ,Belice,2017,47,48.8771019
razon-mortalidad-materna,uso-internet,BMU,Bermudas,2017,3.1,98.37
razon-mortalidad-materna,uso-internet,BRA,Brasil,2017,43,67.4712845236305
razon-mortalidad-materna,uso-internet,CAN,Canadá,2017,5.4,92.70140076
razon-mortalidad-materna,uso-internet,CHL,Chile,2017,18,82.3274869338464
razon-mortalidad-materna,uso-internet,COL,Colombia,2017,34,62.2598803162841
razon-mortalidad-materna,uso-internet,CRI,Costa Rica,2017,9.6,71.5816646195022
razon-mortalidad-materna,uso-internet,CUB,Cuba,2017,7.6,57.1484043170788
razon-mortalidad-materna,uso-internet,CUW,Curazao,2017,5.3,68.1272162511339
razon-mortalidad-materna,uso-internet,DMA,Dominica,2017,1.5,69.61969757
razon-mortalidad-materna,uso-internet,ECU,Ecuador,2017,44,55.79999924
razon-mortalidad-materna,uso-internet,SLV,El Salvador,2017,77,33.8207289048526
razon-mortalidad-materna,uso-internet,GRD,Granada,2017,2.6,54.20000076
razon-mortalidad-materna,uso-internet,GRL,Groenlandia,2017,130,69.4824617821988
razon-mortalidad-materna,uso-internet,GTM,Guatemala,2017,23,37.90000153
razon-mortalidad-materna,uso-internet,GUY,Guyana,2017,90,42.6753006
razon-mortalidad-materna,uso-internet,HTI,Haití,2017,276,27.200000760000002
razon-mortalidad-materna,uso-internet,HND,Honduras,2017,46,31.7357924661485
razon-mortalidad-materna,uso-internet,CYM,Islas Caimán,2017,6.2,81.0676932508161
razon-mortalidad-materna,uso-internet,VGB,Islas Vírgenes Británicas,2017,1.4,77.7042682926829
razon-mortalidad-materna,uso-internet,JAM,Jamaica,2017,5.9,55.0720670507751
razon-mortalidad-materna,uso-internet,MEX,México,2017,25,53.0317886110982
razon-mortalidad-materna,uso-internet,NIC,Nicaragua,2017,51,30.39999962
razon-mortalidad-materna,uso-internet,PAN,Panamá,2017,61,59.9506309038683
razon-mortalidad-materna,uso-internet,PRY,Paraguay,2017,57,61.0757562215797
razon-mortalidad-materna,uso-internet,PER,Perú,2017,128,50.4504121848143
razon-mortalidad-materna,uso-internet,PRI,Puerto Rico,2017,1.5,68.7407731407209
razon-mortalidad-materna,uso-internet,DOM,República Dominicana,2017,50,67.5712453277737
razon-mortalidad-materna,uso-internet,SUR,Surinam,2017,31,48.94520187
razon-mortalidad-materna,uso-internet,URY,Uruguay,2017,34,70.3223543994698
razon-mortalidad-materna,uso-internet,ARG,Argentina,2018,30,77.7
razon-mortalidad-materna,uso-internet,BHS,Bahamas,2018,15,83
razon-mortalidad-materna,uso-internet,BRB,Barbados,2018,0.36,70.72650146
razon-mortalidad-materna,uso-internet,BLZ,Belice,2018,39,53.59360123
razon-mortalidad-materna,uso-internet,BRA,Brasil,2018,45,70.4342825404361
razon-mortalidad-materna,uso-internet,CAN,Canadá,2018,5.3,94.64
razon-mortalidad-materna,uso-internet,CHL,Chile,2018,19,84.90000153
razon-mortalidad-materna,uso-internet,COL,Colombia,2018,34,64.1263768204459
razon-mortalidad-materna,uso-internet,CRI,Costa Rica,2018,10,73.4797284369906
razon-mortalidad-materna,uso-internet,CUB,Cuba,2018,7.6,62.6789236230601
razon-mortalidad-materna,uso-internet,ECU,Ecuador,2018,45,57.5
razon-mortalidad-materna,uso-internet,SLV,El Salvador,2018,76,43.79999924
razon-mortalidad-materna,uso-internet,GRD,Granada,2018,1.7,61.42459869
razon-mortalidad-materna,uso-internet,GTM,Guatemala,2018,24,41.5
razon-mortalidad-materna,uso-internet,GUY,Guyana,2018,85,48.59889984
razon-mortalidad-materna,uso-internet,HTI,Haití,2018,256,32.4736271300557
razon-mortalidad-materna,uso-internet,HND,Honduras,2018,45,36.0400608231468
razon-mortalidad-materna,uso-internet,JAM,Jamaica,2018,3.9,68.2145170876072
razon-mortalidad-materna,uso-internet,MEX,México,2018,26,56.6595667981289
razon-mortalidad-materna,uso-internet,NIC,Nicaragua,2018,46,33.9129982
razon-mortalidad-materna,uso-internet,PAN,Panamá,2018,54,61.8055313202468
razon-mortalidad-materna,uso-internet,PRY,Paraguay,2018,56,64.9935430235756
razon-mortalidad-materna,uso-internet,PER,Perú,2018,132,55.0543342443197
razon-mortalidad-materna,uso-internet,PRI,Puerto Rico,2018,1,70.8563997424362
razon-mortalidad-materna,uso-internet,DOM,República Dominicana,2018,49,74.8220483597284
razon-mortalidad-materna,uso-internet,SUR,Surinam,2018,41,55.10210037
razon-mortalidad-materna,uso-internet,URY,Uruguay,2018,36,80.7268428795854
razon-mortalidad-materna,uso-internet,ARG,Argentina,2019,33,79.9469520347551
razon-mortalidad-materna,uso-internet,BHS,Bahamas,2019,17,90.69329834
razon-mortalidad-materna,uso-internet,BRB,Barbados,2019,0,70.30709839
razon-mortalidad-materna,uso-internet,BLZ,Belice,2019,35,58.76520157
razon-mortalidad-materna,uso-internet,BRA,Brasil,2019,45,73.9124399133589
razon-mortalidad-materna,uso-internet,CAN,Canadá,2019,5.6,91.91290283
razon-mortalidad-materna,uso-internet,CHL,Chile,2019,19,85.01760101
razon-mortalidad-materna,uso-internet,COL,Colombia,2019,36,65.0069007159493
razon-mortalidad-materna,uso-internet,CRI,Costa Rica,2019,9.9,81.2025964435269
razon-mortalidad-materna,uso-internet,CUB,Cuba,2019,6.8,67.9708086565152
razon-mortalidad-materna,uso-internet,DMA,Dominica,2019,15,73.38200378
razon-mortalidad-materna,uso-internet,ECU,Ecuador,2019,46,59.2
razon-mortalidad-materna,uso-internet,SLV,El Salvador,2019,63,50.4911940673888
razon-mortalidad-materna,uso-internet,GRD,Granada,2019,2.6,64.31279755
razon-mortalidad-materna,uso-internet,GTM,Guatemala,2019,24,44.401049838502
razon-mortalidad-materna,uso-internet,GUY,Guyana,2019,80,55.31269836
razon-mortalidad-materna,uso-internet,HTI,Haití,2019,239,35.76409912
razon-mortalidad-materna,uso-internet,HND,Honduras,2019,38,39.3883521850111
razon-mortalidad-materna,uso-internet,JAM,Jamaica,2019,3.5,70.8410169743356
razon-mortalidad-materna,uso-internet,MEX,México,2019,26,69.6321092705209
razon-mortalidad-materna,uso-internet,NIC,Nicaragua,2019,49,39.01079941
razon-mortalidad-materna,uso-internet,PAN,Panamá,2019,39,63.6284147731451
razon-mortalidad-materna,uso-internet,PRY,Paraguay,2019,60,68.5176284222264
razon-mortalidad-materna,uso-internet,PER,Perú,2019,131,59.9505036049006
razon-mortalidad-materna,uso-internet,PRI,Puerto Rico,2019,1.4,77.7364393708352
razon-mortalidad-materna,uso-internet,DOM,República Dominicana,2019,45,79.71549988
razon-mortalidad-materna,uso-internet,SUR,Surinam,2019,31,62.03350067
razon-mortalidad-materna,uso-internet,URY,Uruguay,2019,38,83.3515337667548
razon-mortalidad-materna,uso-internet,ARG,Argentina,2020,27,85.51438646
razon-mortalidad-materna,uso-internet,BHS,Bahamas,2020,10,92.4437027
razon-mortalidad-materna,uso-internet,BRB,Barbados,2020,2.1,69.89009857
razon-mortalidad-materna,uso-internet,BLZ,Belice,2020,34,64.43589783
razon-mortalidad-materna,uso-internet,BRA,Brasil,2020,45,81.34269353
razon-mortalidad-materna,uso-internet,CAN,Canadá,2020,5.1,92.3
razon-mortalidad-materna,uso-internet,CHL,Chile,2020,15,87.45929718
razon-mortalidad-materna,uso-internet,COL,Colombia,2020,39,69.79533474
razon-mortalidad-materna,uso-internet,CRI,Costa Rica,2020,9.7,80.530186079999993
razon-mortalidad-materna,uso-internet,CUB,Cuba,2020,6.2,71.11907507
razon-mortalidad-materna,uso-internet,DMA,Dominica,2020,5.2,75.65670013
razon-mortalidad-materna,uso-internet,ECU,Ecuador,2020,38,70.7
razon-mortalidad-materna,uso-internet,SLV,El Salvador,2020,42,54.60136976
razon-mortalidad-materna,uso-internet,GRD,Granada,2020,0.86,65.65380096
razon-mortalidad-materna,uso-internet,GTM,Guatemala,2020,18,47.51229858
razon-mortalidad-materna,uso-internet,GUY,Guyana,2020,59,62.95399857
razon-mortalidad-materna,uso-internet,HTI,Haití,2020,223,39.38809967
razon-mortalidad-materna,uso-internet,HND,Honduras,2020,38,45.24829865
razon-mortalidad-materna,uso-internet,JAM,Jamaica,2020,2.9,76.38400269
razon-mortalidad-materna,uso-internet,MEX,México,2020,26,71.49017499
razon-mortalidad-materna,uso-internet,NIC,Nicaragua,2020,47,44.87490082
razon-mortalidad-materna,uso-internet,PAN,Panamá,2020,34,64.82430267
razon-mortalidad-materna,uso-internet,PRY,Paraguay,2020,50,73.95751114
razon-mortalidad-materna,uso-internet,PER,Perú,2020,128,65.25179796
razon-mortalidad-materna,uso-internet,DOM,República Dominicana,2020,46,81.61730194
razon-mortalidad-materna,uso-internet,URY,Uruguay,2020,35,85.47100067
razon-mortalidad-materna,uso-internet,ARG,Argentina,2021,34,87.15070683
razon-mortalidad-materna,uso-internet,BHS,Bahamas,2021,14,92.34980011
razon-mortalidad-materna,uso-internet,BRB,Barbados,2021,0.35,69.4756012
razon-mortalidad-materna,uso-internet,BLZ,Belice,2021,35,70.65370178
razon-mortalidad-materna,uso-internet,BRA,Brasil,2021,47,80.68989314
razon-mortalidad-materna,uso-internet,CAN,Canadá,2021,5.4,93.93710327
razon-mortalidad-materna,uso-internet,CHL,Chile,2021,17,90.23280334
razon-mortalidad-materna,uso-internet,COL,Colombia,2021,41,73.02837449
razon-mortalidad-materna,uso-internet,CRI,Costa Rica,2021,9.8,82.74901607
razon-mortalidad-materna,uso-internet,CUB,Cuba,2021,5.4,67.64354869
razon-mortalidad-materna,uso-internet,DMA,Dominica,2021,0,78.07949829
razon-mortalidad-materna,uso-internet,ECU,Ecuador,2021,41,69.1147995
razon-mortalidad-materna,uso-internet,SLV,El Salvador,2021,39,57.26380157
razon-mortalidad-materna,uso-internet,GRD,Granada,2021,1.7,67.02279663
razon-mortalidad-materna,uso-internet,GTM,Guatemala,2021,20,50.84164945
razon-mortalidad-materna,uso-internet,GUY,Guyana,2021,66,71.65090179
razon-mortalidad-materna,uso-internet,HTI,Haití,2021,209,43.37919998
razon-mortalidad-materna,uso-internet,HND,Honduras,2021,38,51.95159912
razon-mortalidad-materna,uso-internet,JAM,Jamaica,2021,2.7,82.36071561
razon-mortalidad-materna,uso-internet,MEX,México,2021,27,75.62650476
razon-mortalidad-materna,uso-internet,NIC,Nicaragua,2021,46,51.62039948
razon-mortalidad-materna,uso-internet,PAN,Panamá,2021,43,66.04270172
razon-mortalidad-materna,uso-internet,PRY,Paraguay,2021,57,77.01838621
razon-mortalidad-materna,uso-internet,PER,Perú,2021,137,71.10782643
razon-mortalidad-materna,uso-internet,PRI,Puerto Rico,2021,0.69,84.78666399
razon-mortalidad-materna,uso-internet,DOM,República Dominicana,2021,47,85.24298638
razon-mortalidad-materna,uso-internet,URY,Uruguay,2021,34,87.64440155
razon-mortalidad-materna,uso-internet,ARG,Argentina,2022,35,88.37535691
razon-mortalidad-materna,uso-internet,BHS,Bahamas,2022,16,92.2559967
razon-mortalidad-materna,uso-internet,BRB,Barbados,2022,1.8,69.06359863
razon-mortalidad-materna,uso-internet,BLZ,Belice,2022,35,69.98329926
razon-mortalidad-materna,uso-internet,BRA,Brasil,2022,49,80.52775094
razon-mortalidad-materna,uso-internet,CAN,Canadá,2022,5.6,94
razon-mortalidad-materna,uso-internet,CHL,Chile,2022,18,92.31819916
razon-mortalidad-materna,uso-internet,COL,Colombia,2022,44,72.79637855
razon-mortalidad-materna,uso-internet,CRI,Costa Rica,2022,9.8,82.59801121
razon-mortalidad-materna,uso-internet,CUB,Cuba,2022,7.7,67.88410187
razon-mortalidad-materna,uso-internet,DMA,Dominica,2022,0,80.57980347
razon-mortalidad-materna,uso-internet,ECU,Ecuador,2022,50,69.71811356
razon-mortalidad-materna,uso-internet,SLV,El Salvador,2022,51,60.05609894
razon-mortalidad-materna,uso-internet,GRD,Granada,2022,0.86,68.42030334
razon-mortalidad-materna,uso-internet,GTM,Guatemala,2022,26,54.40430069
razon-mortalidad-materna,uso-internet,GUY,Guyana,2022,61,76.56240082
razon-mortalidad-materna,uso-internet,HTI,Haití,2022,196,47.77470016
razon-mortalidad-materna,uso-internet,HND,Honduras,2022,38,56.88069916
razon-mortalidad-materna,uso-internet,JAM,Jamaica,2022,3.9,85.84329987
razon-mortalidad-materna,uso-internet,MEX,México,2022,27,78.63217894
razon-mortalidad-materna,uso-internet,NIC,Nicaragua,2022,45,59.38000107
razon-mortalidad-materna,uso-internet,PAN,Panamá,2022,49,67.2838974
razon-mortalidad-materna,uso-internet,PRY,Paraguay,2022,67,76.25916611
razon-mortalidad-materna,uso-internet,PER,Perú,2022,149,74.67495213
razon-mortalidad-materna,uso-internet,PRI,Puerto Rico,2022,0.86,87.29178106
razon-mortalidad-materna,uso-internet,DOM,República Dominicana,2022,49,81.51269675
razon-mortalidad-materna,uso-internet,URY,Uruguay,2022,41,89.87304314
razon-mortalidad-materna,uso-internet,ARG,Argentina,2023,39,89.22897166
razon-mortalidad-materna,uso-internet,BHS,Bahamas,2023,8.8,92.38729858
razon-mortalidad-materna,uso-internet,BRB,Barbados,2023,0.71,69.67510223
razon-mortalidad-materna,uso-internet,BLZ,Belice,2023,34,70.18720245
razon-mortalidad-materna,uso-internet,BRA,Brasil,2023,49,84.15060238
razon-mortalidad-materna,uso-internet,CAN,Canadá,2023,6.2,94.14530182
razon-mortalidad-materna,uso-internet,CHL,Chile,2023,20,94.45742345
razon-mortalidad-materna,uso-internet,COL,Colombia,2023,46,77.33686322
razon-mortalidad-materna,uso-internet,CRI,Costa Rica,2023,9.5,85.39514799
razon-mortalidad-materna,uso-internet,CUB,Cuba,2023,8.1,69.55580139
razon-mortalidad-materna,uso-internet,DMA,Dominica,2023,6,81.33650208
razon-mortalidad-materna,uso-internet,ECU,Ecuador,2023,59,72.6943146
razon-mortalidad-materna,uso-internet,SLV,El Salvador,2023,86,62.61989975
razon-mortalidad-materna,uso-internet,GRD,Granada,2023,4.3,69.4131012
razon-mortalidad-materna,uso-internet,GTM,Guatemala,2023,29,56.72669983
razon-mortalidad-materna,uso-internet,GUY,Guyana,2023,66,79.3553009
razon-mortalidad-materna,uso-internet,HTI,Haití,2023,185,47.99269867
razon-mortalidad-materna,uso-internet,HND,Honduras,2023,38,58.0685997
razon-mortalidad-materna,uso-internet,JAM,Jamaica,2023,4.3,89.47304282
razon-mortalidad-materna,uso-internet,MEX,México,2023,28,81.18318755
razon-mortalidad-materna,uso-internet,NIC,Nicaragua,2023,44,60.30120087
razon-mortalidad-materna,uso-internet,PAN,Panamá,2023,61,68.54851592
razon-mortalidad-materna,uso-internet,PRY,Paraguay,2023,76,78.09481878
razon-mortalidad-materna,uso-internet,PER,Perú,2023,149,79.48484477
razon-mortalidad-materna,uso-internet,DOM,República Dominicana,2023,50,86.12689972
razon-mortalidad-materna,uso-internet,SUR,Surinam,2023,31,87.4
razon-mortalidad-materna,uso-internet,URY,Uruguay,2023,45,90.92590332
razon-mortalidad-materna,uso-internet,ARG,Argentina,2024,44,89.66715228
razon-mortalidad-materna,uso-internet,BHS,Bahamas,2024,18,92.47270203
razon-mortalidad-materna,uso-internet,BRB,Barbados,2024,1,70.36470032
razon-mortalidad-materna,uso-internet,BLZ,Belice,2024,34,80.00582262
razon-mortalidad-materna,uso-internet,BRA,Brasil,2024,49,84.46347227
razon-mortalidad-materna,uso-internet,CAN,Canadá,2024,6.2,94.353302
razon-mortalidad-materna,uso-internet,CHL,Chile,2024,19,95.590243
razon-mortalidad-materna,uso-internet,COL,Colombia,2024,49,79.34543299
razon-mortalidad-materna,uso-internet,CRI,Costa Rica,2024,9.3,87.17019653
razon-mortalidad-materna,uso-internet,CUB,Cuba,2024,11,70.47699738
razon-mortalidad-materna,uso-internet,DMA,Dominica,2024,4.5,82.04689789
razon-mortalidad-materna,uso-internet,ECU,Ecuador,2024,66,77.17273115
razon-mortalidad-materna,uso-internet,SLV,El Salvador,2024,116,66.47769928
razon-mortalidad-materna,uso-internet,GRD,Granada,2024,1.7,70.16159821
razon-mortalidad-materna,uso-internet,GTM,Guatemala,2024,28,60.22140121
razon-mortalidad-materna,uso-internet,GUY,Guyana,2024,67,83.00080109
razon-mortalidad-materna,uso-internet,HTI,Haití,2024,175,47.8614006
razon-mortalidad-materna,uso-internet,HND,Honduras,2024,38,58.62269974
razon-mortalidad-materna,uso-internet,JAM,Jamaica,2024,2.3,90.10870361
razon-mortalidad-materna,uso-internet,MEX,México,2024,28,83.12233799
razon-mortalidad-materna,uso-internet,NIC,Nicaragua,2024,43,61.39550018
razon-mortalidad-materna,uso-internet,PAN,Panamá,2024,63,72.77149963
razon-mortalidad-materna,uso-internet,PRY,Paraguay,2024,81,81.57806793
razon-mortalidad-materna,uso-internet,PER,Perú,2024,139,81.95705992
razon-mortalidad-materna,uso-internet,DOM,República Dominicana,2024,51,91.0022446
razon-mortalidad-materna,uso-internet,URY,Uruguay,2024,47,91.99109007
tuberculosis,gasto-educ-pib,ARG,Argentina,2000,49,4.58030986785889
tuberculosis,gasto-educ-pib,ABW,Aruba,2000,6.2,4.71468019485474
tuberculosis,gasto-educ-pib,BHS,Bahamas,2000,57,2.23284006118774
tuberculosis,gasto-educ-pib,BRB,Barbados,2000,1.1,4.71585988998413
tuberculosis,gasto-educ-pib,BLZ,Belice,2000,113,3.68356990814209
tuberculosis,gasto-educ-pib,BRA,Brasil,2000,49,3.94893002510071
tuberculosis,gasto-educ-pib,CAN,Canadá,2000,8,5.42330980300903
tuberculosis,gasto-educ-pib,CHL,Chile,2000,33,3.75707006454468
tuberculosis,gasto-educ-pib,COL,Colombia,2000,70,3.5112099647522
tuberculosis,gasto-educ-pib,CRI,Costa Rica,2000,25,4.66695022583008
tuberculosis,gasto-educ-pib,CUB,Cuba,2000,23,7.70481014251709
tuberculosis,gasto-educ-pib,ECU,Ecuador,2000,124,1.20265996456146
tuberculosis,gasto-educ-pib,SLV,El Salvador,2000,58,2.8386800289154
tuberculosis,gasto-educ-pib,GUY,Guyana,2000,148,8.48414993286133
tuberculosis,gasto-educ-pib,JAM,Jamaica,2000,12,4.98346996307373
tuberculosis,gasto-educ-pib,MEX,México,2000,37,3.80870008468628
tuberculosis,gasto-educ-pib,NIC,Nicaragua,2000,125,3.00160002708435
tuberculosis,gasto-educ-pib,PAN,Panamá,2000,71,4.89397001266479
tuberculosis,gasto-educ-pib,PRY,Paraguay,2000,98,4.2302098274231
tuberculosis,gasto-educ-pib,PER,Perú,2000,367,3.22802996635437
tuberculosis,gasto-educ-pib,DOM,República Dominicana,2000,145,1.88829004764557
tuberculosis,gasto-educ-pib,URY,Uruguay,2000,33,2.42254996299744
tuberculosis,gasto-educ-pib,ARG,Argentina,2001,46,4.833740234375
tuberculosis,gasto-educ-pib,ABW,Aruba,2001,6.5,4.79898023605347
tuberculosis,gasto-educ-pib,BRB,Barbados,2001,2.3,6.05536985397339
tuberculosis,gasto-educ-pib,BLZ,Belice,2001,131,4.23519992828369
tuberculosis,gasto-educ-pib,BRA,Brasil,2001,46,3.84467005729675
tuberculosis,gasto-educ-pib,CAN,Canadá,2001,8,4.95304012298584
tuberculosis,gasto-educ-pib,COL,Colombia,2001,64,3.70867991447449
tuberculosis,gasto-educ-pib,CRI,Costa Rica,2001,26,4.83203983306885
tuberculosis,gasto-educ-pib,CUB,Cuba,2001,16,8.3580904006958
tuberculosis,gasto-educ-pib,GUY,Guyana,2001,134,8.39729022979736
tuberculosis,gasto-educ-pib,JAM,Jamaica,2001,11,5.38103008270264
tuberculosis,gasto-educ-pib,MEX,México,2001,36,4.0313401222229
tuberculosis,gasto-educ-pib,PAN,Panamá,2001,99,4.18935012817383
tuberculosis,gasto-educ-pib,PRY,Paraguay,2001,96,3.8335599899292
tuberculosis,gasto-educ-pib,PER,Perú,2001,327,3.03712010383606
tuberculosis,gasto-educ-pib,DOM,República Dominicana,2001,124,1.96782994270325
tuberculosis,gasto-educ-pib,URY,Uruguay,2001,34,2.80096006393433
tuberculosis,gasto-educ-pib,ARG,Argentina,2002,45,4.01734018325806
tuberculosis,gasto-educ-pib,ABW,Aruba,2002,6.8,4.87220001220703
tuberculosis,gasto-educ-pib,BRB,Barbados,2002,1.9,5.88062000274658
tuberculosis,gasto-educ-pib,BRA,Brasil,2002,50,3.75037002563477
tuberculosis,gasto-educ-pib,CAN,Canadá,2002,7.3,4.99306011199951
tuberculosis,gasto-educ-pib,CHL,Chile,2002,24,4.04881000518799
tuberculosis,gasto-educ-pib,COL,Colombia,2002,59,4.26812982559204
tuberculosis,gasto-educ-pib,CRI,Costa Rica,2002,21,5.15044021606445
tuberculosis,gasto-educ-pib,CUB,Cuba,2002,15,9.57116985321045
tuberculosis,gasto-educ-pib,SLV,El Salvador,2002,52,3.242840051651
tuberculosis,gasto-educ-pib,GUY,Guyana,2002,173,8.36553955078125
tuberculosis,gasto-educ-pib,JAM,Jamaica,2002,8.9,5.37522983551025
tuberculosis,gasto-educ-pib,MEX,México,2002,33,4.24307012557983
tuberculosis,gasto-educ-pib,NIC,Nicaragua,2002,98,2.39101004600525
tuberculosis,gasto-educ-pib,PAN,Panamá,2002,87,4.2549901008606
tuberculosis,gasto-educ-pib,PRY,Paraguay,2002,91,3.40773010253906
tuberculosis,gasto-educ-pib,PER,Perú,2002,295,2.82056999206543
tuberculosis,gasto-educ-pib,DOM,República Dominicana,2002,100,1.9140100479126
tuberculosis,gasto-educ-pib,URY,Uruguay,2002,26,2.32220005989075
tuberculosis,gasto-educ-pib,ARG,Argentina,2003,41,3.53504991531372
tuberculosis,gasto-educ-pib,BRB,Barbados,2003,3.3,6.24569988250732
tuberculosis,gasto-educ-pib,BLZ,Belice,2003,80,3.90120005607605
tuberculosis,gasto-educ-pib,BMU,Bermudas,2003,4.7,1.6662700176239
tuberculosis,gasto-educ-pib,CHL,Chile,2003,21,3.91868996620178
tuberculosis,gasto-educ-pib,COL,Colombia,2003,56,4.32513999938965
tuberculosis,gasto-educ-pib,CRI,Costa Rica,2003,21,5.13373994827271
tuberculosis,gasto-educ-pib,CUB,Cuba,2003,13,9.9408597946167
tuberculosis,gasto-educ-pib,SLV,El Salvador,2003,43,3.13467001914978
tuberculosis,gasto-educ-pib,GRD,Granada,2003,1.8,3.92673993110657
tuberculosis,gasto-educ-pib,GUY,Guyana,2003,171,6.95590019226074
tuberculosis,gasto-educ-pib,JAM,Jamaica,2003,9.5,4.25684976577759
tuberculosis,gasto-educ-pib,MEX,México,2003,34,4.83262014389038
tuberculosis,gasto-educ-pib,NIC,Nicaragua,2003,102,2.42200994491577
tuberculosis,gasto-educ-pib,PAN,Panamá,2003,85,4.19644021987915
tuberculosis,gasto-educ-pib,PRY,Paraguay,2003,92,3.3827600479126
tuberculosis,gasto-educ-pib,PER,Perú,2003,245,2.93779993057251
tuberculosis,gasto-educ-pib,DOM,República Dominicana,2003,113,1.84465003013611
tuberculosis,gasto-educ-pib,URY,Uruguay,2003,31,2.0682098865509
tuberculosis,gasto-educ-pib,ARG,Argentina,2004,42,3.48652005195618
tuberculosis,gasto-educ-pib,ABW,Aruba,2004,7.3,4.35698986053467
tuberculosis,gasto-educ-pib,BRB,Barbados,2004,7.1,6.02428007125854
tuberculosis,gasto-educ-pib,BLZ,Belice,2004,61,4.0096697807312
tuberculosis,gasto-educ-pib,BMU,Bermudas,2004,9.6,1.77587997913361
tuberculosis,gasto-educ-pib,BRA,Brasil,2004,52,3.97448992729187
tuberculosis,gasto-educ-pib,CHL,Chile,2004,24,3.54307007789612
tuberculosis,gasto-educ-pib,COL,Colombia,2004,51,4.07934999465942
tuberculosis,gasto-educ-pib,CRI,Costa Rica,2004,26,4.89062976837158
tuberculosis,gasto-educ-pib,CUB,Cuba,2004,11,10.2682304382324
tuberculosis,gasto-educ-pib,GUY,Guyana,2004,152,5.51291990280151
tuberculosis,gasto-educ-pib,JAM,Jamaica,2004,8.7,3.91254997253418
tuberculosis,gasto-educ-pib,MEX,México,2004,26,4.51204013824463
tuberculosis,gasto-educ-pib,PAN,Panamá,2004,86,3.55807995796204
tuberculosis,gasto-educ-pib,PRY,Paraguay,2004,88,2.86989998817444
tuberculosis,gasto-educ-pib,PER,Perú,2004,240,2.95787000656128
tuberculosis,gasto-educ-pib,URY,Uruguay,2004,34,2.49954009056091
tuberculosis,gasto-educ-pib,ARG,Argentina,2005,38,3.86000990867615
tuberculosis,gasto-educ-pib,ABW,Aruba,2005,7.6,4.62321996688843
tuberculosis,gasto-educ-pib,BRB,Barbados,2005,3.5,5.66965007781982
tuberculosis,gasto-educ-pib,BMU,Bermudas,2005,6.9,1.98877000808716
tuberculosis,gasto-educ-pib,BRA,Brasil,2005,48,4.47909021377563
tuberculosis,gasto-educ-pib,CAN,Canadá,2005,6.3,4.76589012145996
tuberculosis,gasto-educ-pib,CHL,Chile,2005,22,3.28016996383667
tuberculosis,gasto-educ-pib,COL,Colombia,2005,44,4.02098989486694
tuberculosis,gasto-educ-pib,CUB,Cuba,2005,10,10.5577802658081
tuberculosis,gasto-educ-pib,SLV,El Salvador,2005,50,3.17785000801086
tuberculosis,gasto-educ-pib,GUY,Guyana,2005,151,8.13973045349121
tuberculosis,gasto-educ-pib,JAM,Jamaica,2005,6.4,4.61641979217529
tuberculosis,gasto-educ-pib,MEX,México,2005,31,4.63395023345947
tuberculosis,gasto-educ-pib,PER,Perú,2005,228,2.83903002738953
tuberculosis,gasto-educ-pib,URY,Uruguay,2005,28,2.71476006507873
tuberculosis,gasto-educ-pib,ARG,Argentina,2006,34,4.12821006774902
tuberculosis,gasto-educ-pib,BRA,Brasil,2006,44,4.87060022354126
tuberculosis,gasto-educ-pib,CHL,Chile,2006,21,3.04014992713928
tuberculosis,gasto-educ-pib,COL,Colombia,2006,45,3.91671991348267
tuberculosis,gasto-educ-pib,CRI,Costa Rica,2006,17,4.61614990234375
tuberculosis,gasto-educ-pib,CUB,Cuba,2006,10,9.05716991424561
tuberculosis,gasto-educ-pib,SLV,El Salvador,2006,44,3.49298000335693
tuberculosis,gasto-educ-pib,GTM,Guatemala,2006,31,3.03285002708435
tuberculosis,gasto-educ-pib,GUY,Guyana,2006,163,3.11891007423401
tuberculosis,gasto-educ-pib,MEX,México,2006,29,4.49317979812622
tuberculosis,gasto-educ-pib,PER,Perú,2006,218,2.65281009674072
tuberculosis,gasto-educ-pib,URY,Uruguay,2006,25,2.85664010047913
tuberculosis,gasto-educ-pib,ARG,Argentina,2007,35,4.46260976791382
tuberculosis,gasto-educ-pib,ABW,Aruba,2007,8.2,4.70254993438721
tuberculosis,gasto-educ-pib,BRB,Barbados,2007,5.9,5.22061014175415
tuberculosis,gasto-educ-pib,BRA,Brasil,2007,44,4.97426986694336
tuberculosis,gasto-educ-pib,CAN,Canadá,2007,5.8,4.76642990112305
tuberculosis,gasto-educ-pib,CHL,Chile,2007,20,3.2331600189209
tuberculosis,gasto-educ-pib,COL,Colombia,2007,43,4.08301019668579
tuberculosis,gasto-educ-pib,CRI,Costa Rica,2007,18,4.63449001312256
tuberculosis,gasto-educ-pib,CUB,Cuba,2007,9.8,11.8682098388672
tuberculosis,gasto-educ-pib,SLV,El Salvador,2007,43,3.60984992980957
tuberculosis,gasto-educ-pib,GTM,Guatemala,2007,26,3.08809995651245
tuberculosis,gasto-educ-pib,GUY,Guyana,2007,133,2.39117002487183
tuberculosis,gasto-educ-pib,JAM,Jamaica,2007,6.8,5.49022006988525
tuberculosis,gasto-educ-pib,MEX,México,2007,28,4.47919988632202
tuberculosis,gasto-educ-pib,PRY,Paraguay,2007,72,2.73951005935669
tuberculosis,gasto-educ-pib,PER,Perú,2007,194,2.62940001487732
tuberculosis,gasto-educ-pib,DOM,República Dominicana,2007,78,2.04678010940552
tuberculosis,gasto-educ-pib,ARG,Argentina,2008,31,4.84438991546631
tuberculosis,gasto-educ-pib,ABW,Aruba,2008,8.4,4.82730007171631
tuberculosis,gasto-educ-pib,BRB,Barbados,2008,1.1,4.92074012756348
tuberculosis,gasto-educ-pib,BLZ,Belice,2008,50,4.29996013641357
tuberculosis,gasto-educ-pib,BRA,Brasil,2008,44,5.26884984970093
tuberculosis,gasto-educ-pib,CAN,Canadá,2008,5.9,4.62612009048462
tuberculosis,gasto-educ-pib,CHL,Chile,2008,20,3.79189991950989
tuberculosis,gasto-educ-pib,COL,Colombia,2008,43,3.9387800693512
tuberculosis,gasto-educ-pib,CRI,Costa Rica,2008,16,4.88697004318237
tuberculosis,gasto-educ-pib,CUB,Cuba,2008,10,14.0590801239014
tuberculosis,gasto-educ-pib,SLV,El Salvador,2008,43,4.45810985565185
tuberculosis,gasto-educ-pib,GTM,Guatemala,2008,26,3.23686003684998
tuberculosis,gasto-educ-pib,JAM,Jamaica,2008,6.6,6.19131994247437
tuberculosis,gasto-educ-pib,MEX,México,2008,28,4.60607004165649
tuberculosis,gasto-educ-pib,PAN,Panamá,2008,71,3.42529010772705
tuberculosis,gasto-educ-pib,PER,Perú,2008,182,2.8677499294281
tuberculosis,gasto-educ-pib,ARG,Argentina,2009,25,5.53105020523071
tuberculosis,gasto-educ-pib,ABW,Aruba,2009,8.7,5.79739999771118
tuberculosis,gasto-educ-pib,BRB,Barbados,2009,0.73,5.11040019989014
tuberculosis,gasto-educ-pib,BLZ,Belice,2009,48,4.8011999130249
tuberculosis,gasto-educ-pib,BMU,Bermudas,2009,2.5,2.28920006752014
tuberculosis,gasto-educ-pib,BRA,Brasil,2009,43,5.46355009078979
tuberculosis,gasto-educ-pib,CAN,Canadá,2009,5.7,4.84057998657227
tuberculosis,gasto-educ-pib,CHL,Chile,2009,19,4.25475978851318
tuberculosis,gasto-educ-pib,COL,Colombia,2009,41,4.77651977539062
tuberculosis,gasto-educ-pib,CRI,Costa Rica,2009,14,6.01031017303467
tuberculosis,gasto-educ-pib,CUB,Cuba,2009,8.6,13.1248598098755
tuberculosis,gasto-educ-pib,ECU,Ecuador,2009,51,4.51763010025024
tuberculosis,gasto-educ-pib,SLV,El Salvador,2009,40,4.65950012207031
tuberculosis,gasto-educ-pib,GUY,Guyana,2009,164,2.15057992935181
tuberculosis,gasto-educ-pib,JAM,Jamaica,2009,8.4,6.19848012924194
tuberculosis,gasto-educ-pib,MEX,México,2009,27,4.94934988021851
tuberculosis,gasto-educ-pib,PER,Perú,2009,171,3.13994002342224
tuberculosis,gasto-educ-pib,ARG,Argentina,2010,24,5.01972007751465
tuberculosis,gasto-educ-pib,ABW,Aruba,2010,6,6.75109004974365
tuberculosis,gasto-educ-pib,BHS,Bahamas,2010,12,2.45165990475209
tuberculosis,gasto-educ-pib,BRB,Barbados,2010,2.2,6.05261993408203
tuberculosis,gasto-educ-pib,BLZ,Belice,2010,75,5.24251985549927
tuberculosis,gasto-educ-pib,BMU,Bermudas,2010,1.6,2.30668997764587
tuberculosis,gasto-educ-pib,BRA,Brasil,2010,42,5.64879989624023
tuberculosis,gasto-educ-pib,CAN,Canadá,2010,4.9,5.35637998580933
tuberculosis,gasto-educ-pib,CHL,Chile,2010,19,4.18953990936279
tuberculosis,gasto-educ-pib,COL,Colombia,2010,40,4.83382987976074
tuberculosis,gasto-educ-pib,CRI,Costa Rica,2010,15,6.56575012207031
tuberculosis,gasto-educ-pib,CUB,Cuba,2010,9.8,12.8373098373413
tuberculosis,gasto-educ-pib,ECU,Ecuador,2010,49,4.60028982162476
tuberculosis,gasto-educ-pib,SLV,El Salvador,2010,39,4.04807996749878
tuberculosis,gasto-educ-pib,GRD,Granada,2010,3.6,5.07508233496978
tuberculosis,gasto-educ-pib,GTM,Guatemala,2010,26,2.84864997863769
tuberculosis,gasto-educ-pib,GUY,Guyana,2010,150,2.40938997268677
tuberculosis,gasto-educ-pib,VGB,Islas Vírgenes Británicas,2010,3.6,3.48700818755313
tuberculosis,gasto-educ-pib,JAM,Jamaica,2010,7.6,6.37058019638062
tuberculosis,gasto-educ-pib,MEX,México,2010,28,4.93697023391724
tuberculosis,gasto-educ-pib,NIC,Nicaragua,2010,70,4.48422002792358
tuberculosis,gasto-educ-pib,PRY,Paraguay,2010,62,2.7707200050354
tuberculosis,gasto-educ-pib,PER,Perú,2010,159,2.86730003356934
tuberculosis,gasto-educ-pib,DOM,República Dominicana,2010,61,1.88728788680129
tuberculosis,gasto-educ-pib,ARG,Argentina,2011,31,5.29063987731934
tuberculosis,gasto-educ-pib,ABW,Aruba,2011,7.9,5.91466999053955
tuberculosis,gasto-educ-pib,BHS,Bahamas,2011,15,2.35576638581195
tuberculosis,gasto-educ-pib,BLZ,Belice,2011,36,5.51786910233588
tuberculosis,gasto-educ-pib,BMU,Bermudas,2011,1.6,2.19656988306324
tuberculosis,gasto-educ-pib,BRA,Brasil,2011,42,5.73741006851196
tuberculosis,gasto-educ-pib,CAN,Canadá,2011,5,5.26204013824463
tuberculosis,gasto-educ-pib,CHL,Chile,2011,19,4.06173992156982
tuberculosis,gasto-educ-pib,COL,Colombia,2011,40,4.46608018875122
tuberculosis,gasto-educ-pib,CRI,Costa Rica,2011,15,6.37988996505737
tuberculosis,gasto-educ-pib,CUW,Curazao,2011,0.63,5.64725392834695
tuberculosis,gasto-educ-pib,ECU,Ecuador,2011,50,4.74424982070923
tuberculosis,gasto-educ-pib,SLV,El Salvador,2011,43,3.89854001998901
tuberculosis,gasto-educ-pib,GRD,Granada,2011,1.8,5.48532342071091
tuberculosis,gasto-educ-pib,GTM,Guatemala,2011,23,2.96865010261536
tuberculosis,gasto-educ-pib,GUY,Guyana,2011,145,2.50669002532959
tuberculosis,gasto-educ-pib,JAM,Jamaica,2011,5.9,6.26664018630981
tuberculosis,gasto-educ-pib,MEX,México,2011,27,4.9040699005127
tuberculosis,gasto-educ-pib,PAN,Panamá,2011,64,3.07034993171692
tuberculosis,gasto-educ-pib,PRY,Paraguay,2011,62,3.69283008575439
tuberculosis,gasto-educ-pib,PER,Perú,2011,155,2.6635000705719
tuberculosis,gasto-educ-pib,DOM,República Dominicana,2011,64,1.87925755786153
tuberculosis,gasto-educ-pib,URY,Uruguay,2011,32,4.14937019348145
tuberculosis,gasto-educ-pib,ARG,Argentina,2012,27,5.3458399772644
tuberculosis,gasto-educ-pib,ABW,Aruba,2012,28,6.3472900390625
tuberculosis,gasto-educ-pib,BHS,Bahamas,2012,12,2.30391197238935
tuberculosis,gasto-educ-pib,BRB,Barbados,2012,1.4,4.58823013305664
tuberculosis,gasto-educ-pib,BLZ,Belice,2012,40,5.47351989539787
tuberculosis,gasto-educ-pib,BMU,Bermudas,2012,4.7,2.38597137100485
tuberculosis,gasto-educ-pib,BRA,Brasil,2012,42,5.85510015487671
tuberculosis,gasto-educ-pib,COL,Colombia,2012,39,4.37038993835449
tuberculosis,gasto-educ-pib,CRI,Costa Rica,2012,14,6.58239984512329
tuberculosis,gasto-educ-pib,CUB,Cuba,2012,8.3,11.5516604913797
tuberculosis,gasto-educ-pib,CUW,Curazao,2012,0.62,5.38283590387706
tuberculosis,gasto-educ-pib,DMA,Dominica,2012,10,4.52896287885139
tuberculosis,gasto-educ-pib,ECU,Ecuador,2012,51,4.65310001373291
tuberculosis,gasto-educ-pib,SLV,El Salvador,2012,46,3.7124400138855
tuberculosis,gasto-educ-pib,GRD,Granada,2012,0.89,5.07225880686028
tuberculosis,gasto-educ-pib,GTM,Guatemala,2012,26,3.00524997711182
tuberculosis,gasto-educ-pib,GUY,Guyana,2012,148,2.24131989479065
tuberculosis,gasto-educ-pib,HND,Honduras,2012,59,6.29972793577391
tuberculosis,gasto-educ-pib,VGB,Islas Vírgenes Británicas,2012,0,3.55560728835564
tuberculosis,gasto-educ-pib,JAM,Jamaica,2012,5,6.1124701499939
tuberculosis,gasto-educ-pib,MEX,México,2012,26,4.88349008560181
tuberculosis,gasto-educ-pib,PRY,Paraguay,2012,62,3.66877007484436
tuberculosis,gasto-educ-pib,PER,Perú,2012,143,2.92276000976562
tuberculosis,gasto-educ-pib,URY,Uruguay,2012,31,4.09353338283242
tuberculosis,gasto-educ-pib,ARG,Argentina,2013,27,5.43660020828247
tuberculosis,gasto-educ-pib,ABW,Aruba,2013,11,6.44295978546143
tuberculosis,gasto-educ-pib,BHS,Bahamas,2013,12,2.4242884241713
tuberculosis,gasto-educ-pib,BRB,Barbados,2013,1.4,4.50306987762451
tuberculosis,gasto-educ-pib,BLZ,Belice,2013,55,5.12474012374878
tuberculosis,gasto-educ-pib,BMU,Bermudas,2013,0,2.2795032068669
tuberculosis,gasto-educ-pib,BRA,Brasil,2013,42,5.8388500213623
tuberculosis,gasto-educ-pib,CAN,Canadá,2013,5.4,4.58899021148682
tuberculosis,gasto-educ-pib,CHL,Chile,2013,18,4.54814004898071
tuberculosis,gasto-educ-pib,COL,Colombia,2013,36,4.87855005264282
tuberculosis,gasto-educ-pib,CRI,Costa Rica,2013,12,6.68738985061646
tuberculosis,gasto-educ-pib,CUB,Cuba,2013,8.4,10.67169596101
tuberculosis,gasto-educ-pib,CUW,Curazao,2013,1.2,5.11633014678955
tuberculosis,gasto-educ-pib,DMA,Dominica,2013,4.3,4.35428103166344
tuberculosis,gasto-educ-pib,ECU,Ecuador,2013,47,4.92997980117798
tuberculosis,gasto-educ-pib,SLV,El Salvador,2013,48,3.80149006843567
tuberculosis,gasto-educ-pib,GTM,Guatemala,2013,24,2.88808989524841
tuberculosis,gasto-educ-pib,HND,Honduras,2013,55,5.87493991851807
tuberculosis,gasto-educ-pib,VGB,Islas Vírgenes Británicas,2013,3.2,4.45811210742524
tuberculosis,gasto-educ-pib,JAM,Jamaica,2013,5.1,6.25106000900269
tuberculosis,gasto-educ-pib,MEX,México,2013,26,4.50858020782471
tuberculosis,gasto-educ-pib,PRY,Paraguay,2013,56,2.67871193892232
tuberculosis,gasto-educ-pib,PER,Perú,2013,139,3.29729008674622
tuberculosis,gasto-educ-pib,PRI,Puerto Rico,2013,1.9,6.48106002807617
tuberculosis,gasto-educ-pib,DOM,República Dominicana,2013,62,3.62818152019188
tuberculosis,gasto-educ-pib,URY,Uruguay,2013,34,4.23893022537231
tuberculosis,gasto-educ-pib,ARG,Argentina,2014,27,5.36144018173218
tuberculosis,gasto-educ-pib,ABW,Aruba,2014,1.9,5.85128021240234
tuberculosis,gasto-educ-pib,BHS,Bahamas,2014,18,2.24714705533939
tuberculosis,gasto-educ-pib,BRB,Barbados,2014,1.8,5.35950994491577
tuberculosis,gasto-educ-pib,BLZ,Belice,2014,31,5.1395001411438
tuberculosis,gasto-educ-pib,BMU,Bermudas,2014,0,1.5368800163269
tuberculosis,gasto-educ-pib,BRA,Brasil,2014,41,5.94848012924194
tuberculosis,gasto-educ-pib,CAN,Canadá,2014,5,4.84358978271484
tuberculosis,gasto-educ-pib,CHL,Chile,2014,17,4.75168991088867
tuberculosis,gasto-educ-pib,COL,Colombia,2014,34,4.62945985794067
tuberculosis,gasto-educ-pib,CRI,Costa Rica,2014,13,6.67953014373779
tuberculosis,gasto-educ-pib,CUB,Cuba,2014,8,9.6074568445536
tuberculosis,gasto-educ-pib,CUW,Curazao,2014,3,5.95464718602819
tuberculosis,gasto-educ-pib,DMA,Dominica,2014,1.4,4.33216630134647
tuberculosis,gasto-educ-pib,ECU,Ecuador,2014,44,5.21019983291626
tuberculosis,gasto-educ-pib,SLV,El Salvador,2014,48,3.82416009902954
tuberculosis,gasto-educ-pib,GRD,Granada,2014,0,4.47756594772942
tuberculosis,gasto-educ-pib,GTM,Guatemala,2014,23,2.98563003540039
tuberculosis,gasto-educ-pib,GUY,Guyana,2014,100,4.36033010482788
tuberculosis,gasto-educ-pib,HTI,Haití,2014,336,1.75226998329163
tuberculosis,gasto-educ-pib,HND,Honduras,2014,49,7.09010982513428
tuberculosis,gasto-educ-pib,VGB,Islas Vírgenes Británicas,2014,0,4.00919804063438
tuberculosis,gasto-educ-pib,JAM,Jamaica,2014,4.4,6.01584005355835
tuberculosis,gasto-educ-pib,MEX,México,2014,25,5.06807994842529
tuberculosis,gasto-educ-pib,NIC,Nicaragua,2014,65,4.08329010009766
tuberculosis,gasto-educ-pib,PAN,Panamá,2014,52,3.08107995986939
tuberculosis,gasto-educ-pib,PRY,Paraguay,2014,54,2.59655894629063
tuberculosis,gasto-educ-pib,PER,Perú,2014,136,3.69599008560181
tuberculosis,gasto-educ-pib,PRI,Puerto Rico,2014,1.7,6.07265996932983
tuberculosis,gasto-educ-pib,DOM,República Dominicana,2014,60,3.62243443144513
tuberculosis,gasto-educ-pib,URY,Uruguay,2014,33,4.26735019683838
tuberculosis,gasto-educ-pib,ARG,Argentina,2015,28,5.77611017227173
tuberculosis,gasto-educ-pib,ABW,Aruba,2015,5.8,5.88826990127563
tuberculosis,gasto-educ-pib,BHS,Bahamas,2015,21,2.2723175918231
tuberculosis,gasto-educ-pib,BRB,Barbados,2015,0,5.15997517232471
tuberculosis,gasto-educ-pib,BLZ,Belice,2015,33,5.35711002349854
tuberculosis,gasto-educ-pib,BMU,Bermudas,2015,0,1.50163996219635
tuberculosis,gasto-educ-pib,BRA,Brasil,2015,41,6.24105978012085
tuberculosis,gasto-educ-pib,CAN,Canadá,2015,5.1,4.73936986923218
tuberculosis,gasto-educ-pib,CHL,Chile,2015,18,4.90390014648438
tuberculosis,gasto-educ-pib,COL,Colombia,2015,33,4.47038984298706
tuberculosis,gasto-educ-pib,CRI,Costa Rica,2015,12,6.87349987030029
tuberculosis,gasto-educ-pib,CUB,Cuba,2015,7.5,8.9633578559392
tuberculosis,gasto-educ-pib,CUW,Curazao,2015,4.8,5.95011209033324
tuberculosis,gasto-educ-pib,DMA,Dominica,2015,9.9,3.09856009483337
tuberculosis,gasto-educ-pib,ECU,Ecuador,2015,42,5.10570001602173
tuberculosis,gasto-educ-pib,SLV,El Salvador,2015,53,3.90987992286682
tuberculosis,gasto-educ-pib,GRD,Granada,2015,4.4,4.23861035989182
tuberculosis,gasto-educ-pib,GTM,Guatemala,2015,23,3.03032994270325
tuberculosis,gasto-educ-pib,GUY,Guyana,2015,102,3.89569997787476
tuberculosis,gasto-educ-pib,HTI,Haití,2015,318,1.85497999191284
tuberculosis,gasto-educ-pib,HND,Honduras,2015,49,6.41298007965088
tuberculosis,gasto-educ-pib,VGB,Islas Vírgenes Británicas,2015,0,4.70449999843962
tuberculosis,gasto-educ-pib,JAM,Jamaica,2015,5.2,5.45523023605347
tuberculosis,gasto-educ-pib,MEX,México,2015,25,5.05087995529175
tuberculosis,gasto-educ-pib,NIC,Nicaragua,2015,59,4.07843017578125
tuberculosis,gasto-educ-pib,PAN,Panamá,2015,58,3.26552009582519
tuberculosis,gasto-educ-pib,PRY,Paraguay,2015,55,3.33377822870463
tuberculosis,gasto-educ-pib,PER,Perú,2015,131,3.96933007240295
tuberculosis,gasto-educ-pib,PRI,Puerto Rico,2015,2,3.34032241682023
tuberculosis,gasto-educ-pib,DOM,República Dominicana,2015,59,3.60400277306673
tuberculosis,gasto-educ-pib,SUR,Surinam,2015,35,5.53479610522553
tuberculosis,gasto-educ-pib,URY,Uruguay,2015,33,4.20636987686157
tuberculosis,gasto-educ-pib,ARG,Argentina,2016,30,5.54548978805542
tuberculosis,gasto-educ-pib,ABW,Aruba,2016,7.6,5.49136018753052
tuberculosis,gasto-educ-pib,BHS,Bahamas,2016,30,2.58786212973921
tuberculosis,gasto-educ-pib,BRB,Barbados,2016,1.1,4.19719982147217
tuberculosis,gasto-educ-pib,BLZ,Belice,2016,49,5.72603988647461
tuberculosis,gasto-educ-pib,BMU,Bermudas,2016,3.2,2.03905874199287
tuberculosis,gasto-educ-pib,BRA,Brasil,2016,41,6.31403017044067
tuberculosis,gasto-educ-pib,CAN,Canadá,2016,5.3,4.81642007827759
tuberculosis,gasto-educ-pib,CHL,Chile,2016,17,5.36645984649658
tuberculosis,gasto-educ-pib,COL,Colombia,2016,34,4.47721004486084
tuberculosis,gasto-educ-pib,CRI,Costa Rica,2016,9.6,6.89395999908447
tuberculosis,gasto-educ-pib,CUB,Cuba,2016,7.3,9.01309318032688
tuberculosis,gasto-educ-pib,CUW,Curazao,2016,2.4,6.23495389518939
tuberculosis,gasto-educ-pib,DMA,Dominica,2016,7.2,5.12971951862684
tuberculosis,gasto-educ-pib,ECU,Ecuador,2016,42,4.46397668804552
tuberculosis,gasto-educ-pib,SLV,El Salvador,2016,65,3.82523989677429
tuberculosis,gasto-educ-pib,GTM,Guatemala,2016,22,2.94474005699158
tuberculosis,gasto-educ-pib,GUY,Guyana,2016,101,4.73775005340576
tuberculosis,gasto-educ-pib,HTI,Haití,2016,297,1.38776004314423
tuberculosis,gasto-educ-pib,HND,Honduras,2016,48,6.09509492079297
tuberculosis,gasto-educ-pib,VGB,Islas Vírgenes Británicas,2016,0,3.25467711875258
tuberculosis,gasto-educ-pib,JAM,Jamaica,2016,5.1,5.31459999084473
tuberculosis,gasto-educ-pib,MEX,México,2016,25,4.75795984268188
tuberculosis,gasto-educ-pib,NIC,Nicaragua,2016,54,4.08114004135132
tuberculosis,gasto-educ-pib,PAN,Panamá,2016,61,3.32278990745544
tuberculosis,gasto-educ-pib,PRY,Paraguay,2016,55,3.43498992919922
tuberculosis,gasto-educ-pib,PER,Perú,2016,129,3.81316995620727
tuberculosis,gasto-educ-pib,PRI,Puerto Rico,2016,2.5,2.78358429967595
tuberculosis,gasto-educ-pib,DOM,República Dominicana,2016,55,3.85049560792469
tuberculosis,gasto-educ-pib,SUR,Surinam,2016,27,5.64051904970974
tuberculosis,gasto-educ-pib,URY,Uruguay,2016,32,4.36420011520386
tuberculosis,gasto-educ-pib,ARG,Argentina,2017,29,5.45432996749878
tuberculosis,gasto-educ-pib,ABW,Aruba,2017,7.6,4.45581996127504
tuberculosis,gasto-educ-pib,BHS,Bahamas,2017,17,2.69510162053495
tuberculosis,gasto-educ-pib,BRB,Barbados,2017,0,3.956209897995
tuberculosis,gasto-educ-pib,BLZ,Belice,2017,47,5.95071983337402
tuberculosis,gasto-educ-pib,BMU,Bermudas,2017,3.1,1.32495999336243
tuberculosis,gasto-educ-pib,BRA,Brasil,2017,43,6.32047986984253
tuberculosis,gasto-educ-pib,CAN,Canadá,2017,5.4,4.95998001098633
tuberculosis,gasto-educ-pib,CHL,Chile,2017,18,5.43278980255127
tuberculosis,gasto-educ-pib,COL,Colombia,2017,34,4.53551006317139
tuberculosis,gasto-educ-pib,CRI,Costa Rica,2017,9.6,7.06981992721558
tuberculosis,gasto-educ-pib,CUB,Cuba,2017,7.6,8.44413540438793
tuberculosis,gasto-educ-pib,CUW,Curazao,2017,5.3,5.91444785594951
tuberculosis,gasto-educ-pib,DMA,Dominica,2017,1.5,4.71605005720456
tuberculosis,gasto-educ-pib,ECU,Ecuador,2017,44,4.60667733499397
tuberculosis,gasto-educ-pib,SLV,El Salvador,2017,77,3.7252299785614
tuberculosis,gasto-educ-pib,GRD,Granada,2017,2.6,3.17379999160767
tuberculosis,gasto-educ-pib,GTM,Guatemala,2017,23,2.95009994506836
tuberculosis,gasto-educ-pib,GUY,Guyana,2017,90,4.6647801399231
tuberculosis,gasto-educ-pib,HTI,Haití,2017,276,1.49846994876862
tuberculosis,gasto-educ-pib,HND,Honduras,2017,46,5.74434396129576
tuberculosis,gasto-educ-pib,VGB,Islas Vírgenes Británicas,2017,1.4,2.4570894097885
tuberculosis,gasto-educ-pib,JAM,Jamaica,2017,5.9,5.26015996932983
tuberculosis,gasto-educ-pib,MEX,México,2017,25,4.39752006530762
tuberculosis,gasto-educ-pib,NIC,Nicaragua,2017,51,4.35768985748291
tuberculosis,gasto-educ-pib,PAN,Panamá,2017,61,3.37834000587463
tuberculosis,gasto-educ-pib,PRY,Paraguay,2017,57,3.09062070242279
tuberculosis,gasto-educ-pib,PER,Perú,2017,128,3.93130993843079
tuberculosis,gasto-educ-pib,PRI,Puerto Rico,2017,1.5,2.72538873126429
tuberculosis,gasto-educ-pib,DOM,República Dominicana,2017,50,3.92026752279272
tuberculosis,gasto-educ-pib,SUR,Surinam,2017,31,5.45861311514349
tuberculosis,gasto-educ-pib,URY,Uruguay,2017,34,4.41787004470825
tuberculosis,gasto-educ-pib,ARG,Argentina,2018,30,4.87773990631104
tuberculosis,gasto-educ-pib,ABW,Aruba,2018,4.7,4.54876355243615
tuberculosis,gasto-educ-pib,BHS,Bahamas,2018,15,2.49264112462151
tuberculosis,gasto-educ-pib,BRB,Barbados,2018,0.36,5.40447825597088
tuberculosis,gasto-educ-pib,BLZ,Belice,2018,39,6.12779998779297
tuberculosis,gasto-educ-pib,BMU,Bermudas,2018,3.1,1.93595466792564
tuberculosis,gasto-educ-pib,BRA,Brasil,2018,45,6.08851003646851
tuberculosis,gasto-educ-pib,CAN,Canadá,2018,5.3,4.88898992538452
tuberculosis,gasto-educ-pib,CHL,Chile,2018,19,5.473060131073
tuberculosis,gasto-educ-pib,COL,Colombia,2018,34,4.44910001754761
tuberculosis,gasto-educ-pib,CRI,Costa Rica,2018,10,6.76992988586426
tuberculosis,gasto-educ-pib,CUB,Cuba,2018,7.6,8.02498461098619
tuberculosis,gasto-educ-pib,CUW,Curazao,2018,4.1,5.93873270793721
tuberculosis,gasto-educ-pib,DMA,Dominica,2018,5.9,5.1536046272165
tuberculosis,gasto-educ-pib,ECU,Ecuador,2018,45,4.6250260585881
tuberculosis,gasto-educ-pib,SLV,El Salvador,2018,76,3.60575008392334
tuberculosis,gasto-educ-pib,GRD,Granada,2018,1.7,3.55919341882594
tuberculosis,gasto-educ-pib,GTM,Guatemala,2018,24,3.13193988800049
tuberculosis,gasto-educ-pib,GUY,Guyana,2018,85,4.45058012008667
tuberculosis,gasto-educ-pib,HTI,Haití,2018,256,1.63715994358063
tuberculosis,gasto-educ-pib,HND,Honduras,2018,45,6.05646991729736
tuberculosis,gasto-educ-pib,CYM,Islas Caimán,2018,4.5,2.16376945997106
tuberculosis,gasto-educ-pib,VGB,Islas Vírgenes Británicas,2018,2.9,2.42556060278319
tuberculosis,gasto-educ-pib,JAM,Jamaica,2018,3.9,5.41379022598267
tuberculosis,gasto-educ-pib,MEX,México,2018,26,4.13944005966187
tuberculosis,gasto-educ-pib,NIC,Nicaragua,2018,46,4.47380693256251
tuberculosis,gasto-educ-pib,PAN,Panamá,2018,54,3.4524199962616
tuberculosis,gasto-educ-pib,PRY,Paraguay,2018,56,3.2961960606943
tuberculosis,gasto-educ-pib,PER,Perú,2018,132,3.71392011642456
tuberculosis,gasto-educ-pib,PRI,Puerto Rico,2018,1,2.60388715714737
tuberculosis,gasto-educ-pib,DOM,República Dominicana,2018,49,3.92849467476802
tuberculosis,gasto-educ-pib,SUR,Surinam,2018,41,4.92259355761269
tuberculosis,gasto-educ-pib,URY,Uruguay,2018,36,4.60361003875732
tuberculosis,gasto-educ-pib,ARG,Argentina,2019,33,4.77165985107422
tuberculosis,gasto-educ-pib,ABW,Aruba,2019,1.9,4.43503686776957
tuberculosis,gasto-educ-pib,BHS,Bahamas,2019,17,2.62573176503127
tuberculosis,gasto-educ-pib,BRB,Barbados,2019,0,3.72228002548218
tuberculosis,gasto-educ-pib,BLZ,Belice,2019,35,5.96377992630005
tuberculosis,gasto-educ-pib,BMU,Bermudas,2019,3.1,1.92679827239971
tuberculosis,gasto-educ-pib,BRA,Brasil,2019,45,5.96346998214722
tuberculosis,gasto-educ-pib,CAN,Canadá,2019,5.6,4.77293014526367
tuberculosis,gasto-educ-pib,CHL,Chile,2019,19,5.62629985809326
tuberculosis,gasto-educ-pib,COL,Colombia,2019,36,4.51068019866943
tuberculosis,gasto-educ-pib,CRI,Costa Rica,2019,9.9,6.73809003829956
tuberculosis,gasto-educ-pib,CUB,Cuba,2019,6.8,9.04700486137163
tuberculosis,gasto-educ-pib,CUW,Curazao,2019,3.8,5.81155632881729
tuberculosis,gasto-educ-pib,DMA,Dominica,2019,15,4.88721990585327
tuberculosis,gasto-educ-pib,ECU,Ecuador,2019,46,4.24576997756958
tuberculosis,gasto-educ-pib,SLV,El Salvador,2019,63,3.38710999488831
tuberculosis,gasto-educ-pib,GTM,Guatemala,2019,24,3.19297003746033
tuberculosis,gasto-educ-pib,HTI,Haití,2019,239,1.08414978067408
tuberculosis,gasto-educ-pib,HND,Honduras,2019,38,5.98198266311593
tuberculosis,gasto-educ-pib,CYM,Islas Caimán,2019,5.9,1.13670003414154
tuberculosis,gasto-educ-pib,VGB,Islas Vírgenes Británicas,2019,2.3,2.500967871937
tuberculosis,gasto-educ-pib,JAM,Jamaica,2019,3.5,5.16364002227783
tuberculosis,gasto-educ-pib,NIC,Nicaragua,2019,49,4.59991969121332
tuberculosis,gasto-educ-pib,PAN,Panamá,2019,39,3.28122011579173
tuberculosis,gasto-educ-pib,PRY,Paraguay,2019,60,3.48983027194334
tuberculosis,gasto-educ-pib,PER,Perú,2019,131,3.822429895401
tuberculosis,gasto-educ-pib,PRI,Puerto Rico,2019,1.4,3.32791002069889
tuberculosis,gasto-educ-pib,DOM,República Dominicana,2019,45,4.04276873126053
tuberculosis,gasto-educ-pib,SUR,Surinam,2019,31,6.77857289012664
tuberculosis,gasto-educ-pib,URY,Uruguay,2019,38,4.62834978103638
tuberculosis,gasto-educ-pib,ARG,Argentina,2020,27,5.27689981460571
tuberculosis,gasto-educ-pib,BHS,Bahamas,2020,10,3.7125229961238
tuberculosis,gasto-educ-pib,BRB,Barbados,2020,2.1,3.86529994010925
tuberculosis,gasto-educ-pib,BLZ,Belice,2020,34,5.21301984786987
tuberculosis,gasto-educ-pib,BMU,Bermudas,2020,4.7,1.74834797496856
tuberculosis,gasto-educ-pib,BRA,Brasil,2020,45,5.7714900970459
tuberculosis,gasto-educ-pib,CAN,Canadá,2020,5.1,4.88794994354248
tuberculosis,gasto-educ-pib,CHL,Chile,2020,15,5.62992000579834
tuberculosis,gasto-educ-pib,COL,Colombia,2020,39,5.26166009902954
tuberculosis,gasto-educ-pib,CRI,Costa Rica,2020,9.7,6.62899017333984
tuberculosis,gasto-educ-pib,CUB,Cuba,2020,6.2,11.5248184008093
tuberculosis,gasto-educ-pib,CUW,Curazao,2020,3.5,7.11645238834347
tuberculosis,gasto-educ-pib,DMA,Dominica,2020,5.2,4.45777988433838
tuberculosis,gasto-educ-pib,ECU,Ecuador,2020,38,4.26103019714355
tuberculosis,gasto-educ-pib,SLV,El Salvador,2020,42,3.66088008880615
tuberculosis,gasto-educ-pib,GTM,Guatemala,2020,18,3.29485011100769
tuberculosis,gasto-educ-pib,HTI,Haití,2020,223,1.11353641558643
tuberculosis,gasto-educ-pib,HND,Honduras,2020,38,6.09801328648889
tuberculosis,gasto-educ-pib,CYM,Islas Caimán,2020,2.9,1.45542001724243
tuberculosis,gasto-educ-pib,VGB,Islas Vírgenes Británicas,2020,1.7,2.70539282589676
tuberculosis,gasto-educ-pib,JAM,Jamaica,2020,2.9,5.38065828197341
tuberculosis,gasto-educ-pib,MEX,México,2020,26,4.4996600151062
tuberculosis,gasto-educ-pib,NIC,Nicaragua,2020,47,4.58034059162685
tuberculosis,gasto-educ-pib,PAN,Panamá,2020,34,4.30487012863159
tuberculosis,gasto-educ-pib,PRY,Paraguay,2020,50,3.93615007400513
tuberculosis,gasto-educ-pib,PER,Perú,2020,128,4.25937986373901
tuberculosis,gasto-educ-pib,PRI,Puerto Rico,2020,1.1,4.28663184360846
tuberculosis,gasto-educ-pib,DOM,República Dominicana,2020,46,4.51769850778985
tuberculosis,gasto-educ-pib,SUR,Surinam,2020,25,4.58425708265782
tuberculosis,gasto-educ-pib,URY,Uruguay,2020,35,4.55217981338501
tuberculosis,gasto-educ-pib,ARG,Argentina,2021,34,4.65393018722534
tuberculosis,gasto-educ-pib,ABW,Aruba,2021,5.6,3.61855755636695
tuberculosis,gasto-educ-pib,BHS,Bahamas,2021,14,3.04890655208507
tuberculosis,gasto-educ-pib,BRB,Barbados,2021,0.35,4.49793004989624
tuberculosis,gasto-educ-pib,BLZ,Belice,2021,35,5.96298980712891
tuberculosis,gasto-educ-pib,BMU,Bermudas,2021,3.1,1.94565325816336
tuberculosis,gasto-educ-pib,BRA,Brasil,2021,47,5.4969801902771
tuberculosis,gasto-educ-pib,CAN,Canadá,2021,5.4,4.74858999252319
tuberculosis,gasto-educ-pib,CHL,Chile,2021,17,5.00225019454956
tuberculosis,gasto-educ-pib,CRI,Costa Rica,2021,9.8,6.24842977523804
tuberculosis,gasto-educ-pib,CUB,Cuba,2021,5.4,9.3858620562531
tuberculosis,gasto-educ-pib,CUW,Curazao,2021,3.2,6.18160236726664
tuberculosis,gasto-educ-pib,DMA,Dominica,2021,0,5.71689183034862
tuberculosis,gasto-educ-pib,ECU,Ecuador,2021,41,3.65649008750915
tuberculosis,gasto-educ-pib,SLV,El Salvador,2021,39,3.57766008377075
tuberculosis,gasto-educ-pib,GRD,Granada,2021,1.7,4.09030334217367
tuberculosis,gasto-educ-pib,GTM,Guatemala,2021,20,3.09189009666443
tuberculosis,gasto-educ-pib,HTI,Haití,2021,209,1.24275181117048
tuberculosis,gasto-educ-pib,HND,Honduras,2021,38,5.88160201792279
tuberculosis,gasto-educ-pib,CYM,Islas Caimán,2021,2.9,1.31253004074097
tuberculosis,gasto-educ-pib,VGB,Islas Vírgenes Británicas,2021,1.2,3.0245532067775
tuberculosis,gasto-educ-pib,JAM,Jamaica,2021,2.7,5.63122987747192
tuberculosis,gasto-educ-pib,MEX,México,2021,27,4.23823976516724
tuberculosis,gasto-educ-pib,NIC,Nicaragua,2021,46,4.08717467298944
tuberculosis,gasto-educ-pib,PAN,Panamá,2021,43,3.71198010444641
tuberculosis,gasto-educ-pib,PRY,Paraguay,2021,57,3.41070008277893
tuberculosis,gasto-educ-pib,PER,Perú,2021,137,3.92765998840332
tuberculosis,gasto-educ-pib,PRI,Puerto Rico,2021,0.69,3.7296700261025
tuberculosis,gasto-educ-pib,DOM,República Dominicana,2021,47,3.58043271614957
tuberculosis,gasto-educ-pib,SUR,Surinam,2021,23,4.13154972947739
tuberculosis,gasto-educ-pib,URY,Uruguay,2021,34,4.46211004257202
tuberculosis,gasto-educ-pib,ARG,Argentina,2022,35,4.79263019561768
tuberculosis,gasto-educ-pib,BHS,Bahamas,2022,16,2.62367021406169
tuberculosis,gasto-educ-pib,BRB,Barbados,2022,1.8,4.14000988006592
tuberculosis,gasto-educ-pib,BLZ,Belice,2022,35,4.60415983200073
tuberculosis,gasto-educ-pib,BMU,Bermudas,2022,1.5,1.77583338857166
tuberculosis,gasto-educ-pib,BRA,Brasil,2022,49,5.61920976638794
tuberculosis,gasto-educ-pib,CAN,Canadá,2022,5.6,4.84426021575928
tuberculosis,gasto-educ-pib,CHL,Chile,2022,18,4.91201019287109
tuberculosis,gasto-educ-pib,CRI,Costa Rica,2022,9.8,5.5472297668457
tuberculosis,gasto-educ-pib,CUB,Cuba,2022,7.7,8.44086351669284
tuberculosis,gasto-educ-pib,CUW,Curazao,2022,2.7,6.08167033605813
tuberculosis,gasto-educ-pib,DMA,Dominica,2022,0,6.04314243406571
tuberculosis,gasto-educ-pib,ECU,Ecuador,2022,50,3.61301994323731
tuberculosis,gasto-educ-pib,SLV,El Salvador,2022,51,3.26848006248474
tuberculosis,gasto-educ-pib,GRD,Granada,2022,0.86,4.03767284869161
tuberculosis,gasto-educ-pib,GTM,Guatemala,2022,26,3.20787000656128
tuberculosis,gasto-educ-pib,HTI,Haití,2022,196,1.02689812206798
tuberculosis,gasto-educ-pib,HND,Honduras,2022,38,4.48280030802056
tuberculosis,gasto-educ-pib,CYM,Islas Caimán,2022,8.4,1.48894000053406
tuberculosis,gasto-educ-pib,VGB,Islas Vírgenes Británicas,2022,0.58,2.48401807300907
tuberculosis,gasto-educ-pib,JAM,Jamaica,2022,3.9,5.35435009002685
tuberculosis,gasto-educ-pib,MEX,México,2022,27,4.05987977981567
tuberculosis,gasto-educ-pib,NIC,Nicaragua,2022,45,3.80001496174069
tuberculosis,gasto-educ-pib,PAN,Panamá,2022,49,3.37781000137329
tuberculosis,gasto-educ-pib,PRY,Paraguay,2022,67,3.39619994163513
tuberculosis,gasto-educ-pib,PER,Perú,2022,149,3.83975005149841
tuberculosis,gasto-educ-pib,PRI,Puerto Rico,2022,0.86,3.86129930773508
tuberculosis,gasto-educ-pib,DOM,República Dominicana,2022,49,3.61088872070271
tuberculosis,gasto-educ-pib,SUR,Surinam,2022,32,3.43460841988051
tuberculosis,gasto-educ-pib,URY,Uruguay,2022,41,4.4795298576355
tuberculosis,gasto-educ-pib,ARG,Argentina,2023,39,5.00324010848999
tuberculosis,gasto-educ-pib,BHS,Bahamas,2023,8.8,2.74191570247934
tuberculosis,gasto-educ-pib,BRB,Barbados,2023,0.71,3.7754499912262
tuberculosis,gasto-educ-pib,BLZ,Belice,2023,34,4.23143005371094
tuberculosis,gasto-educ-pib,BMU,Bermudas,2023,3.1,1.86510440752276
tuberculosis,gasto-educ-pib,CRI,Costa Rica,2023,9.5,5.31208992004395
tuberculosis,gasto-educ-pib,CUW,Curazao,2023,2.8,5.30074159005788
tuberculosis,gasto-educ-pib,DMA,Dominica,2023,6,4.69423746286593
tuberculosis,gasto-educ-pib,ECU,Ecuador,2023,59,3.81964993476868
tuberculosis,gasto-educ-pib,SLV,El Salvador,2023,86,3.18734002113342
tuberculosis,gasto-educ-pib,GRD,Granada,2023,4.3,5.12544845968893
tuberculosis,gasto-educ-pib,GTM,Guatemala,2023,29,3.10877990722656
tuberculosis,gasto-educ-pib,HTI,Haití,2023,185,0.964648012977964
tuberculosis,gasto-educ-pib,HND,Honduras,2023,38,4.54962037172702
tuberculosis,gasto-educ-pib,CYM,Islas Caimán,2023,4.1,1.57024002075195
tuberculosis,gasto-educ-pib,VGB,Islas Vírgenes Británicas,2023,0,3.17283855528435
tuberculosis,gasto-educ-pib,JAM,Jamaica,2023,4.3,5.65453693979426
tuberculosis,gasto-educ-pib,NIC,Nicaragua,2023,44,2.86954998970032
tuberculosis,gasto-educ-pib,PAN,Panamá,2023,61,2.47225999832153
tuberculosis,gasto-educ-pib,PRY,Paraguay,2023,76,3.393709897995
tuberculosis,gasto-educ-pib,PER,Perú,2023,149,4.24538993835449
tuberculosis,gasto-educ-pib,PRI,Puerto Rico,2023,0.81,4.26898753959873
tuberculosis,gasto-educ-pib,DOM,República Dominicana,2023,50,3.7606477375256
tuberculosis,gasto-educ-pib,SUR,Surinam,2023,31,2.86623341491363
tuberculosis,gasto-educ-pib,URY,Uruguay,2023,45,4.76461982727051
tuberculosis,gasto-educ-pib,BRB,Barbados,2024,1,3.55593188106322
tuberculosis,gasto-educ-pib,BLZ,Belice,2024,34,4.62276317232973
tuberculosis,gasto-educ-pib,CUW,Curazao,2024,2.8,5.44313725490196
tuberculosis,gasto-educ-pib,DMA,Dominica,2024,4.5,5.38572189060925
tuberculosis,gasto-educ-pib,ECU,Ecuador,2024,66,3.69074988365173
tuberculosis,gasto-educ-pib,SLV,El Salvador,2024,116,3.31666994094849
tuberculosis,gasto-educ-pib,GTM,Guatemala,2024,28,3.07588005065918
tuberculosis,gasto-educ-pib,JAM,Jamaica,2024,2.3,5.51383018493652
tuberculosis,gasto-educ-pib,PRY,Paraguay,2024,81,3.53410005569458
tuberculosis,gasto-educ-pib,PER,Perú,2024,139,4.35778999328613
tuberculosis,gasto-educ-pib,PRI,Puerto Rico,2024,0.55,4.27101949674789
tuberculosis,gini,ARG,Argentina,2000,49,51
tuberculosis,gini,CAN,Canadá,2000,8,33.4
tuberculosis,gini,CHL,Chile,2000,33,52.8
tuberculosis,gini,COL,Colombia,2000,70,58.4
tuberculosis,gini,CRI,Costa Rica,2000,25,47.4
tuberculosis,gini,ECU,Ecuador,2000,124,56.3
tuberculosis,gini,SLV,El Salvador,2000,58,51.5
tuberculosis,gini,GTM,Guatemala,2000,28,54.2
tuberculosis,gini,MEX,México,2000,37,53.4
tuberculosis,gini,PAN,Panamá,2000,71,56.6
tuberculosis,gini,PER,Perú,2000,367,49.1
tuberculosis,gini,DOM,República Dominicana,2000,145,51.5
tuberculosis,gini,URY,Uruguay,2000,33,43.4
tuberculosis,gini,ARG,Argentina,2001,46,53.3
tuberculosis,gini,BRA,Brasil,2001,46,58.4
tuberculosis,gini,CAN,Canadá,2001,8,33.6
tuberculosis,gini,COL,Colombia,2001,64,57.3
tuberculosis,gini,CRI,Costa Rica,2001,26,51.5
tuberculosis,gini,SLV,El Salvador,2001,53,51.3
tuberculosis,gini,HTI,Haití,2001,576,59
tuberculosis,gini,HND,Honduras,2001,200,55.4
tuberculosis,gini,NIC,Nicaragua,2001,120,52.9
tuberculosis,gini,PAN,Panamá,2001,99,56.7
tuberculosis,gini,PRY,Paraguay,2001,96,54.6
tuberculosis,gini,PER,Perú,2001,327,51.3
tuberculosis,gini,DOM,República Dominicana,2001,124,50
tuberculosis,gini,URY,Uruguay,2001,34,45
tuberculosis,gini,ARG,Argentina,2002,45,53.8
tuberculosis,gini,BRA,Brasil,2002,50,58.1
tuberculosis,gini,CAN,Canadá,2002,7.3,33.6
tuberculosis,gini,COL,Colombia,2002,59,56
tuberculosis,gini,CRI,Costa Rica,2002,21,51.8
tuberculosis,gini,SLV,El Salvador,2002,52,51.9
tuberculosis,gini,HND,Honduras,2002,161,55.7
tuberculosis,gini,JAM,Jamaica,2002,8.9,48.3
tuberculosis,gini,MEX,México,2002,33,50.6
tuberculosis,gini,PAN,Panamá,2002,87,56.1
tuberculosis,gini,PRY,Paraguay,2002,91,57.3
tuberculosis,gini,PER,Perú,2002,295,53.6
tuberculosis,gini,DOM,República Dominicana,2002,100,49.7
tuberculosis,gini,URY,Uruguay,2002,26,45.5
tuberculosis,gini,ARG,Argentina,2003,41,51
tuberculosis,gini,BRA,Brasil,2003,51,57.6
tuberculosis,gini,CAN,Canadá,2003,6.9,33.8
tuberculosis,gini,CHL,Chile,2003,21,51.5
tuberculosis,gini,COL,Colombia,2003,56,53.6
tuberculosis,gini,CRI,Costa Rica,2003,21,49.3
tuberculosis,gini,ECU,Ecuador,2003,105,53.5
tuberculosis,gini,SLV,El Salvador,2003,43,50.4
tuberculosis,gini,HND,Honduras,2003,133,58.1
tuberculosis,gini,PAN,Panamá,2003,85,55.6
tuberculosis,gini,PRY,Paraguay,2003,92,54.9
tuberculosis,gini,PER,Perú,2003,245,53.1
tuberculosis,gini,DOM,República Dominicana,2003,113,52.1
tuberculosis,gini,URY,Uruguay,2003,31,45
tuberculosis,gini,ARG,Argentina,2004,42,48.5
tuberculosis,gini,BRA,Brasil,2004,52,56.5
tuberculosis,gini,CAN,Canadá,2004,6.4,33.8
tuberculosis,gini,COL,Colombia,2004,51,55
tuberculosis,gini,CRI,Costa Rica,2004,26,48.4
tuberculosis,gini,ECU,Ecuador,2004,93,53.9
tuberculosis,gini,SLV,El Salvador,2004,41,47.8
tuberculosis,gini,HND,Honduras,2004,108,58.1
tuberculosis,gini,JAM,Jamaica,2004,8.7,45.5
tuberculosis,gini,MEX,México,2004,26,50.3
tuberculosis,gini,PAN,Panamá,2004,86,54.8
tuberculosis,gini,PRY,Paraguay,2004,88,52.3
tuberculosis,gini,PER,Perú,2004,240,49.9
tuberculosis,gini,DOM,República Dominicana,2004,103,52.1
tuberculosis,gini,URY,Uruguay,2004,34,45.9
tuberculosis,gini,ARG,Argentina,2005,38,47.8
tuberculosis,gini,BRA,Brasil,2005,48,56.3
tuberculosis,gini,CAN,Canadá,2005,6.3,33.6
tuberculosis,gini,COL,Colombia,2005,44,53.9
tuberculosis,gini,CRI,Costa Rica,2005,19,47.5
tuberculosis,gini,ECU,Ecuador,2005,62,53.1
tuberculosis,gini,SLV,El Salvador,2005,50,48.5
tuberculosis,gini,HND,Honduras,2005,92,59.5
tuberculosis,gini,MEX,México,2005,31,50.9
tuberculosis,gini,NIC,Nicaragua,2005,77,48.8
tuberculosis,gini,PAN,Panamá,2005,79,53.8
tuberculosis,gini,PRY,Paraguay,2005,77,51.4
tuberculosis,gini,PER,Perú,2005,228,50.4
tuberculosis,gini,DOM,República Dominicana,2005,108,50
tuberculosis,gini,URY,Uruguay,2005,28,44.7
tuberculosis,gini,ARG,Argentina,2006,34,46.4
tuberculosis,gini,BRA,Brasil,2006,44,55.6
tuberculosis,gini,CAN,Canadá,2006,6,34.1
tuberculosis,gini,CHL,Chile,2006,21,47.7
tuberculosis,gini,CRI,Costa Rica,2006,17,49.3
tuberculosis,gini,ECU,Ecuador,2006,60,52.3
tuberculosis,gini,SLV,El Salvador,2006,44,45.7
tuberculosis,gini,GTM,Guatemala,2006,31,54.5
tuberculosis,gini,HND,Honduras,2006,84,57.5
tuberculosis,gini,MEX,México,2006,29,49.7
tuberculosis,gini,PAN,Panamá,2006,76,54.6
tuberculosis,gini,PRY,Paraguay,2006,82,53
tuberculosis,gini,PER,Perú,2006,218,50.3
tuberculosis,gini,DOM,República Dominicana,2006,92,52
tuberculosis,gini,URY,Uruguay,2006,25,45.9
tuberculosis,gini,ARG,Argentina,2007,35,46.3
tuberculosis,gini,BRA,Brasil,2007,44,54.9
tuberculosis,gini,CAN,Canadá,2007,5.8,33.8
tuberculosis,gini,CRI,Costa Rica,2007,18,49.3
tuberculosis,gini,ECU,Ecuador,2007,60,53.4
tuberculosis,gini,SLV,El Salvador,2007,43,45.2
tuberculosis,gini,HND,Honduras,2007,69,55.8
tuberculosis,gini,PAN,Panamá,2007,72,52.7
tuberculosis,gini,PRY,Paraguay,2007,72,53
tuberculosis,gini,PER,Perú,2007,194,50
tuberculosis,gini,DOM,República Dominicana,2007,78,48.9
tuberculosis,gini,URY,Uruguay,2007,26,46.4
tuberculosis,gini,ARG,Argentina,2008,31,45
tuberculosis,gini,BRA,Brasil,2008,44,54
tuberculosis,gini,CAN,Canadá,2008,5.9,33.9
tuberculosis,gini,COL,Colombia,2008,43,55
tuberculosis,gini,CRI,Costa Rica,2008,16,48.6
tuberculosis,gini,ECU,Ecuador,2008,56,49.8
tuberculosis,gini,SLV,El Salvador,2008,43,46.9
tuberculosis,gini,HND,Honduras,2008,67,55.5
tuberculosis,gini,MEX,México,2008,28,50.8
tuberculosis,gini,PAN,Panamá,2008,71,52.7
tuberculosis,gini,PRY,Paraguay,2008,67,50.7
tuberculosis,gini,PER,Perú,2008,182,47.5
tuberculosis,gini,DOM,República Dominicana,2008,75,48.1
tuberculosis,gini,URY,Uruguay,2008,29,45.1
tuberculosis,gini,ARG,Argentina,2009,25,43.8
tuberculosis,gini,BRA,Brasil,2009,43,53.7
tuberculosis,gini,CAN,Canadá,2009,5.7,34
tuberculosis,gini,CHL,Chile,2009,19,47.4
tuberculosis,gini,COL,Colombia,2009,41,54.1
tuberculosis,gini,CRI,Costa Rica,2009,14,50.6
tuberculosis,gini,ECU,Ecuador,2009,51,48.5
tuberculosis,gini,SLV,El Salvador,2009,40,45.8
tuberculosis,gini,HND,Honduras,2009,66,51.3
tuberculosis,gini,NIC,Nicaragua,2009,69,43.9
tuberculosis,gini,PAN,Panamá,2009,64,51.8
tuberculosis,gini,PRY,Paraguay,2009,67,49.1
tuberculosis,gini,PER,Perú,2009,171,47
tuberculosis,gini,DOM,República Dominicana,2009,70,48.9
tuberculosis,gini,URY,Uruguay,2009,29,45.5
tuberculosis,gini,ARG,Argentina,2010,24,43.7
tuberculosis,gini,CAN,Canadá,2010,4.9,33.6
tuberculosis,gini,COL,Colombia,2010,40,54.4
tuberculosis,gini,CRI,Costa Rica,2010,15,48
tuberculosis,gini,ECU,Ecuador,2010,49,48.8
tuberculosis,gini,SLV,El Salvador,2010,39,43.5
tuberculosis,gini,HND,Honduras,2010,62,53.1
tuberculosis,gini,MEX,México,2010,28,47.7
tuberculosis,gini,PAN,Panamá,2010,62,51.6
tuberculosis,gini,PRY,Paraguay,2010,62,51
tuberculosis,gini,PER,Perú,2010,159,45.5
tuberculosis,gini,DOM,República Dominicana,2010,61,47.3
tuberculosis,gini,URY,Uruguay,2010,28,44.5
tuberculosis,gini,ARG,Argentina,2011,31,42.7
tuberculosis,gini,BRA,Brasil,2011,42,52.9
tuberculosis,gini,CAN,Canadá,2011,5,32.7
tuberculosis,gini,CHL,Chile,2011,19,46.9
tuberculosis,gini,COL,Colombia,2011,40,53.3
tuberculosis,gini,CRI,Costa Rica,2011,15,48.8
tuberculosis,gini,ECU,Ecuador,2011,50,45.9
tuberculosis,gini,SLV,El Salvador,2011,43,42.3
tuberculosis,gini,HND,Honduras,2011,66,52.6
tuberculosis,gini,PAN,Panamá,2011,64,51.3
tuberculosis,gini,PRY,Paraguay,2011,62,52.3
tuberculosis,gini,PER,Perú,2011,155,44.7
tuberculosis,gini,DOM,República Dominicana,2011,64,47.7
tuberculosis,gini,URY,Uruguay,2011,32,42.2
tuberculosis,gini,ARG,Argentina,2012,27,41.4
tuberculosis,gini,BRA,Brasil,2012,42,53.4
tuberculosis,gini,CAN,Canadá,2012,5.6,33.5
tuberculosis,gini,COL,Colombia,2012,39,53.6
tuberculosis,gini,CRI,Costa Rica,2012,14,48.4
tuberculosis,gini,ECU,Ecuador,2012,51,46.1
tuberculosis,gini,SLV,El Salvador,2012,46,41.8
tuberculosis,gini,HTI,Haití,2012,372,41.1
tuberculosis,gini,HND,Honduras,2012,59,53.4
tuberculosis,gini,MEX,México,2012,26,49.6
tuberculosis,gini,PAN,Panamá,2012,58,51.7
tuberculosis,gini,PRY,Paraguay,2012,62,47.6
tuberculosis,gini,PER,Perú,2012,143,44.4
tuberculosis,gini,DOM,República Dominicana,2012,61,46.1
tuberculosis,gini,URY,Uruguay,2012,31,39.9
tuberculosis,gini,ARG,Argentina,2013,27,41.1
tuberculosis,gini,BRA,Brasil,2013,42,52.7
tuberculosis,gini,CAN,Canadá,2013,5.4,33.8
tuberculosis,gini,CHL,Chile,2013,18,46.8
tuberculosis,gini,COL,Colombia,2013,36,53.5
tuberculosis,gini,CRI,Costa Rica,2013,12,49.2
tuberculosis,gini,ECU,Ecuador,2013,47,46.9
tuberculosis,gini,SLV,El Salvador,2013,48,43.4
tuberculosis,gini,HND,Honduras,2013,55,50
tuberculosis,gini,PAN,Panamá,2013,54,51.5
tuberculosis,gini,PRY,Paraguay,2013,56,47.9
tuberculosis,gini,PER,Perú,2013,139,43.9
tuberculosis,gini,DOM,República Dominicana,2013,62,47.7
tuberculosis,gini,URY,Uruguay,2013,34,40.5
tuberculosis,gini,ARG,Argentina,2014,27,41.8
tuberculosis,gini,BRA,Brasil,2014,41,52.1
tuberculosis,gini,CAN,Canadá,2014,5,33.2
tuberculosis,gini,COL,Colombia,2014,34,53.6
tuberculosis,gini,CRI,Costa Rica,2014,13,48.6
tuberculosis,gini,ECU,Ecuador,2014,44,45
tuberculosis,gini,SLV,El Salvador,2014,48,41.6
tuberculosis,gini,GTM,Guatemala,2014,23,48.3
tuberculosis,gini,HND,Honduras,2014,49,49.9
tuberculosis,gini,MEX,México,2014,25,48.9
tuberculosis,gini,NIC,Nicaragua,2014,65,46.2
tuberculosis,gini,PAN,Panamá,2014,52,50.5
tuberculosis,gini,PRY,Paraguay,2014,54,50.7
tuberculosis,gini,PER,Perú,2014,136,43.1
tuberculosis,gini,DOM,República Dominicana,2014,60,44.3
tuberculosis,gini,URY,Uruguay,2014,33,40.1
tuberculosis,gini,BRA,Brasil,2015,41,51.9
tuberculosis,gini,CAN,Canadá,2015,5.1,33.7
tuberculosis,gini,CHL,Chile,2015,18,45.3
tuberculosis,gini,COL,Colombia,2015,33,52
tuberculosis,gini,CRI,Costa Rica,2015,12,48.4
tuberculosis,gini,ECU,Ecuador,2015,42,46
tuberculosis,gini,SLV,El Salvador,2015,53,40.6
tuberculosis,gini,HND,Honduras,2015,49,49.2
tuberculosis,gini,PAN,Panamá,2015,58,50.8
tuberculosis,gini,PRY,Paraguay,2015,55,47.6
tuberculosis,gini,PER,Perú,2015,131,43.4
tuberculosis,gini,DOM,República Dominicana,2015,59,45.2
tuberculosis,gini,URY,Uruguay,2015,33,40.1
tuberculosis,gini,ARG,Argentina,2016,30,42.3
tuberculosis,gini,BRB,Barbados,2016,1.1,34.1
tuberculosis,gini,BRA,Brasil,2016,41,53.4
tuberculosis,gini,CAN,Canadá,2016,5.3,32.7
tuberculosis,gini,COL,Colombia,2016,34,51.7
tuberculosis,gini,CRI,Costa Rica,2016,9.6,48.7
tuberculosis,gini,ECU,Ecuador,2016,42,45
tuberculosis,gini,SLV,El Salvador,2016,65,40
tuberculosis,gini,HND,Honduras,2016,48,49.8
tuberculosis,gini,MEX,México,2016,25,46.9
tuberculosis,gini,PAN,Panamá,2016,61,50.4
tuberculosis,gini,PRY,Paraguay,2016,55,47.9
tuberculosis,gini,PER,Perú,2016,129,43.6
tuberculosis,gini,DOM,República Dominicana,2016,55,45.7
tuberculosis,gini,URY,Uruguay,2016,32,39.7
tuberculosis,gini,ARG,Argentina,2017,29,41.4
tuberculosis,gini,BRA,Brasil,2017,43,53.3
tuberculosis,gini,CAN,Canadá,2017,5.4,33.3
tuberculosis,gini,CHL,Chile,2017,18,45.3
tuberculosis,gini,COL,Colombia,2017,34,50.9
tuberculosis,gini,CRI,Costa Rica,2017,9.6,48.3
tuberculosis,gini,ECU,Ecuador,2017,44,44.7
tuberculosis,gini,SLV,El Salvador,2017,77,38
tuberculosis,gini,HND,Honduras,2017,46,49.4
tuberculosis,gini,PAN,Panamá,2017,61,49.9
tuberculosis,gini,PRY,Paraguay,2017,57,48.5
tuberculosis,gini,PER,Perú,2017,128,43.3
tuberculosis,gini,DOM,República Dominicana,2017,50,42.2
tuberculosis,gini,URY,Uruguay,2017,34,39.5
tuberculosis,gini,ARG,Argentina,2018,30,41.7
tuberculosis,gini,BLZ,Belice,2018,39,39.9
tuberculosis,gini,BRA,Brasil,2018,45,53.9
tuberculosis,gini,CAN,Canadá,2018,5.3,32.5
tuberculosis,gini,COL,Colombia,2018,34,51.6
tuberculosis,gini,CRI,Costa Rica,2018,10,48
tuberculosis,gini,ECU,Ecuador,2018,45,45.4
tuberculosis,gini,SLV,El Salvador,2018,76,38.6
tuberculosis,gini,GRD,Granada,2018,1.7,43.8
tuberculosis,gini,HND,Honduras,2018,45,48.9
tuberculosis,gini,JAM,Jamaica,2018,3.9,35.3
tuberculosis,gini,MEX,México,2018,26,46
tuberculosis,gini,PAN,Panamá,2018,54,49.2
tuberculosis,gini,PRY,Paraguay,2018,56,46
tuberculosis,gini,PER,Perú,2018,132,42.4
tuberculosis,gini,DOM,República Dominicana,2018,49,43.7
tuberculosis,gini,URY,Uruguay,2018,36,39.7
tuberculosis,gini,ARG,Argentina,2019,33,43.3
tuberculosis,gini,BRA,Brasil,2019,45,53.5
tuberculosis,gini,CAN,Canadá,2019,5.6,31.8
tuberculosis,gini,COL,Colombia,2019,36,52.5
tuberculosis,gini,CRI,Costa Rica,2019,9.9,48.2
tuberculosis,gini,ECU,Ecuador,2019,46,45.7
tuberculosis,gini,SLV,El Salvador,2019,63,38.8
tuberculosis,gini,HND,Honduras,2019,38,48.2
tuberculosis,gini,PAN,Panamá,2019,39,49.8
tuberculosis,gini,PRY,Paraguay,2019,60,45.7
tuberculosis,gini,PER,Perú,2019,131,41.5
tuberculosis,gini,DOM,República Dominicana,2019,45,41.9
tuberculosis,gini,URY,Uruguay,2019,38,39.7
tuberculosis,gini,ARG,Argentina,2020,27,42.7
tuberculosis,gini,BRA,Brasil,2020,45,48.8
tuberculosis,gini,CAN,Canadá,2020,5.1,29.9
tuberculosis,gini,CHL,Chile,2020,15,47
tuberculosis,gini,COL,Colombia,2020,39,54.4
tuberculosis,gini,CRI,Costa Rica,2020,9.7,49.2
tuberculosis,gini,ECU,Ecuador,2020,38,47.3
tuberculosis,gini,MEX,México,2020,26,44.6
tuberculosis,gini,PRY,Paraguay,2020,50,43.5
tuberculosis,gini,PER,Perú,2020,128,43.7
tuberculosis,gini,DOM,República Dominicana,2020,46,39.6
tuberculosis,gini,URY,Uruguay,2020,35,40.2
tuberculosis,gini,ARG,Argentina,2021,34,42.4
tuberculosis,gini,BRA,Brasil,2021,47,52.9
tuberculosis,gini,CAN,Canadá,2021,5.4,31.1
tuberculosis,gini,COL,Colombia,2021,41,55.1
tuberculosis,gini,CRI,Costa Rica,2021,9.8,48.7
tuberculosis,gini,ECU,Ecuador,2021,41,45.8
tuberculosis,gini,SLV,El Salvador,2021,39,39
tuberculosis,gini,JAM,Jamaica,2021,2.7,39.9
tuberculosis,gini,PAN,Panamá,2021,43,50.9
tuberculosis,gini,PRY,Paraguay,2021,57,42.9
tuberculosis,gini,PER,Perú,2021,137,40.1
tuberculosis,gini,DOM,República Dominicana,2021,47,38.5
tuberculosis,gini,URY,Uruguay,2021,34,40.8
tuberculosis,gini,ARG,Argentina,2022,35,40.7
tuberculosis,gini,BRA,Brasil,2022,49,51.9
tuberculosis,gini,CAN,Canadá,2022,5.6,31.5
tuberculosis,gini,CHL,Chile,2022,18,43.2
tuberculosis,gini,COL,Colombia,2022,44,54.8
tuberculosis,gini,CRI,Costa Rica,2022,9.8,47.2
tuberculosis,gini,ECU,Ecuador,2022,50,45.5
tuberculosis,gini,SLV,El Salvador,2022,51,38.8
tuberculosis,gini,MEX,México,2022,27,43.5
tuberculosis,gini,PRY,Paraguay,2022,67,44.6
tuberculosis,gini,PER,Perú,2022,149,40.3
tuberculosis,gini,DOM,República Dominicana,2022,49,37
tuberculosis,gini,SUR,Surinam,2022,32,39.2
tuberculosis,gini,URY,Uruguay,2022,41,40.6
tuberculosis,gini,ARG,Argentina,2023,39,42.4
tuberculosis,gini,BRA,Brasil,2023,49,51.5
tuberculosis,gini,COL,Colombia,2023,46,54.6
tuberculosis,gini,CRI,Costa Rica,2023,9.5,46.7
tuberculosis,gini,ECU,Ecuador,2023,59,44.6
tuberculosis,gini,SLV,El Salvador,2023,86,39.8
tuberculosis,gini,GTM,Guatemala,2023,29,45.2
tuberculosis,gini,HND,Honduras,2023,38,46.8
tuberculosis,gini,PAN,Panamá,2023,61,48.9
tuberculosis,gini,PRY,Paraguay,2023,76,44.2
tuberculosis,gini,PER,Perú,2023,149,40.7
tuberculosis,gini,DOM,República Dominicana,2023,50,38.4
tuberculosis,gini,URY,Uruguay,2023,45,40.9
tuberculosis,gini,ARG,Argentina,2024,44,42.4
tuberculosis,gini,BRA,Brasil,2024,49,50.3
tuberculosis,gini,CHL,Chile,2024,19,43
tuberculosis,gini,COL,Colombia,2024,49,54.4
tuberculosis,gini,CRI,Costa Rica,2024,9.3,45.8
tuberculosis,gini,ECU,Ecuador,2024,66,45.2
tuberculosis,gini,HND,Honduras,2024,38,45.7
tuberculosis,gini,MEX,México,2024,28,42.6
tuberculosis,gini,PAN,Panamá,2024,63,49.7
tuberculosis,gini,PRY,Paraguay,2024,81,44.2
tuberculosis,gini,PER,Perú,2024,139,40.1
tuberculosis,gini,DOM,República Dominicana,2024,51,39
tuberculosis,gini,URY,Uruguay,2024,47,40
tuberculosis,uso-internet,ARG,Argentina,2000,49,7.0386830862178
tuberculosis,uso-internet,ABW,Aruba,2000,6.2,15.4428229480349
tuberculosis,uso-internet,BHS,Bahamas,2000,57,8
tuberculosis,uso-internet,BRB,Barbados,2000,1.1,3.97367835457927
tuberculosis,uso-internet,BLZ,Belice,2000,113,5.96383530272428
tuberculosis,uso-internet,BMU,Bermudas,2000,0,42.9498600152711
tuberculosis,uso-internet,BRA,Brasil,2000,49,2.87068515854108
tuberculosis,uso-internet,CAN,Canadá,2000,8,51.3
tuberculosis,uso-internet,CHL,Chile,2000,33,16.6
tuberculosis,uso-internet,COL,Colombia,2000,70,2.207532992624
tuberculosis,uso-internet,CRI,Costa Rica,2000,25,5.80025302331829
tuberculosis,uso-internet,CUB,Cuba,2000,23,0.541182548811058
tuberculosis,uso-internet,DMA,Dominica,2000,4.4,8.81484419762881
tuberculosis,uso-internet,ECU,Ecuador,2000,124,1.46218853556457
tuberculosis,uso-internet,SLV,El Salvador,2000,58,1.17739726914477
tuberculosis,uso-internet,GRD,Granada,2000,0,4.06390799146313
tuberculosis,uso-internet,GRL,Groenlandia,2000,192,31.7478112321162
tuberculosis,uso-internet,GTM,Guatemala,2000,28,0.712332904508925
tuberculosis,uso-internet,GUY,Guyana,2000,148,0.6
tuberculosis,uso-internet,HTI,Haití,2000,576,0.231270714628821
tuberculosis,uso-internet,HND,Honduras,2000,280,1.20385599891878
tuberculosis,uso-internet,JAM,Jamaica,2000,12,3.11577802729967
tuberculosis,uso-internet,MEX,México,2000,37,5.08138415338066
tuberculosis,uso-internet,NIC,Nicaragua,2000,125,0.980216486692385
tuberculosis,uso-internet,PAN,Panamá,2000,71,6.55479647729549
tuberculosis,uso-internet,PRY,Paraguay,2000,98,0.747630711548184
tuberculosis,uso-internet,PER,Perú,2000,367,3.07643061137675
tuberculosis,uso-internet,PRI,Puerto Rico,2000,9.8,10.4746482089399
tuberculosis,uso-internet,DOM,República Dominicana,2000,145,3.70469235587688
tuberculosis,uso-internet,SUR,Surinam,2000,50,2.50641105226881
tuberculosis,uso-internet,URY,Uruguay,2000,33,10.5390577480141
tuberculosis,uso-internet,ARG,Argentina,2001,46,9.78080728532407
tuberculosis,uso-internet,ABW,Aruba,2001,6.5,17.1
tuberculosis,uso-internet,BHS,Bahamas,2001,39,11.8
tuberculosis,uso-internet,BRB,Barbados,2001,2.3,11.9364503383984
tuberculosis,uso-internet,BMU,Bermudas,2001,0,47.5096998970623
tuberculosis,uso-internet,BRA,Brasil,2001,46,4.52849486902851
tuberculosis,uso-internet,CAN,Canadá,2001,8,60.2
tuberculosis,uso-internet,CHL,Chile,2001,31,19.1
tuberculosis,uso-internet,COL,Colombia,2001,64,2.85419997133433
tuberculosis,uso-internet,CRI,Costa Rica,2001,26,9.55948213497093
tuberculosis,uso-internet,CUB,Cuba,2001,16,1.07975172188907
tuberculosis,uso-internet,DMA,Dominica,2001,5.4,13.2452280386761
tuberculosis,uso-internet,ECU,Ecuador,2001,103,2.67044367376705
tuberculosis,uso-internet,SLV,El Salvador,2001,53,1.5
tuberculosis,uso-internet,GRD,Granada,2001,0.69,5.12810398216998
tuberculosis,uso-internet,GRL,Groenlandia,2001,194,35.4641368915684
tuberculosis,uso-internet,GTM,Guatemala,2001,23,1.7382017815873
tuberculosis,uso-internet,GUY,Guyana,2001,134,1
tuberculosis,uso-internet,HTI,Haití,2001,576,0.340832326173809
tuberculosis,uso-internet,HND,Honduras,2001,200,1.41528193123711
tuberculosis,uso-internet,JAM,Jamaica,2001,11,3.8630203874764
tuberculosis,uso-internet,MEX,México,2001,36,7.0380231165045
tuberculosis,uso-internet,NIC,Nicaragua,2001,120,1.44879942820716
tuberculosis,uso-internet,PAN,Panamá,2001,99,7.26839987788729
tuberculosis,uso-internet,PRY,Paraguay,2001,96,1.09879383569333
tuberculosis,uso-internet,PER,Perú,2001,327,7.57876295717419
tuberculosis,uso-internet,PRI,Puerto Rico,2001,6.4,15.6300309162012
tuberculosis,uso-internet,DOM,República Dominicana,2001,124,4.42939069666645
tuberculosis,uso-internet,SUR,Surinam,2001,38,3.06444838873752
tuberculosis,uso-internet,URY,Uruguay,2001,34,11.1214376832783
tuberculosis,uso-internet,ARG,Argentina,2002,45,10.8821243775325
tuberculosis,uso-internet,ABW,Aruba,2002,6.8,18.8
tuberculosis,uso-internet,BHS,Bahamas,2002,25,18
tuberculosis,uso-internet,BRB,Barbados,2002,1.9,27.836322424146
tuberculosis,uso-internet,BLZ,Belice,2002,119,5.68425121358763
tuberculosis,uso-internet,BMU,Bermudas,2002,0,52.0315973700393
tuberculosis,uso-internet,BRA,Brasil,2002,50,9.14942508560748
tuberculosis,uso-internet,CAN,Canadá,2002,7.3,61.5932992681952
tuberculosis,uso-internet,CHL,Chile,2002,24,22.1
tuberculosis,uso-internet,COL,Colombia,2002,59,4.6
tuberculosis,uso-internet,CRI,Costa Rica,2002,21,19.8948511346293
tuberculosis,uso-internet,CUB,Cuba,2002,15,3.77058503769014
tuberculosis,uso-internet,DMA,Dominica,2002,2.9,18.4248927671241
tuberculosis,uso-internet,ECU,Ecuador,2002,95,4.26079691519764
tuberculosis,uso-internet,SLV,El Salvador,2002,52,1.9
tuberculosis,uso-internet,GRD,Granada,2002,0.92,14.7588405454867
tuberculosis,uso-internet,GRL,Groenlandia,2002,196,44.154789028418
tuberculosis,uso-internet,GTM,Guatemala,2002,27,3.39174627024502
tuberculosis,uso-internet,GUY,Guyana,2002,173,1.5
tuberculosis,uso-internet,HTI,Haití,2002,571,0.893432988337908
tuberculosis,uso-internet,HND,Honduras,2002,161,2.5974025974026
tuberculosis,uso-internet,VGB,Islas Vírgenes Británicas,2002,4.7,18.8857412653447
tuberculosis,uso-internet,JAM,Jamaica,2002,8.9,6.1
tuberculosis,uso-internet,MEX,México,2002,33,11.9
tuberculosis,uso-internet,NIC,Nicaragua,2002,98,1.71472958428668
tuberculosis,uso-internet,PAN,Panamá,2002,87,8.51807781515595
tuberculosis,uso-internet,PRY,Paraguay,2002,91,1.79496959770244
tuberculosis,uso-internet,PER,Perú,2002,295,8.96694917040028
tuberculosis,uso-internet,PRI,Puerto Rico,2002,6.5,17.5476475654777
tuberculosis,uso-internet,DOM,República Dominicana,2002,100,6.8237257325842
tuberculosis,uso-internet,SUR,Surinam,2002,44,4.1615687449541
tuberculosis,uso-internet,URY,Uruguay,2002,26,11.4194701966853
tuberculosis,uso-internet,ARG,Argentina,2003,41,11.9136965509954
tuberculosis,uso-internet,ABW,Aruba,2003,7.1,20.8
tuberculosis,uso-internet,BHS,Bahamas,2003,19,20
tuberculosis,uso-internet,BRB,Barbados,2003,3.3,39.6896271159532
tuberculosis,uso-internet,BMU,Bermudas,2003,4.7,56.5220121836337
tuberculosis,uso-internet,BRA,Brasil,2003,51,13.2075861035303
tuberculosis,uso-internet,CAN,Canadá,2003,6.9,64.2
tuberculosis,uso-internet,CHL,Chile,2003,21,25.4737788864723
tuberculosis,uso-internet,COL,Colombia,2003,56,7.38892371052557
tuberculosis,uso-internet,CRI,Costa Rica,2003,21,20.3336148143541
tuberculosis,uso-internet,CUB,Cuba,2003,13,5.2412690536929
tuberculosis,uso-internet,DMA,Dominica,2003,7.6,23.6204198529629
tuberculosis,uso-internet,ECU,Ecuador,2003,105,4.46022834472698
tuberculosis,uso-internet,SLV,El Salvador,2003,43,2.5
tuberculosis,uso-internet,GRD,Granada,2003,1.8,18.6451821830564
tuberculosis,uso-internet,GRL,Groenlandia,2003,198,54.5342598293605
tuberculosis,uso-internet,GTM,Guatemala,2003,24,4.54885490848324
tuberculosis,uso-internet,GUY,Guyana,2003,171,2.4
tuberculosis,uso-internet,HTI,Haití,2003,562,1.64735834557778
tuberculosis,uso-internet,HND,Honduras,2003,133,4.8
tuberculosis,uso-internet,JAM,Jamaica,2003,9.5,7.8
tuberculosis,uso-internet,MEX,México,2003,34,12.9
tuberculosis,uso-internet,NIC,Nicaragua,2003,102,1.88041253242301
tuberculosis,uso-internet,PAN,Panamá,2003,85,9.98742407723405
tuberculosis,uso-internet,PRY,Paraguay,2003,92,2.11194208210034
tuberculosis,uso-internet,PER,Perú,2003,245,11.6
tuberculosis,uso-internet,PRI,Puerto Rico,2003,5.6,19.7070256578252
tuberculosis,uso-internet,DOM,República Dominicana,2003,113,7.89839293716387
tuberculosis,uso-internet,SUR,Surinam,2003,44,4.71987539528956
tuberculosis,uso-internet,URY,Uruguay,2003,31,15.9371367159756
tuberculosis,uso-internet,ARG,Argentina,2004,42,16.0366841054923
tuberculosis,uso-internet,ABW,Aruba,2004,7.3,23
tuberculosis,uso-internet,BHS,Bahamas,2004,25,22
tuberculosis,uso-internet,BRB,Barbados,2004,7.1,49.8
tuberculosis,uso-internet,BLZ,Belice,2004,61,9.8
tuberculosis,uso-internet,BMU,Bermudas,2004,9.6,60.9908670086326
tuberculosis,uso-internet,BRA,Brasil,2004,52,19.073672274442
tuberculosis,uso-internet,CAN,Canadá,2004,6.4,65.9559634648989
tuberculosis,uso-internet,CHL,Chile,2004,24,28.1779101232438
tuberculosis,uso-internet,COL,Colombia,2004,51,9.1186903029666
tuberculosis,uso-internet,CRI,Costa Rica,2004,26,20.7923067055542
tuberculosis,uso-internet,CUB,Cuba,2004,11,8.40798475900703
tuberculosis,uso-internet,DMA,Dominica,2004,8.7,30.3196130921568
tuberculosis,uso-internet,ECU,Ecuador,2004,93,4.83444263759525
tuberculosis,uso-internet,SLV,El Salvador,2004,41,3.2
tuberculosis,uso-internet,GRD,Granada,2004,1.8,19.570620584378698
tuberculosis,uso-internet,GRL,Groenlandia,2004,200,56.0990147610533
tuberculosis,uso-internet,GTM,Guatemala,2004,29,5.1
tuberculosis,uso-internet,GUY,Guyana,2004,152,3.7
tuberculosis,uso-internet,HTI,Haití,2004,549,5.401261907622
tuberculosis,uso-internet,HND,Honduras,2004,108,5.6
tuberculosis,uso-internet,JAM,Jamaica,2004,8.7,10
tuberculosis,uso-internet,MEX,México,2004,26,14.1
tuberculosis,uso-internet,NIC,Nicaragua,2004,94,2.32066460863941
tuberculosis,uso-internet,PAN,Panamá,2004,86,11.1408625409415
tuberculosis,uso-internet,PRY,Paraguay,2004,88,3.45243843137079
tuberculosis,uso-internet,PER,Perú,2004,240,14.1
tuberculosis,uso-internet,PRI,Puerto Rico,2004,5.7,22.1307382347014
tuberculosis,uso-internet,DOM,República Dominicana,2004,103,8.8655534607044
tuberculosis,uso-internet,SUR,Surinam,2004,38,6.0760478144456
tuberculosis,uso-internet,URY,Uruguay,2004,34,17.0630983403661
tuberculosis,uso-internet,ARG,Argentina,2005,38,17.7205833696065
tuberculosis,uso-internet,ABW,Aruba,2005,7.6,25.4
tuberculosis,uso-internet,BHS,Bahamas,2005,21,25
tuberculosis,uso-internet,BRB,Barbados,2005,3.5,52.5
tuberculosis,uso-internet,BLZ,Belice,2005,70,17
tuberculosis,uso-internet,BMU,Bermudas,2005,6.9,65.4470657898838
tuberculosis,uso-internet,BRA,Brasil,2005,48,21.022747248827
tuberculosis,uso-internet,CAN,Canadá,2005,6.3,71.66
tuberculosis,uso-internet,CHL,Chile,2005,22,31.1753006
tuberculosis,uso-internet,COL,Colombia,2005,44,11.0072638904585
tuberculosis,uso-internet,CRI,Costa Rica,2005,19,22.07
tuberculosis,uso-internet,CUB,Cuba,2005,10,9.73806220781346
tuberculosis,uso-internet,DMA,Dominica,2005,9.7,38.54359818
tuberculosis,uso-internet,ECU,Ecuador,2005,62,5.994299889
tuberculosis,uso-internet,SLV,El Salvador,2005,50,4.199999809
tuberculosis,uso-internet,GRD,Granada,2005,1.9,20.4878006
tuberculosis,uso-internet,GRL,Groenlandia,2005,202,57.7034045008656
tuberculosis,uso-internet,GTM,Guatemala,2005,33,5.699999809
tuberculosis,uso-internet,GUY,Guyana,2005,151,5.699999809
tuberculosis,uso-internet,HTI,Haití,2005,532,6.376200199
tuberculosis,uso-internet,HND,Honduras,2005,92,6.5
tuberculosis,uso-internet,CYM,Islas Caimán,2005,0.97,38.0343830823064
tuberculosis,uso-internet,JAM,Jamaica,2005,6.4,12.80000019
tuberculosis,uso-internet,MEX,México,2005,31,17.20999908
tuberculosis,uso-internet,NIC,Nicaragua,2005,77,2.566400051
tuberculosis,uso-internet,PAN,Panamá,2005,79,11.48400021
tuberculosis,uso-internet,PRY,Paraguay,2005,77,7.90700786141285
tuberculosis,uso-internet,PER,Perú,2005,228,17.10000038
tuberculosis,uso-internet,PRI,Puerto Rico,2005,5,23.4000504486583
tuberculosis,uso-internet,DOM,República Dominicana,2005,108,11.4831977789344
tuberculosis,uso-internet,SUR,Surinam,2005,42,6.40308628759062
tuberculosis,uso-internet,URY,Uruguay,2005,28,20.0881895579305
tuberculosis,uso-internet,ARG,Argentina,2006,34,20.9272021035896
tuberculosis,uso-internet,ABW,Aruba,2006,7.9,28
tuberculosis,uso-internet,BHS,Bahamas,2006,25,26
tuberculosis,uso-internet,BRB,Barbados,2006,1.9,55.29999924
tuberculosis,uso-internet,BLZ,Belice,2006,55,24
tuberculosis,uso-internet,BMU,Bermudas,2006,4.8,69.8996551617012
tuberculosis,uso-internet,BRA,Brasil,2006,44,28.17840004
tuberculosis,uso-internet,CAN,Canadá,2006,6,72.40000153
tuberculosis,uso-internet,CHL,Chile,2006,21,34.4977511736017
tuberculosis,uso-internet,COL,Colombia,2006,45,15.3416745365682
tuberculosis,uso-internet,CRI,Costa Rica,2006,17,25.10000038
tuberculosis,uso-internet,CUB,Cuba,2006,10,11.1596013147617
tuberculosis,uso-internet,DMA,Dominica,2006,28,39.39820099
tuberculosis,uso-internet,ECU,Ecuador,2006,60,7.199999809
tuberculosis,uso-internet,SLV,El Salvador,2006,44,5.5
tuberculosis,uso-internet,GRD,Granada,2006,0.91,21.39599991
tuberculosis,uso-internet,GRL,Groenlandia,2006,204,59.361687268664
tuberculosis,uso-internet,GTM,Guatemala,2006,31,6.5
tuberculosis,uso-internet,GUY,Guyana,2006,163,8.899999619
tuberculosis,uso-internet,HTI,Haití,2006,514,6.796000004
tuberculosis,uso-internet,HND,Honduras,2006,84,7.800000191
tuberculosis,uso-internet,CYM,Islas Caimán,2006,0,44.5
tuberculosis,uso-internet,JAM,Jamaica,2006,6.4,16.39999962
tuberculosis,uso-internet,MEX,México,2006,29,19.52000046
tuberculosis,uso-internet,NIC,Nicaragua,2006,75,2.8055730627337
tuberculosis,uso-internet,PAN,Panamá,2006,76,17.34959984
tuberculosis,uso-internet,PRY,Paraguay,2006,82,7.962100029
tuberculosis,uso-internet,PER,Perú,2006,218,20.700000760000002
tuberculosis,uso-internet,PRI,Puerto Rico,2006,4.9,25.4424182102582
tuberculosis,uso-internet,DOM,República Dominicana,2006,92,14.8449283654589
tuberculosis,uso-internet,SUR,Surinam,2006,45,9.49960041
tuberculosis,uso-internet,URY,Uruguay,2006,25,29.39999962
tuberculosis,uso-internet,ARG,Argentina,2007,35,25.9466329403819
tuberculosis,uso-internet,ABW,Aruba,2007,8.2,30.9
tuberculosis,uso-internet,BHS,Bahamas,2007,19,27
tuberculosis,uso-internet,BRB,Barbados,2007,5.9,58.20000076
tuberculosis,uso-internet,BLZ,Belice,2007,38,24.60000038
tuberculosis,uso-internet,BMU,Bermudas,2007,4.1,74.3505940302669
tuberculosis,uso-internet,BRA,Brasil,2007,44,30.87999916
tuberculosis,uso-internet,CAN,Canadá,2007,5.8,73.2
tuberculosis,uso-internet,CHL,Chile,2007,20,35.90000153
tuberculosis,uso-internet,COL,Colombia,2007,43,21.799999239999998
tuberculosis,uso-internet,CRI,Costa Rica,2007,18,28.39999962
tuberculosis,uso-internet,CUB,Cuba,2007,9.8,11.69
tuberculosis,uso-internet,DMA,Dominica,2007,4.4,40.2745018
tuberculosis,uso-internet,ECU,Ecuador,2007,60,10.80000019
tuberculosis,uso-internet,SLV,El Salvador,2007,43,6.11
tuberculosis,uso-internet,GRD,Granada,2007,2.7,22.29
tuberculosis,uso-internet,GRL,Groenlandia,2007,206,61.07
tuberculosis,uso-internet,GTM,Guatemala,2007,26,7.300000191
tuberculosis,uso-internet,GUY,Guyana,2007,133,13.80000019
tuberculosis,uso-internet,HTI,Haití,2007,488,7.199999809
tuberculosis,uso-internet,HND,Honduras,2007,69,9.399999619
tuberculosis,uso-internet,CYM,Islas Caimán,2007,2,52
tuberculosis,uso-internet,JAM,Jamaica,2007,6.8,21.10000038
tuberculosis,uso-internet,MEX,México,2007,28,20.81
tuberculosis,uso-internet,NIC,Nicaragua,2007,80,3.9000000950000002
tuberculosis,uso-internet,PAN,Panamá,2007,72,22.29
tuberculosis,uso-internet,PRY,Paraguay,2007,72,11.21
tuberculosis,uso-internet,PER,Perú,2007,194,25.200000760000002
tuberculosis,uso-internet,PRI,Puerto Rico,2007,4.2,27.86
tuberculosis,uso-internet,DOM,República Dominicana,2007,78,17.66
tuberculosis,uso-internet,SUR,Surinam,2007,43,14.11
tuberculosis,uso-internet,URY,Uruguay,2007,26,34
tuberculosis,uso-internet,ARG,Argentina,2008,31,28.1126234799907
tuberculosis,uso-internet,ABW,Aruba,2008,8.4,52
tuberculosis,uso-internet,BHS,Bahamas,2008,20,31.54
tuberculosis,uso-internet,BRB,Barbados,2008,1.1,61.40000153
tuberculosis,uso-internet,BLZ,Belice,2008,50,26.299999239999998
tuberculosis,uso-internet,BMU,Bermudas,2008,3.3,82.3
tuberculosis,uso-internet,BRA,Brasil,2008,44,33.83
tuberculosis,uso-internet,CAN,Canadá,2008,5.9,76.69999695
tuberculosis,uso-internet,CHL,Chile,2008,20,37.29999924
tuberculosis,uso-internet,COL,Colombia,2008,43,25.6
tuberculosis,uso-internet,CRI,Costa Rica,2008,16,32.29
tuberculosis,uso-internet,CUB,Cuba,2008,10,12.94
tuberculosis,uso-internet,DMA,Dominica,2008,19,41.15999985
tuberculosis,uso-internet,ECU,Ecuador,2008,56,18.8
tuberculosis,uso-internet,SLV,El Salvador,2008,43,10.08
tuberculosis,uso-internet,GRD,Granada,2008,4.5,23.18000031
tuberculosis,uso-internet,GRL,Groenlandia,2008,208,62.82
tuberculosis,uso-internet,GTM,Guatemala,2008,26,8.300000191
tuberculosis,uso-internet,GUY,Guyana,2008,143,18.2
tuberculosis,uso-internet,HTI,Haití,2008,456,7.599999905
tuberculosis,uso-internet,HND,Honduras,2008,67,9.6
tuberculosis,uso-internet,CYM,Islas Caimán,2008,2,61
tuberculosis,uso-internet,JAM,Jamaica,2008,6.6,23.6
tuberculosis,uso-internet,MEX,México,2008,28,21.71
tuberculosis,uso-internet,NIC,Nicaragua,2008,76,5.300000191
tuberculosis,uso-internet,PAN,Panamá,2008,71,33.82
tuberculosis,uso-internet,PRY,Paraguay,2008,67,14.27
tuberculosis,uso-internet,PER,Perú,2008,182,30.57
tuberculosis,uso-internet,PRI,Puerto Rico,2008,3.9,38
tuberculosis,uso-internet,DOM,República Dominicana,2008,75,20.82
tuberculosis,uso-internet,SUR,Surinam,2008,34,21.05999947
tuberculosis,uso-internet,URY,Uruguay,2008,29,39.3
tuberculosis,uso-internet,ARG,Argentina,2009,25,34
tuberculosis,uso-internet,ABW,Aruba,2009,8.7,58
tuberculosis,uso-internet,BHS,Bahamas,2009,18,33.88
tuberculosis,uso-internet,BRB,Barbados,2009,0.73,64.69999695
tuberculosis,uso-internet,BLZ,Belice,2009,48,27.200000760000002
tuberculosis,uso-internet,BMU,Bermudas,2009,2.5,83.25
tuberculosis,uso-internet,BRA,Brasil,2009,43,39.22
tuberculosis,uso-internet,CAN,Canadá,2009,5.7,80.3
tuberculosis,uso-internet,CHL,Chile,2009,19,41.56
tuberculosis,uso-internet,COL,Colombia,2009,41,30
tuberculosis,uso-internet,CRI,Costa Rica,2009,14,34.33
tuberculosis,uso-internet,CUB,Cuba,2009,8.6,14.33
tuberculosis,uso-internet,DMA,Dominica,2009,5.8,42.02000046
tuberculosis,uso-internet,ECU,Ecuador,2009,51,24.6
tuberculosis,uso-internet,SLV,El Salvador,2009,40,12.11
tuberculosis,uso-internet,GRD,Granada,2009,4.5,24.049999239999998
tuberculosis,uso-internet,GRL,Groenlandia,2009,161,62.83
tuberculosis,uso-internet,GTM,Guatemala,2009,23,9.300000191
tuberculosis,uso-internet,GUY,Guyana,2009,164,23.9
tuberculosis,uso-internet,HTI,Haití,2009,428,8.100000381
tuberculosis,uso-internet,HND,Honduras,2009,66,9.800000191
tuberculosis,uso-internet,CYM,Islas Caimán,2009,3.8,64.5
tuberculosis,uso-internet,VGB,Islas Vírgenes Británicas,2009,2.4,36
tuberculosis,uso-internet,JAM,Jamaica,2009,8.4,24.3
tuberculosis,uso-internet,MEX,México,2009,27,26.34
tuberculosis,uso-internet,NIC,Nicaragua,2009,69,7.300000191
tuberculosis,uso-internet,PAN,Panamá,2009,64,39.08
tuberculosis,uso-internet,PRY,Paraguay,2009,67,18.9
tuberculosis,uso-internet,PER,Perú,2009,171,31.4
tuberculosis,uso-internet,PRI,Puerto Rico,2009,2.6,41.5
tuberculosis,uso-internet,DOM,República Dominicana,2009,70,27.72
tuberculosis,uso-internet,SUR,Surinam,2009,55,31.36
tuberculosis,uso-internet,URY,Uruguay,2009,29,41.8
tuberculosis,uso-internet,ARG,Argentina,2010,24,45
tuberculosis,uso-internet,ABW,Aruba,2010,6,62
tuberculosis,uso-internet,BHS,Bahamas,2010,12,43
tuberculosis,uso-internet,BRB,Barbados,2010,2.2,65.09999847
tuberculosis,uso-internet,BLZ,Belice,2010,75,28.2
tuberculosis,uso-internet,BMU,Bermudas,2010,1.6,84.21
tuberculosis,uso-internet,BRA,Brasil,2010,42,40.65
tuberculosis,uso-internet,CAN,Canadá,2010,4.9,80.3
tuberculosis,uso-internet,CHL,Chile,2010,19,45
tuberculosis,uso-internet,COL,Colombia,2010,40,36.5
tuberculosis,uso-internet,CRI,Costa Rica,2010,15,36.5
tuberculosis,uso-internet,CUB,Cuba,2010,9.8,15.9
tuberculosis,uso-internet,DMA,Dominica,2010,12,47.45
tuberculosis,uso-internet,ECU,Ecuador,2010,49,29.03
tuberculosis,uso-internet,SLV,El Salvador,2010,39,15.9
tuberculosis,uso-internet,GRD,Granada,2010,3.6,27
tuberculosis,uso-internet,GRL,Groenlandia,2010,286,63
tuberculosis,uso-internet,GTM,Guatemala,2010,26,10.5
tuberculosis,uso-internet,GUY,Guyana,2010,150,29.9
tuberculosis,uso-internet,HTI,Haití,2010,407,8.369999886
tuberculosis,uso-internet,HND,Honduras,2010,62,11.09
tuberculosis,uso-internet,CYM,Islas Caimán,2010,7.4,66
tuberculosis,uso-internet,VGB,Islas Vírgenes Británicas,2010,3.6,37
tuberculosis,uso-internet,JAM,Jamaica,2010,7.6,27.67
tuberculosis,uso-internet,MEX,México,2010,28,31.05
tuberculosis,uso-internet,NIC,Nicaragua,2010,70,10
tuberculosis,uso-internet,PAN,Panamá,2010,62,40.1
tuberculosis,uso-internet,PRY,Paraguay,2010,62,19.8
tuberculosis,uso-internet,PER,Perú,2010,159,34.77
tuberculosis,uso-internet,PRI,Puerto Rico,2010,3.2,45.3
tuberculosis,uso-internet,DOM,República Dominicana,2010,61,31.39999962
tuberculosis,uso-internet,SUR,Surinam,2010,57,31.59
tuberculosis,uso-internet,URY,Uruguay,2010,28,46.4
tuberculosis,uso-internet,ARG,Argentina,2011,31,51
tuberculosis,uso-internet,ABW,Aruba,2011,7.9,69
tuberculosis,uso-internet,BHS,Bahamas,2011,15,65
tuberculosis,uso-internet,BRB,Barbados,2011,0,66.5
tuberculosis,uso-internet,BLZ,Belice,2011,36,30.700000760000002
tuberculosis,uso-internet,BMU,Bermudas,2011,1.6,88.336
tuberculosis,uso-internet,BRA,Brasil,2011,42,45.69
tuberculosis,uso-internet,CAN,Canadá,2011,5,83
tuberculosis,uso-internet,CHL,Chile,2011,19,52.2496072877744
tuberculosis,uso-internet,COL,Colombia,2011,40,40.3509157546318
tuberculosis,uso-internet,CRI,Costa Rica,2011,15,39.2121959961842
tuberculosis,uso-internet,CUB,Cuba,2011,9.3,16.0172907996413
tuberculosis,uso-internet,DMA,Dominica,2011,2.9,48.59999847
tuberculosis,uso-internet,ECU,Ecuador,2011,50,31.3668083587433
tuberculosis,uso-internet,SLV,El Salvador,2011,43,18.89999962
tuberculosis,uso-internet,GRD,Granada,2011,1.8,30
tuberculosis,uso-internet,GRL,Groenlandia,2011,283,64
tuberculosis,uso-internet,GTM,Guatemala,2011,23,12.30000019
tuberculosis,uso-internet,GUY,Guyana,2011,145,30
tuberculosis,uso-internet,HTI,Haití,2011,389,9
tuberculosis,uso-internet,HND,Honduras,2011,66,15.9
tuberculosis,uso-internet,CYM,Islas Caimán,2011,3.6,69.46594499
tuberculosis,uso-internet,VGB,Islas Vírgenes Británicas,2011,0,37.4
tuberculosis,uso-internet,JAM,Jamaica,2011,5.9,37.438613414848
tuberculosis,uso-internet,MEX,México,2011,27,37.1762954125184
tuberculosis,uso-internet,NIC,Nicaragua,2011,74,10.6
tuberculosis,uso-internet,PAN,Panamá,2011,64,42.7
tuberculosis,uso-internet,PRY,Paraguay,2011,62,24.7635158793993
tuberculosis,uso-internet,PER,Perú,2011,155,36.01
tuberculosis,uso-internet,PRI,Puerto Rico,2011,2,48
tuberculosis,uso-internet,DOM,República Dominicana,2011,64,38
tuberculosis,uso-internet,SUR,Surinam,2011,35,32
tuberculosis,uso-internet,URY,Uruguay,2011,32,51.4046610563616
tuberculosis,uso-internet,ARG,Argentina,2012,27,55.79999924
tuberculosis,uso-internet,ABW,Aruba,2012,28,74
tuberculosis,uso-internet,BHS,Bahamas,2012,12,71.74819946
tuberculosis,uso-internet,BRB,Barbados,2012,1.4,71.19999695
tuberculosis,uso-internet,BLZ,Belice,2012,40,31
tuberculosis,uso-internet,BMU,Bermudas,2012,4.7,91.2993045243401
tuberculosis,uso-internet,BRA,Brasil,2012,42,48.56
tuberculosis,uso-internet,CAN,Canadá,2012,5.6,83
tuberculosis,uso-internet,CHL,Chile,2012,18,55.04999924
tuberculosis,uso-internet,COL,Colombia,2012,39,48.98
tuberculosis,uso-internet,CRI,Costa Rica,2012,14,47.5
tuberculosis,uso-internet,CUB,Cuba,2012,8.3,21.200000760000002
tuberculosis,uso-internet,DMA,Dominica,2012,10,49.79999924
tuberculosis,uso-internet,ECU,Ecuador,2012,51,35.1351464545516
tuberculosis,uso-internet,SLV,El Salvador,2012,46,20.3213877242007
tuberculosis,uso-internet,GRD,Granada,2012,0.89,32
tuberculosis,uso-internet,GRL,Groenlandia,2012,203,64.8960100995989
tuberculosis,uso-internet,GTM,Guatemala,2012,26,16
tuberculosis,uso-internet,GUY,Guyana,2012,148,30.5
tuberculosis,uso-internet,HTI,Haití,2012,372,9.800000191
tuberculosis,uso-internet,HND,Honduras,2012,59,18.12
tuberculosis,uso-internet,CYM,Islas Caimán,2012,11,69.7
tuberculosis,uso-internet,VGB,Islas Vírgenes Británicas,2012,0,37.6
tuberculosis,uso-internet,JAM,Jamaica,2012,5,33.79
tuberculosis,uso-internet,MEX,México,2012,26,39.75
tuberculosis,uso-internet,NIC,Nicaragua,2012,74,13.5
tuberculosis,uso-internet,PAN,Panamá,2012,58,40.3018952210488
tuberculosis,uso-internet,PRY,Paraguay,2012,62,29.34
tuberculosis,uso-internet,PER,Perú,2012,143,38.2
tuberculosis,uso-internet,PRI,Puerto Rico,2012,2.8,68.9999826014151
tuberculosis,uso-internet,DOM,República Dominicana,2012,61,42.32
tuberculosis,uso-internet,SUR,Surinam,2012,35,34.68119812
tuberculosis,uso-internet,URY,Uruguay,2012,31,54.453768680746
tuberculosis,uso-internet,ARG,Argentina,2013,27,59.90000153
tuberculosis,uso-internet,ABW,Aruba,2013,11,78.9
tuberculosis,uso-internet,BHS,Bahamas,2013,12,72
tuberculosis,uso-internet,BRB,Barbados,2013,1.4,71.80000305
tuberculosis,uso-internet,BLZ,Belice,2013,55,33.59999847
tuberculosis,uso-internet,BMU,Bermudas,2013,0,95.3
tuberculosis,uso-internet,BRA,Brasil,2013,42,51.04
tuberculosis,uso-internet,CAN,Canadá,2013,5.4,85.80000305
tuberculosis,uso-internet,CHL,Chile,2013,18,58
tuberculosis,uso-internet,COL,Colombia,2013,36,51.7
tuberculosis,uso-internet,CRI,Costa Rica,2013,12,45.96
tuberculosis,uso-internet,CUB,Cuba,2013,8.4,27.93
tuberculosis,uso-internet,DMA,Dominica,2013,4.3,51
tuberculosis,uso-internet,ECU,Ecuador,2013,47,40.279121941
tuberculosis,uso-internet,SLV,El Salvador,2013,48,23.1093
tuberculosis,uso-internet,GRD,Granada,2013,2.1,35
tuberculosis,uso-internet,GRL,Groenlandia,2013,230,65.8
tuberculosis,uso-internet,GTM,Guatemala,2013,24,19.700000760000002
tuberculosis,uso-internet,GUY,Guyana,2013,130,31
tuberculosis,uso-internet,HTI,Haití,2013,353,10.600000380000001
tuberculosis,uso-internet,HND,Honduras,2013,55,17.8
tuberculosis,uso-internet,CYM,Islas Caimán,2013,8.5,71.4
tuberculosis,uso-internet,JAM,Jamaica,2013,5.1,37.1
tuberculosis,uso-internet,MEX,México,2013,26,43.46
tuberculosis,uso-internet,NIC,Nicaragua,2013,70,15.5
tuberculosis,uso-internet,PAN,Panamá,2013,54,44.03
tuberculosis,uso-internet,PRY,Paraguay,2013,56,36.9
tuberculosis,uso-internet,PER,Perú,2013,139,39.2
tuberculosis,uso-internet,PRI,Puerto Rico,2013,1.9,68.999990004
tuberculosis,uso-internet,DOM,República Dominicana,2013,62,45.9
tuberculosis,uso-internet,SUR,Surinam,2013,37,37.40000153
tuberculosis,uso-internet,URY,Uruguay,2013,34,57.69
tuberculosis,uso-internet,ARG,Argentina,2014,27,64.69999695
tuberculosis,uso-internet,ABW,Aruba,2014,1.9,83.78
tuberculosis,uso-internet,BHS,Bahamas,2014,18,76.91999817
tuberculosis,uso-internet,BRB,Barbados,2014,1.8,71.92459869
tuberculosis,uso-internet,BLZ,Belice,2014,31,38.70000076
tuberculosis,uso-internet,BMU,Bermudas,2014,0,96.8
tuberculosis,uso-internet,BRA,Brasil,2014,41,54.5510018796392
tuberculosis,uso-internet,CAN,Canadá,2014,5,87.12000275
tuberculosis,uso-internet,CHL,Chile,2014,17,61.11000061
tuberculosis,uso-internet,COL,Colombia,2014,34,52.568136539247
tuberculosis,uso-internet,CRI,Costa Rica,2014,13,53
tuberculosis,uso-internet,CUB,Cuba,2014,8,29.0701843656523
tuberculosis,uso-internet,DMA,Dominica,2014,1.4,57.5
tuberculosis,uso-internet,ECU,Ecuador,2014,44,45.5903906666095
tuberculosis,uso-internet,SLV,El Salvador,2014,48,24.7617121459061
tuberculosis,uso-internet,GRD,Granada,2014,0,51.6
tuberculosis,uso-internet,GRL,Groenlandia,2014,206,66.7
tuberculosis,uso-internet,GTM,Guatemala,2014,23,23.39999962
tuberculosis,uso-internet,GUY,Guyana,2014,100,32
tuberculosis,uso-internet,HTI,Haití,2014,336,11.399999619999999
tuberculosis,uso-internet,HND,Honduras,2014,49,23
tuberculosis,uso-internet,CYM,Islas Caimán,2014,0,74.1
tuberculosis,uso-internet,JAM,Jamaica,2014,4.4,40.4027351046672
tuberculosis,uso-internet,MEX,México,2014,25,44.3856962723411
tuberculosis,uso-internet,NIC,Nicaragua,2014,65,17.60000038
tuberculosis,uso-internet,PAN,Panamá,2014,52,44.9238152577893
tuberculosis,uso-internet,PRY,Paraguay,2014,54,43.0073750122614
tuberculosis,uso-internet,PER,Perú,2014,136,40.2446560091704
tuberculosis,uso-internet,PRI,Puerto Rico,2014,1.7,76.1338597201667
tuberculosis,uso-internet,DOM,República Dominicana,2014,60,49.58000183
tuberculosis,uso-internet,SUR,Surinam,2014,37,40.08000183
tuberculosis,uso-internet,URY,Uruguay,2014,33,61.4624951684405
tuberculosis,uso-internet,ARG,Argentina,2015,28,68.0430641088122
tuberculosis,uso-internet,ABW,Aruba,2015,5.8,88.661226932496
tuberculosis,uso-internet,BHS,Bahamas,2015,21,78
tuberculosis,uso-internet,BRB,Barbados,2015,0,72.04940033
tuberculosis,uso-internet,BLZ,Belice,2015,33,41.59000015
tuberculosis,uso-internet,BMU,Bermudas,2015,0,98.3236096537251
tuberculosis,uso-internet,BRA,Brasil,2015,41,58.3279517340924
tuberculosis,uso-internet,CAN,Canadá,2015,5.1,90
tuberculosis,uso-internet,CHL,Chile,2015,18,76.6295919508796
tuberculosis,uso-internet,COL,Colombia,2015,33,55.9049725142924
tuberculosis,uso-internet,CRI,Costa Rica,2015,12,59.7629501371681
tuberculosis,uso-internet,CUB,Cuba,2015,7.5,37.3050974155373
tuberculosis,uso-internet,DMA,Dominica,2015,9.9,65
tuberculosis,uso-internet,ECU,Ecuador,2015,42,48.9404337892669
tuberculosis,uso-internet,SLV,El Salvador,2015,53,26.8026049600572
tuberculosis,uso-internet,GRD,Granada,2015,4.4,52.5
tuberculosis,uso-internet,GRL,Groenlandia,2015,189,67.600443481006
tuberculosis,uso-internet,GTM,Guatemala,2015,23,28.80590057
tuberculosis,uso-internet,GUY,Guyana,2015,102,34
tuberculosis,uso-internet,HTI,Haití,2015,318,14.19999981
tuberculosis,uso-internet,HND,Honduras,2015,49,27.1395454833776
tuberculosis,uso-internet,CYM,Islas Caimán,2015,11,77
tuberculosis,uso-internet,JAM,Jamaica,2015,5.2,42.2212211907441
tuberculosis,uso-internet,MEX,México,2015,25,57.4310429923633
tuberculosis,uso-internet,NIC,Nicaragua,2015,59,19.70429993
tuberculosis,uso-internet,PAN,Panamá,2015,58,51.2054249948687
tuberculosis,uso-internet,PRY,Paraguay,2015,55,49.716304663966
tuberculosis,uso-internet,PER,Perú,2015,131,40.8526009090468
tuberculosis,uso-internet,PRI,Puerto Rico,2015,2,63.4663353848474
tuberculosis,uso-internet,DOM,República Dominicana,2015,59,54.2157663369785
tuberculosis,uso-internet,SUR,Surinam,2015,35,42.76380157
tuberculosis,uso-internet,URY,Uruguay,2015,33,64.5707870971624
tuberculosis,uso-internet,ARG,Argentina,2016,30,70.9689808206024
tuberculosis,uso-internet,ABW,Aruba,2016,7.6,93.542453865048
tuberculosis,uso-internet,BHS,Bahamas,2016,30,80
tuberculosis,uso-internet,BRB,Barbados,2016,1.1,71.57299805
tuberculosis,uso-internet,BLZ,Belice,2016,49,44.57569885
tuberculosis,uso-internet,BMU,Bermudas,2016,3.2,98
tuberculosis,uso-internet,BRA,Brasil,2016,41,60.8725400681261
tuberculosis,uso-internet,CAN,Canadá,2016,5.3,91.16000366
tuberculosis,uso-internet,CHL,Chile,2016,17,83.5585860244169
tuberculosis,uso-internet,COL,Colombia,2016,34,58.1364935728703
tuberculosis,uso-internet,CRI,Costa Rica,2016,9.6,65.8804491942718
tuberculosis,uso-internet,CUB,Cuba,2016,7.3,42.9786751910106
tuberculosis,uso-internet,CUW,Curazao,2016,2.4,61.855510740634
tuberculosis,uso-internet,DMA,Dominica,2016,7.2,67.02999878
tuberculosis,uso-internet,ECU,Ecuador,2016,42,54.0629247288864
tuberculosis,uso-internet,SLV,El Salvador,2016,65,28.99710083
tuberculosis,uso-internet,GRD,Granada,2016,5.2,53.29999924
tuberculosis,uso-internet,GRL,Groenlandia,2016,134,68.500873675421
tuberculosis,uso-internet,GTM,Guatemala,2016,22,34.50930023
tuberculosis,uso-internet,GUY,Guyana,2016,101,35.65999985
tuberculosis,uso-internet,HTI,Haití,2016,297,22.799999239999998
tuberculosis,uso-internet,HND,Honduras,2016,48,29.5282180796457
tuberculosis,uso-internet,CYM,Islas Caimán,2016,4.8,79
tuberculosis,uso-internet,VGB,Islas Vírgenes Británicas,2016,0,77.7014296797074
tuberculosis,uso-internet,JAM,Jamaica,2016,5.1,44.3668563671334
tuberculosis,uso-internet,MEX,México,2016,25,59.5404459967255
tuberculosis,uso-internet,NIC,Nicaragua,2016,54,24.57180023
tuberculosis,uso-internet,PAN,Panamá,2016,61,54
tuberculosis,uso-internet,PRY,Paraguay,2016,55,53.4041274791009
tuberculosis,uso-internet,PER,Perú,2016,129,45.4617406869459
tuberculosis,uso-internet,PRI,Puerto Rico,2016,2.5,68.6438071976518
tuberculosis,uso-internet,DOM,República Dominicana,2016,55,63.8708647408206
tuberculosis,uso-internet,SUR,Surinam,2016,27,45.40000153
tuberculosis,uso-internet,URY,Uruguay,2016,32,66.40000153
tuberculosis,uso-internet,ARG,Argentina,2017,29,74.2949068657957
tuberculosis,uso-internet,ABW,Aruba,2017,7.6,97.17
tuberculosis,uso-internet,BHS,Bahamas,2017,17,80.59999847
tuberculosis,uso-internet,BRB,Barbados,2017,0,71.14849854
tuberculosis,uso-internet,BLZ,Belice,2017,47,48.8771019
tuberculosis,uso-internet,BMU,Bermudas,2017,3.1,98.37
tuberculosis,uso-internet,BRA,Brasil,2017,43,67.4712845236305
tuberculosis,uso-internet,CAN,Canadá,2017,5.4,92.70140076
tuberculosis,uso-internet,CHL,Chile,2017,18,82.3274869338464
tuberculosis,uso-internet,COL,Colombia,2017,34,62.2598803162841
tuberculosis,uso-internet,CRI,Costa Rica,2017,9.6,71.5816646195022
tuberculosis,uso-internet,CUB,Cuba,2017,7.6,57.1484043170788
tuberculosis,uso-internet,CUW,Curazao,2017,5.3,68.1272162511339
tuberculosis,uso-internet,DMA,Dominica,2017,1.5,69.61969757
tuberculosis,uso-internet,ECU,Ecuador,2017,44,55.79999924
tuberculosis,uso-internet,SLV,El Salvador,2017,77,33.8207289048526
tuberculosis,uso-internet,GRD,Granada,2017,2.6,54.20000076
tuberculosis,uso-internet,GRL,Groenlandia,2017,130,69.4824617821988
tuberculosis,uso-internet,GTM,Guatemala,2017,23,37.90000153
tuberculosis,uso-internet,GUY,Guyana,2017,90,42.6753006
tuberculosis,uso-internet,HTI,Haití,2017,276,27.200000760000002
tuberculosis,uso-internet,HND,Honduras,2017,46,31.7357924661485
tuberculosis,uso-internet,CYM,Islas Caimán,2017,6.2,81.0676932508161
tuberculosis,uso-internet,VGB,Islas Vírgenes Británicas,2017,1.4,77.7042682926829
tuberculosis,uso-internet,JAM,Jamaica,2017,5.9,55.0720670507751
tuberculosis,uso-internet,MEX,México,2017,25,53.0317886110982
tuberculosis,uso-internet,NIC,Nicaragua,2017,51,30.39999962
tuberculosis,uso-internet,PAN,Panamá,2017,61,59.9506309038683
tuberculosis,uso-internet,PRY,Paraguay,2017,57,61.0757562215797
tuberculosis,uso-internet,PER,Perú,2017,128,50.4504121848143
tuberculosis,uso-internet,PRI,Puerto Rico,2017,1.5,68.7407731407209
tuberculosis,uso-internet,DOM,República Dominicana,2017,50,67.5712453277737
tuberculosis,uso-internet,SUR,Surinam,2017,31,48.94520187
tuberculosis,uso-internet,URY,Uruguay,2017,34,70.3223543994698
tuberculosis,uso-internet,ARG,Argentina,2018,30,77.7
tuberculosis,uso-internet,BHS,Bahamas,2018,15,83
tuberculosis,uso-internet,BRB,Barbados,2018,0.36,70.72650146
tuberculosis,uso-internet,BLZ,Belice,2018,39,53.59360123
tuberculosis,uso-internet,BRA,Brasil,2018,45,70.4342825404361
tuberculosis,uso-internet,CAN,Canadá,2018,5.3,94.64
tuberculosis,uso-internet,CHL,Chile,2018,19,84.90000153
tuberculosis,uso-internet,COL,Colombia,2018,34,64.1263768204459
tuberculosis,uso-internet,CRI,Costa Rica,2018,10,73.4797284369906
tuberculosis,uso-internet,CUB,Cuba,2018,7.6,62.6789236230601
tuberculosis,uso-internet,ECU,Ecuador,2018,45,57.5
tuberculosis,uso-internet,SLV,El Salvador,2018,76,43.79999924
tuberculosis,uso-internet,GRD,Granada,2018,1.7,61.42459869
tuberculosis,uso-internet,GTM,Guatemala,2018,24,41.5
tuberculosis,uso-internet,GUY,Guyana,2018,85,48.59889984
tuberculosis,uso-internet,HTI,Haití,2018,256,32.4736271300557
tuberculosis,uso-internet,HND,Honduras,2018,45,36.0400608231468
tuberculosis,uso-internet,JAM,Jamaica,2018,3.9,68.2145170876072
tuberculosis,uso-internet,MEX,México,2018,26,56.6595667981289
tuberculosis,uso-internet,NIC,Nicaragua,2018,46,33.9129982
tuberculosis,uso-internet,PAN,Panamá,2018,54,61.8055313202468
tuberculosis,uso-internet,PRY,Paraguay,2018,56,64.9935430235756
tuberculosis,uso-internet,PER,Perú,2018,132,55.0543342443197
tuberculosis,uso-internet,PRI,Puerto Rico,2018,1,70.8563997424362
tuberculosis,uso-internet,DOM,República Dominicana,2018,49,74.8220483597284
tuberculosis,uso-internet,SUR,Surinam,2018,41,55.10210037
tuberculosis,uso-internet,URY,Uruguay,2018,36,80.7268428795854
tuberculosis,uso-internet,ARG,Argentina,2019,33,79.9469520347551
tuberculosis,uso-internet,BHS,Bahamas,2019,17,90.69329834
tuberculosis,uso-internet,BRB,Barbados,2019,0,70.30709839
tuberculosis,uso-internet,BLZ,Belice,2019,35,58.76520157
tuberculosis,uso-internet,BRA,Brasil,2019,45,73.9124399133589
tuberculosis,uso-internet,CAN,Canadá,2019,5.6,91.91290283
tuberculosis,uso-internet,CHL,Chile,2019,19,85.01760101
tuberculosis,uso-internet,COL,Colombia,2019,36,65.0069007159493
tuberculosis,uso-internet,CRI,Costa Rica,2019,9.9,81.2025964435269
tuberculosis,uso-internet,CUB,Cuba,2019,6.8,67.9708086565152
tuberculosis,uso-internet,DMA,Dominica,2019,15,73.38200378
tuberculosis,uso-internet,ECU,Ecuador,2019,46,59.2
tuberculosis,uso-internet,SLV,El Salvador,2019,63,50.4911940673888
tuberculosis,uso-internet,GRD,Granada,2019,2.6,64.31279755
tuberculosis,uso-internet,GTM,Guatemala,2019,24,44.401049838502
tuberculosis,uso-internet,GUY,Guyana,2019,80,55.31269836
tuberculosis,uso-internet,HTI,Haití,2019,239,35.76409912
tuberculosis,uso-internet,HND,Honduras,2019,38,39.3883521850111
tuberculosis,uso-internet,JAM,Jamaica,2019,3.5,70.8410169743356
tuberculosis,uso-internet,MEX,México,2019,26,69.6321092705209
tuberculosis,uso-internet,NIC,Nicaragua,2019,49,39.01079941
tuberculosis,uso-internet,PAN,Panamá,2019,39,63.6284147731451
tuberculosis,uso-internet,PRY,Paraguay,2019,60,68.5176284222264
tuberculosis,uso-internet,PER,Perú,2019,131,59.9505036049006
tuberculosis,uso-internet,PRI,Puerto Rico,2019,1.4,77.7364393708352
tuberculosis,uso-internet,DOM,República Dominicana,2019,45,79.71549988
tuberculosis,uso-internet,SUR,Surinam,2019,31,62.03350067
tuberculosis,uso-internet,URY,Uruguay,2019,38,83.3515337667548
tuberculosis,uso-internet,ARG,Argentina,2020,27,85.51438646
tuberculosis,uso-internet,BHS,Bahamas,2020,10,92.4437027
tuberculosis,uso-internet,BRB,Barbados,2020,2.1,69.89009857
tuberculosis,uso-internet,BLZ,Belice,2020,34,64.43589783
tuberculosis,uso-internet,BRA,Brasil,2020,45,81.34269353
tuberculosis,uso-internet,CAN,Canadá,2020,5.1,92.3
tuberculosis,uso-internet,CHL,Chile,2020,15,87.45929718
tuberculosis,uso-internet,COL,Colombia,2020,39,69.79533474
tuberculosis,uso-internet,CRI,Costa Rica,2020,9.7,80.530186079999993
tuberculosis,uso-internet,CUB,Cuba,2020,6.2,71.11907507
tuberculosis,uso-internet,DMA,Dominica,2020,5.2,75.65670013
tuberculosis,uso-internet,ECU,Ecuador,2020,38,70.7
tuberculosis,uso-internet,SLV,El Salvador,2020,42,54.60136976
tuberculosis,uso-internet,GRD,Granada,2020,0.86,65.65380096
tuberculosis,uso-internet,GTM,Guatemala,2020,18,47.51229858
tuberculosis,uso-internet,GUY,Guyana,2020,59,62.95399857
tuberculosis,uso-internet,HTI,Haití,2020,223,39.38809967
tuberculosis,uso-internet,HND,Honduras,2020,38,45.24829865
tuberculosis,uso-internet,JAM,Jamaica,2020,2.9,76.38400269
tuberculosis,uso-internet,MEX,México,2020,26,71.49017499
tuberculosis,uso-internet,NIC,Nicaragua,2020,47,44.87490082
tuberculosis,uso-internet,PAN,Panamá,2020,34,64.82430267
tuberculosis,uso-internet,PRY,Paraguay,2020,50,73.95751114
tuberculosis,uso-internet,PER,Perú,2020,128,65.25179796
tuberculosis,uso-internet,DOM,República Dominicana,2020,46,81.61730194
tuberculosis,uso-internet,URY,Uruguay,2020,35,85.47100067
tuberculosis,uso-internet,ARG,Argentina,2021,34,87.15070683
tuberculosis,uso-internet,BHS,Bahamas,2021,14,92.34980011
tuberculosis,uso-internet,BRB,Barbados,2021,0.35,69.4756012
tuberculosis,uso-internet,BLZ,Belice,2021,35,70.65370178
tuberculosis,uso-internet,BRA,Brasil,2021,47,80.68989314
tuberculosis,uso-internet,CAN,Canadá,2021,5.4,93.93710327
tuberculosis,uso-internet,CHL,Chile,2021,17,90.23280334
tuberculosis,uso-internet,COL,Colombia,2021,41,73.02837449
tuberculosis,uso-internet,CRI,Costa Rica,2021,9.8,82.74901607
tuberculosis,uso-internet,CUB,Cuba,2021,5.4,67.64354869
tuberculosis,uso-internet,DMA,Dominica,2021,0,78.07949829
tuberculosis,uso-internet,ECU,Ecuador,2021,41,69.1147995
tuberculosis,uso-internet,SLV,El Salvador,2021,39,57.26380157
tuberculosis,uso-internet,GRD,Granada,2021,1.7,67.02279663
tuberculosis,uso-internet,GTM,Guatemala,2021,20,50.84164945
tuberculosis,uso-internet,GUY,Guyana,2021,66,71.65090179
tuberculosis,uso-internet,HTI,Haití,2021,209,43.37919998
tuberculosis,uso-internet,HND,Honduras,2021,38,51.95159912
tuberculosis,uso-internet,JAM,Jamaica,2021,2.7,82.36071561
tuberculosis,uso-internet,MEX,México,2021,27,75.62650476
tuberculosis,uso-internet,NIC,Nicaragua,2021,46,51.62039948
tuberculosis,uso-internet,PAN,Panamá,2021,43,66.04270172
tuberculosis,uso-internet,PRY,Paraguay,2021,57,77.01838621
tuberculosis,uso-internet,PER,Perú,2021,137,71.10782643
tuberculosis,uso-internet,PRI,Puerto Rico,2021,0.69,84.78666399
tuberculosis,uso-internet,DOM,República Dominicana,2021,47,85.24298638
tuberculosis,uso-internet,URY,Uruguay,2021,34,87.64440155
tuberculosis,uso-internet,ARG,Argentina,2022,35,88.37535691
tuberculosis,uso-internet,BHS,Bahamas,2022,16,92.2559967
tuberculosis,uso-internet,BRB,Barbados,2022,1.8,69.06359863
tuberculosis,uso-internet,BLZ,Belice,2022,35,69.98329926
tuberculosis,uso-internet,BRA,Brasil,2022,49,80.52775094
tuberculosis,uso-internet,CAN,Canadá,2022,5.6,94
tuberculosis,uso-internet,CHL,Chile,2022,18,92.31819916
tuberculosis,uso-internet,COL,Colombia,2022,44,72.79637855
tuberculosis,uso-internet,CRI,Costa Rica,2022,9.8,82.59801121
tuberculosis,uso-internet,CUB,Cuba,2022,7.7,67.88410187
tuberculosis,uso-internet,DMA,Dominica,2022,0,80.57980347
tuberculosis,uso-internet,ECU,Ecuador,2022,50,69.71811356
tuberculosis,uso-internet,SLV,El Salvador,2022,51,60.05609894
tuberculosis,uso-internet,GRD,Granada,2022,0.86,68.42030334
tuberculosis,uso-internet,GTM,Guatemala,2022,26,54.40430069
tuberculosis,uso-internet,GUY,Guyana,2022,61,76.56240082
tuberculosis,uso-internet,HTI,Haití,2022,196,47.77470016
tuberculosis,uso-internet,HND,Honduras,2022,38,56.88069916
tuberculosis,uso-internet,JAM,Jamaica,2022,3.9,85.84329987
tuberculosis,uso-internet,MEX,México,2022,27,78.63217894
tuberculosis,uso-internet,NIC,Nicaragua,2022,45,59.38000107
tuberculosis,uso-internet,PAN,Panamá,2022,49,67.2838974
tuberculosis,uso-internet,PRY,Paraguay,2022,67,76.25916611
tuberculosis,uso-internet,PER,Perú,2022,149,74.67495213
tuberculosis,uso-internet,PRI,Puerto Rico,2022,0.86,87.29178106
tuberculosis,uso-internet,DOM,República Dominicana,2022,49,81.51269675
tuberculosis,uso-internet,URY,Uruguay,2022,41,89.87304314
tuberculosis,uso-internet,ARG,Argentina,2023,39,89.22897166
tuberculosis,uso-internet,BHS,Bahamas,2023,8.8,92.38729858
tuberculosis,uso-internet,BRB,Barbados,2023,0.71,69.67510223
tuberculosis,uso-internet,BLZ,Belice,2023,34,70.18720245
tuberculosis,uso-internet,BRA,Brasil,2023,49,84.15060238
tuberculosis,uso-internet,CAN,Canadá,2023,6.2,94.14530182
tuberculosis,uso-internet,CHL,Chile,2023,20,94.45742345
tuberculosis,uso-internet,COL,Colombia,2023,46,77.33686322
tuberculosis,uso-internet,CRI,Costa Rica,2023,9.5,85.39514799
tuberculosis,uso-internet,CUB,Cuba,2023,8.1,69.55580139
tuberculosis,uso-internet,DMA,Dominica,2023,6,81.33650208
tuberculosis,uso-internet,ECU,Ecuador,2023,59,72.6943146
tuberculosis,uso-internet,SLV,El Salvador,2023,86,62.61989975
tuberculosis,uso-internet,GRD,Granada,2023,4.3,69.4131012
tuberculosis,uso-internet,GTM,Guatemala,2023,29,56.72669983
tuberculosis,uso-internet,GUY,Guyana,2023,66,79.3553009
tuberculosis,uso-internet,HTI,Haití,2023,185,47.99269867
tuberculosis,uso-internet,HND,Honduras,2023,38,58.0685997
tuberculosis,uso-internet,JAM,Jamaica,2023,4.3,89.47304282
tuberculosis,uso-internet,MEX,México,2023,28,81.18318755
tuberculosis,uso-internet,NIC,Nicaragua,2023,44,60.30120087
tuberculosis,uso-internet,PAN,Panamá,2023,61,68.54851592
tuberculosis,uso-internet,PRY,Paraguay,2023,76,78.09481878
tuberculosis,uso-internet,PER,Perú,2023,149,79.48484477
tuberculosis,uso-internet,DOM,República Dominicana,2023,50,86.12689972
tuberculosis,uso-internet,SUR,Surinam,2023,31,87.4
tuberculosis,uso-internet,URY,Uruguay,2023,45,90.92590332
tuberculosis,uso-internet,ARG,Argentina,2024,44,89.66715228
tuberculosis,uso-internet,BHS,Bahamas,2024,18,92.47270203
tuberculosis,uso-internet,BRB,Barbados,2024,1,70.36470032
tuberculosis,uso-internet,BLZ,Belice,2024,34,80.00582262
tuberculosis,uso-internet,BRA,Brasil,2024,49,84.46347227
tuberculosis,uso-internet,CAN,Canadá,2024,6.2,94.353302
tuberculosis,uso-internet,CHL,Chile,2024,19,95.590243
tuberculosis,uso-internet,COL,Colombia,2024,49,79.34543299
tuberculosis,uso-internet,CRI,Costa Rica,2024,9.3,87.17019653
tuberculosis,uso-internet,CUB,Cuba,2024,11,70.47699738
tuberculosis,uso-internet,DMA,Dominica,2024,4.5,82.04689789
tuberculosis,uso-internet,ECU,Ecuador,2024,66,77.17273115
tuberculosis,uso-internet,SLV,El Salvador,2024,116,66.47769928
tuberculosis,uso-internet,GRD,Granada,2024,1.7,70.16159821
tuberculosis,uso-internet,GTM,Guatemala,2024,28,60.22140121
tuberculosis,uso-internet,GUY,Guyana,2024,67,83.00080109
tuberculosis,uso-internet,HTI,Haití,2024,175,47.8614006
tuberculosis,uso-internet,HND,Honduras,2024,38,58.62269974
tuberculosis,uso-internet,JAM,Jamaica,2024,2.3,90.10870361
tuberculosis,uso-internet,MEX,México,2024,28,83.12233799
tuberculosis,uso-internet,NIC,Nicaragua,2024,43,61.39550018
tuberculosis,uso-internet,PAN,Panamá,2024,63,72.77149963
tuberculosis,uso-internet,PRY,Paraguay,2024,81,81.57806793
tuberculosis,uso-internet,PER,Perú,2024,139,81.95705992
tuberculosis,uso-internet,DOM,República Dominicana,2024,51,91.0022446
tuberculosis,uso-internet,URY,Uruguay,2024,47,91.99109007
