{
"type": "FeatureCollection",
"name": "gasto-educ-pib-1984",
"crs": { "type": "name", "properties": { "name": "urn:ogc:def:crs:OGC:1.3:CRS84" } },
"features": [
{ "type": "Feature", "properties": { "iso3": "VEN", "territorio": "Venezuela", "value": 4.0637297630310103, "color": "#F03B20" }, "geometry": { "type": "MultiPolygon", "coordinates": [ [ [ [ -60.7903809, 9.1771973 ], [ -60.7358398, 9.2033203 ], [ -60.7588867, 9.2164551 ], [ -60.7815918, 9.2183594 ], [ -60.8213867, 9.207666 ], [ -60.844873, 9.1917969 ], [ -60.9072754, 9.1787109 ], [ -60.9394531, 9.1323242 ], [ -60.9414062, 9.1055664 ], [ -60.8211914, 9.1383789 ], [ -60.7903809, 9.1771973 ] ] ], [ [ [ -63.8931152, 11.1672363 ], [ -64.0073242, 11.068457 ], [ -64.0283203, 11.0018555 ], [ -64.112793, 11.0056641 ], [ -64.1848145, 11.0429688 ], [ -64.2136719, 11.0861328 ], [ -64.2497559, 11.0803223 ], [ -64.3486328, 11.0519043 ], [ -64.4023438, 10.9815918 ], [ -64.3625, 10.9615234 ], [ -64.2189453, 10.9416016 ], [ -64.1608887, 10.9587891 ], [ -64.1011719, 10.901416 ], [ -64.0546875, 10.8843262 ], [ -63.9935547, 10.8812012 ], [ -63.917627, 10.8875488 ], [ -63.8270996, 10.9758301 ], [ -63.8172852, 11.0003418 ], [ -63.849365199999987, 11.1310059 ], [ -63.8931152, 11.1672363 ] ] ], [ [ [ -65.2265625, 10.9302246 ], [ -65.3023437, 10.9738281 ], [ -65.3832031, 10.9738281 ], [ -65.4146484, 10.9378906 ], [ -65.3652344, 10.9064453 ], [ -65.2664062, 10.8839844 ], [ -65.2125, 10.9064453 ], [ -65.2265625, 10.9302246 ] ] ], [ [ [ -60.9164062, 8.8992676 ], [ -60.8614258, 8.9496094 ], [ -60.8491699, 8.9957031 ], [ -60.8999023, 9.0318848 ], [ -60.8945801, 9.0533691 ], [ -60.9158203, 9.0703125 ], [ -60.9447754, 9.0550293 ], [ -61.0504883, 8.9743652 ], [ -61.0691895, 8.9473145 ], [ -61.0599609, 8.8470215 ], [ -60.9979004, 8.867334 ], [ -60.9164062, 8.8992676 ] ] ], [ [ [ -60.1674805, 8.6169922 ], [ -60.3402344, 8.6287598 ], [ -60.4044922, 8.6102539 ], [ -60.4814941, 8.5472656 ], [ -60.8009766, 8.5921387 ], [ -60.8652344, 8.5788086 ], [ -61.0359863, 8.4931152 ], [ -61.19375, 8.4875977 ], [ -61.3040039, 8.4104004 ], [ -61.4425781, 8.5086914 ], [ -61.5269043, 8.5461426 ], [ -61.6187012, 8.5974609 ], [ -61.2472656, 8.6003418 ], [ -61.1758789, 8.7253906 ], [ -61.1223633, 8.8433594 ], [ -61.0988281, 8.9413086 ], [ -61.0929687, 8.9657715 ], [ -61.0535645, 9.0352539 ], [ -61.0530762, 9.0951172 ], [ -61.0231445, 9.1545898 ], [ -60.9710449, 9.2151855 ], [ -60.8409668, 9.2636719 ], [ -60.7924805, 9.3607422 ], [ -60.8740723, 9.4533203 ], [ -61.0133789, 9.5564453 ], [ -61.2344238, 9.5976074 ], [ -61.309375, 9.6330566 ], [ -61.512304699999987, 9.8475098 ], [ -61.5888672, 9.8945312 ], [ -61.6253906, 9.8164551 ], [ -61.765918, 9.8138184 ], [ -61.7591797, 9.7544434 ], [ -61.7317383, 9.7024902 ], [ -61.7359375, 9.6312012 ], [ -61.7587402, 9.6765137 ], [ -61.8053711, 9.7055176 ], [ -61.8311523, 9.7330566 ], [ -61.8372559, 9.7820801 ], [ -61.9085938, 9.8699219 ], [ -62.016503899999989, 9.9546875 ], [ -62.0770996, 9.9750488 ], [ -62.1196289, 9.9848633 ], [ -62.1553223, 9.979248 ], [ -62.1474609, 9.953418 ], [ -62.170312499999987, 9.8794922 ], [ -62.1533691, 9.8217773 ], [ -62.1719727, 9.826709 ], [ -62.1904297, 9.8421875 ], [ -62.2211426, 9.8825684 ], [ -62.256738299999988, 9.8188965 ], [ -62.2806641, 9.7929688 ], [ -62.299804699999989, 9.7881836 ], [ -62.3204102, 9.7830566 ], [ -62.4009277, 9.9184082 ], [ -62.5151367, 10.176123 ], [ -62.5503418, 10.2004395 ], [ -62.6004883, 10.2172852 ], [ -62.6079102, 10.1634277 ], [ -62.6004883, 10.1169434 ], [ -62.6511719, 10.0706543 ], [ -62.7405762, 10.0561523 ], [ -62.6946777, 10.1000977 ], [ -62.6616211, 10.198584 ], [ -62.6858398, 10.2897949 ], [ -62.7062988, 10.3330566 ], [ -62.78125, 10.3992187 ], [ -62.8129395, 10.3999023 ], [ -62.8430176, 10.4179199 ], [ -62.8429688, 10.5072266 ], [ -62.9135742, 10.5314941 ], [ -62.6935547, 10.5629883 ], [ -62.3799805, 10.546875 ], [ -62.2329102, 10.6339844 ], [ -62.0404297, 10.6453613 ], [ -61.9213867, 10.6814453 ], [ -61.879492199999987, 10.7410156 ], [ -62.2422852, 10.6995605 ], [ -62.7023437, 10.7498047 ], [ -62.9467285, 10.7070801 ], [ -63.035498, 10.7201172 ], [ -63.1898926, 10.7091797 ], [ -63.4967773, 10.6432617 ], [ -63.8734375, 10.6637695 ], [ -64.2019531, 10.632666 ], [ -64.2981934, 10.6351562 ], [ -64.2475098, 10.5425781 ], [ -64.1579102, 10.579248 ], [ -63.8626953, 10.5581543 ], [ -63.7318848, 10.503418 ], [ -63.7790527, 10.4719238 ], [ -63.8336914, 10.4485352 ], [ -64.1883301, 10.4578125 ], [ -64.8504883, 10.0980957 ], [ -64.944043, 10.0950195 ], [ -65.023291, 10.0766602 ], [ -65.1291016, 10.0700684 ], [ -65.3173828, 10.1223633 ], [ -65.4893555, 10.1594238 ], [ -65.6558594, 10.2284668 ], [ -65.8517578, 10.2577637 ], [ -66.0904785, 10.4729492 ], [ -66.0921387, 10.5170898 ], [ -66.1058594, 10.5746094 ], [ -66.2472168, 10.6322266 ], [ -66.9890625, 10.6106445 ], [ -67.1333008, 10.5704102 ], [ -67.5813477, 10.5237305 ], [ -67.8716309, 10.4720703 ], [ -68.1399414, 10.4927246 ], [ -68.234082, 10.5691406 ], [ -68.2962891, 10.6893555 ], [ -68.324707, 10.8087402 ], [ -68.2720703, 10.8800293 ], [ -68.3248047, 10.9493164 ], [ -68.3431641, 11.052832 ], [ -68.3986328, 11.1609863 ], [ -68.6162109, 11.309375 ], [ -68.8279785, 11.4317383 ], [ -69.0545898, 11.4610352 ], [ -69.2325684, 11.518457 ], [ -69.5257324, 11.4995117 ], [ -69.5698242, 11.4854492 ], [ -69.6315918, 11.4799316 ], [ -69.7119141, 11.564209 ], [ -69.7624023, 11.6760254 ], [ -69.8105469, 11.8368652 ], [ -69.8306152, 11.9956055 ], [ -69.8601074, 12.0541992 ], [ -69.9143555, 12.1145996 ], [ -70.0039551, 12.1778809 ], [ -70.1220215, 12.1366211 ], [ -70.2027832, 12.0983887 ], [ -70.2451172, 12.0035156 ], [ -70.2865234, 11.8860352 ], [ -70.2200195, 11.7300781 ], [ -70.2201172, 11.6808594 ], [ -70.1925781, 11.6246094 ], [ -69.9109375, 11.6721191 ], [ -69.817334, 11.6720703 ], [ -69.7729004, 11.5413086 ], [ -69.8047852, 11.4742187 ], [ -69.8853516, 11.4443359 ], [ -70.048535200000018, 11.5303223 ], [ -70.0971191, 11.5197754 ], [ -70.1599609, 11.4280762 ], [ -70.2325195, 11.372998 ], [ -70.5456055, 11.261377 ], [ -70.8205078, 11.2084473 ], [ -71.2643555, 10.9995117 ], [ -71.4695312, 10.9641602 ], [ -71.4611328, 10.8356445 ], [ -71.5446289, 10.7787109 ], [ -71.5178711, 10.6218262 ], [ -71.4942383, 10.5332031 ], [ -71.462793, 10.4692383 ], [ -71.3866211, 10.2637695 ], [ -71.262207, 10.1436035 ], [ -71.2072266, 10.0145996 ], [ -71.0817383, 9.8332031 ], [ -71.0526855, 9.7058105 ], [ -71.078418, 9.510791 ], [ -71.0858398, 9.3482422 ], [ -71.2053711, 9.2224609 ], [ -71.2414062, 9.1604492 ], [ -71.2979492, 9.1256348 ], [ -71.5366211, 9.048291 ], [ -71.6195312, 9.0479492 ], [ -71.6867188, 9.0725098 ], [ -71.7401367, 9.1338867 ], [ -71.7813477, 9.25 ], [ -71.7607422, 9.3357422 ], [ -71.8056641, 9.3864258 ], [ -71.8730469, 9.4276367 ], [ -71.976269500000015, 9.5532227 ], [ -71.9932617, 9.6415039 ], [ -72.1128418, 9.8155762 ], [ -71.9557129, 10.1080566 ], [ -71.8847656, 10.1672363 ], [ -71.7935059, 10.3159668 ], [ -71.6648437, 10.44375 ], [ -71.5943359, 10.657373 ], [ -71.5984375, 10.7262207 ], [ -71.6904297, 10.835498 ], [ -71.7309082, 10.9946777 ], [ -71.6756836, 10.9967285 ], [ -71.6416016, 11.0135254 ], [ -71.7914551, 11.1350586 ], [ -71.8351074, 11.190332 ], [ -71.9469727, 11.4144531 ], [ -71.9572266, 11.4828125 ], [ -71.9569336, 11.5699219 ], [ -71.9075195, 11.607959 ], [ -71.8686523, 11.6273437 ], [ -71.4883789, 11.71875 ], [ -71.414550800000015, 11.7551758 ], [ -71.3494141, 11.8149414 ], [ -71.3197266, 11.8619141 ], [ -71.3555664, 11.8497559 ], [ -71.4001953, 11.8235352 ], [ -71.536084, 11.7740723 ], [ -71.7194824, 11.7268555 ], [ -71.9581055, 11.6664062 ], [ -72.0123047, 11.6019531 ], [ -72.2484863, 11.1964355 ], [ -72.4460937, 11.1142578 ], [ -72.5180176, 11.0539062 ], [ -72.5722656, 10.9771484 ], [ -72.6900879, 10.8358398 ], [ -72.7391602, 10.7271973 ], [ -72.8693359, 10.4912598 ], [ -72.9403809, 10.195752 ], [ -72.9673828, 10.0297363 ], [ -73.006543, 9.7891602 ], [ -73.0640625, 9.6682129 ], [ -73.1412598, 9.5546387 ], [ -73.2242676, 9.4436035 ], [ -73.2956543, 9.3220215 ], [ -73.3563477, 9.2268555 ], [ -73.3662109, 9.1941406 ], [ -73.3367187, 9.1679199 ], [ -73.1931641, 9.1941406 ], [ -73.1367188, 9.2228027 ], [ -73.0583984, 9.2595703 ], [ -73.0092773, 9.2399414 ], [ -72.9601563, 9.1351562 ], [ -72.9044434, 9.1220703 ], [ -72.8520996, 9.1351562 ], [ -72.7963867, 9.1089844 ], [ -72.7255371, 8.848291 ], [ -72.6654297, 8.6275879 ], [ -72.52573240000001, 8.4896973 ], [ -72.4165527, 8.3819824 ], [ -72.390332, 8.2870605 ], [ -72.3641602, 8.1527832 ], [ -72.3576172, 8.0873047 ], [ -72.3916992, 8.0477051 ], [ -72.4460449, 7.9661133 ], [ -72.4595703, 7.8098633 ], [ -72.4688965, 7.757959 ], [ -72.4789551, 7.6132324 ], [ -72.4719727, 7.5242676 ], [ -72.4429687, 7.4548828 ], [ -72.3946289, 7.4150879 ], [ -72.2963379, 7.3945312 ], [ -72.2077148, 7.3702637 ], [ -72.1566895, 7.249707 ], [ -72.0842773, 7.096875 ], [ -72.0066406, 7.0326172 ], [ -71.8926758, 6.990332 ], [ -71.8112793, 7.0058105 ], [ -71.6208984, 7.0329102 ], [ -71.4571289, 7.0263672 ], [ -71.2178223, 6.9852051 ], [ -71.1286133, 6.9867187 ], [ -71.0132812, 6.9944336 ], [ -70.8106934, 7.0775879 ], [ -70.7371582, 7.0900391 ], [ -70.6550781, 7.0827637 ], [ -70.5355469, 7.0405273 ], [ -70.4706543, 7.0071289 ], [ -70.3875, 6.9726074 ], [ -70.2661133, 6.9479492 ], [ -70.1881348, 6.9520508 ], [ -70.1291992, 6.9536133 ], [ -70.0950195, 6.9379395 ], [ -69.9041992, 6.7002441 ], [ -69.7389648, 6.4943848 ], [ -69.5948242, 6.3214844 ], [ -69.4392578, 6.1349121 ], [ -69.4271484, 6.1239746 ], [ -69.3570801, 6.147998 ], [ -69.3108398, 6.1375977 ], [ -69.2681641, 6.099707 ], [ -69.194531200000014, 6.115332 ], [ -69.0899414, 6.184375 ], [ -68.937207, 6.1981934 ], [ -68.7364746, 6.1567871 ], [ -68.4717773, 6.156543 ], [ -68.1430664, 6.1975098 ], [ -67.9388672, 6.2419434 ], [ -67.8591797, 6.2898926 ], [ -67.7271484, 6.2849609 ], [ -67.5680664, 6.2417969 ], [ -67.4819824, 6.1802734 ], [ -67.471582, 6.1197754 ], [ -67.4393555, 6.0255371 ], [ -67.473877, 5.9299805 ], [ -67.5751953, 5.8331055 ], [ -67.6313477, 5.709375 ], [ -67.6422852, 5.5587891 ], [ -67.6946289, 5.4475098 ], [ -67.7884277, 5.3754883 ], [ -67.8249023, 5.270459 ], [ -67.8041992, 5.1325195 ], [ -67.8143066, 4.9308105 ], [ -67.8552734, 4.6654785 ], [ -67.8552734, 4.5068848 ], [ -67.8143066, 4.4550781 ], [ -67.7954102, 4.3807129 ], [ -67.7986328, 4.2838867 ], [ -67.7832031, 4.1982422 ], [ -67.7323242, 4.0865234 ], [ -67.6616211, 3.8642578 ], [ -67.6025391, 3.7687988 ], [ -67.551123, 3.7338379 ], [ -67.4986816, 3.6911133 ], [ -67.3477051, 3.4637695 ], [ -67.3111328, 3.4158691 ], [ -67.322168, 3.3739746 ], [ -67.3362793, 3.342627 ], [ -67.3536133, 3.3226562 ], [ -67.5148438, 3.1872559 ], [ -67.8347656, 2.8928223 ], [ -67.8612305, 2.8553223 ], [ -67.859082, 2.7936035 ], [ -67.766455100000016, 2.8333008 ], [ -67.6672363, 2.8001953 ], [ -67.6187012, 2.7936035 ], [ -67.5966797, 2.7693359 ], [ -67.5680176, 2.6899414 ], [ -67.5349609, 2.6767578 ], [ -67.4864258, 2.6436523 ], [ -67.3916016, 2.5599121 ], [ -67.3122559, 2.4716797 ], [ -67.2527344, 2.4294434 ], [ -67.2108398, 2.3901367 ], [ -67.1976074, 2.3327637 ], [ -67.2152344, 2.2754883 ], [ -67.1654785, 2.1425781 ], [ -67.1314453, 2.1012695 ], [ -67.1138184, 2.0505859 ], [ -67.1314453, 1.9998535 ], [ -67.0895508, 1.940332 ], [ -67.0438965, 1.8231934 ], [ -66.9881348, 1.6801758 ], [ -66.981543, 1.6007812 ], [ -66.9583496, 1.564209 ], [ -66.9311035, 1.4580078 ], [ -66.8844727, 1.358252 ], [ -66.8955078, 1.2898926 ], [ -66.8760254, 1.2230469 ], [ -66.619043, 0.9921387 ], [ -66.429248, 0.8216797 ], [ -66.3471191, 0.7671875 ], [ -66.3016602, 0.7519531 ], [ -66.1912109, 0.7632812 ], [ -66.0600586, 0.7853516 ], [ -65.9963379, 0.8097656 ], [ -65.9258789, 0.8631348 ], [ -65.8113281, 0.9372559 ], [ -65.7181152, 0.9780273 ], [ -65.6814453, 0.9834473 ], [ -65.6446777, 0.9703613 ], [ -65.5660156, 0.9260742 ], [ -65.522998, 0.8434082 ], [ -65.5626953, 0.7475098 ], [ -65.5560547, 0.6879883 ], [ -65.4733887, 0.6912598 ], [ -65.4072266, 0.7904785 ], [ -65.3608398, 0.8686523 ], [ -65.2639648, 0.9318848 ], [ -65.1696289, 1.0222168 ], [ -65.1037598, 1.1081055 ], [ -65.0265625, 1.1584473 ], [ -64.9101074, 1.2197266 ], [ -64.8179687, 1.2571289 ], [ -64.731543, 1.2533203 ], [ -64.6674316, 1.2938477 ], [ -64.584375, 1.369873 ], [ -64.5262695, 1.4310059 ], [ -64.4860352, 1.4527832 ], [ -64.405127, 1.446875 ], [ -64.3041992, 1.4552734 ], [ -64.2050293, 1.5294922 ], [ -64.1148437, 1.6192871 ], [ -64.067041, 1.7705078 ], [ -64.0354492, 1.9044434 ], [ -64.0084961, 1.9315918 ], [ -63.9757812, 1.9530273 ], [ -63.9371582, 1.9669922 ], [ -63.8444824, 1.976709 ], [ -63.6821289, 2.0481445 ], [ -63.5702637, 2.1205078 ], [ -63.463916, 2.1360352 ], [ -63.4325195, 2.1555664 ], [ -63.3939453, 2.2225098 ], [ -63.3748535, 2.3404297 ], [ -63.3892578, 2.4119141 ], [ -63.5846191, 2.4339355 ], [ -63.7125488, 2.4340332 ], [ -63.9241699, 2.4524414 ], [ -64.0249023, 2.4818848 ], [ -64.046582, 2.5023926 ], [ -64.0488281, 2.5250977 ], [ -64.0287109, 2.5760742 ], [ -64.0090332, 2.671875 ], [ -64.037793, 2.8015137 ], [ -64.1435547, 3.0048828 ], [ -64.2188477, 3.2046875 ], [ -64.2287598, 3.3439941 ], [ -64.2270508, 3.4912109 ], [ -64.2210938, 3.5874023 ], [ -64.275293, 3.6626953 ], [ -64.5679199, 3.8998047 ], [ -64.6689941, 4.0118164 ], [ -64.7025879, 4.0893066 ], [ -64.8178711, 4.2322754 ], [ -64.7886719, 4.2760254 ], [ -64.7222656, 4.2744141 ], [ -64.6655273, 4.2371094 ], [ -64.6136719, 4.1577148 ], [ -64.5763672, 4.1398926 ], [ -64.5255371, 4.1399902 ], [ -64.2556641, 4.140332 ], [ -64.1924805, 4.1268555 ], [ -64.1542969, 4.1001465 ], [ -64.1217285, 4.0669922 ], [ -64.0733887, 3.9744141 ], [ -64.0214844, 3.9291016 ], [ -63.9146484, 3.9306641 ], [ -63.7469727, 3.9325684 ], [ -63.6529297, 3.9408203 ], [ -63.596630899999987, 3.9150391 ], [ -63.5268066, 3.8937012 ], [ -63.3797852, 3.9428711 ], [ -63.3386719, 3.9438965 ], [ -63.2947266, 3.9222656 ], [ -63.1362305, 3.7564453 ], [ -63.0453125, 3.6864746 ], [ -62.9686523, 3.5939453 ], [ -62.8569824, 3.593457 ], [ -62.7645996, 3.6729492 ], [ -62.7399414, 3.940332 ], [ -62.7121094, 4.0179199 ], [ -62.665332, 4.0396484 ], [ -62.6097656, 4.0422852 ], [ -62.5439453, 4.0843262 ], [ -62.4725586, 4.1385254 ], [ -62.4106445, 4.1567383 ], [ -62.153125, 4.0983887 ], [ -62.0815918, 4.1263184 ], [ -61.8208496, 4.1970215 ], [ -61.554248, 4.287793 ], [ -61.4793945, 4.4022461 ], [ -61.3675293, 4.4330078 ], [ -61.2800781, 4.5168945 ], [ -61.2094238, 4.5080566 ], [ -61.1024414, 4.5046875 ], [ -61.0362793, 4.5193359 ], [ -61.002832, 4.5352539 ], [ -60.9664062, 4.574707 ], [ -60.90625, 4.6868164 ], [ -60.8333984, 4.7291992 ], [ -60.741748, 4.7741211 ], [ -60.6791504, 4.8270996 ], [ -60.6275879, 4.8925293 ], [ -60.6038574, 4.9493652 ], [ -60.6044922, 4.9945801 ], [ -60.6350098, 5.0819824 ], [ -60.6719727, 5.1643555 ], [ -60.7119629, 5.1915527 ], [ -60.7421387, 5.2020508 ], [ -60.9540039, 5.4374023 ], [ -61.1671875, 5.6742187 ], [ -61.376806599999988, 5.9069824 ], [ -61.390820299999987, 5.9387695 ], [ -61.303125, 6.0495117 ], [ -61.2249512, 6.1291992 ], [ -61.1594727, 6.1744141 ], [ -61.1287109, 6.2143066 ], [ -61.1522949, 6.3851074 ], [ -61.1510254, 6.4465332 ], [ -61.1815918, 6.5133789 ], [ -61.2036133, 6.5883789 ], [ -61.1772461, 6.6509277 ], [ -61.145605499999988, 6.6945312 ], [ -61.1047852, 6.711377 ], [ -61.0070801, 6.7266113 ], [ -60.9379883, 6.7327637 ], [ -60.9135742, 6.7578125 ], [ -60.8733398, 6.7869141 ], [ -60.8208496, 6.7884766 ], [ -60.7179199, 6.7683105 ], [ -60.6710449, 6.805957 ], [ -60.586084, 6.8570801 ], [ -60.3950195, 6.9453613 ], [ -60.352099599999988, 7.0028809 ], [ -60.3220703, 7.092041 ], [ -60.3254883, 7.1339844 ], [ -60.3450684, 7.15 ], [ -60.3923828, 7.1645508 ], [ -60.4649414, 7.1665527 ], [ -60.5231934, 7.1437012 ], [ -60.5832031, 7.1562012 ], [ -60.6333008, 7.211084 ], [ -60.6361816, 7.2565918 ], [ -60.606543, 7.3208496 ], [ -60.6237305, 7.3633301 ], [ -60.7192383, 7.4986816 ], [ -60.7186523, 7.5359375 ], [ -60.6494629, 7.5966309 ], [ -60.6101074, 7.6483398 ], [ -60.556347699999989, 7.7720215 ], [ -60.513623, 7.8131836 ], [ -60.3806152, 7.8276367 ], [ -60.3467773, 7.8540039 ], [ -60.2789062, 7.9194336 ], [ -60.1781738, 7.994043 ], [ -60.0324219, 8.0535645 ], [ -59.9907227, 8.1620117 ], [ -59.9648438, 8.1916016 ], [ -59.8490723, 8.2486816 ], [ -59.8289062, 8.2791504 ], [ -59.8316406, 8.305957 ], [ -60.0175293, 8.5493164 ], [ -60.1674805, 8.6169922 ] ] ] ] } },
{ "type": "Feature", "properties": { "iso3": "URY", "territorio": "Uruguay", "value": 2.3733899593353298, "color": "#FECC5C" }, "geometry": { "type": "MultiPolygon", "coordinates": [ [ [ [ -53.3975586, -33.7373047 ], [ -53.4635742, -33.7098633 ], [ -53.5188477, -33.6772461 ], [ -53.5313477, -33.6554688 ], [ -53.5376465, -33.6228516 ], [ -53.5303711, -33.500293 ], [ -53.5313477, -33.1708984 ], [ -53.5118652, -33.1086914 ], [ -53.4828613, -33.0685547 ], [ -53.3952148, -33.0103516 ], [ -53.3101074, -32.9270508 ], [ -53.2140625, -32.8210938 ], [ -53.1255859, -32.7367188 ], [ -53.1572754, -32.680078099999989 ], [ -53.23125, -32.6253906 ], [ -53.3627441, -32.5811523 ], [ -53.4894043, -32.5032227 ], [ -53.601709, -32.4030273 ], [ -53.6536133, -32.2987305 ], [ -53.701123, -32.1863281 ], [ -53.746582, -32.0974609 ], [ -53.7617188, -32.0568359 ], [ -53.8061035, -32.0399414 ], [ -53.8765137, -31.9945313 ], [ -53.9206055, -31.9523438 ], [ -53.9851562, -31.928125 ], [ -54.1004395, -31.9015625 ], [ -54.2205566, -31.8551758 ], [ -54.3699219, -31.7450195 ], [ -54.4776855, -31.6227539 ], [ -54.5309082, -31.5419922 ], [ -54.5876465, -31.4851562 ], [ -54.8959961, -31.3912109 ], [ -55.0360352, -31.27900390000001 ], [ -55.0911621, -31.3139648 ], [ -55.1735352, -31.2795898 ], [ -55.2546387, -31.2255859 ], [ -55.2789551, -31.1841797 ], [ -55.3132812, -31.1416992 ], [ -55.3455078, -31.0929688 ], [ -55.3660645, -31.0461914 ], [ -55.4495605, -30.9644531 ], [ -55.5573242, -30.8759766 ], [ -55.6030273, -30.8507813 ], [ -55.6271484, -30.8581055 ], [ -55.6504883, -30.8920898 ], [ -55.6652344, -30.9249023 ], [ -55.705957, -30.946582 ], [ -55.7563477, -30.9871094 ], [ -55.807763699999988, -31.0367188 ], [ -55.8736816, -31.0696289 ], [ -55.952002, -31.0808594 ], [ -56.0046875, -31.0791992 ], [ -56.0155273, -31.059668 ], [ -56.018457, -30.9918945 ], [ -55.9989746, -30.837207 ], [ -56.0448242, -30.7776367 ], [ -56.1058594, -30.7137695 ], [ -56.1761719, -30.628418 ], [ -56.4072266, -30.4474609 ], [ -56.7216797, -30.1869141 ], [ -56.8327148, -30.1072266 ], [ -56.9372559, -30.1010742 ], [ -57.0327148, -30.1099609 ], [ -57.1205078, -30.1444336 ], [ -57.1869141, -30.2648438 ], [ -57.2144531, -30.2833984 ], [ -57.3838379, -30.2806641 ], [ -57.5522949, -30.2612305 ], [ -57.6088867, -30.187793 ], [ -57.645752, -30.2269531 ], [ -57.6508789, -30.2950195 ], [ -57.7126953, -30.3844727 ], [ -57.8312012, -30.4952148 ], [ -57.8725098, -30.5910156 ], [ -57.8185547, -30.7120117 ], [ -57.8105957, -30.8585938 ], [ -57.834082, -30.9174805 ], [ -57.8863281, -30.9374023 ], [ -57.898291, -30.97519530000001 ], [ -57.8700684, -31.0310547 ], [ -57.8684082, -31.1043945 ], [ -57.893359399999987, -31.1953125 ], [ -57.9483398, -31.2994141 ], [ -58.0333984, -31.4166016 ], [ -58.0538574, -31.4949219 ], [ -58.009668, -31.534375 ], [ -57.9879883, -31.5761719 ], [ -57.9888672, -31.6206055 ], [ -58.0069824, -31.6849609 ], [ -58.042334, -31.7692383 ], [ -58.0958496, -31.8318359 ], [ -58.1674805, -31.8726563 ], [ -58.1890137, -31.9242188 ], [ -58.1604004, -31.9865234 ], [ -58.1563477, -32.0515625 ], [ -58.177002, -32.119043 ], [ -58.1647949, -32.184863299999989 ], [ -58.1197266, -32.2489258 ], [ -58.1230469, -32.321875 ], [ -58.2011719, -32.4716797 ], [ -58.162207, -32.5665039 ], [ -58.1295898, -32.757226599999989 ], [ -58.0823242, -32.8936523 ], [ -58.0926758, -32.9673828 ], [ -58.1535645, -33.0646484 ], [ -58.221582, -33.1291016 ], [ -58.2921875, -33.137988299999989 ], [ -58.3635254, -33.1823242 ], [ -58.3533691, -33.2600586 ], [ -58.4113281, -33.5088867 ], [ -58.4381348, -33.7191406 ], [ -58.4001953, -33.9124023 ], [ -58.207031199999989, -34.109082 ], [ -57.9612305, -34.3069336 ], [ -57.9021484, -34.3901367 ], [ -57.8732422, -34.4476563 ], [ -57.8291016, -34.4773438 ], [ -57.543457, -34.4480469 ], [ -57.1707031, -34.4523438 ], [ -56.8551758, -34.6766602 ], [ -56.4630859, -34.7753906 ], [ -56.3878418, -34.8610352 ], [ -56.2499512, -34.9012695 ], [ -56.1946289, -34.9064453 ], [ -56.1179199, -34.9079102 ], [ -55.8629395, -34.8109375 ], [ -55.6731445, -34.7756836 ], [ -55.3706055, -34.8076172 ], [ -55.2378906, -34.895800799999989 ], [ -55.0951172, -34.8951172 ], [ -54.9022949, -34.9328125 ], [ -54.365332, -34.7327148 ], [ -54.2721191, -34.6668945 ], [ -54.1685547, -34.6707031 ], [ -54.010253899999988, -34.5169922 ], [ -53.7853027, -34.3803711 ], [ -53.7429199, -34.2495117 ], [ -53.5345215, -34.0174805 ], [ -53.472460899999987, -33.8493164 ], [ -53.4195801, -33.7791992 ], [ -53.370605499999989, -33.7421875 ], [ -53.3975586, -33.7373047 ] ] ] ] } },
{ "type": "Feature", "properties": { "iso3": "VIR", "territorio": "United States Virgin Islands", "value": null, "color": "#CCCCCC" }, "geometry": { "type": "MultiPolygon", "coordinates": [ [ [ [ -64.8891113, 18.3742187 ], [ -64.942041, 18.3852051 ], [ -65.0236328, 18.3675781 ], [ -64.9199707, 18.3212891 ], [ -64.8450195, 18.3300781 ], [ -64.8891113, 18.3742187 ] ] ], [ [ [ -64.7524414, 18.3719727 ], [ -64.7876953, 18.3411133 ], [ -64.7706055, 18.3315918 ], [ -64.7259766, 18.3278809 ], [ -64.6598145, 18.3543457 ], [ -64.7524414, 18.3719727 ] ] ], [ [ [ -64.8847168, 17.7722656 ], [ -64.8891113, 17.701709 ], [ -64.6862793, 17.7061035 ], [ -64.5804688, 17.7501953 ], [ -64.6818359, 17.7501953 ], [ -64.765625, 17.7943359 ], [ -64.8847168, 17.7722656 ] ] ] ] } },
{ "type": "Feature", "properties": { "iso3": "PRI", "territorio": "Puerto Rico", "value": null, "color": "#CCCCCC" }, "geometry": { "type": "MultiPolygon", "coordinates": [ [ [ [ -66.1530762, 18.4706543 ], [ -66.1885742, 18.4757812 ], [ -66.8128906, 18.4925293 ], [ -67.0596191, 18.522168 ], [ -67.1130371, 18.5147949 ], [ -67.1586426, 18.4992187 ], [ -67.1717773, 18.435791 ], [ -67.2133789, 18.3936035 ], [ -67.2640625, 18.3645996 ], [ -67.2389648, 18.3206543 ], [ -67.2041504, 18.2833984 ], [ -67.1724609, 18.2242187 ], [ -67.1743164, 18.1525391 ], [ -67.196875, 17.9941895 ], [ -67.1423828, 17.9666992 ], [ -67.0133301, 17.9678711 ], [ -66.9612305, 17.9537598 ], [ -66.9, 17.9479004 ], [ -66.8375977, 17.9550781 ], [ -66.7724121, 17.9865723 ], [ -66.5984375, 17.9778809 ], [ -66.510791, 17.9870117 ], [ -66.4085449, 17.9505859 ], [ -66.3257812, 17.9641602 ], [ -66.2858887, 17.9499512 ], [ -66.2450195, 17.9472656 ], [ -66.135498, 17.9494629 ], [ -65.9708008, 17.9743652 ], [ -65.8341309, 18.0573242 ], [ -65.7822266, 18.1286133 ], [ -65.7184082, 18.1866699 ], [ -65.6208496, 18.242334 ], [ -65.6288086, 18.3813965 ], [ -65.7555664, 18.4016113 ], [ -65.8787598, 18.4438477 ], [ -66.0704102, 18.4689941 ], [ -66.0926758, 18.4689941 ], [ -66.0684082, 18.4280273 ], [ -66.0984863, 18.4251953 ], [ -66.1293945, 18.4449219 ], [ -66.1530762, 18.4706543 ] ] ], [ [ [ -65.294873, 18.1333496 ], [ -65.3026855, 18.1443848 ], [ -65.3662109, 18.161084 ], [ -65.4771484, 18.1650391 ], [ -65.5722168, 18.1373047 ], [ -65.5550781, 18.107666 ], [ -65.5040039, 18.0995117 ], [ -65.4255859, 18.1056152 ], [ -65.294873, 18.1333496 ] ] ], [ [ [ -67.8681152, 18.062793 ], [ -67.8667969, 18.0706543 ], [ -67.8634277, 18.0751953 ], [ -67.8591797, 18.0795898 ], [ -67.8490723, 18.0970215 ], [ -67.8433594, 18.1039551 ], [ -67.8436523, 18.1110352 ], [ -67.8551758, 18.1211426 ], [ -67.861084, 18.1225586 ], [ -67.9189453, 18.1208984 ], [ -67.9306152, 18.1151367 ], [ -67.9370605, 18.1006348 ], [ -67.9303711, 18.0869141 ], [ -67.9019043, 18.071875 ], [ -67.895459, 18.062793 ], [ -67.8911621, 18.0599121 ], [ -67.8818359, 18.0589355 ], [ -67.8724609, 18.0598633 ], [ -67.8681152, 18.062793 ] ] ] ] } },
{ "type": "Feature", "properties": { "iso3": "USA", "territorio": "United States", "value": null, "color": "#CCCCCC" }, "geometry": { "type": "MultiPolygon", "coordinates": [ [ [ [ -132.714453099999986, 56.5425293 ], [ -132.6342285, 56.5534668 ], [ -132.567968799999989, 56.5758301 ], [ -132.5986816, 56.6357422 ], [ -132.6558594, 56.6847168 ], [ -132.8425293, 56.7947754 ], [ -132.870654299999984, 56.6963867 ], [ -132.906543, 56.6374023 ], [ -132.9362305, 56.6068359 ], [ -132.94804689999998, 56.5672363 ], [ -132.9308105, 56.5244629 ], [ -132.8847168, 56.5124512 ], [ -132.7576172, 56.5110352 ], [ -132.746875, 56.5256836 ], [ -132.714453099999986, 56.5425293 ] ] ], [ [ [ -132.669384799999989, 56.2873047 ], [ -132.646582, 56.3131836 ], [ -132.6575684, 56.3393066 ], [ -132.652832, 56.3643555 ], [ -132.6322754, 56.3882812 ], [ -132.629101599999984, 56.4119141 ], [ -132.64335939999998, 56.4351562 ], [ -132.706054699999981, 56.4484863 ], [ -132.902050799999984, 56.4537598 ], [ -132.935498, 56.4417969 ], [ -133.0170898, 56.3919922 ], [ -133.0376465, 56.3648438 ], [ -133.035009799999983, 56.340918 ], [ -132.8914551, 56.2594238 ], [ -132.830957, 56.2441406 ], [ -132.7798828, 56.2472656 ], [ -132.669384799999989, 56.2873047 ] ] ], [ [ [ -134.398877, 58.287207 ], [ -134.519970699999988, 58.3325195 ], [ -134.647998, 58.3124023 ], [ -134.661572299999989, 58.290918 ], [ -134.5939941, 58.2431152 ], [ -134.45625, 58.206543 ], [ -134.319873, 58.2041016 ], [ -134.3127441, 58.2289062 ], [ -134.398877, 58.287207 ] ] ], [ [ [ -145.1024414, 60.3882324 ], [ -145.128125, 60.401123 ], [ -145.284277299999985, 60.3368164 ], [ -145.237646499999983, 60.3213379 ], [ -145.1504883, 60.3126465 ], [ -145.1185059, 60.3371094 ], [ -145.1024414, 60.3882324 ] ] ], [ [ [ -144.403222699999986, 59.9210937 ], [ -144.2489746, 59.9821289 ], [ -144.2357422, 60.015185499999987 ], [ -144.3539551, 59.9961914 ], [ -144.4449219, 59.9506836 ], [ -144.541552699999983, 59.8782227 ], [ -144.613574199999988, 59.8126465 ], [ -144.565625, 59.8184082 ], [ -144.403222699999986, 59.9210937 ] ] ], [ [ [ -147.914209, 60.092334 ], [ -148.07958979999998, 60.1516602 ], [ -148.230664099999984, 60.1135254 ], [ -148.271875, 60.053271499999987 ], [ -148.074169899999987, 60.0347168 ], [ -148.0217773, 60.065332 ], [ -147.914209, 60.092334 ] ] ], [ [ [ -151.9869141, 60.3739746 ], [ -151.887304699999987, 60.4727051 ], [ -151.8994141, 60.4903809 ], [ -151.9597168, 60.5037598 ], [ -152.004492199999987, 60.4074219 ], [ -152.069043, 60.3580566 ], [ -152.020752, 60.3617188 ], [ -151.9869141, 60.3739746 ] ] ], [ [ [ -160.362304699999981, 55.3569824 ], [ -160.4929199, 55.3523437 ], [ -160.5174805, 55.3338379 ], [ -160.480761699999988, 55.3089844 ], [ -160.3433105, 55.2587891 ], [ -160.3292969, 55.3376953 ], [ -160.362304699999981, 55.3569824 ] ] ], [ [ [ -159.363183599999985, 54.9995117 ], [ -159.3904297, 55.040869099999988 ], [ -159.4619141, 55.0587891 ], [ -159.4584961, 55.034960899999987 ], [ -159.4213379, 54.978125 ], [ -159.394482399999987, 54.967334 ], [ -159.362011699999982, 54.9724121 ], [ -159.363183599999985, 54.9995117 ] ] ], [ [ [ -159.5450684, 55.2259766 ], [ -159.574755899999985, 55.2177246 ], [ -159.5952637, 55.1820312 ], [ -159.58803709999998, 55.165332 ], [ -159.597949199999988, 55.1256836 ], [ -159.6396484, 55.1239746 ], [ -159.63540039999998, 55.1023438 ], [ -159.6484863, 55.0745605 ], [ -159.6177246, 55.0573242 ], [ -159.561474600000025, 55.0809082 ], [ -159.534960899999987, 55.0596191 ], [ -159.520410199999986, 55.072168 ], [ -159.5151367, 55.1518555 ], [ -159.5450684, 55.2259766 ] ] ], [ [ [ -166.183740199999988, 53.7568848 ], [ -166.138623, 53.7874023 ], [ -166.102685499999978, 53.8328125 ], [ -166.113720699999988, 53.8430664 ], [ -166.154541, 53.836132799999987 ], [ -166.1877441, 53.8224609 ], [ -166.234375, 53.7841797 ], [ -166.2507324, 53.767773399999989 ], [ -166.249414100000024, 53.745166 ], [ -166.2238281, 53.7204102 ], [ -166.2097656, 53.723291 ], [ -166.183740199999988, 53.7568848 ] ] ], [ [ [ -176.0716309, 51.8433105 ], [ -176.1936523, 51.8862793 ], [ -176.2044434, 51.8348145 ], [ -176.0933594, 51.7904785 ], [ -176.0089844, 51.8123535 ], [ -176.0716309, 51.8433105 ] ] ], [ [ [ -165.942285199999986, 66.2781738 ], [ -165.829882799999979, 66.3171387 ], [ -165.822216799999978, 66.3280762 ], [ -166.0325195, 66.2777344 ], [ -166.1464844, 66.2371582 ], [ -166.1486328, 66.2218262 ], [ -166.1098633, 66.2274414 ], [ -165.942285199999986, 66.2781738 ] ] ], [ [ [ -171.6464844, 63.727002 ], [ -171.746386699999988, 63.7030762 ], [ -171.8035156, 63.5805176 ], [ -171.8179199, 63.529834 ], [ -171.8193848, 63.4772461 ], [ -171.790966799999978, 63.424707 ], [ -171.737841800000012, 63.3942383 ], [ -171.6318359, 63.3512207 ], [ -171.519140599999986, 63.3319824 ], [ -171.40117189999998, 63.3392578 ], [ -171.2873047, 63.372168 ], [ -171.176025399999986, 63.4162109 ], [ -171.0612305, 63.4458984 ], [ -170.9540527, 63.4529297 ], [ -170.848388699999987, 63.4443848 ], [ -170.527099599999985, 63.3792969 ], [ -170.424169899999981, 63.3492676 ], [ -170.323535199999981, 63.3111328 ], [ -170.2727051, 63.2842773 ], [ -170.2431152, 63.2322754 ], [ -170.18959959999998, 63.1963379 ], [ -170.1153809, 63.1938477 ], [ -169.988476599999984, 63.1731445 ], [ -169.863427699999988, 63.1403809 ], [ -169.8186035, 63.1223633 ], [ -169.777783199999988, 63.09375 ], [ -169.7198242, 62.9900879 ], [ -169.676367199999987, 62.9561035 ], [ -169.6228516, 62.9685547 ], [ -169.5712891, 62.9967773 ], [ -169.5592773, 63.0582031 ], [ -169.47084959999998, 63.1212891 ], [ -169.364697299999989, 63.1711426 ], [ -169.1090332, 63.1849121 ], [ -168.8523926, 63.1712402 ], [ -168.761328099999986, 63.2137695 ], [ -168.7160156, 63.3105957 ], [ -168.996044899999987, 63.3473145 ], [ -169.2210938, 63.348584 ], [ -169.2950684, 63.357519499999988 ], [ -169.4275879, 63.3483398 ], [ -169.554541, 63.3734863 ], [ -169.587207, 63.406591799999987 ], [ -169.6241211, 63.4305664 ], [ -169.777441399999987, 63.447998 ], [ -170.017382799999979, 63.491748 ], [ -170.056298799999979, 63.5271973 ], [ -170.082421899999986, 63.5766602 ], [ -170.121826199999987, 63.6175293 ], [ -170.1712891, 63.640918 ], [ -170.299365199999983, 63.6806152 ], [ -170.430419900000032, 63.6988281 ], [ -170.551855499999988, 63.6884766 ], [ -170.6725098, 63.6688477 ], [ -170.8746094, 63.5939941 ], [ -171.034863299999984, 63.585498 ], [ -171.196923799999979, 63.6091309 ], [ -171.3433594, 63.6196289 ], [ -171.447851599999979, 63.6156738 ], [ -171.46303709999998, 63.6400391 ], [ -171.6464844, 63.727002 ] ] ], [ [ [ -166.1849609, 60.3967773 ], [ -166.246972699999986, 60.3911621 ], [ -166.363867200000016, 60.3647461 ], [ -166.4203613, 60.3816895 ], [ -166.4756836, 60.3827637 ], [ -166.5989746, 60.3387695 ], [ -166.730957, 60.3162598 ], [ -166.784375, 60.2964355 ], [ -166.8363281, 60.2169922 ], [ -167.251709, 60.2335449 ], [ -167.3443359, 60.2244629 ], [ -167.4364258, 60.2066406 ], [ -167.2951172, 60.0957031 ], [ -167.1388672, 60.0085449 ], [ -166.9850586, 59.9838867 ], [ -166.627636699999982, 59.8646484 ], [ -166.3429688, 59.8344238 ], [ -166.261621099999985, 59.8148926 ], [ -166.1875488, 59.773828099999989 ], [ -166.1487305, 59.7641113 ], [ -166.106689499999987, 59.7754395 ], [ -166.1312012, 59.8197754 ], [ -166.0998535, 59.8496094 ], [ -165.9467285, 59.8900391 ], [ -165.769287099999985, 59.8932129 ], [ -165.5917969, 59.9131348 ], [ -165.605029299999984, 59.9728027 ], [ -165.6305664, 60.0283691 ], [ -165.7123535, 60.0693359 ], [ -165.706933599999985, 60.1005859 ], [ -165.714404299999984, 60.1728516 ], [ -165.6893555, 60.2241211 ], [ -165.6958008, 60.281543 ], [ -165.729687499999983, 60.314209 ], [ -165.784472699999981, 60.3355957 ], [ -165.840918, 60.3462402 ], [ -165.99492189999998, 60.3311523 ], [ -166.0436523, 60.3339355 ], [ -166.135449199999982, 60.3835449 ], [ -166.1849609, 60.3967773 ] ] ], [ [ [ -152.8503906, 57.8967773 ], [ -152.9432617, 57.9360352 ], [ -153.160449199999988, 57.971972699999988 ], [ -153.2259277, 57.9576172 ], [ -153.168847699999986, 57.9106445 ], [ -153.175195299999984, 57.8788574 ], [ -153.2010254, 57.8632813 ], [ -153.200293, 57.8200195 ], [ -153.2174805, 57.795752 ], [ -153.252392599999979, 57.7904785 ], [ -153.3571289, 57.8046875 ], [ -153.3904297, 57.798388700000018 ], [ -153.4227051, 57.7791504 ], [ -153.4540527, 57.7470215 ], [ -153.487939499999982, 57.730957 ], [ -153.5244629, 57.7310059 ], [ -153.568554700000021, 57.761084 ], [ -153.6626465, 57.857812499999987 ], [ -153.6956055, 57.8712402 ], [ -153.768994099999986, 57.8803711 ], [ -153.8058105, 57.8750977 ], [ -153.8415527, 57.8628418 ], [ -153.9044434, 57.819873 ], [ -153.9061035, 57.7907715 ], [ -153.879443399999985, 57.7571777 ], [ -153.808496099999985, 57.7147461 ], [ -153.6931641, 57.6634277 ], [ -153.690136699999982, 57.6407227 ], [ -153.79946289999998, 57.6466797 ], [ -153.8381348, 57.6358398 ], [ -153.8183594, 57.5956055 ], [ -153.7978027, 57.4432617 ], [ -153.7569336, 57.3668457 ], [ -153.6876953, 57.305127 ], [ -153.7545898, 57.3253418 ], [ -153.8054199, 57.3582031 ], [ -153.8818848, 57.4390137 ], [ -153.9473633, 57.5300781 ], [ -154.0079102, 57.5561523 ], [ -154.0158691, 57.566894499999989 ], [ -153.995019499999984, 57.5873047 ], [ -154.029834, 57.6307129 ], [ -154.1161621, 57.6512207 ], [ -154.1793457, 57.6524414 ], [ -154.2814453, 57.6380859 ], [ -154.3870605, 57.5904785 ], [ -154.535302699999988, 57.5594238 ], [ -154.6731934, 57.4460938 ], [ -154.712207, 57.3662598 ], [ -154.705957, 57.3353516 ], [ -154.5693359, 57.2059082 ], [ -154.4987793, 57.0365723 ], [ -154.338964799999985, 56.9208984 ], [ -154.260937499999983, 56.9117676 ], [ -154.2077148, 56.9638184 ], [ -154.184326199999987, 57.0053223 ], [ -154.190820299999984, 57.0361328 ], [ -154.2091309, 57.0633301 ], [ -154.239209, 57.0868652 ], [ -154.269531199999989, 57.0994629 ], [ -154.3811035, 57.0965332 ], [ -154.376806599999981, 57.1070312 ], [ -154.324414099999984, 57.1317871 ], [ -154.24375, 57.1430176 ], [ -154.1348633, 57.1407715 ], [ -154.065332, 57.1336914 ], [ -154.035058599999985, 57.1218262 ], [ -154.0254395, 57.1084961 ], [ -154.0804688, 57.0610352 ], [ -154.1029785, 57.0212402 ], [ -154.0837891, 57.0200684 ], [ -153.9993652, 57.0499512 ], [ -153.8797363, 57.0035156 ], [ -153.8041992, 56.9978027 ], [ -153.793212899999986, 56.989502 ], [ -154.0708496, 56.8206543 ], [ -154.0700195, 56.804541 ], [ -154.050781299999983, 56.7884766 ], [ -154.027343800000011, 56.7779785 ], [ -153.972705099999985, 56.7742188 ], [ -153.7572266, 56.8583496 ], [ -153.643310499999984, 56.9607422 ], [ -153.6314453, 56.9836914 ], [ -153.6330566, 57.0103516 ], [ -153.6465332, 57.0295898 ], [ -153.7325684, 57.0523438 ], [ -153.588281199999983, 57.077685499999987 ], [ -153.5244141, 57.1030762 ], [ -153.503564499999982, 57.1379883 ], [ -153.4437012, 57.1671875 ], [ -153.2743652, 57.2263672 ], [ -153.0516113, 57.2376465 ], [ -152.9902832, 57.2819824 ], [ -152.879052699999988, 57.3208008 ], [ -152.7891113, 57.3206543 ], [ -152.714062499999983, 57.330957 ], [ -152.6790527, 57.3451172 ], [ -152.6925293, 57.3795898 ], [ -152.7195312, 57.4108398 ], [ -152.7813477, 57.453418 ], [ -152.956835899999987, 57.4603516 ], [ -152.9974609, 57.4689453 ], [ -152.940771499999983, 57.4980957 ], [ -152.9121582, 57.5081543 ], [ -152.831152299999985, 57.5028809 ], [ -152.630957, 57.4718262 ], [ -152.412207, 57.4547852 ], [ -152.3808594, 57.4601074 ], [ -152.3366699, 57.4822266 ], [ -152.2162109, 57.577002 ], [ -152.215283199999988, 57.5977051 ], [ -152.236523399999982, 57.6148926 ], [ -152.4114746, 57.6460937 ], [ -152.4826172, 57.703320299999987 ], [ -152.4854004, 57.7344238 ], [ -152.41914060000002, 57.7823242 ], [ -152.4119141, 57.8059082 ], [ -152.4287598, 57.8256836 ], [ -152.511572299999983, 57.8514648 ], [ -152.6160156, 57.848877 ], [ -152.6962402, 57.8322754 ], [ -152.8501465, 57.7756836 ], [ -152.8908203, 57.7689941 ], [ -152.8980469, 57.8239258 ], [ -152.8503906, 57.8967773 ] ] ], [ [ [ -130.0140625, 55.9505371 ], [ -130.022900400000026, 56.014502 ], [ -130.055957, 56.0652344 ], [ -130.097851599999984, 56.1092773 ], [ -130.214697299999983, 56.0828125 ], [ -130.4131348, 56.1225098 ], [ -130.4770996, 56.2305664 ], [ -130.6490723, 56.2636719 ], [ -130.7416992, 56.3408203 ], [ -130.9302246, 56.3786133 ], [ -131.082910199999986, 56.404834 ], [ -131.199414099999984, 56.4492188 ], [ -131.335791, 56.5012207 ], [ -131.471875, 56.5567383 ], [ -131.575097699999986, 56.5988281 ], [ -131.651513699999981, 56.5960938 ], [ -131.824267599999985, 56.5899902 ], [ -131.833105499999988, 56.6848145 ], [ -131.885986299999985, 56.7421387 ], [ -131.8661621, 56.7928223 ], [ -131.9625, 56.8187012 ], [ -132.10429689999998, 56.8567871 ], [ -132.0628906, 56.9533691 ], [ -132.031543, 57.0265625 ], [ -132.1570312, 57.0481934 ], [ -132.3379883, 57.0794434 ], [ -132.2793945, 57.1453613 ], [ -132.2321777, 57.1985352 ], [ -132.301660199999986, 57.2763184 ], [ -132.442480499999988, 57.4067383 ], [ -132.550488299999984, 57.4999023 ], [ -132.691503899999987, 57.645117199999987 ], [ -132.815527299999985, 57.7727051 ], [ -132.916845699999982, 57.877002 ], [ -133.001416, 57.9489746 ], [ -133.120410199999981, 58.0777344 ], [ -133.275293, 58.2228516 ], [ -133.4225586, 58.3370605 ], [ -133.401123, 58.410888699999987 ], [ -133.5463867, 58.503466800000012 ], [ -133.6739258, 58.597168 ], [ -133.820752, 58.7050293 ], [ -133.965722699999986, 58.7578613 ], [ -134.0691895, 58.7955078 ], [ -134.2185059, 58.8499023 ], [ -134.2969727, 58.8984863 ], [ -134.3296387, 58.9396973 ], [ -134.363525399999986, 58.96875 ], [ -134.393066399999981, 59.0091797 ], [ -134.410205099999985, 59.05625 ], [ -134.440771499999983, 59.0853516 ], [ -134.621972699999986, 59.1553223 ], [ -134.6772461, 59.1992676 ], [ -134.8023926, 59.25 ], [ -134.90722660000003, 59.2711914 ], [ -134.94375, 59.2882813 ], [ -135.0712891, 59.4414551 ], [ -135.050830099999985, 59.4960449 ], [ -135.0366699, 59.5506836 ], [ -135.051025399999986, 59.5786621 ], [ -135.260791, 59.6950195 ], [ -135.3678711, 59.7433105 ], [ -135.4759277, 59.7932617 ], [ -135.7025879, 59.7287598 ], [ -135.934668, 59.6626465 ], [ -136.097168, 59.6383789 ], [ -136.3218262, 59.604834 ], [ -136.2471191, 59.5329102 ], [ -136.277978499999989, 59.4803223 ], [ -136.347851599999984, 59.4560547 ], [ -136.4663574, 59.459082 ], [ -136.466748, 59.2799316 ], [ -136.578759800000029, 59.1522461 ], [ -136.8132812, 59.1500488 ], [ -136.939306599999981, 59.1061035 ], [ -137.126220700000033, 59.0409668 ], [ -137.277539099999984, 58.9881836 ], [ -137.4385742, 58.903125 ], [ -137.5208984, 58.9153809 ], [ -137.4841797, 58.9912109 ], [ -137.543701199999987, 59.1194336 ], [ -137.5933105, 59.2262695 ], [ -137.6966309, 59.2811523 ], [ -137.870556599999986, 59.373584 ], [ -138.001123, 59.4429199 ], [ -138.1874512, 59.5419434 ], [ -138.317627, 59.6111328 ], [ -138.4536133, 59.6833984 ], [ -138.6322754, 59.7782715 ], [ -138.7054688, 59.9013184 ], [ -138.86875, 59.945752 ], [ -139.043457, 59.9932617 ], [ -139.1851562, 60.0835938 ], [ -139.136962899999986, 60.1727051 ], [ -139.079248, 60.2794434 ], [ -139.079248, 60.3437012 ], [ -139.2347656, 60.3397461 ], [ -139.4679688, 60.3336914 ], [ -139.676318399999985, 60.3283203 ], [ -139.8306641, 60.2528809 ], [ -139.973291, 60.1831543 ], [ -140.1969238, 60.2375 ], [ -140.452832, 60.299707 ], [ -140.5254395, 60.2183594 ], [ -140.7627441, 60.2591309 ], [ -141.002148399999982, 60.3002441 ], [ -141.002148399999982, 60.5924316 ], [ -141.002148399999982, 60.884668 ], [ -141.002148399999982, 61.1768555 ], [ -141.002148399999982, 61.469043 ], [ -141.002148399999982, 61.7612793 ], [ -141.002148399999982, 62.0534668 ], [ -141.002148399999982, 62.3457031 ], [ -141.002148399999982, 62.6378906 ], [ -141.002148399999982, 62.9300781 ], [ -141.002148399999982, 63.2222656 ], [ -141.002148399999982, 63.5144531 ], [ -141.002148399999982, 63.8066895 ], [ -141.002148399999982, 64.098877 ], [ -141.002148399999982, 64.3911133 ], [ -141.002148399999982, 64.6833008 ], [ -141.002148399999982, 64.9755371 ], [ -141.002148399999982, 65.2677246 ], [ -141.002148399999982, 65.5599121 ], [ -141.002148399999982, 65.8521484 ], [ -141.002148399999982, 66.1443359 ], [ -141.002148399999982, 66.4365234 ], [ -141.002148399999982, 66.7287598 ], [ -141.002148399999982, 67.0209473 ], [ -141.002148399999982, 67.313134800000014 ], [ -141.002148399999982, 67.6053711 ], [ -141.002148399999982, 67.8975586 ], [ -141.002148399999982, 68.1897461 ], [ -141.002148399999982, 68.4819824 ], [ -141.002148399999982, 68.7741699 ], [ -141.002148399999982, 69.0663574 ], [ -141.002148399999982, 69.3585938 ], [ -141.002148399999982, 69.6507812 ], [ -141.080810499999984, 69.6594238 ], [ -141.2896484, 69.6646973 ], [ -141.338623, 69.6467773 ], [ -141.4079102, 69.6533691 ], [ -141.526367199999981, 69.7146973 ], [ -141.699218799999983, 69.7703613 ], [ -142.2969727, 69.869873 ], [ -142.4221191, 69.939502 ], [ -142.7078613, 70.0337891 ], [ -143.2183105, 70.1162598 ], [ -143.276464799999985, 70.0953125 ], [ -143.3570312, 70.0895508 ], [ -143.566406199999989, 70.1014648 ], [ -143.746435500000018, 70.1019531 ], [ -144.0641113, 70.0541016 ], [ -144.416894499999984, 70.0390137 ], [ -144.6191895, 69.9821289 ], [ -145.1973633, 70.0086914 ], [ -145.2368164, 70.0339355 ], [ -145.44008789999998, 70.0509277 ], [ -145.823144499999984, 70.1600586 ], [ -146.057666, 70.15625 ], [ -146.28125, 70.1861328 ], [ -146.744873, 70.191748 ], [ -147.0629395, 70.1704102 ], [ -147.705371099999979, 70.2172363 ], [ -147.7905762, 70.2401367 ], [ -147.869531199999983, 70.3032715 ], [ -148.0390625, 70.3154785 ], [ -148.14272459999998, 70.3554688 ], [ -148.2487793, 70.3567383 ], [ -148.371142599999985, 70.3149902 ], [ -148.479199199999982, 70.3179199 ], [ -148.6883789, 70.4163086 ], [ -148.8447754, 70.4251953 ], [ -149.269433599999985, 70.5007812 ], [ -149.410595699999988, 70.4914062 ], [ -149.544043, 70.5128906 ], [ -149.870117199999981, 70.509668 ], [ -150.152490199999988, 70.4437012 ], [ -150.2736328, 70.4343262 ], [ -150.403222699999986, 70.4438965 ], [ -150.543505899999985, 70.4901367 ], [ -150.6626465, 70.5099121 ], [ -150.979052699999983, 70.4646973 ], [ -151.128027299999985, 70.4516113 ], [ -151.2248047, 70.41875 ], [ -151.9446777, 70.4520996 ], [ -151.8196289, 70.5113281 ], [ -151.799902299999985, 70.5380371 ], [ -151.769043, 70.5601562 ], [ -152.1729492, 70.5566406 ], [ -152.253369099999986, 70.5682617 ], [ -152.269677699999988, 70.6147461 ], [ -152.3992188, 70.620459 ], [ -152.4706055, 70.6536133 ], [ -152.4372559, 70.733252 ], [ -152.2329102, 70.8103516 ], [ -152.300390599999986, 70.8467773 ], [ -152.4912109, 70.880957 ], [ -152.6708496, 70.8907227 ], [ -152.784912099999985, 70.8760254 ], [ -153.2329102, 70.9325684 ], [ -153.4977051, 70.8910645 ], [ -153.7013672, 70.8936035 ], [ -153.918212899999986, 70.8773438 ], [ -154.1952148, 70.801123 ], [ -154.3921875, 70.8383301 ], [ -154.5986328, 70.847998 ], [ -154.785205099999985, 70.8942871 ], [ -154.7263184, 70.9277832 ], [ -154.673681599999981, 70.9871094 ], [ -154.8175293, 71.0484863 ], [ -154.9437988, 71.0830566 ], [ -155.166845699999982, 71.0992188 ], [ -155.229736299999985, 71.0822266 ], [ -155.3133789, 71.0149902 ], [ -155.5793945, 70.8943359 ], [ -155.7080566, 70.8572754 ], [ -155.8722168, 70.834668 ], [ -155.973535199999986, 70.8419922 ], [ -156.04194339999998, 70.9022461 ], [ -156.146582, 70.927832 ], [ -155.8043457, 70.9954102 ], [ -155.6345703, 71.0615723 ], [ -155.5794434, 71.1210938 ], [ -155.645605500000016, 71.1827637 ], [ -155.8111328, 71.1884277 ], [ -156.4699707, 71.2915527 ], [ -156.5672363, 71.3415527 ], [ -156.496679699999987, 71.3791016 ], [ -156.395263699999987, 71.3966797 ], [ -156.47021479999998, 71.407666 ], [ -156.7833008, 71.3189453 ], [ -156.9733398, 71.2300293 ], [ -157.1953125, 71.0932617 ], [ -157.324755899999985, 71.0395996 ], [ -157.605615200000017, 70.9412598 ], [ -157.909375, 70.8601074 ], [ -157.9984863, 70.8453125 ], [ -158.484375, 70.8410645 ], [ -158.510839799999985, 70.8201172 ], [ -158.620947299999983, 70.7990234 ], [ -158.996289099999984, 70.8016113 ], [ -159.0750488, 70.7720703 ], [ -159.2511719, 70.7484375 ], [ -159.3041504, 70.7525391 ], [ -159.339843799999983, 70.78125 ], [ -159.262207, 70.8138672 ], [ -159.183154299999984, 70.8319336 ], [ -159.191748, 70.859668 ], [ -159.231738299999989, 70.8767578 ], [ -159.314502, 70.8785156 ], [ -159.6809082, 70.7867676 ], [ -160.081591799999984, 70.6348633 ], [ -159.9618164, 70.634082 ], [ -159.746191399999987, 70.5304688 ], [ -159.386767599999985, 70.5245117 ], [ -159.683300799999984, 70.4771484 ], [ -159.814990199999983, 70.4970703 ], [ -159.842627, 70.4530273 ], [ -159.8575195, 70.3892578 ], [ -159.855224599999985, 70.3241699 ], [ -159.8656738, 70.2788574 ], [ -159.9075684, 70.3314453 ], [ -160.0950684, 70.3333008 ], [ -160.0055664, 70.4475586 ], [ -160.106396500000017, 70.4725586 ], [ -159.9631348, 70.5681641 ], [ -160.045605500000022, 70.5855957 ], [ -160.1171387, 70.5912109 ], [ -160.6341309, 70.4463867 ], [ -160.6476562, 70.4205566 ], [ -160.996289099999984, 70.3045898 ], [ -161.6390137, 70.2345215 ], [ -161.768164099999979, 70.1965332 ], [ -161.9974121, 70.1652344 ], [ -162.073877, 70.1619629 ], [ -162.042382799999984, 70.1766602 ], [ -161.9119629, 70.2054688 ], [ -161.8184082, 70.2484375 ], [ -161.761084, 70.257666 ], [ -161.7799316, 70.2773438 ], [ -161.8125977, 70.2898438 ], [ -161.880957, 70.3317383 ], [ -161.9779785, 70.2876465 ], [ -162.0711426, 70.2271973 ], [ -162.3503906, 70.0941406 ], [ -162.9520996, 69.7581055 ], [ -163.0935547, 69.6106934 ], [ -163.1310059, 69.4543457 ], [ -163.1614746, 69.3879395 ], [ -163.187109400000026, 69.3804688 ], [ -163.2051758, 69.3925293 ], [ -163.2505371, 69.3453613 ], [ -163.535693399999985, 69.1701172 ], [ -163.8679199, 69.0366699 ], [ -164.1501953, 68.9611816 ], [ -164.302343799999989, 68.9364746 ], [ -164.8896973, 68.9024414 ], [ -165.0439453, 68.8824707 ], [ -165.509472700000032, 68.8675781 ], [ -166.209082, 68.8853516 ], [ -166.182031199999983, 68.7972168 ], [ -166.282959, 68.5732422 ], [ -166.3805176, 68.4251465 ], [ -166.4470215, 68.3902344 ], [ -166.5704102, 68.361084 ], [ -166.6478516, 68.3738281 ], [ -166.5458984, 68.4243652 ], [ -166.643896499999983, 68.4080078 ], [ -166.7862793, 68.3596191 ], [ -166.574462899999986, 68.3202637 ], [ -166.40913089999998, 68.307959 ], [ -166.235937500000034, 68.2779297 ], [ -165.9595703, 68.1559082 ], [ -165.386035199999981, 68.0456055 ], [ -164.1251953, 67.6067383 ], [ -163.942675799999989, 67.4775879 ], [ -163.799804699999981, 67.2709961 ], [ -163.720556599999981, 67.1955566 ], [ -163.5318359, 67.1025879 ], [ -163.001709, 67.0272949 ], [ -162.761425799999984, 67.0364258 ], [ -162.583105499999988, 67.0185059 ], [ -162.409423799999985, 67.1039551 ], [ -162.411572299999989, 67.0603027 ], [ -162.3915527, 67.019873 ], [ -161.965429699999987, 67.0495605 ], [ -161.7199219, 67.0205566 ], [ -161.6222168, 66.9793457 ], [ -161.7312988, 66.9228027 ], [ -161.878759799999983, 66.8039551 ], [ -161.856689499999987, 66.7003418 ], [ -161.6809082, 66.6455078 ], [ -161.5717285, 66.5916016 ], [ -161.3980469, 66.5518555 ], [ -161.0514648, 66.6527832 ], [ -160.864013699999987, 66.6708496 ], [ -160.643798799999985, 66.604980500000011 ], [ -160.3608887, 66.6125 ], [ -160.2625488, 66.5724609 ], [ -160.2273438, 66.5085449 ], [ -160.231689499999987, 66.4202637 ], [ -160.65053709999998, 66.3730957 ], [ -160.784472699999981, 66.384375 ], [ -161.0481445, 66.4742188 ], [ -161.1558105, 66.4953125 ], [ -161.3359375, 66.4963379 ], [ -161.5910156, 66.4595215 ], [ -161.909570299999984, 66.5596191 ], [ -162.050732399999987, 66.6672852 ], [ -162.017627, 66.7841309 ], [ -162.1313965, 66.8013672 ], [ -162.253564499999982, 66.9186523 ], [ -162.361621099999979, 66.9473145 ], [ -162.478320299999979, 66.9308105 ], [ -162.6074219, 66.8943848 ], [ -162.5436523, 66.805127 ], [ -162.4674316, 66.7356445 ], [ -162.3177246, 66.7336914 ], [ -162.191162100000014, 66.6931152 ], [ -161.887597699999986, 66.4930664 ], [ -161.916894499999984, 66.4118164 ], [ -161.8281738, 66.3708496 ], [ -161.5444336, 66.4070312 ], [ -161.120312499999983, 66.3343262 ], [ -161.0695312, 66.2946289 ], [ -161.034277299999985, 66.1888184 ], [ -161.1092285, 66.239502 ], [ -161.2010742, 66.2193848 ], [ -161.3450684, 66.247168 ], [ -161.455419899999981, 66.2813965 ], [ -161.556835899999982, 66.2505371 ], [ -161.816308599999985, 66.0536621 ], [ -161.933691399999987, 66.0428711 ], [ -162.214257799999984, 66.0710449 ], [ -162.5868652, 66.0508301 ], [ -162.721777299999985, 66.0598145 ], [ -162.886474599999985, 66.0992188 ], [ -163.1714355, 66.0754395 ], [ -163.69536130000003, 66.0838379 ], [ -164.033740199999983, 66.2155273 ], [ -163.964990199999988, 66.2573242 ], [ -163.893945299999984, 66.2869141 ], [ -163.902880899999985, 66.3783691 ], [ -163.793701199999987, 66.492627 ], [ -163.7754883, 66.5311035 ], [ -163.838232399999981, 66.5615723 ], [ -163.893945299999984, 66.5758789 ], [ -163.815722699999981, 66.5834961 ], [ -163.6382324, 66.5746582 ], [ -163.727685499999978, 66.6164551 ], [ -164.058252, 66.6107422 ], [ -164.460498, 66.5884277 ], [ -164.6741211, 66.5550293 ], [ -165.06396479999998, 66.4378418 ], [ -165.198291, 66.4399414 ], [ -165.449414099999984, 66.4099121 ], [ -165.77617189999998, 66.319043 ], [ -165.8118652, 66.28847660000001 ], [ -165.840234399999986, 66.2450684 ], [ -165.5602051, 66.1670898 ], [ -165.589990199999988, 66.1451172 ], [ -165.6299316, 66.1312012 ], [ -165.7236816, 66.1125488 ], [ -166.008935499999978, 66.1213379 ], [ -166.05742189999998, 66.1272461 ], [ -166.214599599999985, 66.1702637 ], [ -166.3987305, 66.1444336 ], [ -166.5401367, 66.1006348 ], [ -166.7476562, 66.051855500000016 ], [ -166.894433599999985, 65.9591797 ], [ -166.9972168, 65.9049316 ], [ -167.074218799999983, 65.8770508 ], [ -167.4053223, 65.8593262 ], [ -167.580029299999978, 65.7583008 ], [ -167.9143555, 65.6812012 ], [ -167.927002, 65.7143555 ], [ -167.9305664, 65.7481445 ], [ -168.009668, 65.7191406 ], [ -168.088378899999981, 65.6577637 ], [ -168.035009800000012, 65.5956055 ], [ -167.98725589999998, 65.5677734 ], [ -167.4040039, 65.4221191 ], [ -166.6653809, 65.3382812 ], [ -166.609375, 65.3527344 ], [ -166.19741209999998, 65.3055664 ], [ -166.1570312, 65.2858398 ], [ -166.121484399999986, 65.2607422 ], [ -166.2796875, 65.2737793 ], [ -166.4516602, 65.2473145 ], [ -166.5310059, 65.1547363 ], [ -166.7625488, 65.1349121 ], [ -166.8567871, 65.1472656 ], [ -166.9063965, 65.1638184 ], [ -166.928418, 65.1570801 ], [ -166.8269531, 65.0960938 ], [ -166.550878899999987, 64.9529785 ], [ -166.4152344, 64.9265137 ], [ -166.408691399999981, 64.8269531 ], [ -166.478125, 64.7975586 ], [ -166.481396499999988, 64.7280762 ], [ -166.325097699999986, 64.6257324 ], [ -166.142773399999982, 64.5827637 ], [ -165.4461914, 64.5128418 ], [ -165.138134799999989, 64.4652344 ], [ -164.9787598, 64.4536621 ], [ -164.8995117, 64.4606445 ], [ -164.8572754, 64.4803223 ], [ -164.829541, 64.511377 ], [ -164.7649414, 64.5296387 ], [ -164.7274902, 64.523291 ], [ -164.691845699999988, 64.5074219 ], [ -164.3039551, 64.5839355 ], [ -163.713085899999982, 64.5882324 ], [ -163.486181599999981, 64.5498047 ], [ -163.267041, 64.4751953 ], [ -163.144335900000016, 64.4238281 ], [ -163.104492199999981, 64.4786133 ], [ -163.0517578, 64.5197266 ], [ -163.1740723, 64.532959 ], [ -163.248291, 64.5632812 ], [ -163.302832, 64.6059082 ], [ -163.2039062, 64.652002 ], [ -162.876416, 64.5164062 ], [ -162.807031199999983, 64.3742188 ], [ -162.711084, 64.3775391 ], [ -162.635742199999981, 64.4508301 ], [ -162.3346191, 64.6128418 ], [ -162.1722656, 64.6780762 ], [ -161.8683105, 64.7426758 ], [ -161.759375, 64.8162598 ], [ -161.6339844, 64.7924805 ], [ -161.4663574, 64.794873 ], [ -161.1869141, 64.92402340000001 ], [ -161.130175799999989, 64.9254395 ], [ -161.0632324, 64.9040039 ], [ -160.9674805, 64.8395508 ], [ -160.886962899999986, 64.7955566 ], [ -160.855908199999988, 64.7556152 ], [ -160.836035200000026, 64.6819336 ], [ -160.893701199999981, 64.6128906 ], [ -160.931933599999979, 64.5791016 ], [ -161.0487793, 64.5344727 ], [ -161.1930664, 64.5164062 ], [ -161.4145996, 64.5263672 ], [ -161.4907227, 64.4337891 ], [ -161.38569339999998, 64.4399414 ], [ -161.2201172, 64.396582 ], [ -160.987548799999985, 64.2512695 ], [ -160.9039551, 64.0312012 ], [ -160.840478499999989, 63.9349121 ], [ -160.778564499999987, 63.8189453 ], [ -160.8265137, 63.7293457 ], [ -160.926709, 63.6605469 ], [ -161.099707, 63.5579102 ], [ -161.2660156, 63.4969727 ], [ -161.5054199, 63.4681641 ], [ -161.9739746, 63.4529297 ], [ -162.05625, 63.4713379 ], [ -162.1125, 63.5341797 ], [ -162.1933105, 63.5409668 ], [ -162.2828125, 63.529199199999987 ], [ -162.3598145, 63.4525879 ], [ -162.621484399999986, 63.2658203 ], [ -162.807763699999981, 63.2065918 ], [ -162.947705099999979, 63.1149902 ], [ -163.0622559, 63.0797363 ], [ -163.2878418, 63.0464355 ], [ -163.3588379, 63.045752 ], [ -163.4231934, 63.0845215 ], [ -163.504345699999988, 63.1058594 ], [ -163.6493652, 63.0567871 ], [ -163.737841799999984, 63.0164062 ], [ -163.7489746, 63.0303223 ], [ -163.7257324, 63.0478027 ], [ -163.6635742, 63.0703125 ], [ -163.6337402, 63.0904297 ], [ -163.6163086, 63.1251465 ], [ -163.7362305, 63.1928223 ], [ -163.9428711, 63.2472168 ], [ -164.107617200000021, 63.2617188 ], [ -164.409033199999982, 63.2150391 ], [ -164.463281199999983, 63.1852051 ], [ -164.525195299999979, 63.127636699999989 ], [ -164.3750977, 63.0540039 ], [ -164.3842285, 63.0304688 ], [ -164.428125, 63.0404297 ], [ -164.6774414, 63.020459 ], [ -164.7640625, 62.9706055 ], [ -164.799658199999982, 62.9180664 ], [ -164.8454102, 62.8009766 ], [ -164.8186523, 62.677050799999989 ], [ -164.792675799999984, 62.6231934 ], [ -164.68896479999998, 62.6767578 ], [ -164.589453099999986, 62.709375 ], [ -164.596289099999979, 62.6866699 ], [ -164.6879883, 62.608252 ], [ -164.844384800000029, 62.5810547 ], [ -164.7960938, 62.5116211 ], [ -164.7578613, 62.4967285 ], [ -164.7791992, 62.4811523 ], [ -164.8918457, 62.5175781 ], [ -164.999707, 62.5337891 ], [ -165.115625, 62.5126953 ], [ -165.1945312, 62.4735352 ], [ -165.447656199999983, 62.3039062 ], [ -165.707275399999986, 62.1004395 ], [ -165.743945299999979, 62.0117188 ], [ -165.7252441, 61.959375 ], [ -165.705810499999984, 61.9274414 ], [ -165.612793, 61.8692871 ], [ -165.8338379, 61.836816399999989 ], [ -165.9914062, 61.8341797 ], [ -166.0788086, 61.803125 ], [ -166.019921899999986, 61.748291 ], [ -165.8089355, 61.6960938 ], [ -165.8345703, 61.6793945 ], [ -166.1004883, 61.6450684 ], [ -166.1311523, 61.6573242 ], [ -166.168115199999988, 61.6508301 ], [ -166.1635254, 61.5890137 ], [ -166.152734399999986, 61.5459473 ], [ -166.0939941, 61.5067383 ], [ -165.9613281, 61.5508789 ], [ -165.8453125, 61.5362305 ], [ -165.7971191, 61.4911621 ], [ -165.9062988, 61.4038086 ], [ -165.8639648, 61.3356934 ], [ -165.691357399999987, 61.2999023 ], [ -165.62758789999998, 61.1651855 ], [ -165.565869099999986, 61.1023438 ], [ -165.480468799999983, 61.094873 ], [ -165.3807617, 61.1062988 ], [ -165.379296899999986, 61.16875 ], [ -165.392041, 61.2123047 ], [ -165.3336914, 61.2661133 ], [ -165.2736328, 61.2748535 ], [ -165.243945299999979, 61.26875 ], [ -165.310791, 61.2276367 ], [ -165.344873, 61.1977051 ], [ -165.2797852, 61.1696289 ], [ -165.203759800000029, 61.152832 ], [ -165.150048799999979, 61.1868652 ], [ -165.127783199999982, 61.1924316 ], [ -165.1376953, 61.130127 ], [ -165.0770996, 61.0941895 ], [ -164.941210899999987, 61.1148926 ], [ -164.868994099999981, 61.1117676 ], [ -164.8755859, 61.0867676 ], [ -164.9999023, 61.0436523 ], [ -165.175488299999984, 60.9656738 ], [ -165.114843799999989, 60.9328125 ], [ -165.065625, 60.9206543 ], [ -164.753955099999985, 60.9312988 ], [ -164.441552699999988, 60.8699707 ], [ -163.994628899999981, 60.8646973 ], [ -163.749023400000027, 60.9697266 ], [ -163.658935499999984, 60.9382324 ], [ -163.5869141, 60.9029785 ], [ -163.6554199, 60.8774902 ], [ -163.8373047, 60.8804199 ], [ -163.906543, 60.8538086 ], [ -163.6230469, 60.8222168 ], [ -163.511865199999988, 60.7981445 ], [ -163.4209473, 60.7574219 ], [ -163.5287109, 60.6645508 ], [ -163.729980499999982, 60.589990199999988 ], [ -163.8213867, 60.6682617 ], [ -163.894921899999986, 60.745166 ], [ -163.9361328, 60.7583008 ], [ -163.9995605, 60.7660645 ], [ -164.1318359, 60.6915039 ], [ -164.309668, 60.606738299999989 ], [ -164.372363299999989, 60.5918457 ], [ -164.3213867, 60.6466309 ], [ -164.2656738, 60.7246582 ], [ -164.318505900000019, 60.7712891 ], [ -164.37006839999998, 60.7958984 ], [ -164.512939499999987, 60.819043 ], [ -164.682373, 60.8715332 ], [ -164.805175800000029, 60.892041 ], [ -164.8998047, 60.8731445 ], [ -165.0160156, 60.7400391 ], [ -165.353808599999979, 60.5412109 ], [ -165.2245117, 60.523584 ], [ -165.113281199999989, 60.5260742 ], [ -165.026513699999981, 60.5006348 ], [ -165.0487305, 60.4642578 ], [ -165.0611328, 60.4125488 ], [ -164.9197266, 60.348437499999989 ], [ -164.799951199999981, 60.3072266 ], [ -164.6622559, 60.3038086 ], [ -164.470507799999979, 60.1493164 ], [ -164.131543, 59.9942383 ], [ -164.1411133, 59.948877 ], [ -164.1428223, 59.8967773 ], [ -163.9068848, 59.8067871 ], [ -163.6803711, 59.8015137 ], [ -163.219384800000029, 59.8456055 ], [ -162.877832, 59.9227539 ], [ -162.7326172, 59.9936523 ], [ -162.570752, 59.9897461 ], [ -162.535644499999989, 60.0383789 ], [ -162.5004883, 60.1265625 ], [ -162.526953099999986, 60.1991211 ], [ -162.5477051, 60.2310547 ], [ -162.684960900000021, 60.2689453 ], [ -162.599707, 60.2969727 ], [ -162.4687012, 60.3946777 ], [ -162.2650391, 60.5952148 ], [ -162.1999023, 60.6343262 ], [ -162.1380371, 60.6855469 ], [ -162.0682617, 60.694873 ], [ -161.9620117, 60.6953613 ], [ -161.946582, 60.6848145 ], [ -162.1388672, 60.6143555 ], [ -162.287793, 60.4568848 ], [ -162.4213379, 60.2839844 ], [ -162.2424805, 60.1783203 ], [ -162.138134799999989, 59.9800293 ], [ -161.908642599999979, 59.7141113 ], [ -161.8287109, 59.588623 ], [ -161.831689499999982, 59.514502 ], [ -161.8722168, 59.428271499999987 ], [ -161.9201172, 59.3654785 ], [ -162.023291, 59.2839844 ], [ -161.981054699999987, 59.1461426 ], [ -161.8907715, 59.0760742 ], [ -161.7944824, 59.1094727 ], [ -161.644384799999983, 59.109668 ], [ -161.7886719, 59.0164062 ], [ -161.7902832, 58.949951199999987 ], [ -161.7805176, 58.8974121 ], [ -161.7243652, 58.7942871 ], [ -161.8564941, 58.7170898 ], [ -162.0086914, 58.6850098 ], [ -162.144921899999986, 58.644238299999984 ], [ -161.755468799999989, 58.6120117 ], [ -161.3613281, 58.6695312 ], [ -161.328125, 58.7437012 ], [ -161.2878906, 58.7609375 ], [ -161.246826199999987, 58.7994629 ], [ -161.215918, 58.8009766 ], [ -160.924267599999979, 58.8724121 ], [ -160.8170898, 58.8716797 ], [ -160.6566406, 58.9550781 ], [ -160.519921899999986, 59.0073242 ], [ -160.363134799999983, 59.0511719 ], [ -160.260791, 58.9715332 ], [ -160.152587899999986, 58.9059082 ], [ -159.9202148, 58.819873 ], [ -159.832226599999984, 58.835986299999988 ], [ -159.7414551, 58.8942871 ], [ -159.6702637, 58.9111328 ], [ -159.4541992, 58.7929199 ], [ -159.3582031, 58.7212891 ], [ -159.082666, 58.4697754 ], [ -158.9506836, 58.404541 ], [ -158.788623, 58.4409668 ], [ -158.7721191, 58.5203125 ], [ -158.861377, 58.71875 ], [ -158.837744099999981, 58.7939453 ], [ -158.77553709999998, 58.9025391 ], [ -158.809472699999986, 58.973877 ], [ -158.760595699999982, 58.9500977 ], [ -158.6782715, 58.9293945 ], [ -158.5844727, 58.987793 ], [ -158.5144043, 59.0728516 ], [ -158.4228027, 59.0898438 ], [ -158.2206055, 59.0375 ], [ -158.080517599999979, 58.9774414 ], [ -158.189209, 58.9799316 ], [ -158.314502, 59.0093262 ], [ -158.425634799999983, 58.9993164 ], [ -158.4762695, 58.9383789 ], [ -158.503173799999985, 58.8503418 ], [ -158.439306599999981, 58.7826172 ], [ -158.3896484, 58.7456543 ], [ -158.30258790000002, 58.6417969 ], [ -158.190918, 58.6142578 ], [ -158.0219238, 58.6401855 ], [ -157.6657227, 58.7484863 ], [ -157.142041, 58.8776367 ], [ -156.963378899999981, 58.9888672 ], [ -156.808886699999988, 59.1342773 ], [ -156.9232422, 58.963671899999987 ], [ -157.0404785, 58.7725586 ], [ -157.0090332, 58.7441895 ], [ -156.9746582, 58.7363281 ], [ -157.228857399999981, 58.640918 ], [ -157.4608887, 58.5030273 ], [ -157.52363280000003, 58.4213379 ], [ -157.5244141, 58.3507324 ], [ -157.488378899999987, 58.2537109 ], [ -157.393603499999983, 58.2348145 ], [ -157.339404299999984, 58.2345215 ], [ -157.1937012, 58.1941895 ], [ -157.442675799999989, 58.172168 ], [ -157.5550293, 58.1399414 ], [ -157.6108887, 58.0508301 ], [ -157.621191399999987, 57.8952148 ], [ -157.683984399999986, 57.7438965 ], [ -157.6972168, 57.6794434 ], [ -157.68066410000003, 57.6380859 ], [ -157.6075684, 57.6014648 ], [ -157.5716309, 57.5406738 ], [ -157.533496099999979, 57.5258789 ], [ -157.473877, 57.5182129 ], [ -157.4619141, 57.5062012 ], [ -157.535302699999988, 57.4834473 ], [ -157.6455566, 57.49780269999998 ], [ -157.674023399999982, 57.5137207 ], [ -157.69741209999998, 57.5392578 ], [ -157.737207, 57.5481445 ], [ -157.845752, 57.5280762 ], [ -157.894335899999987, 57.511377 ], [ -158.0457031, 57.4094727 ], [ -158.1335449, 57.3664062 ], [ -158.2245117, 57.3426758 ], [ -158.3209473, 57.2979004 ], [ -158.473730499999988, 57.1990723 ], [ -158.5855957, 57.1140625 ], [ -158.660791, 57.0394043 ], [ -158.6772461, 56.997363299999989 ], [ -158.684814499999987, 56.9442383 ], [ -158.6810547, 56.8877441 ], [ -158.665918, 56.8279297 ], [ -158.675146499999983, 56.794873 ], [ -158.7088379, 56.7885742 ], [ -158.7820801, 56.795752 ], [ -158.894873, 56.816406199999989 ], [ -158.918017599999985, 56.8474121 ], [ -158.918017599999985, 56.8821777 ], [ -158.9903809, 56.8600586 ], [ -159.159033199999982, 56.7700684 ], [ -159.2831055, 56.6885742 ], [ -159.785058599999985, 56.5616211 ], [ -160.0462402, 56.4370117 ], [ -160.1492676, 56.3963379 ], [ -160.302050799999989, 56.3141113 ], [ -160.377490199999983, 56.2414551 ], [ -160.4608398, 56.1375 ], [ -160.5146973, 56.0591309 ], [ -160.5390625, 56.0062988 ], [ -160.527441399999987, 55.9650391 ], [ -160.479882799999984, 55.9354492 ], [ -160.308496099999985, 55.8644531 ], [ -160.270117199999987, 55.8321777 ], [ -160.291699199999982, 55.8050781 ], [ -160.347314499999982, 55.7999023 ], [ -160.4369141, 55.8166992 ], [ -160.4979004, 55.8378906 ], [ -160.5302246, 55.8634766 ], [ -160.599707, 55.8743164 ], [ -160.706347699999981, 55.870459 ], [ -160.7583984, 55.8546387 ], [ -160.745507799999984, 55.7714844 ], [ -160.762597699999986, 55.7565918 ], [ -160.802832, 55.7544434 ], [ -160.8513184, 55.771875 ], [ -161.0053711, 55.887158199999988 ], [ -161.0083984, 55.9117188 ], [ -160.902392599999985, 55.9413086 ], [ -160.877832, 55.9705078 ], [ -160.8986328, 55.9936523 ], [ -160.9686523, 55.9696289 ], [ -161.145166, 55.9513184 ], [ -161.1925293, 55.9542969 ], [ -161.222558599999985, 55.9774414 ], [ -161.1786133, 56.0144531 ], [ -161.215625, 56.0214355 ], [ -161.6973145, 55.9072266 ], [ -161.9366211, 55.8241699 ], [ -162.1571289, 55.7194336 ], [ -162.3493652, 55.5947266 ], [ -162.5133789, 55.45 ], [ -162.65898439999998, 55.3507812 ], [ -162.786230499999988, 55.2970703 ], [ -162.8571289, 55.2530273 ], [ -162.871582, 55.2186035 ], [ -162.9065918, 55.1955566 ], [ -162.9619629, 55.1838379 ], [ -163.008252, 55.1868652 ], [ -163.0453613, 55.2047363 ], [ -163.114502, 55.193945299999989 ], [ -163.2788086, 55.1218262 ], [ -163.3036621, 55.0958496 ], [ -163.305957, 55.0585449 ], [ -163.285693399999985, 55.0099609 ], [ -163.2963379, 54.9492676 ], [ -163.33789059999998, 54.8763672 ], [ -163.3353027, 54.8391602 ], [ -163.288623, 54.8375977 ], [ -163.220556599999981, 54.8633789 ], [ -163.1311035, 54.9165527 ], [ -163.1001953, 54.9736328 ], [ -163.127832, 55.0347656 ], [ -163.119628899999981, 55.0646973 ], [ -162.995898399999987, 55.0464844 ], [ -162.8650391, 54.954541 ], [ -162.8195801, 54.95 ], [ -162.674365199999983, 54.996582 ], [ -162.6188965, 55.0384277 ], [ -162.6143066, 55.0714844 ], [ -162.644140599999986, 55.218017599999989 ], [ -162.6303711, 55.2466797 ], [ -162.541894499999984, 55.2427246 ], [ -162.495263699999981, 55.2084473 ], [ -162.4268066, 55.1454102 ], [ -162.4125488, 55.1068848 ], [ -162.4523926, 55.0928223 ], [ -162.457470700000016, 55.077685499999987 ], [ -162.4279297, 55.0614746 ], [ -162.386377, 55.0523438 ], [ -162.332910199999986, 55.0502441 ], [ -162.2746582, 55.073242199999989 ], [ -162.2114746, 55.1213379 ], [ -162.166601599999979, 55.14375 ], [ -162.073974599999985, 55.1393066 ], [ -161.980322299999983, 55.1986328 ], [ -161.7415527, 55.3911621 ], [ -161.720361299999979, 55.4207031 ], [ -161.683544899999987, 55.5299316 ], [ -161.6542969, 55.5633789 ], [ -161.5987793, 55.5928223 ], [ -161.5169434, 55.6184082 ], [ -161.4587891, 55.6291504 ], [ -161.3574707, 55.612207 ], [ -161.255127, 55.5790039 ], [ -161.214697299999983, 55.5597656 ], [ -161.2020996, 55.5435547 ], [ -161.3132812, 55.5586426 ], [ -161.3727051, 55.5562988 ], [ -161.4133301, 55.5361328 ], [ -161.4437988, 55.513281199999987 ], [ -161.476709, 55.4648926 ], [ -161.480517599999985, 55.3978027 ], [ -161.463867199999981, 55.3825195 ], [ -161.3819336, 55.3712891 ], [ -161.1780273, 55.3888672 ], [ -161.0995117, 55.4057129 ], [ -161.0242188, 55.4404297 ], [ -160.9521973, 55.4930664 ], [ -160.8967285, 55.513623 ], [ -160.7708496, 55.4835449 ], [ -160.7265137, 55.4996582 ], [ -160.682910199999981, 55.5404297 ], [ -160.6252441, 55.5523926 ], [ -160.5535156, 55.535498 ], [ -160.4993164, 55.5373047 ], [ -160.462695299999979, 55.5578125 ], [ -160.4074219, 55.6138184 ], [ -160.3731934, 55.6351074 ], [ -160.243798799999979, 55.6605469 ], [ -160.0456543, 55.7629395 ], [ -159.9623047, 55.794873 ], [ -159.9135254, 55.7921875 ], [ -159.8743652, 55.800293 ], [ -159.8104004, 55.8327148 ], [ -159.7713867, 55.8411133 ], [ -159.7430176, 55.84375 ], [ -159.6785156, 55.8246582 ], [ -159.665332, 55.794873 ], [ -159.6702637, 55.6450195 ], [ -159.659668, 55.6259277 ], [ -159.6100586, 55.6527832 ], [ -159.567627, 55.6952148 ], [ -159.541308599999979, 55.7484863 ], [ -159.5232422, 55.8100098 ], [ -159.4294434, 55.8427246 ], [ -158.7898438, 55.9869141 ], [ -158.704882799999979, 56.0431152 ], [ -158.626757799999979, 56.1546875 ], [ -158.5911621, 56.1845215 ], [ -158.5544434, 56.1828613 ], [ -158.542675799999984, 56.1668457 ], [ -158.523339800000031, 56.0724609 ], [ -158.504687499999989, 56.0621094 ], [ -158.476123, 56.0754883 ], [ -158.431835899999982, 56.1114746 ], [ -158.2756348, 56.1962402 ], [ -158.291406199999983, 56.2036621 ], [ -158.316992199999987, 56.2541504 ], [ -158.3439941, 56.2803223 ], [ -158.386132799999984, 56.3015625 ], [ -158.467334, 56.3182617 ], [ -158.536377, 56.307666 ], [ -158.5521484, 56.3126953 ], [ -158.537402300000025, 56.3354492 ], [ -158.4144043, 56.4358398 ], [ -158.3524902, 56.4535156 ], [ -158.1894043, 56.4781738 ], [ -158.124365200000028, 56.5010254 ], [ -158.0709473, 56.5103516 ], [ -157.9821777, 56.5095703 ], [ -157.9299805, 56.520459 ], [ -157.9287109, 56.5316895 ], [ -157.9782715, 56.5431641 ], [ -158.0783203, 56.5520508 ], [ -158.027880899999985, 56.5921387 ], [ -157.8690918, 56.6452148 ], [ -157.7707031, 56.6516602 ], [ -157.673877, 56.6334473 ], [ -157.609765600000031, 56.6276855 ], [ -157.5783691, 56.6344727 ], [ -157.5287109, 56.6731934 ], [ -157.4896484, 56.759765599999987 ], [ -157.440576199999981, 56.790332 ], [ -157.3902344, 56.8098145 ], [ -157.333593799999989, 56.8158691 ], [ -157.2705566, 56.8084961 ], [ -157.205761699999982, 56.8120605 ], [ -157.1391602, 56.8265625 ], [ -157.066699199999988, 56.8602051 ], [ -156.988427699999988, 56.9129395 ], [ -156.9234375, 56.9420898 ], [ -156.871728499999989, 56.9476562 ], [ -156.823877, 56.9688477 ], [ -156.7798828, 57.0056152 ], [ -156.7126465, 57.0160645 ], [ -156.629003899999987, 57.0099609 ], [ -156.592041, 57.0650879 ], [ -156.5013184, 57.0897949 ], [ -156.4751465, 57.1051758 ], [ -156.4004883, 57.204834 ], [ -156.3976562, 57.2405762 ], [ -156.4435547, 57.2936523 ], [ -156.4736816, 57.3106934 ], [ -156.478418, 57.3278809 ], [ -156.4358887, 57.3599609 ], [ -156.2421875, 57.4492188 ], [ -156.1560059, 57.4634277 ], [ -156.089892599999985, 57.4450684 ], [ -156.0553711, 57.4475586 ], [ -156.0373535, 57.5265137 ], [ -156.0001953, 57.5449707 ], [ -155.8136719, 57.5590332 ], [ -155.777978499999989, 57.5682129 ], [ -155.728955099999979, 57.6266113 ], [ -155.628710899999987, 57.6730469 ], [ -155.59584959999998, 57.7010742 ], [ -155.590234399999986, 57.7335938 ], [ -155.5296387, 57.7588867 ], [ -155.4139648, 57.7770508 ], [ -155.3127441, 57.807128899999988 ], [ -155.1473633, 57.8818359 ], [ -155.0992676, 57.9133301 ], [ -155.0068848, 58.0160645 ], [ -154.5849121, 58.0556641 ], [ -154.581933600000013, 58.1097656 ], [ -154.5706055, 58.1180664 ], [ -154.409228499999983, 58.1473145 ], [ -154.2822754, 58.1467773 ], [ -154.247021499999988, 58.1594238 ], [ -154.2351074, 58.2346191 ], [ -154.2080566, 58.2887695 ], [ -154.2817871, 58.293457 ], [ -154.2890137, 58.3043457 ], [ -154.0858887, 58.3658203 ], [ -154.0557129, 58.397168 ], [ -154.0624512, 58.441748 ], [ -154.019873, 58.4929688 ], [ -153.86196289999998, 58.5878418 ], [ -153.8214844, 58.6041016 ], [ -153.698584, 58.6263672 ], [ -153.617334, 58.6547363 ], [ -153.4375977, 58.754834 ], [ -153.362939499999982, 58.8222168 ], [ -153.3344238, 58.8578613 ], [ -153.3270508, 58.8843262 ], [ -153.338964799999985, 58.9085449 ], [ -153.418261700000016, 58.9599609 ], [ -153.6563965, 59.0386719 ], [ -153.7879395, 59.0679199 ], [ -153.8995605, 59.0780273 ], [ -154.129834, 59.119873 ], [ -154.1783203, 59.1555664 ], [ -154.1388184, 59.2401367 ], [ -154.067480499999988, 59.336377 ], [ -154.088330099999979, 59.3632812 ], [ -153.8141602, 59.4737305 ], [ -153.75258789999998, 59.5098633 ], [ -153.714355499999982, 59.5452637 ], [ -153.6222656, 59.5984863 ], [ -153.609375, 59.6150391 ], [ -153.670703100000026, 59.6348145 ], [ -153.652539099999984, 59.6470215 ], [ -153.482617200000021, 59.7209473 ], [ -153.4144043, 59.7401367 ], [ -153.3664551, 59.729834 ], [ -153.3596191, 59.7174805 ], [ -153.3834961, 59.6671875 ], [ -153.364013699999987, 59.6598633 ], [ -153.236181599999981, 59.6709473 ], [ -153.0936035, 59.7091309 ], [ -153.0481445, 59.7300293 ], [ -153.0246094, 59.7939941 ], [ -153.0400879, 59.810498 ], [ -153.2112305, 59.8427246 ], [ -153.186377, 59.8568848 ], [ -153.106054699999987, 59.8750488 ], [ -152.856933600000019, 59.8980957 ], [ -152.7594727, 59.9208984 ], [ -152.660107399999987, 59.997216800000011 ], [ -152.628564499999982, 60.0411133 ], [ -152.630127, 60.0837891 ], [ -152.6647461, 60.125293 ], [ -152.752392599999979, 60.1774902 ], [ -152.892919899999981, 60.2403809 ], [ -153.03125, 60.2892578 ], [ -153.025, 60.2956543 ], [ -152.9233887, 60.2928711 ], [ -152.7979004, 60.247168 ], [ -152.7272949, 60.2370605 ], [ -152.6539551, 60.2384277 ], [ -152.540918, 60.2654297 ], [ -152.3688477, 60.3363281 ], [ -152.291503899999981, 60.3811035 ], [ -152.260302699999983, 60.4094238 ], [ -152.305078100000031, 60.4530273 ], [ -152.3065918, 60.4722168 ], [ -152.2707031, 60.528125 ], [ -151.996240199999988, 60.6822266 ], [ -151.8661621, 60.734082 ], [ -151.785107399999987, 60.7402344 ], [ -151.750488300000029, 60.7548828 ], [ -151.784423799999985, 60.8331543 ], [ -151.7816406, 60.857959 ], [ -151.7339844, 60.9107422 ], [ -151.5935059, 60.9796387 ], [ -151.4601074, 61.0141113 ], [ -151.2818848, 61.0419434 ], [ -151.1501465, 61.0858398 ], [ -151.064990199999983, 61.1457031 ], [ -150.9455078, 61.1982422 ], [ -150.61225589999998, 61.301123 ], [ -150.5672363, 61.3067871 ], [ -150.53320309999998, 61.3002441 ], [ -150.471777299999985, 61.2599609 ], [ -150.1089355, 61.2679199 ], [ -149.9756836, 61.2793457 ], [ -149.9452148, 61.2942383 ], [ -149.8736816, 61.372998 ], [ -149.823730499999982, 61.4133789 ], [ -149.6952637, 61.4707031 ], [ -149.6254395, 61.4860352 ], [ -149.433544899999987, 61.5007813 ], [ -149.3290527, 61.4973633 ], [ -149.595996099999979, 61.4172852 ], [ -149.7369141, 61.3633301 ], [ -149.8291992, 61.3075195 ], [ -149.8820312, 61.2637207 ], [ -149.895312499999989, 61.2317383 ], [ -149.9267578, 61.2132812 ], [ -150.018554699999981, 61.1942383 ], [ -150.0532715, 61.1710938 ], [ -149.9677246, 61.121728499999989 ], [ -149.5924805, 60.9938477 ], [ -149.4591309, 60.9647461 ], [ -149.142236299999979, 60.9356934 ], [ -149.0712891, 60.8855469 ], [ -149.075097700000015, 60.876416 ], [ -149.1728516, 60.8804199 ], [ -149.6324707, 60.952002 ], [ -149.85625, 60.962255899999988 ], [ -149.9975586, 60.935156199999987 ], [ -150.113037099999985, 60.9328125 ], [ -150.2027832, 60.9552246 ], [ -150.281494100000032, 60.9852051 ], [ -150.3491211, 61.0226562 ], [ -150.441259799999983, 61.023584 ], [ -150.779492200000021, 60.9147949 ], [ -150.9537598, 60.8412109 ], [ -151.32177729999998, 60.7429199 ], [ -151.3564453, 60.722949199999988 ], [ -151.355029299999984, 60.6598633 ], [ -151.3175293, 60.5535645 ], [ -151.31269530000003, 60.4664551 ], [ -151.3959961, 60.2744629 ], [ -151.4514648, 60.2026367 ], [ -151.611865199999983, 60.092041 ], [ -151.7345215, 59.9883301 ], [ -151.7834473, 59.9211426 ], [ -151.8532227, 59.7820801 ], [ -151.816943399999985, 59.7208984 ], [ -151.7638184, 59.7 ], [ -151.512597699999986, 59.6512695 ], [ -151.450097699999986, 59.6503906 ], [ -151.4036621, 59.6622559 ], [ -151.089453099999986, 59.7894043 ], [ -151.057324199999982, 59.7821777 ], [ -151.0464844, 59.7718262 ], [ -151.1894043, 59.6376953 ], [ -151.262109399999986, 59.5855957 ], [ -151.3996094, 59.5163086 ], [ -151.5126953, 59.482714799999989 ], [ -151.6925781, 59.462207 ], [ -151.8499512, 59.4063477 ], [ -151.884619099999981, 59.3863281 ], [ -151.9316895, 59.3427246 ], [ -151.964062499999983, 59.2851074 ], [ -151.949511699999988, 59.2650879 ], [ -151.9038574, 59.259765599999987 ], [ -151.738183599999985, 59.1885254 ], [ -151.6193848, 59.1873047 ], [ -151.477002, 59.2305664 ], [ -151.366357400000027, 59.2456055 ], [ -151.2875, 59.2323242 ], [ -151.222265599999986, 59.2293945 ], [ -151.1707031, 59.2369141 ], [ -151.1630371, 59.2569336 ], [ -151.199218799999983, 59.2896484 ], [ -151.182763699999981, 59.3007813 ], [ -151.0635742, 59.278418 ], [ -150.9607422, 59.2439941 ], [ -150.934521499999988, 59.2491211 ], [ -150.8993164, 59.3026855 ], [ -150.8527832, 59.3418457 ], [ -150.6774414, 59.4269531 ], [ -150.6229004, 59.4796387 ], [ -150.621142599999985, 59.5350586 ], [ -150.607373, 59.5633789 ], [ -150.581543, 59.564599599999987 ], [ -150.5259766, 59.5373047 ], [ -150.4853516, 59.5353027 ], [ -150.338134800000034, 59.5813477 ], [ -150.2964844, 59.583252 ], [ -150.2584961, 59.5709473 ], [ -150.19804689999998, 59.5665527 ], [ -149.9665039, 59.6900391 ], [ -149.9601562, 59.7130371 ], [ -150.0159668, 59.7769531 ], [ -150.005322299999989, 59.7844238 ], [ -149.964990199999988, 59.7822754 ], [ -149.801269499999989, 59.7379395 ], [ -149.7824707, 59.7503418 ], [ -149.8036621, 59.8327148 ], [ -149.7947754, 59.8558105 ], [ -149.713867199999981, 59.9195801 ], [ -149.684668, 59.895312499999989 ], [ -149.629638699999987, 59.784668 ], [ -149.612890599999986, 59.7668457 ], [ -149.598046899999986, 59.770459 ], [ -149.549169899999981, 59.8943359 ], [ -149.4597168, 59.9662598 ], [ -149.4322266, 60.0010254 ], [ -149.4148438, 60.1002441 ], [ -149.395263700000015, 60.1057617 ], [ -149.3049316, 60.0136719 ], [ -149.2666016, 59.998291 ], [ -149.121582, 60.0334961 ], [ -149.0701172, 60.000244099999989 ], [ -149.004248, 59.9799805 ], [ -148.8427246, 59.9512207 ], [ -148.7508789, 59.9477539 ], [ -148.643603499999983, 59.9568359 ], [ -148.574072299999983, 59.970068399999988 ], [ -148.542382799999984, 59.9874023 ], [ -148.5060547, 59.9889648 ], [ -148.465087899999986, 59.974707 ], [ -148.4307129, 59.9891113 ], [ -148.333105499999988, 60.122021499999988 ], [ -148.291357399999981, 60.145459 ], [ -148.245019499999984, 60.1468262 ], [ -148.213769500000012, 60.154248 ], [ -148.197607399999981, 60.1677734 ], [ -148.2186523, 60.2676758 ], [ -148.2158691, 60.3231445 ], [ -148.2035645, 60.3649414 ], [ -148.1816895, 60.3930664 ], [ -148.129199199999988, 60.414209 ], [ -148.0459961, 60.4283203 ], [ -147.9909668, 60.4518555 ], [ -147.964111299999985, 60.4848633 ], [ -147.9840332, 60.5233398 ], [ -148.050683599999985, 60.5671875 ], [ -148.1191895, 60.5751465 ], [ -148.18945309999998, 60.547119099999989 ], [ -148.2963867, 60.5320801 ], [ -148.4398438, 60.5299805 ], [ -148.549121099999979, 60.5147949 ], [ -148.6242676, 60.4864258 ], [ -148.6401367, 60.4894531 ], [ -148.59663089999998, 60.5237793 ], [ -148.509570300000036, 60.5652344 ], [ -148.4677734, 60.5720703 ], [ -148.338427699999983, 60.5698242 ], [ -148.3049805, 60.5833496 ], [ -148.284228499999983, 60.6093262 ], [ -148.256738300000023, 60.675293 ], [ -148.267871099999979, 60.699707 ], [ -148.341259799999989, 60.7243164 ], [ -148.3986816, 60.7340332 ], [ -148.557373, 60.8029297 ], [ -148.55615229999998, 60.827002 ], [ -148.471044899999981, 60.835498 ], [ -148.393310499999984, 60.8318848 ], [ -148.3444336, 60.8535645 ], [ -148.293164099999984, 60.9396973 ], [ -148.2086914, 61.0299316 ], [ -148.2258789, 61.044043 ], [ -148.2874023, 61.0362305 ], [ -148.3958496, 61.0071289 ], [ -148.410742199999987, 61.0114746 ], [ -148.3887695, 61.0369629 ], [ -148.3418945, 61.0604004 ], [ -148.270019499999989, 61.0817871 ], [ -148.2086914, 61.0882812 ], [ -148.1579102, 61.0796875 ], [ -148.0494141, 61.082666 ], [ -147.986377, 61.1064941 ], [ -147.8448242, 61.186377 ], [ -147.7737793, 61.217822299999987 ], [ -147.7518555, 61.2189453 ], [ -147.971191399999981, 61.019043 ], [ -148.005127, 60.9685547 ], [ -147.9907715, 60.948291 ], [ -147.8911133, 60.8898926 ], [ -147.807617199999981, 60.8854004 ], [ -147.6556641, 60.9095215 ], [ -147.623291, 60.9330078 ], [ -147.5925781, 60.9794434 ], [ -147.567285199999986, 60.9949219 ], [ -147.523291, 60.9703125 ], [ -147.433398399999987, 60.950293 ], [ -147.3905762, 60.9180176 ], [ -147.361377, 60.914502 ], [ -147.3210938, 60.9254883 ], [ -147.285595699999988, 60.9467773 ], [ -147.2548828, 60.9782715 ], [ -147.1950195, 60.9968262 ], [ -147.105957, 61.0025391 ], [ -147.034326199999981, 60.9961914 ], [ -146.980175799999984, 60.9777832 ], [ -146.8740234, 61.0048828 ], [ -146.715918, 61.077539099999989 ], [ -146.5827148, 61.127832 ], [ -146.384375, 61.1358398 ], [ -146.284912099999985, 61.1126465 ], [ -146.5991211, 61.0535156 ], [ -146.636035199999981, 60.9925293 ], [ -146.6384277, 60.8973145 ], [ -146.6035645, 60.8709473 ], [ -146.531933600000031, 60.8388672 ], [ -146.3919922, 60.8108398 ], [ -146.495507800000013, 60.7567871 ], [ -146.546386700000028, 60.7451172 ], [ -146.570459, 60.729150399999988 ], [ -146.502978499999983, 60.7007812 ], [ -146.347168, 60.7381348 ], [ -146.2510254, 60.7490723 ], [ -146.182324199999982, 60.7347656 ], [ -146.167089799999985, 60.7155273 ], [ -146.166406199999983, 60.6922852 ], [ -146.1490234, 60.6606934 ], [ -145.674902299999985, 60.651123 ], [ -145.69023439999998, 60.6219727 ], [ -145.7598145, 60.5620117 ], [ -145.8106445, 60.5246582 ], [ -145.898877, 60.4781738 ], [ -145.847753899999987, 60.4692383 ], [ -145.718457, 60.4675781 ], [ -145.5631348, 60.4407227 ], [ -145.3817871, 60.3885742 ], [ -145.248291, 60.380127 ], [ -145.1626953, 60.4153809 ], [ -145.095996099999979, 60.4536621 ], [ -144.9840332, 60.5369141 ], [ -144.863085899999987, 60.6008789 ], [ -144.7244141, 60.6628418 ], [ -144.691113299999984, 60.6690918 ], [ -144.786572299999989, 60.5846191 ], [ -144.824414099999984, 60.5335938 ], [ -144.862451199999981, 60.4591797 ], [ -144.90131839999998, 60.3351562 ], [ -144.8524414, 60.2950684 ], [ -144.7414062, 60.2727051 ], [ -144.671582, 60.2492188 ], [ -144.6429688, 60.2246582 ], [ -144.5299805, 60.2052246 ], [ -144.332617199999987, 60.1910156 ], [ -144.185498, 60.1507324 ], [ -144.08852539999998, 60.0843262 ], [ -144.0842773, 60.0630371 ], [ -144.160937499999989, 60.0458008 ], [ -144.1472168, 60.0164062 ], [ -143.979492199999981, 60.0087891 ], [ -143.8050781, 60.0128906 ], [ -143.5061035, 60.0550293 ], [ -142.9456543, 60.0969727 ], [ -142.548584, 60.0860352 ], [ -142.1041016, 60.0334473 ], [ -141.670166, 59.969873 ], [ -141.5301758, 59.9947754 ], [ -141.4470703, 60.0194336 ], [ -141.409716799999984, 60.042285199999988 ], [ -141.422168, 60.085498 ], [ -141.4216797, 60.1088379 ], [ -141.408740199999983, 60.1176758 ], [ -141.362158199999982, 60.1052734 ], [ -141.329541, 60.082812499999989 ], [ -141.2899414, 60.0041504 ], [ -141.2946289, 59.9800293 ], [ -141.4083008, 59.9027832 ], [ -141.331933599999985, 59.873779299999988 ], [ -140.8431641, 59.748877 ], [ -140.6483887, 59.7231934 ], [ -140.4198242, 59.7107422 ], [ -140.216748, 59.7266602 ], [ -139.916894499999984, 59.8056641 ], [ -139.8501953, 59.830712899999988 ], [ -139.611669899999981, 59.9734375 ], [ -139.518945299999984, 60.0170898 ], [ -139.4314453, 60.0122559 ], [ -139.402490199999988, 60.0009766 ], [ -139.2424805, 59.892773399999989 ], [ -138.988085899999987, 59.8350098 ], [ -139.048291, 59.8282227 ], [ -139.1788574, 59.8398438 ], [ -139.2208008, 59.819873 ], [ -139.245703099999986, 59.7820801 ], [ -139.2587402, 59.7433105 ], [ -139.265625, 59.6625977 ], [ -139.276269499999984, 59.6203613 ], [ -139.286718799999989, 59.6109375 ], [ -139.3200195, 59.7387207 ], [ -139.314648399999982, 59.8479492 ], [ -139.330957, 59.877002 ], [ -139.446875, 59.9568359 ], [ -139.4830078, 59.9637695 ], [ -139.512304699999987, 59.9535645 ], [ -139.5541016, 59.9333008 ], [ -139.5691406, 59.9123535 ], [ -139.581152299999985, 59.8805176 ], [ -139.582177699999988, 59.848291 ], [ -139.558496099999985, 59.7901855 ], [ -139.5055664, 59.7263184 ], [ -139.5130371, 59.6980957 ], [ -139.6116211, 59.6103027 ], [ -139.674121100000036, 59.586816399999989 ], [ -139.7660645, 59.5660645 ], [ -139.7991211, 59.5462402 ], [ -139.773291, 59.5272949 ], [ -139.714453099999986, 59.5039551 ], [ -139.5768066, 59.4624512 ], [ -139.3409668, 59.3756348 ], [ -138.8843262, 59.2369141 ], [ -138.7041992, 59.187548799999988 ], [ -138.5148926, 59.165918 ], [ -138.5207031, 59.1522461 ], [ -138.5603027, 59.1291504 ], [ -138.5371582, 59.1150879 ], [ -138.4513184, 59.1101074 ], [ -138.3524902, 59.0873047 ], [ -138.2407227, 59.0468262 ], [ -138.026904299999984, 58.9414551 ], [ -137.9608887, 58.8910156 ], [ -137.933984399999986, 58.846875 ], [ -137.863720699999988, 58.7855469 ], [ -137.75, 58.7070801 ], [ -137.661084, 58.6599121 ], [ -137.597070299999984, 58.6442383 ], [ -137.56459959999998, 58.6258789 ], [ -137.5569336, 58.5899414 ], [ -137.5439941, 58.5812012 ], [ -137.0719238, 58.3952148 ], [ -136.8649902, 58.3324219 ], [ -136.698925799999984, 58.266455099999988 ], [ -136.6074219, 58.2439941 ], [ -136.582617199999987, 58.2452148 ], [ -136.4624023, 58.3279785 ], [ -136.129638699999987, 58.3503906 ], [ -136.08125, 58.364209 ], [ -136.055957, 58.3841797 ], [ -136.0614746, 58.452734400000018 ], [ -136.1028809, 58.5062988 ], [ -136.2246094, 58.6022461 ], [ -136.319873, 58.6244629 ], [ -136.4837402, 58.6176758 ], [ -136.4041992, 58.6797852 ], [ -136.410107399999987, 58.7006348 ], [ -136.5334961, 58.7402344 ], [ -136.549316399999981, 58.7523926 ], [ -136.5682129, 58.7863281 ], [ -136.613916, 58.8092773 ], [ -136.7401367, 58.850195299999989 ], [ -136.879101599999984, 58.881543 ], [ -136.96303709999998, 58.8835449 ], [ -137.0383789, 58.8666504 ], [ -137.059033199999988, 58.8737305 ], [ -136.987890599999986, 58.9251465 ], [ -136.9480469, 58.9349121 ], [ -136.952832, 58.9669434 ], [ -137.002148399999982, 59.0211426 ], [ -136.989013699999987, 59.0344727 ], [ -136.830957, 58.9838379 ], [ -136.566210899999987, 58.940918 ], [ -136.511181599999986, 58.907080099999988 ], [ -136.4775879, 58.8625 ], [ -136.4511719, 58.8463379 ], [ -136.3802734, 58.8272949 ], [ -136.299023399999982, 58.7869141 ], [ -136.2258301, 58.7654785 ], [ -136.1863281, 58.770166 ], [ -136.1468262, 58.7888184 ], [ -136.1241699, 58.8196289 ], [ -136.1184082, 58.8625977 ], [ -136.1235352, 58.893457 ], [ -136.159472699999981, 58.9467773 ], [ -136.1500488, 59.0480957 ], [ -136.1336914, 59.0395508 ], [ -136.1006348, 58.9998535 ], [ -136.049365199999983, 58.8932129 ], [ -136.0166016, 58.8739746 ], [ -135.931689500000033, 58.9037598 ], [ -135.8263672, 58.8979492 ], [ -136.043115199999988, 58.8216309 ], [ -136.0455078, 58.7891113 ], [ -135.8895508, 58.6227051 ], [ -135.8617188, 58.5770508 ], [ -135.8963379, 58.463818399999987 ], [ -135.8975586, 58.4001953 ], [ -135.8734375, 58.3942383 ], [ -135.5717773, 58.4120605 ], [ -135.449951199999987, 58.376123 ], [ -135.363134799999983, 58.298291 ], [ -135.3025391, 58.2559082 ], [ -135.1415527, 58.2333984 ], [ -135.090234399999986, 58.2458496 ], [ -135.060498, 58.2789062 ], [ -135.049707, 58.306787099999987 ], [ -135.0620117, 58.3408691 ], [ -135.151904299999984, 58.512207 ], [ -135.1845703, 58.5897461 ], [ -135.207080099999985, 58.6708984 ], [ -135.2570312, 58.7777344 ], [ -135.334082, 58.9096191 ], [ -135.386132799999984, 59.0875488 ], [ -135.5023438, 59.2022949 ], [ -135.433740199999988, 59.2106934 ], [ -135.4001465, 59.2079102 ], [ -135.4169434, 59.2415039 ], [ -135.484082, 59.3086914 ], [ -135.4127441, 59.318457 ], [ -135.402539099999984, 59.3530762 ], [ -135.363671899999986, 59.4194336 ], [ -135.348925799999989, 59.4100586 ], [ -135.3584473, 59.3249023 ], [ -135.3303223, 59.2390625 ], [ -135.2173828, 59.076611299999989 ], [ -135.1318359, 58.8428711 ], [ -135.0764648, 58.796777299999988 ], [ -134.9861328, 58.765625 ], [ -134.964794899999987, 58.7421875 ], [ -134.9425293, 58.6462891 ], [ -134.776123, 58.4538574 ], [ -134.663623, 58.3847168 ], [ -134.4854492, 58.3671875 ], [ -134.331445299999984, 58.2996094 ], [ -134.2576172, 58.2441895 ], [ -134.2088379, 58.232959 ], [ -134.1312012, 58.2793457 ], [ -134.0361328, 58.415332 ], [ -133.9438477, 58.498291 ], [ -133.9111328, 58.5152344 ], [ -133.8767578, 58.5181641 ], [ -133.8885254, 58.4987305 ], [ -133.933642599999985, 58.4678711 ], [ -134.0452637, 58.2892578 ], [ -134.0633301, 58.211084 ], [ -134.0567383, 58.1283691 ], [ -134.0311035, 58.072168 ], [ -133.894482399999987, 57.9932617 ], [ -133.8213867, 57.936377 ], [ -133.74414059999998, 57.8545898 ], [ -133.722314499999982, 57.8442383 ], [ -133.6572754, 57.8410156 ], [ -133.6257324, 57.8569824 ], [ -133.559375, 57.9244629 ], [ -133.4974121, 57.9246582 ], [ -133.1943359, 57.8776855 ], [ -133.2120605, 57.8656738 ], [ -133.511132799999984, 57.880127 ], [ -133.536425799999989, 57.8638672 ], [ -133.535205099999985, 57.832959 ], [ -133.5154785, 57.7751465 ], [ -133.4357422, 57.7270508 ], [ -133.117041, 57.5662109 ], [ -133.142822300000034, 57.555127 ], [ -133.342334, 57.631103499999988 ], [ -133.5541992, 57.6950684 ], [ -133.603369099999981, 57.6946777 ], [ -133.62695309999998, 57.6765137 ], [ -133.6487305, 57.6422852 ], [ -133.5389648, 57.5541504 ], [ -133.4366699, 57.3368652 ], [ -133.4658691, 57.172168 ], [ -132.9134277, 57.0474609 ], [ -132.824609399999986, 57.0558105 ], [ -132.8142578, 57.0407227 ], [ -132.8388184, 56.9602051 ], [ -132.8298828, 56.9306152 ], [ -132.802197299999989, 56.895166 ], [ -132.7019531, 56.8222656 ], [ -132.639502, 56.7964355 ], [ -132.48710939999998, 56.7664062 ], [ -132.4759277, 56.6496582 ], [ -132.4344238, 56.6341309 ], [ -132.357666, 56.6258789 ], [ -132.3366699, 56.603125 ], [ -132.332031199999989, 56.5579102 ], [ -132.3049805, 56.519873 ], [ -132.2555664, 56.4891113 ], [ -132.182031199999983, 56.4206543 ], [ -132.133252, 56.3998535 ], [ -132.021923800000025, 56.3800781 ], [ -131.9623047, 56.3236816 ], [ -131.9272949, 56.272998 ], [ -131.8878906, 56.2416504 ], [ -131.8442383, 56.2296387 ], [ -131.551367199999987, 56.2067871 ], [ -131.738037099999985, 56.1612305 ], [ -131.8438477, 56.1601074 ], [ -132.0057129, 55.9300781 ], [ -132.0906738, 55.8395508 ], [ -132.157959, 55.7806641 ], [ -132.207519499999989, 55.753418 ], [ -132.223437499999989, 55.7210449 ], [ -132.1554199, 55.5995605 ], [ -132.118994099999981, 55.5697754 ], [ -131.9833984, 55.5350098 ], [ -131.9450195, 55.5541504 ], [ -131.8694336, 55.647168 ], [ -131.833593799999989, 55.7349121 ], [ -131.8032715, 55.7659668 ], [ -131.7990723, 55.7828125 ], [ -131.8261719, 55.8353516 ], [ -131.815478499999983, 55.8541992 ], [ -131.784179699999981, 55.8765625 ], [ -131.635253899999981, 55.9322266 ], [ -131.2875977, 56.0121094 ], [ -131.0327637, 56.0880859 ], [ -131.074023399999987, 56.0443848 ], [ -131.1403809, 55.9975098 ], [ -131.127685499999984, 55.9601562 ], [ -130.977002, 55.8119629 ], [ -130.918554699999987, 55.7359863 ], [ -130.879638699999987, 55.6118164 ], [ -130.8733887, 55.551123 ], [ -130.879785199999986, 55.4595215 ], [ -130.855957, 55.355127 ], [ -130.8350586, 55.3320801 ], [ -130.748193400000019, 55.3180176 ], [ -130.7503906, 55.2969727 ], [ -130.9839355, 55.2439453 ], [ -131.0458984, 55.1795898 ], [ -131.0478516, 55.157666 ], [ -130.979687499999983, 55.0611816 ], [ -130.9346191, 54.9503906 ], [ -130.8496094, 54.8076172 ], [ -130.6158203, 54.790918 ], [ -130.5753418, 54.7696777 ], [ -130.4932617, 54.8341797 ], [ -130.3125488, 54.9459473 ], [ -130.214062499999983, 55.0258789 ], [ -130.2185059, 55.0602539 ], [ -130.1718262, 55.1370117 ], [ -130.036572300000017, 55.2979004 ], [ -130.0392578, 55.3436035 ], [ -130.059472699999986, 55.4123047 ], [ -130.120410199999981, 55.5244141 ], [ -130.1404297, 55.5850098 ], [ -130.1465332, 55.6544922 ], [ -130.1370605, 55.7193848 ], [ -130.11196289999998, 55.7797852 ], [ -130.074658199999988, 55.8360352 ], [ -130.0250977, 55.8882324 ], [ -130.0140625, 55.9505371 ] ] ], [ [ [ -163.510888699999981, 55.0143066 ], [ -163.5530273, 55.0378418 ], [ -163.6074707, 55.0508301 ], [ -163.807128899999981, 55.0490723 ], [ -163.8679688, 55.0391113 ], [ -164.145068399999985, 54.955127 ], [ -164.2736816, 54.9000488 ], [ -164.424316399999981, 54.9131836 ], [ -164.4786133, 54.9068359 ], [ -164.5297852, 54.8808594 ], [ -164.70620120000001, 54.6919922 ], [ -164.75146479999998, 54.6629395 ], [ -164.887646499999988, 54.607812499999987 ], [ -164.9037109, 54.5679688 ], [ -164.9039551, 54.5447754 ], [ -164.866162100000025, 54.461377 ], [ -164.823437499999983, 54.4190918 ], [ -164.743798799999979, 54.4074707 ], [ -164.5908203, 54.4043457 ], [ -164.463476599999979, 54.4273438 ], [ -164.4035156, 54.4478516 ], [ -164.346679699999981, 54.4824219 ], [ -164.2346191, 54.5713379 ], [ -164.1712891, 54.6030273 ], [ -164.073291, 54.6209961 ], [ -163.5830078, 54.6256836 ], [ -163.5308594, 54.6383301 ], [ -163.3581055, 54.7356934 ], [ -163.083252, 54.6689941 ], [ -163.089257799999984, 54.686084 ], [ -163.135058599999979, 54.723291 ], [ -163.187109400000026, 54.7477539 ], [ -163.2745117, 54.7655762 ], [ -163.3369141, 54.7832031 ], [ -163.378955099999985, 54.8155273 ], [ -163.4760254, 54.9807129 ], [ -163.510888699999981, 55.0143066 ] ] ], [ [ [ -133.345556599999981, 55.559082 ], [ -133.4547852, 55.5223145 ], [ -133.566699199999988, 55.5271973 ], [ -133.6342285, 55.5392578 ], [ -133.73710939999998, 55.4969238 ], [ -133.6350098, 55.4133301 ], [ -133.6501953, 55.2692871 ], [ -133.5473633, 55.3172363 ], [ -133.493457, 55.3616699 ], [ -133.463085899999982, 55.3766602 ], [ -133.4291016, 55.4177246 ], [ -133.4264648, 55.4314453 ], [ -133.2816895, 55.4978516 ], [ -133.28320309999998, 55.515625 ], [ -133.3050781, 55.54375 ], [ -133.345556599999981, 55.559082 ] ] ], [ [ [ -131.4046387, 55.2133301 ], [ -131.512646499999988, 55.2627441 ], [ -131.565429699999981, 55.2641113 ], [ -131.5784668, 55.2487793 ], [ -131.577832, 55.2008301 ], [ -131.5560059, 55.1374023 ], [ -131.5951172, 55.0907227 ], [ -131.5922363, 55.0256836 ], [ -131.5400391, 55.0484863 ], [ -131.481738299999989, 55.0352539 ], [ -131.4313477, 54.9964844 ], [ -131.456103499999983, 54.9305664 ], [ -131.4457031, 54.9093262 ], [ -131.4062012, 54.8942871 ], [ -131.329541, 54.8877441 ], [ -131.2320312, 54.9037598 ], [ -131.237451199999981, 54.9495117 ], [ -131.339746099999985, 55.079834 ], [ -131.4046387, 55.2133301 ] ] ], [ [ [ -132.066894499999989, 56.2442383 ], [ -132.205615199999983, 56.3879395 ], [ -132.316503899999987, 56.4875 ], [ -132.379834, 56.4987793 ], [ -132.505957, 56.3352539 ], [ -132.5390137, 56.3241699 ], [ -132.598730499999988, 56.2416504 ], [ -132.675195299999984, 56.2236328 ], [ -132.699023399999987, 56.1981934 ], [ -132.691357399999987, 56.1300781 ], [ -132.659912099999985, 56.0781738 ], [ -132.6029785, 56.0664062 ], [ -132.4511719, 56.0563477 ], [ -132.406054700000027, 56.0288574 ], [ -132.4206055, 55.979541 ], [ -132.4065918, 55.9582031 ], [ -132.3686035, 55.9397461 ], [ -132.2873047, 55.9293945 ], [ -132.2103027, 55.9529785 ], [ -132.1726074, 55.9526367 ], [ -132.132959, 55.9432617 ], [ -132.112353499999983, 56.109375 ], [ -132.066894499999989, 56.2442383 ] ] ], [ [ [ -130.965039099999984, 55.5680176 ], [ -130.9659668, 55.6695312 ], [ -130.9978027, 55.7276367 ], [ -131.120654299999984, 55.8566406 ], [ -131.236181599999981, 55.9489746 ], [ -131.269238299999984, 55.9553711 ], [ -131.6249512, 55.8316895 ], [ -131.6475586, 55.5855469 ], [ -131.7594727, 55.5030762 ], [ -131.8460938, 55.4162598 ], [ -131.8419922, 55.3586914 ], [ -131.8109863, 55.2230957 ], [ -131.7625, 55.1658203 ], [ -131.7236816, 55.2183594 ], [ -131.6413086, 55.2989258 ], [ -131.5218262, 55.3410645 ], [ -131.4745117, 55.3734863 ], [ -131.4475586, 55.4087891 ], [ -131.4223633, 55.3684082 ], [ -131.4509277, 55.3163086 ], [ -131.4207031, 55.2758789 ], [ -131.3668457, 55.2658203 ], [ -131.316308599999985, 55.2685059 ], [ -131.261865199999988, 55.2197754 ], [ -131.1878906, 55.2062988 ], [ -131.082763699999987, 55.2667969 ], [ -131.013916, 55.3792969 ], [ -130.97915039999998, 55.4891602 ], [ -130.965039099999984, 55.5680176 ] ] ], [ [ [ -133.707714800000019, 57.0628418 ], [ -133.8659668, 57.0687012 ], [ -133.9623535, 57.043457 ], [ -133.9794434, 57.0095703 ], [ -133.917285199999981, 56.9670898 ], [ -133.82304689999998, 56.9243652 ], [ -133.7575195, 56.8766602 ], [ -133.680957, 56.7975098 ], [ -133.6881836, 56.7100098 ], [ -133.6583008, 56.5962891 ], [ -133.6492676, 56.5167969 ], [ -133.6313477, 56.4840332 ], [ -133.6027832, 56.4641113 ], [ -133.484179700000027, 56.4517578 ], [ -133.3827637, 56.473877 ], [ -133.2126465, 56.4645996 ], [ -133.1808105, 56.4739746 ], [ -133.1581543, 56.495166 ], [ -133.144726599999984, 56.5282227 ], [ -133.144238299999984, 56.5668945 ], [ -133.1566406, 56.6111328 ], [ -133.1784668, 56.644824199999988 ], [ -133.2272461, 56.6892578 ], [ -133.239697299999989, 56.7256836 ], [ -133.309082, 56.7862305 ], [ -133.332421899999986, 56.8185059 ], [ -133.3289551, 56.8300781 ], [ -133.243994099999981, 56.7958496 ], [ -133.132373, 56.683252 ], [ -133.034912100000014, 56.620752 ], [ -133.004101599999984, 56.6237305 ], [ -132.9758789, 56.6472656 ], [ -132.9591797, 56.6770508 ], [ -132.9540039, 56.7130859 ], [ -132.9633301, 56.7825684 ], [ -132.9505859, 56.8504395 ], [ -132.9541504, 56.8802734 ], [ -132.996240199999988, 56.9304199 ], [ -133.0708008, 56.9742676 ], [ -133.1959961, 57.0034668 ], [ -133.2635254, 57.0049805 ], [ -133.299707, 56.972168 ], [ -133.3662109, 57.0035156 ], [ -133.707714800000019, 57.0628418 ] ] ], [ [ [ -132.9459961, 55.0025879 ], [ -132.9821777, 55.0330078 ], [ -132.995752, 55.1105957 ], [ -133.0670898, 55.1662109 ], [ -133.097412099999985, 55.2137207 ], [ -133.296582, 55.3257324 ], [ -133.4290527, 55.303808599999989 ], [ -133.4538086, 55.2603516 ], [ -133.417968799999983, 55.2106934 ], [ -133.324853499999989, 55.185498 ], [ -133.2511719, 55.1751465 ], [ -133.2046387, 55.0844727 ], [ -133.1227051, 54.9698242 ], [ -133.080566399999981, 54.9494141 ], [ -133.0753906, 54.9213379 ], [ -133.0089355, 54.854834 ], [ -132.8895996, 54.7626465 ], [ -132.80727539999998, 54.7091309 ], [ -132.705810499999984, 54.6841797 ], [ -132.676660199999986, 54.7262207 ], [ -132.6469727, 54.7561523 ], [ -132.6340332, 54.8404785 ], [ -132.6172363, 54.8924316 ], [ -132.648877, 54.9070801 ], [ -132.700634799999989, 54.919043 ], [ -132.7723145, 54.9260742 ], [ -132.8128906, 54.8904297 ], [ -132.837744099999981, 54.880957 ], [ -132.8622559, 54.8944336 ], [ -132.9459961, 55.0025879 ] ] ], [ [ [ -146.5603027, 60.4805664 ], [ -146.605908199999988, 60.4678223 ], [ -146.6702637, 60.4326172 ], [ -146.7025391, 60.4085449 ], [ -146.7028809, 60.3956055 ], [ -146.683007799999984, 60.3606934 ], [ -146.6504395, 60.3356445 ], [ -146.6183105, 60.273681599999989 ], [ -146.5953125, 60.268457 ], [ -146.419189499999987, 60.3250488 ], [ -146.2023926, 60.3680176 ], [ -146.128271499999983, 60.3925293 ], [ -146.1022461, 60.4111816 ], [ -146.1242676, 60.4239258 ], [ -146.179541, 60.4287598 ], [ -146.371679699999987, 60.422168 ], [ -146.393945299999984, 60.4496582 ], [ -146.5603027, 60.4805664 ] ] ], [ [ [ -147.66875, 59.831543 ], [ -147.644921900000014, 59.8536133 ], [ -147.6020508, 59.8655762 ], [ -147.5402344, 59.8675293 ], [ -147.4993164, 59.8901855 ], [ -147.479394499999984, 59.9336914 ], [ -147.447558599999979, 59.9602539 ], [ -147.4038086, 59.9699707 ], [ -147.3765137, 59.9911621 ], [ -147.3463379, 60.0519531 ], [ -147.318457, 60.075293 ], [ -146.9867188, 60.2543457 ], [ -146.9578613, 60.2888672 ], [ -147.019873, 60.3322266 ], [ -147.120019499999984, 60.363085899999987 ], [ -147.1808594, 60.358252 ], [ -147.20522459999998, 60.3113281 ], [ -147.3365234, 60.1853516 ], [ -147.4658203, 60.0970215 ], [ -147.606689499999987, 60.0366211 ], [ -147.7336426, 59.9536133 ], [ -147.768066399999981, 59.94375 ], [ -147.8143555, 59.9019531 ], [ -147.8724609, 59.8283691 ], [ -147.84633789999998, 59.798828099999987 ], [ -147.7358887, 59.8132324 ], [ -147.66875, 59.831543 ] ] ], [ [ [ -147.6885742, 60.4914062 ], [ -147.7029785, 60.4868164 ], [ -147.737304699999981, 60.4474121 ], [ -147.7602051, 60.4387695 ], [ -147.7741699, 60.4449707 ], [ -147.7791504, 60.466064499999987 ], [ -147.7945312, 60.459863299999988 ], [ -147.8375977, 60.3712891 ], [ -147.8416992, 60.3512695 ], [ -147.854882799999984, 60.3214355 ], [ -147.8914551, 60.2994141 ], [ -147.871337899999986, 60.2297852 ], [ -147.805273400000033, 60.2306641 ], [ -147.8216797, 60.2027344 ], [ -147.815820299999984, 60.1851562 ], [ -147.7878418, 60.1779297 ], [ -147.75991209999998, 60.1902344 ], [ -147.7321289, 60.2220703 ], [ -147.7120117, 60.2727539 ], [ -147.659960899999987, 60.3524902 ], [ -147.6900391, 60.398877 ], [ -147.658691399999981, 60.4241211 ], [ -147.658252, 60.4504883 ], [ -147.6885742, 60.4914062 ] ] ], [ [ [ -147.9431152, 60.8753906 ], [ -147.964404299999984, 60.9001465 ], [ -148.0377441, 60.9241211 ], [ -148.1016602, 60.9161133 ], [ -148.099707, 60.894824199999988 ], [ -148.1237793, 60.8443359 ], [ -148.1154297, 60.8306152 ], [ -148.05742189999998, 60.8179199 ], [ -147.9307129, 60.8261719 ], [ -147.9431152, 60.8753906 ] ] ], [ [ [ -152.933447299999983, 57.129248 ], [ -152.9077637, 57.1397461 ], [ -152.908398399999982, 57.1524414 ], [ -152.9354492, 57.167334 ], [ -153.285205099999985, 57.1850586 ], [ -153.354345699999982, 57.1319336 ], [ -153.3746094, 57.0519043 ], [ -153.2954102, 57.0004395 ], [ -153.2354004, 57.0286133 ], [ -153.1568359, 57.093945299999987 ], [ -153.1342285, 57.0925781 ], [ -153.0070801, 57.1248535 ], [ -152.933447299999983, 57.129248 ] ] ], [ [ [ -152.3928223, 58.5408691 ], [ -152.36225589999998, 58.5708496 ], [ -152.3568359, 58.5949707 ], [ -152.3679199, 58.611084 ], [ -152.3955078, 58.6193848 ], [ -152.463183599999979, 58.618505899999988 ], [ -152.604882799999984, 58.566406199999989 ], [ -152.636621099999985, 58.5416992 ], [ -152.588623, 58.5092285 ], [ -152.5155273, 58.4786133 ], [ -152.486084, 58.4850098 ], [ -152.3928223, 58.5408691 ] ] ], [ [ [ -153.2900391, 57.8979004 ], [ -153.346972699999981, 57.9328125 ], [ -153.481054699999987, 57.9710449 ], [ -153.520068399999985, 57.9557617 ], [ -153.51708979999998, 57.9418945 ], [ -153.465039099999984, 57.909375 ], [ -153.3508301, 57.8619629 ], [ -153.2949707, 57.8294922 ], [ -153.268554699999981, 57.8223633 ], [ -153.240625, 57.8500977 ], [ -153.2900391, 57.8979004 ] ] ], [ [ [ -155.563916, 55.8866699 ], [ -155.573242199999981, 55.9210938 ], [ -155.5939453, 55.9243164 ], [ -155.620605499999982, 55.9130859 ], [ -155.737353499999983, 55.8297852 ], [ -155.723193399999985, 55.8021973 ], [ -155.6806152, 55.7918457 ], [ -155.604882799999984, 55.7895508 ], [ -155.566015599999986, 55.8211914 ], [ -155.563916, 55.8866699 ] ] ], [ [ [ -154.511181599999986, 56.5214355 ], [ -154.444873, 56.5731934 ], [ -154.463378899999981, 56.5981934 ], [ -154.5175293, 56.6005371 ], [ -154.6237305, 56.5613281 ], [ -154.729345699999982, 56.5021484 ], [ -154.760937499999983, 56.4711426 ], [ -154.777148400000016, 56.4398926 ], [ -154.7739258, 56.4202637 ], [ -154.7512207, 56.4121582 ], [ -154.682812499999983, 56.435791 ], [ -154.511181599999986, 56.5214355 ] ] ], [ [ [ -154.1498047, 56.5295898 ], [ -154.1159668, 56.5438965 ], [ -154.1071777, 56.5578125 ], [ -154.1022461, 56.5816406 ], [ -154.1104004, 56.6029297 ], [ -154.216748, 56.6087402 ], [ -154.3222168, 56.5706055 ], [ -154.332128899999987, 56.5390137 ], [ -154.2578125, 56.5126953 ], [ -154.2086426, 56.5148926 ], [ -154.1498047, 56.5295898 ] ] ], [ [ [ -160.666357399999981, 55.3594238 ], [ -160.672168, 55.3793945 ], [ -160.6956543, 55.398339799999988 ], [ -160.723925799999989, 55.4046387 ], [ -160.789209, 55.3831055 ], [ -160.839648399999987, 55.3354004 ], [ -160.84653320000001, 55.3113281 ], [ -160.825488299999989, 55.1739746 ], [ -160.7950684, 55.1452148 ], [ -160.7506348, 55.1711914 ], [ -160.7018066, 55.1776367 ], [ -160.609082, 55.1590332 ], [ -160.487548799999985, 55.184863299999989 ], [ -160.482666, 55.1974121 ], [ -160.5312012, 55.2332031 ], [ -160.5831543, 55.3076172 ], [ -160.5524902, 55.3633789 ], [ -160.5527832, 55.3807617 ], [ -160.573974599999985, 55.3782715 ], [ -160.6388184, 55.3219238 ], [ -160.6697266, 55.3142578 ], [ -160.6849121, 55.3147949 ], [ -160.666357399999981, 55.3594238 ] ] ], [ [ [ -162.2725586, 54.8671875 ], [ -162.2337402, 54.9320312 ], [ -162.238378899999987, 54.9547363 ], [ -162.2645996, 54.9834961 ], [ -162.2936523, 54.9828613 ], [ -162.433886699999988, 54.931543 ], [ -162.4157715, 54.8958984 ], [ -162.3907715, 54.872998 ], [ -162.321923799999979, 54.8423828 ], [ -162.2981445, 54.8470215 ], [ -162.2725586, 54.8671875 ] ] ], [ [ [ -162.607959, 54.4466309 ], [ -162.645410199999986, 54.4620605 ], [ -162.8205566, 54.4945312 ], [ -162.8117188, 54.4443848 ], [ -162.7331055, 54.4022949 ], [ -162.6411133, 54.379541 ], [ -162.5543945, 54.4013672 ], [ -162.607959, 54.4466309 ] ] ], [ [ [ -159.854101599999979, 55.1446777 ], [ -159.839404299999984, 55.182373 ], [ -159.8982422, 55.2212891 ], [ -159.871044899999987, 55.2635742 ], [ -159.887353499999989, 55.272998 ], [ -159.920459, 55.2675293 ], [ -159.98164060000002, 55.1977539 ], [ -160.0387695, 55.1925293 ], [ -160.1021973, 55.1338867 ], [ -160.1337402, 55.120166 ], [ -160.1720703, 55.1230469 ], [ -160.152392599999985, 55.0568848 ], [ -160.153613299999989, 55.0383301 ], [ -160.1635742, 55.0104492 ], [ -160.2270508, 54.9227051 ], [ -160.1695801, 54.941699199999988 ], [ -160.0384277, 55.0444824 ], [ -159.9994141, 55.0671875 ], [ -159.9530762, 55.0789551 ], [ -159.9339355, 55.1068359 ], [ -159.872998, 55.1287598 ], [ -159.854101599999979, 55.1446777 ] ] ], [ [ [ -165.737890599999986, 54.0811035 ], [ -165.6928711, 54.0999023 ], [ -165.704248, 54.1199219 ], [ -165.7644531, 54.1520996 ], [ -165.892871099999979, 54.2069824 ], [ -165.9664062, 54.2110352 ], [ -166.0412598, 54.1912598 ], [ -166.087744099999981, 54.1691406 ], [ -166.1058105, 54.1448242 ], [ -166.102832, 54.1139648 ], [ -166.05664059999998, 54.0543457 ], [ -166.036425799999989, 54.047168 ], [ -165.932910199999981, 54.0591797 ], [ -165.909863299999984, 54.0491699 ], [ -165.879394499999989, 54.0530273 ], [ -165.8415527, 54.0706543 ], [ -165.737890599999986, 54.0811035 ] ] ], [ [ [ -165.4675781, 54.1809082 ], [ -165.407861299999979, 54.1968262 ], [ -165.441748, 54.2080078 ], [ -165.487695300000013, 54.221875 ], [ -165.533789099999979, 54.273877 ], [ -165.550634799999983, 54.2845215 ], [ -165.590332, 54.2786621 ], [ -165.6541504, 54.2533203 ], [ -165.620507799999984, 54.1835449 ], [ -165.6153809, 54.1395508 ], [ -165.604834, 54.1291504 ], [ -165.5611328, 54.1367188 ], [ -165.4675781, 54.1809082 ] ] ], [ [ [ -160.715136699999988, 58.7952148 ], [ -160.768603499999983, 58.789209 ], [ -160.9862305, 58.7364258 ], [ -161.0845703, 58.6712891 ], [ -161.1314941, 58.6682129 ], [ -161.070263700000027, 58.5691406 ], [ -160.9923828, 58.5610352 ], [ -160.9189941, 58.5770996 ], [ -160.715136699999988, 58.7952148 ] ] ], [ [ [ -172.8602051, 60.5056641 ], [ -172.923877, 60.6068359 ], [ -173.0476562, 60.5683105 ], [ -173.074023399999987, 60.4932129 ], [ -172.9583984, 60.462793 ], [ -172.635742199999981, 60.3288574 ], [ -172.397168, 60.3311035 ], [ -172.2320801, 60.2991211 ], [ -172.277539099999984, 60.3436523 ], [ -172.3875, 60.3984863 ], [ -172.526074199999982, 60.391748 ], [ -172.7422363, 60.457373 ], [ -172.8602051, 60.5056641 ] ] ], [ [ [ -170.1161621, 57.2417969 ], [ -170.386621099999985, 57.2030273 ], [ -170.385888699999981, 57.1885742 ], [ -170.3580078, 57.1541992 ], [ -170.2640137, 57.1367676 ], [ -170.160546899999986, 57.1839355 ], [ -170.1161621, 57.2417969 ] ] ], [ [ [ -169.7109863, 52.866748 ], [ -169.7548828, 52.8836426 ], [ -169.8206543, 52.8833984 ], [ -169.9825684, 52.8510254 ], [ -169.991845700000027, 52.829834 ], [ -169.980566400000015, 52.8060059 ], [ -169.8773438, 52.8137695 ], [ -169.722753899999987, 52.792334 ], [ -169.708105499999988, 52.8071289 ], [ -169.691943399999985, 52.8473633 ], [ -169.7109863, 52.866748 ] ] ], [ [ [ -170.692285199999986, 52.5929688 ], [ -170.6492676, 52.5931152 ], [ -170.614013699999987, 52.609619099999989 ], [ -170.5866211, 52.6424316 ], [ -170.5846191, 52.6675781 ], [ -170.6080566, 52.6850586 ], [ -170.682080099999979, 52.6975586 ], [ -170.79116209999998, 52.63125 ], [ -170.8270508, 52.6007324 ], [ -170.816064499999982, 52.5615234 ], [ -170.7973633, 52.5497559 ], [ -170.7333984, 52.5814941 ], [ -170.692285199999986, 52.5929688 ] ] ], [ [ [ -172.313623, 52.3295898 ], [ -172.3831055, 52.3729492 ], [ -172.4704102, 52.3880371 ], [ -172.5436523, 52.3538086 ], [ -172.582177699999988, 52.3256348 ], [ -172.619824199999982, 52.2728516 ], [ -172.5391113, 52.2574707 ], [ -172.464794899999987, 52.2722656 ], [ -172.313623, 52.3295898 ] ] ], [ [ [ -169.7661621, 56.607959 ], [ -169.6326172, 56.5457031 ], [ -169.5868652, 56.5424316 ], [ -169.4743164, 56.594043 ], [ -169.4856934, 56.6177246 ], [ -169.550488299999984, 56.628125 ], [ -169.6239258, 56.6151367 ], [ -169.7552246, 56.6350586 ], [ -169.7661621, 56.607959 ] ] ], [ [ [ -176.2802246, 51.802832 ], [ -176.378564499999982, 51.8611328 ], [ -176.4137207, 51.8405762 ], [ -176.396093799999989, 51.7598633 ], [ -176.3496582, 51.7333008 ], [ -176.286718799999989, 51.791992199999989 ], [ -176.2802246, 51.802832 ] ] ], [ [ [ -175.975293, 52.0289551 ], [ -175.988085899999987, 52.0494629 ], [ -176.0312012, 52.0823242 ], [ -176.0773926, 52.0999512 ], [ -176.1556641, 52.0994141 ], [ -176.184521499999988, 52.0560547 ], [ -176.1775391, 52.029834 ], [ -176.142871099999979, 52.0042969 ], [ -176.0450684, 51.972998 ], [ -176.0215332, 52.0024414 ], [ -175.975293, 52.0289551 ] ] ], [ [ [ -177.135107399999981, 51.8069336 ], [ -177.121386699999988, 51.835791 ], [ -177.079541, 51.8665527 ], [ -177.0630371, 51.9019043 ], [ -177.1100586, 51.9287598 ], [ -177.1314941, 51.9297852 ], [ -177.166406199999983, 51.9094238 ], [ -177.2097656, 51.8412598 ], [ -177.2572754, 51.8049316 ], [ -177.3347168, 51.7762207 ], [ -177.667627, 51.721191399999988 ], [ -177.6702148, 51.7010742 ], [ -177.6548828, 51.6765625 ], [ -177.5775879, 51.6941895 ], [ -177.4746582, 51.7012695 ], [ -177.382373, 51.704834 ], [ -177.229882799999984, 51.6935547 ], [ -177.177002, 51.7037109 ], [ -177.1481934, 51.716748 ], [ -177.135107399999981, 51.8069336 ] ] ], [ [ [ 178.607324200000022, 51.9530273 ], [ 178.5706055, 51.9775391 ], [ 178.509375, 51.9946777 ], [ 178.475, 51.9677246 ], [ 178.4777344, 51.9425293 ], [ 178.511816399999987, 51.8991211 ], [ 178.575488299999989, 51.9162598 ], [ 178.607324200000022, 51.9530273 ] ] ], [ [ [ 179.41552729999998, 51.4008789 ], [ 179.2943359, 51.4208496 ], [ 179.181738299999978, 51.4699219 ], [ 179.0842773, 51.5276855 ], [ 178.908007799999979, 51.6155762 ], [ 178.692187499999989, 51.655957 ], [ 178.6479492, 51.6438965 ], [ 178.7470703, 51.5867188 ], [ 178.925878899999987, 51.5350586 ], [ 179.278125, 51.3722168 ], [ 179.4515625, 51.3726074 ], [ 179.41552729999998, 51.4008789 ] ] ], [ [ [ 173.744726599999979, 52.446630899999988 ], [ 173.776074200000011, 52.4951172 ], [ 173.6576172, 52.5041016 ], [ 173.5165039, 52.451416 ], [ 173.424511699999982, 52.4376465 ], [ 173.402343799999983, 52.4047852 ], [ 173.6162109, 52.3912598 ], [ 173.6578125, 52.3566406 ], [ 173.722753899999987, 52.3595703 ], [ 173.744726599999979, 52.446630899999988 ] ] ], [ [ [ -135.06523439999998, 57.4166992 ], [ -135.1306641, 57.4316406 ], [ -135.3462891, 57.5331055 ], [ -135.448681599999986, 57.534375 ], [ -135.487304699999981, 57.516503899999989 ], [ -135.5696289, 57.424707 ], [ -135.580566399999981, 57.3899902 ], [ -135.6245117, 57.3543945 ], [ -135.6809082, 57.3325684 ], [ -135.7871094, 57.3172852 ], [ -135.822753899999981, 57.2804199 ], [ -135.8211426, 57.2304199 ], [ -135.76772459999998, 57.1003906 ], [ -135.7816406, 57.0575195 ], [ -135.8123047, 57.0095215 ], [ -135.6618652, 57.0337402 ], [ -135.6089355, 57.0714355 ], [ -135.50195309999998, 57.2438477 ], [ -135.454931599999981, 57.2494141 ], [ -135.375293, 57.1884277 ], [ -135.3413574, 57.0815918 ], [ -135.2673828, 57.048877 ], [ -135.2112305, 57.0449219 ], [ -135.199609399999986, 57.0273438 ], [ -135.315136699999982, 56.9318359 ], [ -135.338378899999981, 56.8939941 ], [ -135.340625, 56.8507812 ], [ -135.330615199999983, 56.821875 ], [ -135.284814499999982, 56.8003418 ], [ -135.1631348, 56.8241211 ], [ -135.146582, 56.8023438 ], [ -135.159033199999982, 56.7253906 ], [ -135.097168, 56.702832 ], [ -135.0178223, 56.6601562 ], [ -134.9275879, 56.6669922 ], [ -134.8834473, 56.6790527 ], [ -134.8750977, 56.670459 ], [ -134.933203099999986, 56.6163574 ], [ -134.9666504, 56.5961426 ], [ -134.9824219, 56.563623 ], [ -134.980566399999987, 56.5189453 ], [ -134.950146499999988, 56.4568359 ], [ -134.847998, 56.3234863 ], [ -134.8064453, 56.28125 ], [ -134.750293, 56.2407715 ], [ -134.6818848, 56.2161621 ], [ -134.6540039, 56.2274902 ], [ -134.6300293, 56.3024414 ], [ -134.6316895, 56.4356445 ], [ -134.6570801, 56.5232422 ], [ -134.651709, 56.5560547 ], [ -134.6243164, 56.5787109 ], [ -134.6105469, 56.603418 ], [ -134.620703099999986, 56.718310499999987 ], [ -134.634082, 56.7621094 ], [ -134.676855499999988, 56.8422852 ], [ -134.7685059, 57.0541992 ], [ -134.8231934, 57.156543 ], [ -134.8848633, 57.2416992 ], [ -134.9697754, 57.351416 ], [ -135.06523439999998, 57.4166992 ] ] ], [ [ [ -134.7332031, 58.225 ], [ -134.8369629, 58.320166 ], [ -134.9234863, 58.3546387 ], [ -134.933105499999982, 58.3289551 ], [ -134.907666, 58.262793 ], [ -134.869970699999982, 58.2020996 ], [ -134.8201172, 58.146875 ], [ -134.7814941, 58.077832 ], [ -134.754101599999984, 57.9950195 ], [ -134.6951172, 57.7360352 ], [ -134.659863299999984, 57.6380859 ], [ -134.5948242, 57.5678223 ], [ -134.4867676, 57.4820312 ], [ -134.489209, 57.420166 ], [ -134.5758789, 57.2317383 ], [ -134.619531199999983, 57.1955078 ], [ -134.613085899999987, 57.1379395 ], [ -134.5915039, 57.0919922 ], [ -134.554785200000026, 57.0575684 ], [ -134.5160156, 57.0425781 ], [ -134.4353027, 57.0569824 ], [ -134.260156199999983, 57.1467773 ], [ -134.1000488, 57.3000977 ], [ -133.925293, 57.3367676 ], [ -133.9111328, 57.3525391 ], [ -133.90883789999998, 57.3687012 ], [ -133.973730499999988, 57.4513672 ], [ -133.9208496, 57.4919922 ], [ -133.9370117, 57.5815918 ], [ -133.9611328, 57.6141602 ], [ -134.0836914, 57.7122559 ], [ -134.2670898, 57.8845215 ], [ -134.300390599999986, 57.9634277 ], [ -134.3068848, 58.034375 ], [ -134.292334, 58.0447266 ], [ -134.2499512, 58.0491699 ], [ -134.2125977, 58.0379395 ], [ -134.1802734, 58.0111328 ], [ -134.1775391, 57.9821777 ], [ -134.104736299999985, 57.879345699999988 ], [ -134.0672363, 57.8395996 ], [ -134.031640600000031, 57.8206055 ], [ -133.995556599999986, 57.7784668 ], [ -133.925, 57.670800799999988 ], [ -133.8269043, 57.617578099999989 ], [ -133.822753899999981, 57.6286621 ], [ -133.86928709999998, 57.7075195 ], [ -133.9041016, 57.789209 ], [ -133.9655273, 57.8737793 ], [ -134.070166, 57.9945312 ], [ -134.2400879, 58.1439941 ], [ -134.426123, 58.1388184 ], [ -134.6802734, 58.1616699 ], [ -134.7332031, 58.225 ] ] ], [ [ [ -135.7870605, 58.2685059 ], [ -135.8817383, 58.247168 ], [ -135.94741209999998, 58.2058105 ], [ -135.9943848, 58.1965332 ], [ -136.0943848, 58.1981445 ], [ -136.142334, 58.1539062 ], [ -136.14375, 58.0984863 ], [ -136.245703099999986, 58.1574707 ], [ -136.3219727, 58.2188965 ], [ -136.369531199999983, 58.1430664 ], [ -136.454394500000035, 58.1080078 ], [ -136.512304699999987, 58.0959961 ], [ -136.5250977, 58.0505859 ], [ -136.5686035, 57.972168 ], [ -136.4599121, 57.8730957 ], [ -136.378222699999981, 57.8399902 ], [ -136.076611300000025, 57.6745605 ], [ -135.996679699999987, 57.5348633 ], [ -135.910791, 57.446582 ], [ -135.691943399999985, 57.4199219 ], [ -135.6178223, 57.4803711 ], [ -135.620654299999984, 57.5969727 ], [ -135.6085449, 57.6507324 ], [ -135.564209, 57.6664063 ], [ -135.4978516, 57.6622559 ], [ -135.2202148, 57.5736328 ], [ -135.0848633, 57.5110352 ], [ -134.931494099999981, 57.4811523 ], [ -134.8730957, 57.589209 ], [ -134.8966309, 57.647998 ], [ -134.978857399999981, 57.7243652 ], [ -135.2495605, 57.7325684 ], [ -135.3384766, 57.7686523 ], [ -135.231201199999987, 57.8158203 ], [ -135.1647461, 57.7960938 ], [ -135.1025879, 57.7936523 ], [ -134.9706543, 57.8172363 ], [ -134.9279785, 57.9527832 ], [ -134.9546875, 58.015332 ], [ -135.00209959999998, 58.0510742 ], [ -135.162841800000024, 58.0958496 ], [ -135.3466309, 58.1241211 ], [ -135.374707, 58.1221191 ], [ -135.4211914, 58.1023926 ], [ -135.5720215, 58.0085449 ], [ -135.613232399999987, 57.9918457 ], [ -135.6711426, 58.0119141 ], [ -135.6931152, 58.0385254 ], [ -135.6153809, 58.0574707 ], [ -135.5862793, 58.1244141 ], [ -135.5875, 58.1467773 ], [ -135.730371099999985, 58.2442383 ], [ -135.7870605, 58.2685059 ] ] ], [ [ [ -133.5986328, 56.3162598 ], [ -133.5944336, 56.2163574 ], [ -133.5440918, 56.1765137 ], [ -133.5308594, 56.1456543 ], [ -133.599218799999989, 56.0936523 ], [ -133.755175799999989, 55.9994629 ], [ -133.7425293, 55.9648438 ], [ -133.684228499999989, 55.9427734 ], [ -133.538623, 55.9992676 ], [ -133.371240199999988, 56.0358887 ], [ -133.289209, 56.0187012 ], [ -133.252148399999982, 55.9570801 ], [ -133.2415039, 55.9208008 ], [ -133.308496099999985, 55.8864746 ], [ -133.322119099999981, 55.8446289 ], [ -133.411718799999989, 55.7983398 ], [ -133.4469727, 55.7970215 ], [ -133.5371582, 55.8319336 ], [ -133.584082, 55.8365234 ], [ -133.6644043, 55.8038086 ], [ -133.6801758, 55.7851563 ], [ -133.6404785, 55.7487793 ], [ -133.5532715, 55.6911621 ], [ -133.50273439999998, 55.6958984 ], [ -133.368994099999981, 55.6889648 ], [ -133.3428223, 55.6508301 ], [ -133.2982422, 55.6068848 ], [ -133.24375, 55.595410199999989 ], [ -133.089648399999987, 55.6125977 ], [ -133.033398399999982, 55.5896973 ], [ -133.078418, 55.5349121 ], [ -133.082470699999988, 55.5041016 ], [ -132.9588867, 55.3955566 ], [ -132.9708008, 55.3761719 ], [ -133.0300293, 55.3775391 ], [ -133.1030273, 55.3602539 ], [ -133.1185547, 55.3276367 ], [ -133.0605957, 55.300927699999988 ], [ -132.9125977, 55.1884766 ], [ -132.7823242, 55.0484863 ], [ -132.7041504, 55.0300781 ], [ -132.682861300000013, 55.0739258 ], [ -132.7017578, 55.1305176 ], [ -132.665332, 55.1467773 ], [ -132.622168, 55.1359375 ], [ -132.62695309999998, 55.1100586 ], [ -132.5884766, 55.0523438 ], [ -132.5938477, 54.995752 ], [ -132.549365199999983, 54.9525879 ], [ -132.4864746, 54.9503906 ], [ -132.4686523, 54.9379395 ], [ -132.370214800000014, 54.9222168 ], [ -132.3413086, 54.9072266 ], [ -132.2663086, 54.8023438 ], [ -132.1892578, 54.7348633 ], [ -132.1343262, 54.7125488 ], [ -132.0647461, 54.7131348 ], [ -132.0216797, 54.7263184 ], [ -131.980859399999986, 54.804834 ], [ -131.982714800000025, 54.8349121 ], [ -131.9972168, 54.8686035 ], [ -131.996582, 54.901416 ], [ -131.9779297, 54.9402344 ], [ -131.9775879, 54.9694824 ], [ -132.0003906, 55.0338379 ], [ -131.976416, 55.2085938 ], [ -132.0050781, 55.2306152 ], [ -132.1659668, 55.2180176 ], [ -132.20668950000001, 55.2244141 ], [ -132.214892599999985, 55.2367676 ], [ -132.190429699999981, 55.2549805 ], [ -132.158398399999982, 55.2998047 ], [ -132.160253899999987, 55.322998 ], [ -132.215283199999988, 55.3835449 ], [ -132.2720215, 55.3986328 ], [ -132.417871099999985, 55.4829102 ], [ -132.5916016, 55.4643555 ], [ -132.6312988, 55.4731934 ], [ -132.581738299999984, 55.5026367 ], [ -132.5483398, 55.5437012 ], [ -132.5288574, 55.5904785 ], [ -132.511279299999984, 55.5939453 ], [ -132.2958984, 55.5074707 ], [ -132.1963379, 55.4791504 ], [ -132.1727051, 55.4806152 ], [ -132.214746099999985, 55.5188477 ], [ -132.2888672, 55.5581055 ], [ -132.4301758, 55.6870117 ], [ -132.496972699999986, 55.7980957 ], [ -132.5337891, 55.8424805 ], [ -132.597607399999987, 55.8950195 ], [ -132.7575684, 55.9950195 ], [ -133.0966309, 56.0900391 ], [ -133.1012207, 56.0998047 ], [ -133.080127, 56.1287109 ], [ -133.075439499999987, 56.1558594 ], [ -133.081738299999984, 56.1941895 ], [ -133.104492199999981, 56.2351074 ], [ -133.143701199999981, 56.2785645 ], [ -133.2029785, 56.3198242 ], [ -133.3766113, 56.3177734 ], [ -133.566113299999984, 56.339209 ], [ -133.5986328, 56.3162598 ] ] ], [ [ [ -134.0005859, 56.8691895 ], [ -134.0518066, 56.898291 ], [ -134.143261699999982, 56.9323242 ], [ -134.2744141, 56.9181641 ], [ -134.3736816, 56.8386719 ], [ -134.390625, 56.7494629 ], [ -134.3844238, 56.7240234 ], [ -134.2783691, 56.6170898 ], [ -134.2902344, 56.5800293 ], [ -134.1504883, 56.5134766 ], [ -134.084375, 56.4563477 ], [ -134.195459, 56.4135254 ], [ -134.2450684, 56.2032715 ], [ -134.18959959999998, 56.0769531 ], [ -134.1224121, 56.0773926 ], [ -134.067480499999988, 56.1330078 ], [ -134.0240234, 56.1189941 ], [ -133.993994099999981, 56.101123 ], [ -133.9708008, 56.1079102 ], [ -133.949707, 56.1277344 ], [ -133.9385254, 56.193652299999989 ], [ -133.884619099999981, 56.2921387 ], [ -133.870459, 56.3886719 ], [ -133.8835938, 56.485498 ], [ -133.855273399999987, 56.5821777 ], [ -133.809033199999988, 56.6113281 ], [ -133.7672852, 56.6000977 ], [ -133.738378899999987, 56.6504395 ], [ -133.778125, 56.7289062 ], [ -133.83085939999998, 56.7812988 ], [ -133.924804699999981, 56.7756836 ], [ -133.9895996, 56.8449707 ], [ -134.0005859, 56.8691895 ] ] ], [ [ [ -152.4784668, 58.399707 ], [ -152.543554699999987, 58.4281738 ], [ -152.612304699999981, 58.4457031 ], [ -152.674658199999982, 58.4505859 ], [ -152.841113299999989, 58.4164062 ], [ -152.8439453, 58.3956055 ], [ -152.768701199999981, 58.3456055 ], [ -152.771875, 58.2785645 ], [ -152.814550800000035, 58.2756348 ], [ -152.8953613, 58.2938477 ], [ -152.976123, 58.2970215 ], [ -153.1158203, 58.2385254 ], [ -153.3813477, 58.087207 ], [ -153.3054688, 58.0630859 ], [ -152.9825684, 57.9970703 ], [ -152.928418, 57.9937012 ], [ -152.840722699999986, 58.0138184 ], [ -152.781543, 58.015918 ], [ -152.763867200000021, 58.0313965 ], [ -152.683056599999986, 58.0633301 ], [ -152.6387695, 58.1018066 ], [ -152.598242199999987, 58.1625977 ], [ -152.5713379, 58.1682129 ], [ -152.558203099999986, 58.1186035 ], [ -152.5376465, 58.100976599999989 ], [ -152.451611300000025, 58.129248 ], [ -152.3811523, 58.1242676 ], [ -152.309228499999989, 58.1338867 ], [ -152.3052246, 58.1540527 ], [ -152.332666, 58.1865234 ], [ -152.334375, 58.2080566 ], [ -152.26835939999998, 58.251709 ], [ -152.2516602, 58.251123 ], [ -152.223584, 58.2140137 ], [ -152.1865234, 58.184668 ], [ -152.1654785, 58.1782715 ], [ -152.109082, 58.1611328 ], [ -152.0688965, 58.1779297 ], [ -151.9825195, 58.2443359 ], [ -151.9743652, 58.3098633 ], [ -151.9977539, 58.314209 ], [ -152.0366211, 58.3066895 ], [ -152.0785156, 58.3123535 ], [ -152.1252441, 58.3742676 ], [ -152.197949199999982, 58.3630859 ], [ -152.316259799999983, 58.4134766 ], [ -152.3430176, 58.4116211 ], [ -152.3807617, 58.3520996 ], [ -152.41694339999998, 58.360205099999988 ], [ -152.4784668, 58.399707 ] ] ], [ [ [ -167.8651367, 53.3873047 ], [ -167.843115200000028, 53.4345703 ], [ -167.8046875, 53.4849609 ], [ -167.8280762, 53.507959 ], [ -167.985693400000031, 53.5582031 ], [ -168.073291, 53.5569824 ], [ -168.1930664, 53.5333008 ], [ -168.2876953, 53.5001465 ], [ -168.3572266, 53.4575684 ], [ -168.3964355, 53.4087891 ], [ -168.4053223, 53.3538086 ], [ -168.3972656, 53.3219238 ], [ -168.362988299999984, 53.3035645 ], [ -168.3804199, 53.2834473 ], [ -168.4366211, 53.2568848 ], [ -168.572168, 53.265625 ], [ -168.6390137, 53.2557617 ], [ -168.6898438, 53.2272461 ], [ -168.759619099999981, 53.1750488 ], [ -168.777783199999988, 53.1487793 ], [ -168.783007799999979, 53.0793457 ], [ -168.7958496, 53.0449219 ], [ -168.836084, 53.0197266 ], [ -168.909179699999981, 52.9511719 ], [ -168.973877, 52.909668 ], [ -169.073095699999982, 52.8641602 ], [ -169.088916, 52.8320313 ], [ -169.065918, 52.8339355 ], [ -168.7410156, 52.9568848 ], [ -168.698535199999981, 52.9634277 ], [ -168.597412099999985, 53.0161133 ], [ -168.549023399999982, 53.036084 ], [ -168.5056152, 53.0431641 ], [ -168.4459961, 53.0844238 ], [ -168.370117199999981, 53.1597656 ], [ -168.2707031, 53.2380371 ], [ -167.964355499999982, 53.3451172 ], [ -167.8651367, 53.3873047 ] ] ], [ [ [ -166.627392599999979, 53.9956543 ], [ -166.673291, 54.005957 ], [ -166.7340332, 54.0021973 ], [ -166.8486816, 53.9778809 ], [ -166.9780762, 53.9629395 ], [ -167.0380859, 53.9421875 ], [ -167.090478499999989, 53.9056641 ], [ -167.1181641, 53.8726074 ], [ -167.121142599999985, 53.8431152 ], [ -167.105615199999988, 53.813378899999989 ], [ -167.0714844, 53.7833984 ], [ -167.027246099999985, 53.7691406 ], [ -166.972949199999988, 53.7705566 ], [ -166.8895996, 53.7585938 ], [ -166.777246099999985, 53.7331543 ], [ -166.741259800000023, 53.7129395 ], [ -166.8036621, 53.6854004 ], [ -166.808984399999986, 53.6461426 ], [ -166.81875, 53.6413574 ], [ -166.838330099999979, 53.6480469 ], [ -166.894140599999986, 53.6971191 ], [ -167.0157227, 53.6983887 ], [ -167.042431599999986, 53.6545898 ], [ -167.092334, 53.6359375 ], [ -167.136084, 53.5264648 ], [ -167.2041016, 53.4949707 ], [ -167.4235352, 53.4372559 ], [ -167.5301758, 53.3937012 ], [ -167.6387207, 53.3865723 ], [ -167.7101074, 53.3708984 ], [ -167.808789099999984, 53.3237793 ], [ -167.7808594, 53.3002441 ], [ -167.6694336, 53.2599609 ], [ -167.628613299999984, 53.2594238 ], [ -167.5921875, 53.2727051 ], [ -167.5224609, 53.2762207 ], [ -167.479834, 53.291992199999989 ], [ -167.4288086, 53.3256836 ], [ -167.3812988, 53.3419922 ], [ -167.3372559, 53.3409668 ], [ -167.300439499999982, 53.3504883 ], [ -167.270800799999989, 53.3706055 ], [ -167.1536621, 53.4078613 ], [ -166.9607422, 53.4473633 ], [ -166.8509766, 53.4528809 ], [ -166.770410199999986, 53.4760254 ], [ -166.7021973, 53.5366699 ], [ -166.5220215, 53.609668 ], [ -166.4441895, 53.6518066 ], [ -166.354541, 53.6735352 ], [ -166.309472699999986, 53.6975098 ], [ -166.338769499999984, 53.7176758 ], [ -166.384716799999978, 53.7205078 ], [ -166.5492188, 53.7009766 ], [ -166.5456055, 53.7264648 ], [ -166.488769499999989, 53.785498 ], [ -166.3189941, 53.8737793 ], [ -166.230859399999986, 53.9326172 ], [ -166.3356445, 53.9708984 ], [ -166.372314499999987, 53.9989746 ], [ -166.400048799999979, 53.978125 ], [ -166.4427734, 53.9248047 ], [ -166.4974609, 53.8835449 ], [ -166.572168, 53.8534668 ], [ -166.615332, 53.9009277 ], [ -166.627392599999979, 53.9956543 ] ] ], [ [ [ -173.6568359, 52.14375 ], [ -173.7790039, 52.1183594 ], [ -173.794091800000018, 52.1042969 ], [ -173.938916, 52.1312988 ], [ -173.9924805, 52.1233398 ], [ -173.9895996, 52.1036133 ], [ -173.9302246, 52.072168 ], [ -173.878955099999985, 52.0536621 ], [ -173.835791, 52.0481934 ], [ -173.6725586, 52.0626465 ], [ -173.4609863, 52.0415527 ], [ -173.3684082, 52.0456055 ], [ -173.2322266, 52.0679688 ], [ -173.1788574, 52.0625 ], [ -173.0229004, 52.079150399999989 ], [ -173.0243164, 52.0905273 ], [ -173.113281199999989, 52.1003906 ], [ -173.3572266, 52.0956543 ], [ -173.553320300000024, 52.1362793 ], [ -173.6568359, 52.14375 ] ] ], [ [ [ -174.3435547, 52.0777832 ], [ -174.120654299999984, 52.1352051 ], [ -174.179394500000029, 52.2003418 ], [ -174.1632324, 52.2233887 ], [ -174.0548828, 52.2459961 ], [ -174.0300781, 52.2897949 ], [ -174.01835939999998, 52.3317871 ], [ -174.0456055, 52.3672363 ], [ -174.168896499999988, 52.420166 ], [ -174.3068848, 52.3779297 ], [ -174.3654297, 52.3419434 ], [ -174.4355469, 52.3172363 ], [ -174.406494100000032, 52.295996099999989 ], [ -174.2588379, 52.269043 ], [ -174.30615229999998, 52.2161621 ], [ -174.4742676, 52.1840332 ], [ -174.667773399999987, 52.1349609 ], [ -174.915918, 52.0941895 ], [ -175.1176758, 52.0471191 ], [ -175.214160199999981, 52.0382324 ], [ -175.2955566, 52.022168 ], [ -175.213867199999981, 51.9938965 ], [ -174.677392600000019, 52.0350098 ], [ -174.3435547, 52.0777832 ] ] ], [ [ [ -176.5516113, 51.9195801 ], [ -176.549902299999985, 51.944043 ], [ -176.59682620000001, 51.9817871 ], [ -176.698339799999985, 51.9860352 ], [ -176.745117199999981, 51.8946777 ], [ -176.7364258, 51.8399414 ], [ -176.7736328, 51.81875 ], [ -176.8744141, 51.7904785 ], [ -176.9616211, 51.6036621 ], [ -176.8371094, 51.6758789 ], [ -176.770947299999989, 51.6299316 ], [ -176.557519499999984, 51.7120605 ], [ -176.510986299999985, 51.7456055 ], [ -176.4697754, 51.7311523 ], [ -176.4523438, 51.7356934 ], [ -176.4373535, 51.7542969 ], [ -176.4374512, 51.8201172 ], [ -176.473388699999987, 51.8374023 ], [ -176.5879395, 51.8332031 ], [ -176.5933105, 51.8666992 ], [ -176.5516113, 51.9195801 ] ] ], [ [ [ -177.8269531, 51.6858887 ], [ -177.7706543, 51.7778809 ], [ -177.7249512, 51.8016602 ], [ -177.644482399999987, 51.8262695 ], [ -177.79960939999998, 51.8400391 ], [ -177.8658691, 51.8604004 ], [ -177.9538086, 51.918457 ], [ -178.1166016, 51.9158691 ], [ -178.168261699999988, 51.9030273 ], [ -178.1945312, 51.8822266 ], [ -178.1534668, 51.8482422 ], [ -178.0451172, 51.8010742 ], [ -177.986377, 51.7642578 ], [ -177.9772461, 51.737793 ], [ -178.00004880000003, 51.7174805 ], [ -178.078466800000029, 51.6912598 ], [ -178.058886699999988, 51.6726074 ], [ -177.925341799999984, 51.6173828 ], [ -177.901269499999984, 51.6164062 ], [ -177.879052699999988, 51.649707 ], [ -177.8269531, 51.6858887 ] ] ], [ [ [ 179.7799805, 51.9668457 ], [ 179.627148399999982, 52.0304199 ], [ 179.503906199999989, 51.9795898 ], [ 179.497656299999989, 51.9328125 ], [ 179.54960939999998, 51.894043 ], [ 179.6452148, 51.8802246 ], [ 179.7277344, 51.9054199 ], [ 179.7799805, 51.9668457 ] ] ], [ [ [ 177.594140600000031, 51.9475586 ], [ 177.595996099999979, 51.9938477 ], [ 177.6530273, 52.0597656 ], [ 177.6696289, 52.1030273 ], [ 177.636523400000016, 52.1138184 ], [ 177.563769499999978, 52.110498 ], [ 177.5205078, 52.0182129 ], [ 177.478418, 51.9916016 ], [ 177.3806641, 51.9757812 ], [ 177.250293, 51.9029297 ], [ 177.260644499999984, 51.8836914 ], [ 177.3285156, 51.8410645 ], [ 177.4154297, 51.8828125 ], [ 177.594140600000031, 51.9475586 ] ] ], [ [ [ 172.6779297, 53.0075684 ], [ 172.494824199999982, 52.9378906 ], [ 172.5951172, 52.907421899999989 ], [ 172.721777299999985, 52.8855469 ], [ 172.775585899999982, 52.796923799999988 ], [ 172.935156299999989, 52.7520996 ], [ 173.080273399999982, 52.8144531 ], [ 173.158691399999981, 52.810791 ], [ 173.3025391, 52.8259277 ], [ 173.348242199999987, 52.8248535 ], [ 173.394726599999984, 52.8347656 ], [ 173.4360352, 52.8520508 ], [ 173.2516602, 52.9426758 ], [ 173.1021484, 52.9956055 ], [ 172.9839844, 52.9802734 ], [ 172.8118164, 53.0129883 ], [ 172.6779297, 53.0075684 ] ] ], [ [ [ -155.535253899999987, 19.109082 ], [ -155.3096191, 19.2601562 ], [ -155.0534668, 19.3191895 ], [ -154.850293, 19.4541016 ], [ -154.8041992, 19.5244629 ], [ -154.8413574, 19.5681641 ], [ -154.952587900000026, 19.6446289 ], [ -154.989013699999987, 19.7319824 ], [ -155.065918, 19.7481934 ], [ -155.086084, 19.8756348 ], [ -155.198779299999984, 19.9943848 ], [ -155.6220703, 20.1634277 ], [ -155.831640599999986, 20.2758301 ], [ -155.8742676, 20.2598145 ], [ -155.892773399999982, 20.1673828 ], [ -155.8203125, 20.0141602 ], [ -155.908886699999982, 19.8947266 ], [ -155.988427699999988, 19.8315918 ], [ -156.048681599999981, 19.7499512 ], [ -155.9658203, 19.5908203 ], [ -155.890722700000026, 19.3825195 ], [ -155.9056152, 19.1258301 ], [ -155.8812988, 19.0705078 ], [ -155.6807617, 18.9676758 ], [ -155.6256348, 18.963916 ], [ -155.581347699999981, 19.0120117 ], [ -155.535253899999987, 19.109082 ] ] ], [ [ [ -157.2499512, 21.2297852 ], [ -157.253808599999985, 21.1805664 ], [ -157.2794922, 21.1523438 ], [ -157.290332, 21.1125977 ], [ -157.0208984, 21.0978027 ], [ -156.8598633, 21.0563477 ], [ -156.7479004, 21.1035645 ], [ -156.7121582, 21.1550781 ], [ -156.7421875, 21.1635254 ], [ -156.917187499999983, 21.1772949 ], [ -156.9523438, 21.199707 ], [ -157.002294899999981, 21.1879395 ], [ -157.213623, 21.2153809 ], [ -157.2499512, 21.2297852 ] ] ], [ [ [ -156.5323242, 20.9926758 ], [ -156.5854004, 21.0343262 ], [ -156.6568848, 21.0245117 ], [ -156.697753899999981, 20.9490723 ], [ -156.6896973, 20.901416 ], [ -156.6154297, 20.8218262 ], [ -156.543847699999986, 20.7899902 ], [ -156.480078099999986, 20.8012207 ], [ -156.448877, 20.70625 ], [ -156.4382324, 20.6178711 ], [ -156.4087891, 20.6051758 ], [ -156.3099609, 20.5987793 ], [ -156.2347656, 20.6286133 ], [ -156.1071289, 20.6447754 ], [ -156.0135742, 20.7147949 ], [ -155.989843799999989, 20.7571289 ], [ -156.018652299999985, 20.7920898 ], [ -156.10351559999998, 20.840332 ], [ -156.1483398, 20.885498 ], [ -156.277539099999984, 20.9512695 ], [ -156.354394499999984, 20.9414551 ], [ -156.4608398, 20.9147461 ], [ -156.486816399999981, 20.9325684 ], [ -156.5323242, 20.9926758 ] ] ], [ [ [ -157.82958979999998, 21.4714355 ], [ -157.854345699999982, 21.5119141 ], [ -157.8515137, 21.5533691 ], [ -157.9625, 21.7013672 ], [ -158.0203613, 21.6917969 ], [ -158.1230957, 21.6002441 ], [ -158.2731445, 21.5852539 ], [ -158.238671899999986, 21.5330566 ], [ -158.2391113, 21.4893555 ], [ -158.1378418, 21.3771484 ], [ -158.1103516, 21.3186035 ], [ -158.0791504, 21.3122559 ], [ -157.980957, 21.3161133 ], [ -158.0172852, 21.3677246 ], [ -157.978418, 21.3785156 ], [ -157.9683105, 21.3668945 ], [ -157.958447299999989, 21.3269043 ], [ -157.901757799999984, 21.3405762 ], [ -157.8493164, 21.2908203 ], [ -157.7987793, 21.2686035 ], [ -157.690869099999986, 21.2797363 ], [ -157.63540039999998, 21.3076172 ], [ -157.6541504, 21.3339355 ], [ -157.705517599999979, 21.3780762 ], [ -157.720898399999982, 21.4577148 ], [ -157.7649902, 21.4509277 ], [ -157.799365199999983, 21.4566406 ], [ -157.82958979999998, 21.4714355 ] ] ], [ [ [ -159.34375, 21.9736328 ], [ -159.3301758, 22.0506836 ], [ -159.300683599999985, 22.1052734 ], [ -159.3047852, 22.1540527 ], [ -159.3520508, 22.2195801 ], [ -159.5791992, 22.2231445 ], [ -159.7266113, 22.1401855 ], [ -159.7891602, 22.0417969 ], [ -159.747998, 21.9898437 ], [ -159.6463867, 21.9517578 ], [ -159.6088379, 21.9095215 ], [ -159.511865199999988, 21.9003906 ], [ -159.4606934, 21.876123 ], [ -159.3727539, 21.932373 ], [ -159.34375, 21.9736328 ] ] ], [ [ [ -160.153418, 21.8787598 ], [ -160.0800293, 21.9074219 ], [ -160.076709, 21.9581055 ], [ -160.0487305, 22.0046387 ], [ -160.1006348, 22.0152344 ], [ -160.1638672, 21.944043 ], [ -160.220898399999982, 21.8972656 ], [ -160.243457, 21.8430664 ], [ -160.2347168, 21.8036621 ], [ -160.2002441, 21.796875 ], [ -160.1800293, 21.8410645 ], [ -160.153418, 21.8787598 ] ] ], [ [ [ -156.809375, 20.8311523 ], [ -156.848291, 20.8777832 ], [ -156.8805664, 20.904834 ], [ -156.941796899999986, 20.9300293 ], [ -157.050585899999987, 20.9124512 ], [ -156.988427699999988, 20.8256836 ], [ -156.973388699999987, 20.7575195 ], [ -156.908886699999982, 20.7444824 ], [ -156.8496094, 20.7726562 ], [ -156.809375, 20.8311523 ] ] ], [ [ [ -74.7624512, 44.9990723 ], [ -74.8566406, 45.0039063 ], [ -74.9961426, 44.9701172 ], [ -75.1793945, 44.8993652 ], [ -75.4012695, 44.7722656 ], [ -75.7919434, 44.4970703 ], [ -75.8193359, 44.4680176 ], [ -75.8759277, 44.4169922 ], [ -76.0202148, 44.362597699999988 ], [ -76.1511719, 44.3039551 ], [ -76.185791, 44.2422363 ], [ -76.2485352, 44.2141113 ], [ -76.4645996, 44.0576172 ], [ -76.5861328, 43.9243164 ], [ -76.6964844, 43.784814499999989 ], [ -76.8199707, 43.6288086 ], [ -77.0733398, 43.6268555 ], [ -77.2666992, 43.6274902 ], [ -77.5965332, 43.6286133 ], [ -77.879248, 43.629541 ], [ -78.2147949, 43.6306641 ], [ -78.458252, 43.6314941 ], [ -78.7204102, 43.6249512 ], [ -78.8455566, 43.5833496 ], [ -79.0024902, 43.5271484 ], [ -79.171875, 43.4665527 ], [ -79.0830566, 43.3313965 ], [ -79.0592285, 43.2780762 ], [ -79.06606450000001, 43.1061035 ], [ -79.047998, 43.0873047 ], [ -79.0290527, 43.0617676 ], [ -79.0261719, 43.017334 ], [ -79.0116699, 42.9970215 ], [ -78.9807617, 42.9806152 ], [ -78.9459961, 42.961328099999989 ], [ -78.9208496, 42.9352051 ], [ -78.9150879, 42.9091309 ], [ -78.9392578, 42.8637207 ], [ -79.0367187, 42.8023438 ], [ -79.1737305, 42.7485352 ], [ -79.4462402, 42.6514648 ], [ -79.7620117, 42.5389648 ], [ -80.0357422, 42.4414551 ], [ -80.2475586, 42.3660156 ], [ -80.6826172, 42.2997559 ], [ -81.0282227, 42.247168 ], [ -81.2776367, 42.2091797 ], [ -81.5073242, 42.1034668 ], [ -81.7609375, 41.9868164 ], [ -81.9741699, 41.8887207 ], [ -82.2133301, 41.7787109 ], [ -82.4390625, 41.6748535 ], [ -82.6900391, 41.6751953 ], [ -82.8662109, 41.7530273 ], [ -83.0299805, 41.832959 ], [ -83.1419434, 41.9758789 ], [ -83.1496582, 42.1419434 ], [ -83.1095215, 42.2506836 ], [ -83.0731445, 42.300293 ], [ -83.003710900000016, 42.3317383 ], [ -82.8677734, 42.3852051 ], [ -82.7441895, 42.493457 ], [ -82.6451172, 42.5580566 ], [ -82.5453125, 42.624707 ], [ -82.488330100000013, 42.739502 ], [ -82.417236300000013, 43.0173828 ], [ -82.4082031, 43.0726562 ], [ -82.304785200000012, 43.2632324 ], [ -82.1903809, 43.474072299999989 ], [ -82.1378418, 43.5708984 ], [ -82.196582, 43.8222168 ], [ -82.2407715, 44.015332 ], [ -82.28125, 44.1922363 ], [ -82.3268066, 44.3915527 ], [ -82.3682617, 44.572998 ], [ -82.407373, 44.7439453 ], [ -82.446582, 44.9155273 ], [ -82.4850586, 45.0837402 ], [ -82.5152344, 45.2043945 ], [ -82.5510742, 45.3473633 ], [ -82.7604004, 45.4477051 ], [ -82.9193359, 45.5179687 ], [ -83.1792969, 45.6327637 ], [ -83.3973145, 45.7290527 ], [ -83.5926758, 45.8171387 ], [ -83.4694824, 45.9946777 ], [ -83.480127, 46.0237305 ], [ -83.5247559, 46.0586914 ], [ -83.6159668, 46.1168457 ], [ -83.6692871, 46.1227539 ], [ -83.7631836, 46.109082 ], [ -83.9130371, 46.0729004 ], [ -83.9777832, 46.0849121 ], [ -84.0291992, 46.1470215 ], [ -84.0883789, 46.2265137 ], [ -84.1077637, 46.288623 ], [ -84.1151855, 46.3708008 ], [ -84.1504883, 46.4447754 ], [ -84.128125, 46.4835938 ], [ -84.1231934, 46.5029297 ], [ -84.1251953, 46.5272461 ], [ -84.149462900000017, 46.5427734 ], [ -84.1921875, 46.5495605 ], [ -84.3367187, 46.5185059 ], [ -84.401709, 46.515625 ], [ -84.4404785, 46.4981445 ], [ -84.5015625, 46.4618652 ], [ -84.5617676, 46.457373 ], [ -84.6657715, 46.5432617 ], [ -84.7793945, 46.6373047 ], [ -84.8270508, 46.7668457 ], [ -84.8759766, 46.8999023 ], [ -85.0700684, 46.9799316 ], [ -85.26411130000001, 47.0599609 ], [ -85.4582031, 47.1399414 ], [ -85.6522461, 47.2199707 ], [ -85.8463379, 47.3 ], [ -86.0403809, 47.3800293 ], [ -86.2344727, 47.4600586 ], [ -86.4285645, 47.5400879 ], [ -86.4955566, 47.5666016 ], [ -86.672168, 47.6364258 ], [ -86.9218262, 47.7352051 ], [ -87.2080078, 47.8484863 ], [ -87.4942383, 47.9617676 ], [ -87.7438965, 48.0605469 ], [ -87.9205078, 48.1303711 ], [ -87.98745120000001, 48.1568848 ], [ -88.160644499999989, 48.2253906 ], [ -88.3781738, 48.3030762 ], [ -88.6117676, 48.2640137 ], [ -88.898681599999989, 48.1557129 ], [ -89.0625977, 48.0937988 ], [ -89.1856445, 48.0474121 ], [ -89.2731934, 48.0199707 ], [ -89.4556641, 47.9962402 ], [ -89.5505859, 47.9999023 ], [ -89.7753906, 48.015332 ], [ -89.9010254, 47.995459 ], [ -89.9936523, 48.015332 ], [ -90.0399414, 48.0781738 ], [ -90.0917969, 48.1181152 ], [ -90.3201172, 48.0991699 ], [ -90.6070801, 48.1125977 ], [ -90.7443848, 48.1045898 ], [ -90.7973145, 48.1310547 ], [ -90.840332, 48.2005371 ], [ -90.9160645, 48.2091309 ], [ -91.043457, 48.1937012 ], [ -91.2206543, 48.1045898 ], [ -91.387207, 48.0585449 ], [ -91.518310500000013, 48.0583008 ], [ -91.6473145, 48.1045898 ], [ -91.8583984, 48.1975586 ], [ -92.005175799999989, 48.3018555 ], [ -92.1717773, 48.3383789 ], [ -92.2986816, 48.3289062 ], [ -92.3484375, 48.2766113 ], [ -92.4145996, 48.2766113 ], [ -92.4608887, 48.3658691 ], [ -92.5005859, 48.4353516 ], [ -92.583252, 48.4650879 ], [ -92.732666, 48.5318359 ], [ -92.8367187, 48.5677734 ], [ -92.9962402, 48.6118164 ], [ -93.051709, 48.619873 ], [ -93.1552246, 48.6253418 ], [ -93.257959, 48.6288574 ], [ -93.3778809, 48.6165527 ], [ -93.463623, 48.5612793 ], [ -93.5642578, 48.5369141 ], [ -93.7077148, 48.5254395 ], [ -93.8035645, 48.5489258 ], [ -93.8516113, 48.6072754 ], [ -94.0551758, 48.6590332 ], [ -94.4141602, 48.7041016 ], [ -94.6208984, 48.742627 ], [ -94.6753418, 48.7744141 ], [ -94.7050781, 48.8084961 ], [ -94.7125488, 48.8629883 ], [ -94.712793, 48.8634277 ], [ -94.8034668, 49.0029297 ], [ -94.842578100000011, 49.1191895 ], [ -94.860400399999989, 49.2585937 ], [ -94.8543457, 49.3045898 ], [ -94.8748047, 49.319043 ], [ -94.9393555, 49.3494141 ], [ -95.1552734, 49.3696777 ], [ -95.158252, 49.2030762 ], [ -95.1620605, 48.991748 ], [ -95.3979004, 48.9931641 ], [ -95.8243164, 48.9931641 ], [ -96.2506836, 48.9931641 ], [ -96.677050799999989, 48.9931641 ], [ -97.1034668, 48.9931641 ], [ -97.529834, 48.9931641 ], [ -97.9562012, 48.9931641 ], [ -98.3826172, 48.9931641 ], [ -98.8089844, 48.9931641 ], [ -99.2353516, 48.9931152 ], [ -99.6617187, 48.9931152 ], [ -100.0881348, 48.9931152 ], [ -100.514502, 48.9931152 ], [ -100.9408691, 48.9931152 ], [ -101.3672852, 48.9931152 ], [ -101.7936523, 48.9931152 ], [ -102.2200195, 48.9931152 ], [ -102.6464355, 48.9931152 ], [ -103.0728027, 48.9931152 ], [ -103.4991699, 48.9931152 ], [ -103.9255859, 48.9931152 ], [ -104.351953099999989, 48.9931152 ], [ -104.7783203, 48.9931152 ], [ -105.2046875, 48.9931152 ], [ -105.6311035, 48.9931152 ], [ -106.0574707, 48.9931152 ], [ -106.483837900000012, 48.9931152 ], [ -106.9102539, 48.9931152 ], [ -107.3366211, 48.9931152 ], [ -107.762988299999989, 48.9931152 ], [ -108.1894043, 48.9931152 ], [ -108.6157715, 48.9931152 ], [ -109.0421387, 48.9931152 ], [ -109.4685547, 48.9930664 ], [ -109.894921900000014, 48.993066399999989 ], [ -110.3212891, 48.9930664 ], [ -110.7476562, 48.9930664 ], [ -111.1740723, 48.9930664 ], [ -111.6004395, 48.9930664 ], [ -112.0268066, 48.9930664 ], [ -112.453222700000012, 48.9930664 ], [ -112.8795898, 48.9930664 ], [ -113.305957, 48.9930664 ], [ -113.732373, 48.9930664 ], [ -114.1587402, 48.9930664 ], [ -114.5851074, 48.9930664 ], [ -115.0115234, 48.9930664 ], [ -115.437890599999989, 48.9930664 ], [ -115.8642578, 48.9930664 ], [ -116.290625, 48.9930664 ], [ -116.717041, 48.9930664 ], [ -117.1434082, 48.9930664 ], [ -117.569775400000012, 48.9930664 ], [ -117.9961914, 48.9930664 ], [ -118.422558599999988, 48.9930664 ], [ -118.848925799999989, 48.9930664 ], [ -119.2753418, 48.9930664 ], [ -119.701709, 48.9930176 ], [ -120.12807620000001, 48.9930176 ], [ -120.5544922, 48.9930176 ], [ -120.980859400000014, 48.9930176 ], [ -121.407226600000016, 48.9930176 ], [ -121.8335938, 48.9930176 ], [ -122.2600098, 48.9930176 ], [ -122.686377, 48.9930176 ], [ -122.7887695, 48.9930176 ], [ -122.722460900000016, 48.8530273 ], [ -122.6859375, 48.7942871 ], [ -122.653027299999977, 48.7638672 ], [ -122.5994141, 48.7670898 ], [ -122.5801758, 48.7795898 ], [ -122.562011700000014, 48.7779785 ], [ -122.545117199999979, 48.7623047 ], [ -122.5127441, 48.6694336 ], [ -122.5147949, 48.5551758 ], [ -122.501074199999977, 48.5375 ], [ -122.4967773, 48.5055664 ], [ -122.542675800000012, 48.4879883 ], [ -122.627978499999983, 48.4979004 ], [ -122.657275399999989, 48.4899902 ], [ -122.6689941, 48.4652344 ], [ -122.6625, 48.4463867 ], [ -122.637793, 48.4333008 ], [ -122.5825684, 48.4286621 ], [ -122.54165039999998, 48.410937499999989 ], [ -122.488427699999988, 48.3743164 ], [ -122.4085449, 48.2938965 ], [ -122.4033691, 48.2691895 ], [ -122.467041, 48.258496099999988 ], [ -122.520312499999989, 48.2291016 ], [ -122.5291504, 48.1993164 ], [ -122.5169922, 48.159668 ], [ -122.494043, 48.130468799999989 ], [ -122.394775400000015, 48.0841309 ], [ -122.386621099999985, 48.0899414 ], [ -122.424707, 48.1759277 ], [ -122.4158203, 48.1839355 ], [ -122.3886719, 48.1663574 ], [ -122.3529785, 48.1138184 ], [ -122.3174805, 48.0801758 ], [ -122.261279299999984, 48.042041 ], [ -122.241992199999984, 48.0107422 ], [ -122.318457, 47.9330566 ], [ -122.3303223, 47.8986328 ], [ -122.3928711, 47.8205566 ], [ -122.4018066, 47.7842773 ], [ -122.381982400000012, 47.7523437 ], [ -122.383642599999988, 47.7164551 ], [ -122.406787099999988, 47.6767578 ], [ -122.410498, 47.6526367 ], [ -122.3807617, 47.627832 ], [ -122.368359399999989, 47.6039062 ], [ -122.375244099999989, 47.5283691 ], [ -122.351123, 47.3952148 ], [ -122.3538086, 47.371582 ], [ -122.4201172, 47.3121094 ], [ -122.464843699999989, 47.2958008 ], [ -122.511084, 47.2950195 ], [ -122.5421875, 47.2755859 ], [ -122.6041504, 47.1669922 ], [ -122.6270508, 47.1442383 ], [ -122.701953100000011, 47.1108887 ], [ -122.7298828, 47.1118164 ], [ -122.8119629, 47.1459961 ], [ -122.9141602, 47.1314941 ], [ -123.027587900000015, 47.138916 ], [ -122.9876465, 47.1725586 ], [ -122.9562012, 47.2445801 ], [ -122.91953119999998, 47.2896484 ], [ -122.828466799999987, 47.3365723 ], [ -122.8125488, 47.3289551 ], [ -122.7833008, 47.2259766 ], [ -122.767773399999982, 47.2183594 ], [ -122.72089840000001, 47.305127 ], [ -122.7077148, 47.3164062 ], [ -122.6486328, 47.2814453 ], [ -122.6039062, 47.2746094 ], [ -122.5778809, 47.2931641 ], [ -122.5535645, 47.4049316 ], [ -122.5574219, 47.4631836 ], [ -122.5858398, 47.528418 ], [ -122.6754883, 47.6123535 ], [ -122.664306599999989, 47.617236299999988 ], [ -122.6282715, 47.6081543 ], [ -122.613623, 47.615625 ], [ -122.630175799999989, 47.6928223 ], [ -122.6184082, 47.712793 ], [ -122.523925799999986, 47.7693359 ], [ -122.510791, 47.815722699999988 ], [ -122.5328125, 47.9197266 ], [ -122.585742200000013, 47.9278809 ], [ -122.5926758, 47.9164062 ], [ -122.5878906, 47.855957 ], [ -122.60815430000001, 47.835498 ], [ -122.7178711, 47.7621094 ], [ -122.7571289, 47.7005371 ], [ -122.8140625, 47.6585449 ], [ -122.9128906, 47.607373 ], [ -122.9824707, 47.559375 ], [ -123.0486328, 47.4793457 ], [ -123.0601562, 47.4536621 ], [ -123.066796900000014, 47.3996582 ], [ -123.0182129, 47.4010742 ], [ -122.916894500000012, 47.4179687 ], [ -122.922168, 47.407666 ], [ -123.0309082, 47.3602051 ], [ -123.104199200000011, 47.3483887 ], [ -123.1363281, 47.3558105 ], [ -123.1390625, 47.386084 ], [ -123.1310547, 47.437744099999989 ], [ -123.0506348, 47.5519531 ], [ -122.8213867, 47.7931641 ], [ -122.805371099999988, 47.7836426 ], [ -122.8017578, 47.7353516 ], [ -122.778418, 47.7384277 ], [ -122.656640599999989, 47.8811523 ], [ -122.6794922, 47.9317871 ], [ -122.7397461, 48.0132324 ], [ -122.7690918, 48.0759766 ], [ -122.7675293, 48.1200195 ], [ -122.7786133, 48.1375977 ], [ -122.8608887, 48.0900391 ], [ -122.9088867, 48.0769043 ], [ -122.973877, 48.073291 ], [ -123.0242188, 48.0815918 ], [ -123.1244141, 48.1509277 ], [ -123.1618652, 48.154541 ], [ -123.249902299999974, 48.1242188 ], [ -123.2944336, 48.1195312 ], [ -123.9757812, 48.168457 ], [ -124.0987793, 48.2 ], [ -124.1754883, 48.2424316 ], [ -124.4290527, 48.3007812 ], [ -124.6326172, 48.375048799999988 ], [ -124.7099609, 48.3803711 ], [ -124.679980499999985, 48.2858887 ], [ -124.7016602, 48.1516602 ], [ -124.6630859, 47.9741211 ], [ -124.621093799999983, 47.9041504 ], [ -124.460058600000011, 47.7842285 ], [ -124.3760254, 47.6586426 ], [ -124.3092773, 47.4045898 ], [ -124.1988281, 47.2085449 ], [ -124.1705078, 47.0866699 ], [ -124.1635742, 47.015332 ], [ -124.13925780000001, 46.9546875 ], [ -124.1167969, 47.0003418 ], [ -124.1117188, 47.0352051 ], [ -124.0422363, 47.0296875 ], [ -123.986035199999989, 46.9844727 ], [ -123.842871100000011, 46.9631836 ], [ -124.1125488, 46.8626953 ], [ -124.0716797, 46.7447754 ], [ -123.9577148, 46.7086914 ], [ -123.8891602, 46.6600098 ], [ -123.9124023, 46.5333496 ], [ -123.9461426, 46.4325684 ], [ -124.0164062, 46.5213867 ], [ -124.0443359, 46.6050781 ], [ -124.0501953, 46.4905273 ], [ -124.0451172, 46.3729004 ], [ -124.0727539, 46.2794434 ], [ -123.9597656, 46.3007324 ], [ -123.895703099999977, 46.2677734 ], [ -123.688378899999989, 46.2998535 ], [ -123.6503418, 46.2677246 ], [ -123.4648438, 46.2710938 ], [ -123.4047363, 46.2209961 ], [ -123.2986816, 46.1708496 ], [ -123.251318399999974, 46.1672852 ], [ -123.2206055, 46.153613299999989 ], [ -123.321582, 46.1439941 ], [ -123.4022949, 46.1549805 ], [ -123.4663574, 46.2094238 ], [ -123.5216309, 46.2226562 ], [ -123.673632799999979, 46.182617199999989 ], [ -123.9116699, 46.1821777 ], [ -123.962939499999976, 46.2254395 ], [ -123.9893066, 46.2193848 ], [ -123.9752441, 46.1783203 ], [ -123.9471191, 46.1405762 ], [ -123.961230499999985, 45.8429688 ], [ -123.929345699999985, 45.5769531 ], [ -123.9630859, 45.4760742 ], [ -123.948584, 45.4008301 ], [ -124.059179700000016, 44.7777344 ], [ -124.044531299999989, 44.6482422 ], [ -124.0654297, 44.5200684 ], [ -124.047460899999976, 44.4254883 ], [ -124.0991699, 44.3337891 ], [ -124.1306641, 44.0556641 ], [ -124.1487305, 43.691748 ], [ -124.184375, 43.6515625 ], [ -124.239209, 43.5400391 ], [ -124.2879883, 43.4097168 ], [ -124.23315430000001, 43.436377 ], [ -124.1969238, 43.4233398 ], [ -124.2754883, 43.3673828 ], [ -124.320605499999985, 43.3682129 ], [ -124.346582, 43.3416504 ], [ -124.4544434, 43.0123535 ], [ -124.498584, 42.9368652 ], [ -124.5396484, 42.8128906 ], [ -124.44379880000001, 42.6702148 ], [ -124.406152299999988, 42.5836914 ], [ -124.4205078, 42.3810059 ], [ -124.410009799999983, 42.3043457 ], [ -124.3552734, 42.1229004 ], [ -124.2116699, 41.9846191 ], [ -124.20874019999998, 41.8885742 ], [ -124.2446289, 41.7879395 ], [ -124.163232400000012, 41.7189941 ], [ -124.117675800000015, 41.6217285 ], [ -124.0719238, 41.4595215 ], [ -124.0685059, 41.3841797 ], [ -124.140039099999981, 41.1559082 ], [ -124.133105499999985, 40.9697754 ], [ -124.1999023, 40.8220703 ], [ -124.2191895, 40.7907227 ], [ -124.222509799999983, 40.7750488 ], [ -124.19023439999998, 40.7717285 ], [ -124.208447299999989, 40.7460938 ], [ -124.2200195, 40.6964844 ], [ -124.2505859, 40.7039062 ], [ -124.242334, 40.7278809 ], [ -124.2539062, 40.7402832 ], [ -124.283691399999981, 40.7105469 ], [ -124.324511699999988, 40.5980957 ], [ -124.3716797, 40.4912109 ], [ -124.356543, 40.3710938 ], [ -124.3240234, 40.2519531 ], [ -124.1084961, 40.0945312 ], [ -123.884472699999989, 39.860791 ], [ -123.832910200000015, 39.7754883 ], [ -123.7834961, 39.6187012 ], [ -123.777783199999988, 39.5149414 ], [ -123.820312500000014, 39.3684082 ], [ -123.7195312, 39.1109863 ], [ -123.701123, 38.9072754 ], [ -123.42480470000001, 38.6756348 ], [ -123.2897461, 38.5358398 ], [ -123.1211426, 38.4492676 ], [ -123.0461914, 38.3050781 ], [ -122.9865234, 38.2770996 ], [ -122.908154299999978, 38.196582 ], [ -122.8768066, 38.1233398 ], [ -122.977587899999989, 38.2273438 ], [ -122.9681641, 38.0970215 ], [ -123.0014648, 38.0192871 ], [ -122.99877930000001, 37.988623 ], [ -122.93198240000001, 38.0554688 ], [ -122.8729492, 38.0260742 ], [ -122.7604004, 37.9456543 ], [ -122.6807129, 37.9023438 ], [ -122.5841797, 37.8740723 ], [ -122.5213379, 37.826416 ], [ -122.466894499999981, 37.8381836 ], [ -122.4949219, 37.9535645 ], [ -122.4838867, 38.1088379 ], [ -122.39335939999998, 38.1448242 ], [ -122.337109399999989, 38.1358887 ], [ -122.208300799999989, 38.0725586 ], [ -122.1537598, 38.0655273 ], [ -122.031494099999989, 38.1235352 ], [ -121.9931152, 38.1201172 ], [ -121.934179699999987, 38.0868164 ], [ -121.8807617, 38.075 ], [ -121.7486328, 38.0804687 ], [ -121.6822266, 38.0748047 ], [ -121.6257324, 38.0839355 ], [ -121.5253418, 38.0559082 ], [ -121.572998, 38.0523926 ], [ -121.6380859, 38.0612793 ], [ -121.7168457, 38.034082 ], [ -122.0867188, 38.0496094 ], [ -122.217041, 38.040625 ], [ -122.3142578, 38.0073242 ], [ -122.385449200000011, 37.9605957 ], [ -122.3654785, 37.9211914 ], [ -122.333447299999989, 37.896582 ], [ -122.2959961, 37.790332 ], [ -122.2222168, 37.7320312 ], [ -122.1580566, 37.6264648 ], [ -122.1241211, 37.5437988 ], [ -122.0965332, 37.5182129 ], [ -122.070507799999987, 37.4782715 ], [ -122.119043, 37.4828125 ], [ -122.1660156, 37.5016602 ], [ -122.2286621, 37.563916 ], [ -122.2976074, 37.5918457 ], [ -122.3697266, 37.6558594 ], [ -122.390283199999985, 37.7410645 ], [ -122.384082, 37.7885254 ], [ -122.445605500000013, 37.797998 ], [ -122.514209, 37.7719727 ], [ -122.500439500000013, 37.6527832 ], [ -122.4992188, 37.542627 ], [ -122.4084473, 37.3731445 ], [ -122.3949219, 37.2075195 ], [ -122.164209, 36.990966799999988 ], [ -121.8806641, 36.938916 ], [ -121.8074219, 36.8512207 ], [ -121.7945312, 36.8009766 ], [ -121.7899902, 36.7322754 ], [ -121.8351562, 36.6574707 ], [ -121.9186523, 36.5723633 ], [ -121.9101562, 36.4329102 ], [ -121.8773926, 36.331054699999989 ], [ -121.6643555, 36.1540527 ], [ -121.464990199999988, 35.9273926 ], [ -121.433740199999974, 35.8638672 ], [ -121.343847699999984, 35.7922363 ], [ -121.2838379, 35.6763184 ], [ -121.137939499999973, 35.6071289 ], [ -121.0228516, 35.4807617 ], [ -120.899609399999989, 35.4250977 ], [ -120.8603027, 35.3654297 ], [ -120.8848633, 35.2749512 ], [ -120.857373, 35.209668 ], [ -120.707031300000011, 35.157666 ], [ -120.659082, 35.1224121 ], [ -120.6335938, 35.0764648 ], [ -120.6630371, 34.9492676 ], [ -120.624902299999988, 34.8119629 ], [ -120.6375977, 34.7493652 ], [ -120.626709, 34.6689453 ], [ -120.644677699999988, 34.5799805 ], [ -120.5598145, 34.5438965 ], [ -120.4812012, 34.4716309 ], [ -120.3964844, 34.459570299999989 ], [ -120.1695312, 34.4764648 ], [ -120.0529785, 34.469287099999988 ], [ -119.8533203, 34.4119629 ], [ -119.7131836, 34.3996582 ], [ -119.6060547, 34.4180176 ], [ -119.4136719, 34.3385742 ], [ -119.2676758, 34.2574219 ], [ -119.2358398, 34.1641113 ], [ -119.14375, 34.1120117 ], [ -118.8320312, 34.0244629 ], [ -118.5988281, 34.0350098 ], [ -118.5062012, 34.0173828 ], [ -118.3929688, 33.8583008 ], [ -118.410449199999974, 33.7439453 ], [ -118.294189500000016, 33.7123047 ], [ -118.2644043, 33.7585937 ], [ -118.1619141, 33.7506836 ], [ -118.0805176, 33.722168 ], [ -117.952099600000011, 33.6196289 ], [ -117.788525399999983, 33.5384766 ], [ -117.4674316, 33.2955078 ], [ -117.3188477, 33.1000488 ], [ -117.262988299999989, 32.9388672 ], [ -117.2557617, 32.8733887 ], [ -117.2707031, 32.80625 ], [ -117.243457, 32.6640137 ], [ -117.183740199999988, 32.687890599999989 ], [ -117.1374023, 32.6491699 ], [ -117.130468799999989, 32.5397461 ], [ -117.128271499999983, 32.5333496 ], [ -116.842089800000011, 32.5547852 ], [ -116.555957, 32.5762207 ], [ -116.269824199999974, 32.5976074 ], [ -115.9836914, 32.619043 ], [ -115.697509799999978, 32.6404785 ], [ -115.411377, 32.6618652 ], [ -115.125195300000016, 32.6833008 ], [ -114.8390625, 32.7047363 ], [ -114.7247559, 32.715332 ], [ -114.787988299999981, 32.5647949 ], [ -114.835937500000014, 32.5083008 ], [ -114.3617188, 32.3603027 ], [ -113.8874512, 32.2123047 ], [ -113.4131836, 32.0643066 ], [ -112.9389648, 31.9162598 ], [ -112.4647461, 31.7682617 ], [ -111.9904785, 31.6202148 ], [ -111.5162109, 31.4722656 ], [ -111.0419922, 31.3242188 ], [ -110.6885254, 31.3248535 ], [ -110.3351074, 31.3255371 ], [ -109.9816406, 31.3261719 ], [ -109.6282227, 31.3268066 ], [ -109.274755899999988, 31.3274414 ], [ -108.9213379, 31.328125 ], [ -108.5678711, 31.3288086 ], [ -108.2144531, 31.3294434 ], [ -108.2138184, 31.4418945 ], [ -108.2131836, 31.5543945 ], [ -108.2125, 31.6668457 ], [ -108.211816399999989, 31.7793457 ], [ -107.992041, 31.7781738 ], [ -107.7722168, 31.7770508 ], [ -107.552343799999989, 31.7758789 ], [ -107.332519499999989, 31.7747559 ], [ -107.1126953, 31.7736328 ], [ -106.8928711, 31.7724609 ], [ -106.673046899999989, 31.7713379 ], [ -106.4532227, 31.770166 ], [ -106.4454102, 31.7684082 ], [ -106.4360352, 31.7644531 ], [ -106.3469727, 31.6790039 ], [ -106.2557129, 31.5446777 ], [ -106.1480469, 31.4509277 ], [ -106.0240723, 31.3977539 ], [ -105.812695300000016, 31.2410156 ], [ -105.5140137, 30.9807617 ], [ -105.2758301, 30.8072754 ], [ -105.098144499999989, 30.7205566 ], [ -104.9788086, 30.6459473 ], [ -104.9178711, 30.5833496 ], [ -104.8358887, 30.4476562 ], [ -104.681347699999989, 30.134375 ], [ -104.681347699999989, 29.9905273 ], [ -104.6222168, 29.8542969 ], [ -104.504003900000015, 29.6776855 ], [ -104.4006348, 29.5737305 ], [ -104.312207, 29.5424316 ], [ -104.2155273, 29.4798828 ], [ -104.1105957, 29.3861328 ], [ -103.9897461, 29.3231445 ], [ -103.8529297, 29.2910645 ], [ -103.6639648, 29.2068848 ], [ -103.4229492, 29.0707031 ], [ -103.2577148, 29.001123 ], [ -103.1683105, 28.9981934 ], [ -103.089990199999988, 29.0418945 ], [ -103.0228516, 29.1322266 ], [ -102.9568359, 29.1903809 ], [ -102.8919922, 29.2164062 ], [ -102.8656738, 29.2580078 ], [ -102.877832, 29.315332 ], [ -102.8339844, 29.4439453 ], [ -102.7341797, 29.6439453 ], [ -102.6149414, 29.7523437 ], [ -102.4762695, 29.7690918 ], [ -102.3856445, 29.8066406 ], [ -102.3430664, 29.8649902 ], [ -102.2689453, 29.8711914 ], [ -102.1630859, 29.8252441 ], [ -101.990918, 29.7957031 ], [ -101.7523438, 29.7824707 ], [ -101.6116211, 29.7869629 ], [ -101.5687012, 29.8092285 ], [ -101.5463867, 29.8080566 ], [ -101.5446289, 29.7835449 ], [ -101.5092773, 29.7731445 ], [ -101.4403809, 29.7768555 ], [ -101.3803711, 29.7425781 ], [ -101.3035156, 29.634082 ], [ -101.0389648, 29.4604004 ], [ -101.038623, 29.4603027 ], [ -101.0163086, 29.4006836 ], [ -100.9241211, 29.3146973 ], [ -100.7545898, 29.1825195 ], [ -100.6586426, 29.0685547 ], [ -100.6363281, 28.9728027 ], [ -100.549707, 28.8213379 ], [ -100.398925800000015, 28.614209 ], [ -100.3317383, 28.5025391 ], [ -100.348144499999989, 28.4864258 ], [ -100.3362793, 28.428125 ], [ -100.2960449, 28.3276855 ], [ -100.2212891, 28.242627 ], [ -100.1119629, 28.1729492 ], [ -100.001416, 28.0478516 ], [ -99.8896484, 27.8672852 ], [ -99.754248, 27.7299316 ], [ -99.5953125, 27.6358887 ], [ -99.505322299999989, 27.5483398 ], [ -99.4842773, 27.4673828 ], [ -99.4858398, 27.3980469 ], [ -99.5100586, 27.340332 ], [ -99.4998047, 27.285498 ], [ -99.455127, 27.2336914 ], [ -99.4402344, 27.1701172 ], [ -99.4577148, 27.0816895 ], [ -99.456543, 27.0566895 ], [ -99.4564941, 27.0566406 ], [ -99.4435547, 27.0366699 ], [ -99.3024414, 26.8847168 ], [ -99.2299316, 26.7619141 ], [ -99.1723633, 26.565918 ], [ -99.1720703, 26.5641602 ], [ -99.1077637, 26.4469238 ], [ -99.015283200000013, 26.3989746 ], [ -98.8731934, 26.38125 ], [ -98.7652344, 26.3404297 ], [ -98.691406199999989, 26.2764648 ], [ -98.598291, 26.2378418 ], [ -98.4858887, 26.2245605 ], [ -98.378125, 26.182373 ], [ -98.2750488, 26.1111816 ], [ -98.082812499999989, 26.0644531 ], [ -97.801416, 26.042041 ], [ -97.5872559, 25.9841797 ], [ -97.4402832, 25.8908203 ], [ -97.375634800000014, 25.8718262 ], [ -97.3581543, 25.8705078 ], [ -97.3497559, 25.8847656 ], [ -97.3386719, 25.9111816 ], [ -97.2817871, 25.9416016 ], [ -97.1462402, 25.9614746 ], [ -97.140185500000015, 26.0297363 ], [ -97.1503906, 26.065332 ], [ -97.213916, 26.0678711 ], [ -97.4023438, 26.3965332 ], [ -97.4350586, 26.4858398 ], [ -97.4658203, 26.691748 ], [ -97.4937988, 26.7596191 ], [ -97.52651370000001, 26.9075195 ], [ -97.5546875, 26.967334 ], [ -97.516503899999989, 27.0532227 ], [ -97.4756836, 27.1178711 ], [ -97.4745117, 27.1729492 ], [ -97.4851074, 27.2374023 ], [ -97.6923828, 27.2871582 ], [ -97.768457, 27.4575195 ], [ -97.6821289, 27.3949219 ], [ -97.523877, 27.3139648 ], [ -97.4797852, 27.3166016 ], [ -97.4391113, 27.3282715 ], [ -97.3804687, 27.4193359 ], [ -97.2887207, 27.6706055 ], [ -97.4314941, 27.837207 ], [ -97.4043945, 27.8593262 ], [ -97.3741211, 27.8700195 ], [ -97.2515625, 27.8544434 ], [ -97.1714355, 27.8795898 ], [ -97.0730957, 27.986084 ], [ -97.0343262, 28.0938477 ], [ -97.1412598, 28.0607422 ], [ -97.1550781, 28.1026367 ], [ -97.156494099999989, 28.1443359 ], [ -97.09604490000001, 28.158252 ], [ -97.0154785, 28.1634766 ], [ -96.9666504, 28.1895508 ], [ -96.9333008, 28.2242676 ], [ -96.919873, 28.1853516 ], [ -96.8916016, 28.1575684 ], [ -96.839502, 28.1943848 ], [ -96.8068848, 28.2202148 ], [ -96.7945801, 28.3208496 ], [ -96.7735352, 28.4216309 ], [ -96.6763672, 28.3413086 ], [ -96.5617188, 28.3671387 ], [ -96.4888184, 28.4060547 ], [ -96.4210938, 28.4573242 ], [ -96.4754883, 28.4791992 ], [ -96.5246582, 28.4887207 ], [ -96.6400391, 28.7087891 ], [ -96.6084961, 28.723291 ], [ -96.5756836, 28.7157227 ], [ -96.5597168, 28.6844727 ], [ -96.5260254, 28.648291 ], [ -96.4487305, 28.5944824 ], [ -96.3741211, 28.6311035 ], [ -96.3734375, 28.6570312 ], [ -96.2753418, 28.655127 ], [ -96.1150391, 28.6222168 ], [ -96.0110352, 28.6319336 ], [ -96.132275400000012, 28.5608887 ], [ -96.2345215, 28.4889648 ], [ -96.1805176, 28.5018555 ], [ -96.020410200000015, 28.5868164 ], [ -95.853418, 28.640332 ], [ -95.732373, 28.7117188 ], [ -95.6558594, 28.7446289 ], [ -95.3876465, 28.8984375 ], [ -95.2734863, 28.9638672 ], [ -95.152148400000016, 29.079248 ], [ -95.1390625, 29.1678223 ], [ -95.0183105, 29.2594727 ], [ -94.8882812, 29.3705566 ], [ -94.9358887, 29.4604492 ], [ -94.9928223, 29.530957 ], [ -95.0228516, 29.7023438 ], [ -94.9822754, 29.7125977 ], [ -94.9298828, 29.6801758 ], [ -94.8898926, 29.6769531 ], [ -94.8323242, 29.7525879 ], [ -94.7419434, 29.75 ], [ -94.7243652, 29.6552734 ], [ -94.7782715, 29.5478516 ], [ -94.7326172, 29.5353516 ], [ -94.6053223, 29.5678223 ], [ -94.526269500000012, 29.5479492 ], [ -94.7501465, 29.4180176 ], [ -94.7596191, 29.3842773 ], [ -94.5744629, 29.4845215 ], [ -94.0996582, 29.6704102 ], [ -93.8904785, 29.6893555 ], [ -93.886377, 29.7226563 ], [ -93.9462891, 29.8149902 ], [ -93.8414551, 29.9797363 ], [ -93.7939941, 29.9772461 ], [ -93.769043, 29.9522949 ], [ -93.7730957, 29.9140625 ], [ -93.8087891, 29.8508301 ], [ -93.8483398, 29.8188477 ], [ -93.8838867, 29.8100098 ], [ -93.8657227, 29.7556152 ], [ -93.8264648, 29.7251465 ], [ -93.765918, 29.7526855 ], [ -93.6948242, 29.7699219 ], [ -93.3884766, 29.7765625 ], [ -93.2832031, 29.7894043 ], [ -93.1756836, 29.7789551 ], [ -92.9523926, 29.7141602 ], [ -92.7913086, 29.634668 ], [ -92.6712891, 29.5970703 ], [ -92.2608398, 29.5568359 ], [ -92.0840332, 29.5928223 ], [ -92.0588867, 29.6171875 ], [ -92.1139648, 29.6676758 ], [ -92.135498, 29.6994629 ], [ -92.0802246, 29.7607422 ], [ -92.017334, 29.800293 ], [ -91.8931641, 29.8360352 ], [ -91.8244141, 29.7506836 ], [ -91.6724609, 29.7460938 ], [ -91.5647949, 29.6053223 ], [ -91.514209, 29.5553711 ], [ -91.330957, 29.5135742 ], [ -91.2777344, 29.5628906 ], [ -91.2488281, 29.564209 ], [ -91.2602539, 29.5054687 ], [ -91.2439941, 29.4573242 ], [ -91.1553711, 29.3506836 ], [ -91.1507812, 29.3179199 ], [ -91.2375, 29.330957 ], [ -91.2827148, 29.320752 ], [ -91.2901367, 29.2889648 ], [ -91.0027344, 29.1935059 ], [ -90.751025399999989, 29.1308594 ], [ -90.6774902, 29.1506348 ], [ -90.586230500000013, 29.2715332 ], [ -90.5024902, 29.2997559 ], [ -90.3791992, 29.2951172 ], [ -90.3016113, 29.2558105 ], [ -90.246728499999989, 29.1310059 ], [ -90.212793, 29.1049316 ], [ -90.1358398, 29.136084 ], [ -90.1013672, 29.1817871 ], [ -90.0827148, 29.2397461 ], [ -90.0737305, 29.2967773 ], [ -90.0527832, 29.336816399999989 ], [ -90.0523437, 29.4313965 ], [ -90.1007812, 29.4633301 ], [ -90.1412598, 29.4797363 ], [ -90.160791, 29.5043945 ], [ -90.159082, 29.5371582 ], [ -89.8772461, 29.4580078 ], [ -89.8182617, 29.4161133 ], [ -89.7973633, 29.3806152 ], [ -89.7923828, 29.3332031 ], [ -89.7169922, 29.3128906 ], [ -89.6724609, 29.3165039 ], [ -89.6202637, 29.3023926 ], [ -89.5771484, 29.2675293 ], [ -89.5217773, 29.2492676 ], [ -89.4431641, 29.1941406 ], [ -89.389209, 29.1050293 ], [ -89.3535156, 29.0702148 ], [ -89.376123, 28.9813477 ], [ -89.3305664, 28.9986816 ], [ -89.236084, 29.0811035 ], [ -89.195263700000012, 29.0540039 ], [ -89.1555176, 29.0166016 ], [ -89.1333496, 29.0461426 ], [ -89.1095215, 29.0986816 ], [ -89.0213867, 29.1427246 ], [ -89.0157227, 29.2028809 ], [ -89.065332, 29.2181641 ], [ -89.116845700000013, 29.2482422 ], [ -89.1807617, 29.3356934 ], [ -89.2457031, 29.3332031 ], [ -89.5136719, 29.4200684 ], [ -89.5803223, 29.4860352 ], [ -89.6748047, 29.5386719 ], [ -89.7208984, 29.6192871 ], [ -89.689209, 29.6460449 ], [ -89.682959, 29.6748535 ], [ -89.6621094, 29.6836914 ], [ -89.6206543, 29.6741211 ], [ -89.5593262, 29.6980469 ], [ -89.5908691, 29.725293 ], [ -89.5306641, 29.7722168 ], [ -89.4554199, 29.784375 ], [ -89.3544434, 29.8202148 ], [ -89.362793, 29.8397949 ], [ -89.3578613, 29.9209961 ], [ -89.4009277, 29.9776855 ], [ -89.4140625, 30.0108887 ], [ -89.4007324, 30.0460449 ], [ -89.4944336, 30.0581543 ], [ -89.563378899999989, 30.0020996 ], [ -89.589502, 29.9150391 ], [ -89.6316895, 29.9038086 ], [ -89.7437988, 29.929834 ], [ -89.8151855, 30.0072754 ], [ -89.7772461, 30.0457031 ], [ -89.7146973, 30.0783203 ], [ -89.6650391, 30.117041 ], [ -89.6675293, 30.1445312 ], [ -89.7374512, 30.1719727 ], [ -89.7731445, 30.137207 ], [ -89.8122559, 30.1236816 ], [ -89.894043, 30.1258789 ], [ -89.9941895, 30.0592773 ], [ -90.1753418, 30.0291016 ], [ -90.2849609, 30.0650879 ], [ -90.4130371, 30.140332 ], [ -90.331982400000015, 30.2775879 ], [ -90.225293, 30.3792969 ], [ -90.125976600000016, 30.3690918 ], [ -90.0452148, 30.351416 ], [ -89.954248, 30.26875 ], [ -89.5884766, 30.1659668 ], [ -89.4435059, 30.2231445 ], [ -89.320556599999989, 30.3453125 ], [ -89.2635742, 30.3436523 ], [ -89.2236328, 30.332373 ], [ -89.0540527, 30.3682617 ], [ -88.9052246, 30.4151367 ], [ -88.8729492, 30.4163086 ], [ -88.8199219, 30.4064941 ], [ -88.6920898, 30.3553711 ], [ -88.3499023, 30.3734863 ], [ -88.2492188, 30.3631836 ], [ -88.135449200000011, 30.3666016 ], [ -88.1165527, 30.415332 ], [ -88.078369099999989, 30.5662109 ], [ -88.0324219, 30.68125 ], [ -88.0113281, 30.6941895 ], [ -87.948877, 30.6269043 ], [ -87.922998, 30.5615234 ], [ -87.9243164, 30.4496582 ], [ -87.8976074, 30.4141602 ], [ -87.8571289, 30.4074219 ], [ -87.8132812, 30.346875 ], [ -87.7902832, 30.2917969 ], [ -87.9040039, 30.259082 ], [ -87.9850098, 30.2543945 ], [ -88.005957, 30.2309082 ], [ -87.6222656, 30.2647461 ], [ -87.5132812, 30.3681152 ], [ -87.448291, 30.3941406 ], [ -87.44375, 30.3638184 ], [ -87.5007324, 30.3092773 ], [ -87.4757812, 30.2942871 ], [ -87.2810547, 30.3392578 ], [ -87.2510742, 30.3966797 ], [ -87.184668, 30.4537109 ], [ -87.1706055, 30.5387695 ], [ -87.1187988, 30.5389648 ], [ -87.0720215, 30.5004395 ], [ -87.0338867, 30.5539062 ], [ -86.9975586, 30.5703125 ], [ -86.9651367, 30.5019043 ], [ -86.985791, 30.4308594 ], [ -87.1237793, 30.3966797 ], [ -87.1637207, 30.3742188 ], [ -87.2011719, 30.3392578 ], [ -86.967627, 30.3723633 ], [ -86.6796387, 30.4028809 ], [ -86.6060547, 30.424707 ], [ -86.5233887, 30.4670898 ], [ -86.4479492, 30.4956055 ], [ -86.3741699, 30.4820801 ], [ -86.257373, 30.4930176 ], [ -86.1656738, 30.4642578 ], [ -86.1376953, 30.4415527 ], [ -86.1238281, 30.4058105 ], [ -86.2400879, 30.4291016 ], [ -86.4544434, 30.3991211 ], [ -86.1751465, 30.3325195 ], [ -85.8556641, 30.2144043 ], [ -85.7907715, 30.1719727 ], [ -85.7558105, 30.1669922 ], [ -85.7429687, 30.2012695 ], [ -85.7408203, 30.2443848 ], [ -85.6758789, 30.2792969 ], [ -85.6035156, 30.2867676 ], [ -85.6409668, 30.2369141 ], [ -85.6634277, 30.1894531 ], [ -85.610253899999989, 30.1483887 ], [ -85.62348630000001, 30.1170898 ], [ -85.6757812, 30.1219238 ], [ -85.5042969, 29.9757812 ], [ -85.3536133, 29.875732400000011 ], [ -85.3068359, 29.7978516 ], [ -85.3148926, 29.75810550000001 ], [ -85.3364258, 29.7401367 ], [ -85.3834473, 29.7850586 ], [ -85.413818400000011, 29.8424805 ], [ -85.413818400000011, 29.7675781 ], [ -85.3763672, 29.6952148 ], [ -85.3189453, 29.6802246 ], [ -85.1860352, 29.7079102 ], [ -85.0292969, 29.7210937 ], [ -84.9691895, 29.7453125 ], [ -84.888916, 29.7776367 ], [ -84.8005371, 29.7730469 ], [ -84.55, 29.8978516 ], [ -84.4540527, 29.9101562 ], [ -84.3828125, 29.907373 ], [ -84.3586914, 29.9293945 ], [ -84.3753418, 29.9822754 ], [ -84.3556152, 30.0290039 ], [ -84.309668, 30.0647461 ], [ -84.0442383, 30.1038086 ], [ -83.6943848, 29.9259766 ], [ -83.2904785, 29.4519043 ], [ -82.7693359, 29.0515625 ], [ -82.651464800000014, 28.8875 ], [ -82.644043, 28.8120117 ], [ -82.6505859, 28.7699219 ], [ -82.660644499999989, 28.4858398 ], [ -82.7485352, 28.2368164 ], [ -82.8435059, 27.8459961 ], [ -82.8075684, 27.7765625 ], [ -82.775293, 27.734375 ], [ -82.7428711, 27.709375 ], [ -82.715332, 27.7331055 ], [ -82.660888700000015, 27.7184082 ], [ -82.6260254, 27.7459961 ], [ -82.6109863, 27.7772461 ], [ -82.596582, 27.8732422 ], [ -82.6337891, 27.8977539 ], [ -82.6751953, 27.9637695 ], [ -82.635937500000011, 27.9812012 ], [ -82.5795898, 27.9584473 ], [ -82.520605500000016, 27.8778809 ], [ -82.4981445, 27.8679199 ], [ -82.4457031, 27.902832 ], [ -82.4057617, 27.8628906 ], [ -82.4005371, 27.8354004 ], [ -82.4305176, 27.7711426 ], [ -82.5208496, 27.6782715 ], [ -82.6358398, 27.5245605 ], [ -82.6867188, 27.5152832 ], [ -82.7145996, 27.4996094 ], [ -82.6553711, 27.4492188 ], [ -82.620459, 27.4010742 ], [ -82.4413574, 27.059668 ], [ -82.3540527, 26.9357422 ], [ -82.2900391, 26.8708008 ], [ -82.2428711, 26.848877 ], [ -82.1806641, 26.8400879 ], [ -82.1686035, 26.8743652 ], [ -82.1811035, 26.9367676 ], [ -82.0957031, 26.9634277 ], [ -82.0132812, 26.9615723 ], [ -82.0669434, 26.8915527 ], [ -82.0778809, 26.7043457 ], [ -82.0395996, 26.5520508 ], [ -82.0063965, 26.5398437 ], [ -81.970166, 26.5520508 ], [ -81.9205566, 26.6314453 ], [ -81.881543, 26.6646973 ], [ -81.8286621, 26.6870605 ], [ -81.8955078, 26.597168 ], [ -81.9589355, 26.4899414 ], [ -81.9314941, 26.4674805 ], [ -81.8665527, 26.4350098 ], [ -81.8114746, 26.1460938 ], [ -81.7154785, 25.9831543 ], [ -81.5682617, 25.8915527 ], [ -81.3649414, 25.8310547 ], [ -81.3450684, 25.7318359 ], [ -81.2271484, 25.5833984 ], [ -81.1133301, 25.3672363 ], [ -81.0568359, 25.3381348 ], [ -80.9803711, 25.3116699 ], [ -80.9404297, 25.264209 ], [ -80.9653809, 25.2243164 ], [ -81.0976562, 25.3191406 ], [ -81.1360352, 25.309668 ], [ -81.1586914, 25.2689941 ], [ -81.1673828, 25.2285156 ], [ -81.110498, 25.1380371 ], [ -81.0119629, 25.133252 ], [ -80.862207, 25.1761719 ], [ -80.7365234, 25.1563477 ], [ -80.5576172, 25.2324219 ], [ -80.484668, 25.229834 ], [ -80.3669434, 25.33125 ], [ -80.3277344, 25.4270996 ], [ -80.3008301, 25.6185547 ], [ -80.2190918, 25.741748 ], [ -80.1589355, 25.8783203 ], [ -80.1429199, 25.8740234 ], [ -80.1362793, 25.842627 ], [ -80.1263672, 25.8334961 ], [ -80.1105957, 26.1315918 ], [ -80.0413086, 26.5686035 ], [ -80.0500488, 26.8077148 ], [ -80.0886719, 26.9939453 ], [ -80.1257812, 27.0830078 ], [ -80.226123, 27.2070313 ], [ -80.6500977, 28.1809082 ], [ -80.686377, 28.272168 ], [ -80.7486328, 28.3810059 ], [ -80.787207, 28.5606445 ], [ -80.8184082, 28.6355957 ], [ -80.8381836, 28.757666 ], [ -80.8086914, 28.7589355 ], [ -80.7709961, 28.7324707 ], [ -80.7798828, 28.682959 ], [ -80.765918, 28.6328125 ], [ -80.7002441, 28.6009277 ], [ -80.6884766, 28.5785156 ], [ -80.7290527, 28.5162109 ], [ -80.731738299999989, 28.4628906 ], [ -80.6935059, 28.3449707 ], [ -80.6654785, 28.3749023 ], [ -80.6539062, 28.4521973 ], [ -80.6328613, 28.5180176 ], [ -80.6069336, 28.5229004 ], [ -80.6228516, 28.3203613 ], [ -80.6100098, 28.1775879 ], [ -80.4995605, 27.9344727 ], [ -80.4568848, 27.9006836 ], [ -80.5331543, 28.0700684 ], [ -80.5728516, 28.1808594 ], [ -80.5849609, 28.271582 ], [ -80.581152300000014, 28.3646973 ], [ -80.5678223, 28.4264648 ], [ -80.5241211, 28.486084 ], [ -80.5643066, 28.5563965 ], [ -80.9, 29.0498535 ], [ -81.104541, 29.4569824 ], [ -81.2495117, 29.7937988 ], [ -81.3371094, 30.1412109 ], [ -81.3857422, 30.2699707 ], [ -81.4571777, 30.6407715 ], [ -81.5039551, 30.7314453 ], [ -81.5162109, 30.8018066 ], [ -81.5204102, 30.8746582 ], [ -81.5005859, 30.9137695 ], [ -81.4713867, 31.0090332 ], [ -81.4532227, 31.0882812 ], [ -81.4603516, 31.1270508 ], [ -81.441748, 31.199707 ], [ -81.4125977, 31.1794434 ], [ -81.3648926, 31.171875 ], [ -81.2884766, 31.263916 ], [ -81.3291504, 31.3137695 ], [ -81.3777344, 31.3323242 ], [ -81.380957, 31.3532715 ], [ -81.2949707, 31.3711914 ], [ -81.2579102, 31.4360352 ], [ -81.2188965, 31.4721191 ], [ -81.1754395, 31.5312988 ], [ -81.1957031, 31.538916 ], [ -81.223388700000015, 31.5284668 ], [ -81.259375, 31.538916 ], [ -81.2423828, 31.5743164 ], [ -81.1699219, 31.6103027 ], [ -81.1655273, 31.6461426 ], [ -81.1865723, 31.6669434 ], [ -81.1979004, 31.7041992 ], [ -81.1621094, 31.7437012 ], [ -81.0983887, 31.7533691 ], [ -81.0661133, 31.7879883 ], [ -81.0650391, 31.8134766 ], [ -81.0955078, 31.840918 ], [ -81.113281200000017, 31.8786133 ], [ -81.0828613, 31.8940918 ], [ -81.0455566, 31.892041 ], [ -80.9234375, 31.9449219 ], [ -80.872363299999989, 32.0295898 ], [ -80.8820801, 32.0686035 ], [ -80.8492187, 32.113916 ], [ -80.7908203, 32.1258301 ], [ -80.7580078, 32.1421875 ], [ -80.6942383, 32.2157227 ], [ -80.7020508, 32.2458984 ], [ -80.7338379, 32.265332 ], [ -80.765332, 32.2983398 ], [ -80.7979004, 32.3633789 ], [ -80.8025391, 32.4480469 ], [ -80.7093262, 32.3370605 ], [ -80.6830566, 32.3486328 ], [ -80.6777832, 32.3811035 ], [ -80.6472168, 32.3959473 ], [ -80.6258301, 32.3262695 ], [ -80.6082031, 32.2928223 ], [ -80.5793457, 32.2873047 ], [ -80.513623, 32.3244141 ], [ -80.4857422, 32.3518066 ], [ -80.4742676, 32.4227539 ], [ -80.5300293, 32.4753906 ], [ -80.6341797, 32.5117188 ], [ -80.5722168, 32.5336914 ], [ -80.4609863, 32.5213379 ], [ -80.3628418, 32.5007324 ], [ -80.2683594, 32.5373535 ], [ -80.2296875, 32.5765137 ], [ -80.1803223, 32.5928711 ], [ -80.1225586, 32.5891113 ], [ -80.0217773, 32.6199219 ], [ -79.9407227, 32.6671387 ], [ -79.8936523, 32.7287109 ], [ -79.9331055, 32.8100586 ], [ -79.8049805, 32.7874023 ], [ -79.735009800000014, 32.8248047 ], [ -79.6149414, 32.9092773 ], [ -79.5871094, 33.0008789 ], [ -79.4986816, 33.0272949 ], [ -79.4199219, 33.0425293 ], [ -79.2760254, 33.1354004 ], [ -79.229248, 33.1851562 ], [ -79.2813477, 33.3154297 ], [ -79.2264648, 33.4048828 ], [ -79.2273437, 33.3631836 ], [ -79.2383789, 33.3121582 ], [ -79.1937988, 33.2441406 ], [ -79.1381836, 33.4059082 ], [ -78.9203125, 33.6586914 ], [ -78.8414551, 33.7240723 ], [ -78.5776855, 33.8732422 ], [ -78.4058594, 33.9175781 ], [ -78.0133301, 33.9118164 ], [ -77.9705566, 33.9934082 ], [ -77.9532715, 34.1689941 ], [ -77.9260254, 34.0731445 ], [ -77.9328613, 33.9894531 ], [ -77.927832, 33.9397461 ], [ -77.8880371, 34.0501465 ], [ -77.8608398, 34.1491699 ], [ -77.7507324, 34.2849609 ], [ -77.696972700000018, 34.3319824 ], [ -77.6496582, 34.3575195 ], [ -77.5176758, 34.4513672 ], [ -77.3797852, 34.5266113 ], [ -77.4020508, 34.5547852 ], [ -77.4129395, 34.5921387 ], [ -77.4122559, 34.7308105 ], [ -77.3844727, 34.6943848 ], [ -77.3583984, 34.620263699999988 ], [ -77.2962402, 34.6029297 ], [ -77.2517578, 34.615625 ], [ -77.1338867, 34.7079102 ], [ -77.0495117, 34.6973633 ], [ -76.8958984, 34.7014648 ], [ -76.7966797, 34.7041504 ], [ -76.7332031, 34.7069824 ], [ -76.7070801, 34.7521484 ], [ -76.6180176, 34.7699219 ], [ -76.5168945, 34.7772461 ], [ -76.4397949, 34.8429199 ], [ -76.362207, 34.9365234 ], [ -76.4567383, 34.9893555 ], [ -76.74497070000001, 34.9409668 ], [ -76.8986328, 34.9702637 ], [ -76.9749512, 35.0251953 ], [ -77.0702637, 35.1546387 ], [ -76.8610352, 35.0049805 ], [ -76.7791504, 34.990332 ], [ -76.6280273, 35.0733398 ], [ -76.6133789, 35.1041504 ], [ -76.6075195, 35.1529785 ], [ -76.5659668, 35.2151855 ], [ -76.5129395, 35.2704102 ], [ -76.5527832, 35.3056152 ], [ -76.595459, 35.3296875 ], [ -76.9744629, 35.4583984 ], [ -77.0399902, 35.5273926 ], [ -76.8872559, 35.4630859 ], [ -76.7414063, 35.4314941 ], [ -76.6341309, 35.4532227 ], [ -76.6110352, 35.5296875 ], [ -76.5771973, 35.5323242 ], [ -76.5324707, 35.5084473 ], [ -76.515625, 35.4364746 ], [ -76.489502, 35.3970215 ], [ -76.4466309, 35.4077637 ], [ -76.3902344, 35.4012695 ], [ -76.2752441, 35.369043 ], [ -76.1738281, 35.3541504 ], [ -76.1035156, 35.3802734 ], [ -75.9659668, 35.5083984 ], [ -75.7739258, 35.6469727 ], [ -75.7447266, 35.7654785 ], [ -75.7588379, 35.8432617 ], [ -75.7722168, 35.8999023 ], [ -75.8120117, 35.9557617 ], [ -75.8539062, 35.9601562 ], [ -75.9789062, 35.8959473 ], [ -76.0011719, 35.722168 ], [ -76.0457031, 35.6911621 ], [ -76.0835937, 35.6905273 ], [ -76.0756836, 35.7875488 ], [ -76.0600586, 35.8786621 ], [ -76.0697754, 35.9703125 ], [ -76.206543, 35.9912109 ], [ -76.2635742, 35.9670898 ], [ -76.3583008, 35.9528809 ], [ -76.5035156, 35.9560547 ], [ -76.6111328, 35.9436523 ], [ -76.7262207, 35.9576172 ], [ -76.71875, 36.0334961 ], [ -76.7400391, 36.1333008 ], [ -76.7336426, 36.2291504 ], [ -76.717627, 36.1480957 ], [ -76.6789062, 36.075293 ], [ -76.559375, 36.015332 ], [ -76.4788086, 36.0281738 ], [ -76.4243164, 36.0679688 ], [ -76.3836914, 36.1335449 ], [ -76.3211914, 36.1381836 ], [ -76.227392600000016, 36.1160156 ], [ -76.2706055, 36.1898926 ], [ -76.2217773, 36.1668945 ], [ -76.15, 36.145752 ], [ -76.1410645, 36.2150879 ], [ -76.1478516, 36.2792969 ], [ -76.0547363, 36.2345215 ], [ -75.9501953, 36.2089844 ], [ -75.8830078, 36.1756836 ], [ -75.8200684, 36.1128418 ], [ -75.8666016, 36.2678711 ], [ -75.9248535, 36.3830078 ], [ -75.9784668, 36.4291504 ], [ -75.9927734, 36.4737793 ], [ -75.9597656, 36.5710449 ], [ -75.9734375, 36.5999512 ], [ -75.965332, 36.6375977 ], [ -75.9464844, 36.659082 ], [ -75.9178711, 36.632666 ], [ -75.8935547, 36.5665039 ], [ -75.8097656, 36.2710449 ], [ -75.7282227, 36.1037109 ], [ -75.5804688, 35.8719727 ], [ -75.5341797, 35.8190918 ], [ -75.5586914, 35.8793457 ], [ -75.7578613, 36.229248 ], [ -75.8904297, 36.6570312 ], [ -75.9415527, 36.7655273 ], [ -75.9663574, 36.8619629 ], [ -75.9994141, 36.9126465 ], [ -76.1439941, 36.9306152 ], [ -76.2442383, 36.9526367 ], [ -76.3995605, 36.8898438 ], [ -76.4878418, 36.8970215 ], [ -76.5046387, 36.9610352 ], [ -76.6339355, 37.0474121 ], [ -76.671875, 37.1729492 ], [ -76.7654297, 37.1841309 ], [ -76.9251953, 37.225 ], [ -77.0019531, 37.2710449 ], [ -77.1961914, 37.2957031 ], [ -77.2270508, 37.309082 ], [ -77.2508789, 37.3291992 ], [ -77.0069824, 37.3176758 ], [ -76.7035156, 37.2176758 ], [ -76.6309082, 37.2217285 ], [ -76.6022949, 37.1428711 ], [ -76.5068359, 37.0723145 ], [ -76.4620117, 37.0307617 ], [ -76.4008789, 36.9913086 ], [ -76.3382812, 37.0131348 ], [ -76.2833008, 37.0526855 ], [ -76.3007812, 37.1108887 ], [ -76.3269531, 37.1492676 ], [ -76.401123, 37.2126953 ], [ -76.4973633, 37.246875 ], [ -76.6108887, 37.3225586 ], [ -76.7380859, 37.4487793 ], [ -76.7558594, 37.4791992 ], [ -76.7577148, 37.5054199 ], [ -76.5383789, 37.309375 ], [ -76.4539062, 37.2735352 ], [ -76.3931641, 37.2999512 ], [ -76.4054688, 37.3319336 ], [ -76.4009766, 37.3861328 ], [ -76.2634766, 37.3570312 ], [ -76.2543945, 37.4306152 ], [ -76.2685547, 37.495166 ], [ -76.367627, 37.5302734 ], [ -76.3055664, 37.5714844 ], [ -76.484082, 37.6288574 ], [ -76.5494629, 37.6691406 ], [ -76.6198242, 37.7550781 ], [ -76.7154297, 37.8101562 ], [ -76.8491699, 37.9402344 ], [ -76.9250977, 38.0330078 ], [ -77.111084, 38.1656738 ], [ -77.0706543, 38.1671875 ], [ -76.9399902, 38.095459 ], [ -76.8286133, 37.9615234 ], [ -76.792773400000016, 37.9379883 ], [ -76.4924805, 37.6822266 ], [ -76.4366211, 37.6704102 ], [ -76.3441406, 37.6756836 ], [ -76.3056152, 37.721582 ], [ -76.2932129, 37.7943359 ], [ -76.2618164, 37.8480957 ], [ -76.2642578, 37.8935547 ], [ -76.3549316, 37.963232399999988 ], [ -76.4717773, 38.0111816 ], [ -76.5495117, 38.0944824 ], [ -76.644873, 38.1339355 ], [ -76.9063477, 38.1970703 ], [ -77.0467773, 38.3566895 ], [ -77.1099121, 38.3701172 ], [ -77.2319336, 38.3400391 ], [ -77.273242200000013, 38.3517578 ], [ -77.3136719, 38.3966309 ], [ -77.2837891, 38.5291992 ], [ -77.2604004, 38.6 ], [ -77.1646484, 38.6765625 ], [ -77.0918945, 38.7195312 ], [ -77.0456055, 38.7757812 ], [ -77.0303711, 38.8892578 ], [ -77.0181641, 38.7777344 ], [ -77.0539062, 38.7058105 ], [ -77.1349121, 38.6500977 ], [ -77.2208984, 38.5409668 ], [ -77.2416016, 38.4948242 ], [ -77.2325195, 38.4077148 ], [ -77.1559082, 38.3971191 ], [ -77.076709, 38.441748 ], [ -77.0011719, 38.4452637 ], [ -76.9883789, 38.3938965 ], [ -76.9502441, 38.3470215 ], [ -76.8897461, 38.2920898 ], [ -76.8677734, 38.3371582 ], [ -76.8681152, 38.3902832 ], [ -76.7691406, 38.2629395 ], [ -76.5936035, 38.2283203 ], [ -76.4543945, 38.1735352 ], [ -76.4019531, 38.1250488 ], [ -76.3411621, 38.0870117 ], [ -76.3329102, 38.1407715 ], [ -76.3657227, 38.196875 ], [ -76.4087891, 38.2682617 ], [ -76.6419922, 38.4543457 ], [ -76.6685547, 38.5375 ], [ -76.6773437, 38.6119629 ], [ -76.6591797, 38.579541 ], [ -76.646875, 38.5385254 ], [ -76.5724121, 38.435791 ], [ -76.5099121, 38.4036621 ], [ -76.4387695, 38.3615234 ], [ -76.3940918, 38.3689941 ], [ -76.4164062, 38.420214799999989 ], [ -76.4584961, 38.4749512 ], [ -76.5013184, 38.5321777 ], [ -76.5368652, 38.742627 ], [ -76.5210937, 38.7882812 ], [ -76.5155273, 38.840625 ], [ -76.5195312, 38.8983398 ], [ -76.49375, 38.945214799999988 ], [ -76.5187988, 39.0011719 ], [ -76.5585449, 39.0652344 ], [ -76.5462402, 39.0679688 ], [ -76.4730957, 39.0306152 ], [ -76.4200684, 39.073877 ], [ -76.4275879, 39.126025399999989 ], [ -76.4893555, 39.1586914 ], [ -76.5739258, 39.2542969 ], [ -76.5704102, 39.2693359 ], [ -76.4208984, 39.225 ], [ -76.4027832, 39.252832 ], [ -76.4056641, 39.3039062 ], [ -76.3589844, 39.324658199999988 ], [ -76.3450684, 39.364502 ], [ -76.347168, 39.3875488 ], [ -76.3308105, 39.4039062 ], [ -76.2763672, 39.3227539 ], [ -76.2568359, 39.3521484 ], [ -76.2476562, 39.438623 ], [ -76.2230469, 39.4203125 ], [ -76.2158203, 39.3799316 ], [ -76.1413574, 39.4032227 ], [ -76.0972656, 39.4331055 ], [ -76.0807129, 39.4703125 ], [ -76.0850586, 39.527002 ], [ -76.0629883, 39.561132799999989 ], [ -76.0062988, 39.5687012 ], [ -75.9589355, 39.5850586 ], [ -75.9704102, 39.5045898 ], [ -75.8729492, 39.5108887 ], [ -75.9134766, 39.4683594 ], [ -75.9547363, 39.4596191 ], [ -76.003125, 39.4108398 ], [ -75.9387207, 39.398584 ], [ -75.8759766, 39.3759766 ], [ -75.9759766, 39.3672852 ], [ -76.0743652, 39.3688477 ], [ -76.153125, 39.3150391 ], [ -76.2356934, 39.1916016 ], [ -76.2168457, 39.063623 ], [ -76.132959, 39.1229492 ], [ -76.1352051, 39.0821289 ], [ -76.1856934, 38.9907227 ], [ -76.2450195, 39.0091797 ], [ -76.3127441, 39.009375 ], [ -76.3295898, 38.9527832 ], [ -76.3306641, 38.9085937 ], [ -76.2408203, 38.9430664 ], [ -76.1910645, 38.9155762 ], [ -76.1681641, 38.8527344 ], [ -76.2469727, 38.8226562 ], [ -76.3003418, 38.8182129 ], [ -76.3411621, 38.709668 ], [ -76.3081055, 38.7228516 ], [ -76.2783203, 38.7724609 ], [ -76.2129883, 38.7583008 ], [ -76.175, 38.7066895 ], [ -76.0569336, 38.6212402 ], [ -76.0169434, 38.6250977 ], [ -76.0009277, 38.601709 ], [ -76.1129395, 38.6015625 ], [ -76.1983887, 38.6186523 ], [ -76.2641602, 38.5999512 ], [ -76.294873, 38.4946289 ], [ -76.2646484, 38.436425799999988 ], [ -76.2116699, 38.3613281 ], [ -76.1165039, 38.3176758 ], [ -76.0512207, 38.279541 ], [ -76.0203125, 38.294873 ], [ -76.0066895, 38.3227539 ], [ -75.9857422, 38.3319336 ], [ -75.9673828, 38.2913574 ], [ -75.9372559, 38.309668 ], [ -75.8888184, 38.3555176 ], [ -75.8586914, 38.3620605 ], [ -75.8767578, 38.31875 ], [ -75.863916, 38.2612305 ], [ -75.8849609, 38.2139648 ], [ -75.9280762, 38.1692383 ], [ -75.8913086, 38.1472168 ], [ -75.8556152, 38.1403809 ], [ -75.7953125, 38.0866699 ], [ -75.8290527, 38.0327637 ], [ -75.8508301, 37.971582 ], [ -75.7351562, 37.973730499999988 ], [ -75.6592773, 37.9539551 ], [ -75.7193359, 37.8213867 ], [ -75.7923828, 37.7563477 ], [ -75.8881348, 37.6191406 ], [ -75.9750488, 37.3984375 ], [ -75.9973633, 37.2638184 ], [ -75.9845215, 37.212207 ], [ -75.934375, 37.1519043 ], [ -75.8540039, 37.2966309 ], [ -75.8120605, 37.4251953 ], [ -75.7668945, 37.472998 ], [ -75.6988281, 37.5163574 ], [ -75.631543, 37.5353516 ], [ -75.5871094, 37.5586914 ], [ -75.5963867, 37.6312012 ], [ -75.3535156, 38.0650391 ], [ -75.2917969, 38.1291992 ], [ -75.2254395, 38.2422852 ], [ -75.1600098, 38.2550781 ], [ -75.1415039, 38.2981445 ], [ -75.1342285, 38.3843262 ], [ -75.116748, 38.4062012 ], [ -75.0897461, 38.4253906 ], [ -75.0733887, 38.4100098 ], [ -75.0743652, 38.3657227 ], [ -75.0512695, 38.3830078 ], [ -75.0387695, 38.4263672 ], [ -75.0358887, 38.5033203 ], [ -75.0728516, 38.5787109 ], [ -75.1108398, 38.5993652 ], [ -75.1871094, 38.5911133 ], [ -75.1284668, 38.6324219 ], [ -75.0839844, 38.7228027 ], [ -75.0886719, 38.7775391 ], [ -75.1850586, 38.8193848 ], [ -75.3104004, 38.9665527 ], [ -75.3921875, 39.0927734 ], [ -75.4126465, 39.2813965 ], [ -75.5198242, 39.402832 ], [ -75.573877, 39.4769531 ], [ -75.5672852, 39.5529785 ], [ -75.5815918, 39.5894531 ], [ -75.5875977, 39.6407715 ], [ -75.5021484, 39.7173828 ], [ -75.4644043, 39.780957 ], [ -75.4006348, 39.8315918 ], [ -75.3208984, 39.8646973 ], [ -75.1729492, 39.8947754 ], [ -75.0741699, 39.9834961 ], [ -75.1038086, 39.9318359 ], [ -75.1538086, 39.8705078 ], [ -75.3531738, 39.8297363 ], [ -75.421875, 39.7896973 ], [ -75.4716309, 39.7124023 ], [ -75.5235352, 39.6018555 ], [ -75.519238300000012, 39.5318848 ], [ -75.5242187, 39.4901855 ], [ -75.353418, 39.3398438 ], [ -75.2310547, 39.2842773 ], [ -75.1361328, 39.2078613 ], [ -75.0501953, 39.210839799999988 ], [ -74.975293, 39.1882324 ], [ -74.8970215, 39.145459 ], [ -74.9203125, 39.047168 ], [ -74.9542969, 38.9499512 ], [ -74.9234375, 38.9411133 ], [ -74.7944824, 39.0019043 ], [ -74.6459473, 39.2078613 ], [ -74.6047852, 39.2475098 ], [ -74.6029785, 39.2925781 ], [ -74.5787109, 39.3161133 ], [ -74.5171875, 39.346875 ], [ -74.4743652, 39.3425781 ], [ -74.4288086, 39.387207 ], [ -74.4108398, 39.454541 ], [ -74.3898438, 39.4868164 ], [ -74.4070312, 39.5487793 ], [ -74.3306152, 39.5358887 ], [ -74.256543, 39.6138672 ], [ -74.176123, 39.726611299999988 ], [ -74.117627, 39.9381348 ], [ -74.0959961, 39.9759766 ], [ -74.0645996, 39.9931152 ], [ -74.0839844, 39.8291016 ], [ -74.0799316, 39.7881348 ], [ -74.0489258, 39.9230469 ], [ -74.0283203, 40.072998 ], [ -74.0040039, 40.1713379 ], [ -73.9719727, 40.2505371 ], [ -73.9576172, 40.3283691 ], [ -73.9722656, 40.4003418 ], [ -73.9984375, 40.4521484 ], [ -74.0498535, 40.429834 ], [ -74.2415039, 40.45625 ], [ -74.264209, 40.5286133 ], [ -74.226709, 40.6080078 ], [ -74.1871582, 40.647998 ], [ -74.153125, 40.6732422 ], [ -74.1162598, 40.6873047 ], [ -74.067334, 40.7196289 ], [ -74.0254883, 40.7563965 ], [ -73.9271973, 40.9142578 ], [ -73.9092285, 40.9960938 ], [ -73.9176758, 41.135791 ], [ -73.9699219, 41.249707 ], [ -73.9253418, 41.2180664 ], [ -73.8822266, 41.1706055 ], [ -73.8719727, 41.0551758 ], [ -73.9067383, 40.9124512 ], [ -73.948584, 40.8387695 ], [ -73.9871094, 40.7513672 ], [ -73.9472168, 40.7769531 ], [ -73.9106934, 40.8161133 ], [ -73.8512695, 40.8313965 ], [ -73.7790039, 40.878418 ], [ -73.6713867, 40.9658691 ], [ -73.5830078, 41.021875 ], [ -73.1822754, 41.1758301 ], [ -73.0237305, 41.2164551 ], [ -72.924707, 41.2851562 ], [ -72.847168, 41.2658691 ], [ -72.4793945, 41.2757812 ], [ -72.3710449, 41.3121582 ], [ -72.2652832, 41.2916504 ], [ -72.073877, 41.326123 ], [ -71.929931600000018, 41.3410645 ], [ -71.7692871, 41.3309082 ], [ -71.5228516, 41.3789551 ], [ -71.4437988, 41.4537109 ], [ -71.4265625, 41.6333008 ], [ -71.3636719, 41.7027344 ], [ -71.3901367, 41.7953125 ], [ -71.3591797, 41.7862305 ], [ -71.3306152, 41.7622559 ], [ -71.3107422, 41.719873 ], [ -71.2710937, 41.68125 ], [ -71.1783203, 41.744043 ], [ -71.1487305, 41.7457031 ], [ -71.2042969, 41.6411133 ], [ -71.1884277, 41.5164062 ], [ -71.1685547, 41.4894043 ], [ -71.0797852, 41.5380859 ], [ -70.9742187, 41.548535199999989 ], [ -70.701123, 41.7148438 ], [ -70.6664551, 41.7101074 ], [ -70.6553711, 41.6081055 ], [ -70.6680664, 41.5583008 ], [ -70.6571289, 41.5342285 ], [ -70.4813477, 41.5824707 ], [ -70.4046875, 41.6269043 ], [ -70.0595215, 41.6773438 ], [ -69.9867676, 41.6839844 ], [ -69.948632800000013, 41.6771484 ], [ -69.9338379, 41.7104492 ], [ -69.9416016, 41.8078613 ], [ -69.9778809, 41.9612793 ], [ -70.1089355, 42.0783203 ], [ -70.1598633, 42.0971191 ], [ -70.2035156, 42.1010254 ], [ -70.2410645, 42.0912109 ], [ -70.23652340000001, 42.0710449 ], [ -70.1962402, 42.0351074 ], [ -70.1725586, 42.062793 ], [ -70.1102539, 42.030127 ], [ -70.0900391, 41.9796875 ], [ -70.0061035, 41.8723145 ], [ -70.001416, 41.8261719 ], [ -70.1350098, 41.769873 ], [ -70.295459, 41.7289551 ], [ -70.4266602, 41.7572754 ], [ -70.5146973, 41.8033203 ], [ -70.5489258, 41.938623 ], [ -70.6561523, 41.9870605 ], [ -70.6452148, 42.021582 ], [ -70.6176758, 42.0404297 ], [ -70.7382812, 42.2288574 ], [ -70.8179687, 42.2649414 ], [ -70.9967285, 42.3 ], [ -71.0461914, 42.3311035 ], [ -70.9304687, 42.4319824 ], [ -70.8708984, 42.4966309 ], [ -70.8311523, 42.5525879 ], [ -70.7518555, 42.5703613 ], [ -70.6614258, 42.6166504 ], [ -70.6129395, 42.6232422 ], [ -70.6041504, 42.649707 ], [ -70.6239746, 42.6717773 ], [ -70.654834, 42.6739746 ], [ -70.696875, 42.6645996 ], [ -70.7356934, 42.6692871 ], [ -70.781347700000012, 42.7212402 ], [ -70.800293, 42.7740234 ], [ -70.8290527, 42.8253418 ], [ -70.7776367, 42.9405762 ], [ -70.7331055, 43.0700195 ], [ -70.6911621, 43.1093262 ], [ -70.642334, 43.1344238 ], [ -70.5207031, 43.3488281 ], [ -70.359668, 43.4802246 ], [ -70.2025879, 43.626123 ], [ -70.2378906, 43.6562012 ], [ -70.2692383, 43.6719238 ], [ -70.1788086, 43.7663574 ], [ -70.0623535, 43.8346191 ], [ -69.9652344, 43.8550781 ], [ -69.9745117, 43.8180664 ], [ -69.9743164, 43.7878906 ], [ -69.9255859, 43.7970215 ], [ -69.872509800000017, 43.8195313 ], [ -69.840332, 43.7898926 ], [ -69.808349600000014, 43.7723145 ], [ -69.7916016, 43.8052246 ], [ -69.8032227, 43.8668457 ], [ -69.7953125, 43.9106445 ], [ -69.7722656, 43.8990234 ], [ -69.762011700000016, 43.8606934 ], [ -69.729834, 43.852002 ], [ -69.6991211, 43.9550293 ], [ -69.6528809, 43.9938965 ], [ -69.6367676, 43.9488281 ], [ -69.6239258, 43.8806152 ], [ -69.5899902, 43.8865723 ], [ -69.5566895, 43.9827637 ], [ -69.5415527, 43.9625977 ], [ -69.520752, 43.8973633 ], [ -69.4808594, 43.9050781 ], [ -69.4349609, 43.9562988 ], [ -69.3445312, 44.0009277 ], [ -69.2260742, 43.9864746 ], [ -69.1372559, 44.0378418 ], [ -69.0683594, 44.0975586 ], [ -69.0635742, 44.1723633 ], [ -68.9561523, 44.3480957 ], [ -68.9614746, 44.4338379 ], [ -68.8473633, 44.4850586 ], [ -68.8001953, 44.5494141 ], [ -68.7626953, 44.570752 ], [ -68.7655273, 44.5097656 ], [ -68.7949219, 44.4544922 ], [ -68.777002, 44.4460449 ], [ -68.7358887, 44.4544922 ], [ -68.7101074, 44.4425781 ], [ -68.7938965, 44.3817383 ], [ -68.8119141, 44.3393555 ], [ -68.723291, 44.3422852 ], [ -68.6120117, 44.3105469 ], [ -68.5723633, 44.2708496 ], [ -68.5325195, 44.2586426 ], [ -68.5144531, 44.3039062 ], [ -68.5214355, 44.3802246 ], [ -68.4794434, 44.4456543 ], [ -68.4505859, 44.5076172 ], [ -68.4168457, 44.4690918 ], [ -68.3737305, 44.4451172 ], [ -68.316748, 44.473877 ], [ -68.2774414, 44.507373 ], [ -68.245752, 44.5147949 ], [ -68.1982422, 44.5152344 ], [ -68.1520508, 44.502002 ], [ -68.1172852, 44.490625 ], [ -68.0937012, 44.4388184 ], [ -68.0566406, 44.3843262 ], [ -68.0139648, 44.4008789 ], [ -67.9848633, 44.420166 ], [ -67.9626953, 44.4643066 ], [ -67.9070312, 44.4536133 ], [ -67.8390625, 44.5762695 ], [ -67.7904785, 44.5856934 ], [ -67.7268066, 44.5665039 ], [ -67.6529785, 44.5624023 ], [ -67.5990723, 44.5768066 ], [ -67.5560059, 44.6447754 ], [ -67.4578125, 44.656543 ], [ -67.3640625, 44.696875 ], [ -67.1912598, 44.6755859 ], [ -66.9870117, 44.8276855 ], [ -66.9914551, 44.8496094 ], [ -67.0140137, 44.8677734 ], [ -67.1067383, 44.8850586 ], [ -67.113916, 44.9443848 ], [ -67.0804688, 44.9891602 ], [ -67.1022461, 45.0877441 ], [ -67.1303711, 45.1390137 ], [ -67.1248535, 45.1694336 ], [ -67.1709961, 45.1819824 ], [ -67.21323240000001, 45.1925293 ], [ -67.2496094, 45.2007812 ], [ -67.2707031, 45.1867187 ], [ -67.2906738, 45.1679199 ], [ -67.3152832, 45.1538086 ], [ -67.3669434, 45.1737793 ], [ -67.3998047, 45.2101562 ], [ -67.4525879, 45.2476562 ], [ -67.4725586, 45.2758789 ], [ -67.4619629, 45.3086914 ], [ -67.4385254, 45.3403809 ], [ -67.4279297, 45.3779297 ], [ -67.4537598, 45.4212402 ], [ -67.4772461, 45.4458984 ], [ -67.4936523, 45.4740723 ], [ -67.487793, 45.5010254 ], [ -67.4549316, 45.5139648 ], [ -67.4244141, 45.5304199 ], [ -67.4138672, 45.5655762 ], [ -67.432666, 45.603125 ], [ -67.4866211, 45.6184082 ], [ -67.5312012, 45.6125488 ], [ -67.595752, 45.620752 ], [ -67.6579102, 45.6441895 ], [ -67.6989746, 45.6711914 ], [ -67.7306641, 45.6864746 ], [ -67.7553223, 45.6864746 ], [ -67.784668, 45.701709 ], [ -67.8022461, 45.7275391 ], [ -67.799902300000014, 45.7697754 ], [ -67.7916992, 45.7955566 ], [ -67.775293, 45.8178711 ], [ -67.7741211, 45.8425293 ], [ -67.7811523, 45.8601562 ], [ -67.7822754, 45.8741699 ], [ -67.7776367, 45.8917969 ], [ -67.767041, 45.927002 ], [ -67.784668, 45.9527832 ], [ -67.7864746, 46.0421387 ], [ -67.7899414, 46.2093262 ], [ -67.7925293, 46.3374023 ], [ -67.7958008, 46.4983887 ], [ -67.7977051, 46.615625 ], [ -67.8003418, 46.7798828 ], [ -67.802832, 46.9357422 ], [ -67.8067871, 47.0828125 ], [ -67.9348633, 47.167627 ], [ -68.0967773, 47.2748535 ], [ -68.235498, 47.3459473 ], [ -68.3108887, 47.3544922 ], [ -68.3580078, 47.3445312 ], [ -68.3769043, 47.3161621 ], [ -68.4803711, 47.285791 ], [ -68.6685547, 47.2534668 ], [ -68.8287109, 47.2033203 ], [ -68.8874023, 47.202832 ], [ -68.937207, 47.2112305 ], [ -69.003125, 47.2364258 ], [ -69.048584, 47.2736328 ], [ -69.0642578, 47.3381348 ], [ -69.0501953, 47.4266113 ], [ -69.1462891, 47.4447754 ], [ -69.2428711, 47.4629883 ], [ -69.3021484, 47.402002 ], [ -69.3588867, 47.3506348 ], [ -69.4714844, 47.2386719 ], [ -69.6297852, 47.0813477 ], [ -69.7175293, 46.994873 ], [ -69.8717285, 46.8429199 ], [ -70.0077148, 46.7089355 ], [ -70.0382324, 46.5714355 ], [ -70.0671875, 46.4410645 ], [ -70.1796875, 46.3418457 ], [ -70.248291, 46.2508789 ], [ -70.2789062, 46.15 ], [ -70.3044922, 46.057373 ], [ -70.3064453, 45.979834 ], [ -70.2871582, 45.9391602 ], [ -70.2962402, 45.9061035 ], [ -70.3334473, 45.8680664 ], [ -70.4078613, 45.8019043 ], [ -70.4210938, 45.7382324 ], [ -70.4666016, 45.7068359 ], [ -70.5963867, 45.6439941 ], [ -70.7022461, 45.5513672 ], [ -70.7074219, 45.4989258 ], [ -70.6921387, 45.4553711 ], [ -70.6897949, 45.4283203 ], [ -70.7109375, 45.4094727 ], [ -70.7533203, 45.4106934 ], [ -70.7991699, 45.4047852 ], [ -70.837793, 45.3661621 ], [ -70.8368164, 45.3106934 ], [ -70.8650391, 45.2707031 ], [ -70.897998, 45.2624512 ], [ -70.9262207, 45.2907227 ], [ -70.9601562, 45.3331055 ], [ -70.9999023, 45.3372559 ], [ -71.0602539, 45.3091309 ], [ -71.134668, 45.2628418 ], [ -71.2016113, 45.2603516 ], [ -71.3272949, 45.2900879 ], [ -71.419043, 45.2003418 ], [ -71.5175293, 45.0075684 ], [ -71.9336426, 45.0070801 ], [ -72.3497559, 45.0065918 ], [ -72.765918, 45.0061035 ], [ -73.1820312, 45.0056152 ], [ -73.5981445, 45.0051758 ], [ -74.0142578, 45.0046875 ], [ -74.4303711, 45.0041992 ], [ -74.6632324, 45.0039062 ], [ -74.7088867, 45.0038574 ], [ -74.7624512, 44.9990723 ] ] ], [ [ [ -72.4273926, 41.0385254 ], [ -72.2741211, 41.1530273 ], [ -72.3725586, 41.1255371 ], [ -72.5436523, 41.027002 ], [ -72.6250977, 40.9918457 ], [ -72.8288086, 40.9720703 ], [ -73.0337891, 40.9659668 ], [ -73.1112793, 40.9568848 ], [ -73.1858398, 40.929834 ], [ -73.2781738, 40.9242187 ], [ -73.3727051, 40.9437988 ], [ -73.4072266, 40.9411133 ], [ -73.4408691, 40.9267578 ], [ -73.4874023, 40.9199707 ], [ -73.5738281, 40.9196289 ], [ -73.6097656, 40.9062012 ], [ -73.6428223, 40.88125 ], [ -73.6522461, 40.8380371 ], [ -73.6952148, 40.8700195 ], [ -73.7572266, 40.8336914 ], [ -73.879248, 40.7916504 ], [ -73.9645508, 40.7253418 ], [ -74.0033691, 40.6831543 ], [ -74.0320312, 40.6386719 ], [ -74.0148926, 40.5812012 ], [ -73.9290039, 40.5988281 ], [ -73.8751953, 40.6516113 ], [ -73.8226563, 40.655957 ], [ -73.7991699, 40.6409668 ], [ -73.8013184, 40.6217773 ], [ -73.8995605, 40.5705078 ], [ -73.766748, 40.5927246 ], [ -73.6208984, 40.5999023 ], [ -73.2655273, 40.6635742 ], [ -73.2285156, 40.6515137 ], [ -73.1942871, 40.6541992 ], [ -72.7628418, 40.777832 ], [ -72.6760742, 40.790625 ], [ -72.5555664, 40.8257812 ], [ -72.4280762, 40.8753906 ], [ -72.3389648, 40.8941406 ], [ -71.9032227, 41.0606934 ], [ -72.0039551, 41.0442871 ], [ -72.1019043, 41.0150391 ], [ -72.1512695, 41.0514648 ], [ -72.1838867, 41.0467773 ], [ -72.2874512, 41.0240723 ], [ -72.4089844, 40.972168 ], [ -72.4613281, 40.9337891 ], [ -72.5166016, 40.9147949 ], [ -72.5808594, 40.9213379 ], [ -72.5097656, 40.9860352 ], [ -72.4273926, 41.0385254 ] ] ], [ [ [ -68.190918, 44.3643555 ], [ -68.2380371, 44.4383789 ], [ -68.2994141, 44.4564941 ], [ -68.3470215, 44.4303711 ], [ -68.4094727, 44.3642578 ], [ -68.4117187, 44.2943359 ], [ -68.385791, 44.276855499999989 ], [ -68.3150879, 44.249707 ], [ -68.307959, 44.2687012 ], [ -68.3092773, 44.3214844 ], [ -68.245459, 44.3129883 ], [ -68.1872559, 44.3324707 ], [ -68.190918, 44.3643555 ] ] ], [ [ [ -74.1385254, 40.5418457 ], [ -74.0796875, 40.5864746 ], [ -74.0673828, 40.6154297 ], [ -74.06875, 40.6493164 ], [ -74.1004883, 40.6584473 ], [ -74.1881836, 40.6145996 ], [ -74.2358887, 40.518701199999988 ], [ -74.1881348, 40.5228516 ], [ -74.1385254, 40.5418457 ] ] ], [ [ [ -70.5253418, 41.4147949 ], [ -70.6160156, 41.4572266 ], [ -70.6737305, 41.4485352 ], [ -70.760498, 41.373584 ], [ -70.8291992, 41.3589844 ], [ -70.7853027, 41.3274414 ], [ -70.5099121, 41.3763184 ], [ -70.5253418, 41.4147949 ] ] ], [ [ [ -71.2320312, 41.6542969 ], [ -71.2644531, 41.6382324 ], [ -71.2801758, 41.6200195 ], [ -71.3074707, 41.560498 ], [ -71.3181641, 41.5062988 ], [ -71.3462402, 41.4693848 ], [ -71.290918, 41.4645996 ], [ -71.2414062, 41.4919434 ], [ -71.2320312, 41.6542969 ] ] ], [ [ [ -69.9855957, 41.2986328 ], [ -70.0412109, 41.3974609 ], [ -70.0436035, 41.3744141 ], [ -70.0626953, 41.3284668 ], [ -70.0866211, 41.3175781 ], [ -70.233056600000012, 41.2863281 ], [ -70.0550781, 41.2494629 ], [ -69.9779297, 41.2655762 ], [ -69.9855957, 41.2986328 ] ] ], [ [ [ -75.6366699, 35.8806641 ], [ -75.648877, 35.9104004 ], [ -75.7171875, 35.9461426 ], [ -75.6507812, 35.8355957 ], [ -75.6356934, 35.8559082 ], [ -75.6366699, 35.8806641 ] ] ], [ [ [ -75.5093262, 35.2803223 ], [ -75.4647461, 35.4486328 ], [ -75.4564453, 35.5641602 ], [ -75.4785156, 35.7165039 ], [ -75.5035156, 35.7691406 ], [ -75.5042969, 35.7354004 ], [ -75.48125, 35.5721191 ], [ -75.4878906, 35.4794922 ], [ -75.536377, 35.2786133 ], [ -75.6900879, 35.221582 ], [ -75.6782715, 35.2128418 ], [ -75.5441406, 35.2400879 ], [ -75.5093262, 35.2803223 ] ] ], [ [ [ -75.8649414, 35.1741211 ], [ -75.9841797, 35.1230957 ], [ -75.9636719, 35.1188477 ], [ -75.7819336, 35.1901855 ], [ -75.8649414, 35.1741211 ] ] ], [ [ [ -76.3577148, 34.8036621 ], [ -76.207373, 34.938916 ], [ -76.2562012, 34.9146973 ], [ -76.4370117, 34.7563477 ], [ -76.5285645, 34.6314941 ], [ -76.5036621, 34.6429687 ], [ -76.3577148, 34.8036621 ] ] ], [ [ [ -82.1160645, 26.4609375 ], [ -82.1385742, 26.477002 ], [ -82.2013672, 26.5480469 ], [ -82.184375, 26.480957 ], [ -82.1449707, 26.4466797 ], [ -82.0728516, 26.4275391 ], [ -82.037207, 26.4536133 ], [ -82.1160645, 26.4609375 ] ] ], [ [ [ -82.1211426, 26.6655273 ], [ -82.1691406, 26.7007324 ], [ -82.1355957, 26.5919922 ], [ -82.0852051, 26.4936035 ], [ -82.0837891, 26.5523438 ], [ -82.1211426, 26.6655273 ] ] ], [ [ [ -80.2570801, 25.3476074 ], [ -80.2804688, 25.3412598 ], [ -80.3512695, 25.2969727 ], [ -80.3549316, 25.2336426 ], [ -80.4036621, 25.1793457 ], [ -80.4560059, 25.1493164 ], [ -80.4810547, 25.1019531 ], [ -80.5585449, 25.0013184 ], [ -80.5805664, 24.954248 ], [ -80.3818359, 25.1422852 ], [ -80.2570801, 25.3476074 ] ] ], [ [ [ -91.7619141, 29.5390137 ], [ -91.7542969, 29.5668945 ], [ -91.7676758, 29.5847168 ], [ -91.7964844, 29.5969727 ], [ -91.875244099999989, 29.6409668 ], [ -91.9250488, 29.6439453 ], [ -92.0066406, 29.6103027 ], [ -91.9962402, 29.5730957 ], [ -91.8308594, 29.4864746 ], [ -91.7937012, 29.5007324 ], [ -91.7619141, 29.5390137 ] ] ], [ [ [ -96.9213379, 28.0160156 ], [ -96.8397461, 28.0888184 ], [ -96.8574219, 28.1329102 ], [ -96.899316399999989, 28.1174805 ], [ -96.9786621, 28.0138672 ], [ -96.987646500000011, 27.9810547 ], [ -97.0360352, 27.8991699 ], [ -97.0143555, 27.9016113 ], [ -96.9213379, 28.0160156 ] ] ], [ [ [ -96.5438965, 28.2755859 ], [ -96.4133301, 28.337793 ], [ -96.4035645, 28.3815918 ], [ -96.4186523, 28.3763184 ], [ -96.453125, 28.3405762 ], [ -96.5193359, 28.3334473 ], [ -96.6816406, 28.2296875 ], [ -96.7556152, 28.2024414 ], [ -96.801123, 28.1484375 ], [ -96.7644043, 28.1525879 ], [ -96.5438965, 28.2755859 ] ] ], [ [ [ -97.250878899999989, 27.5412109 ], [ -97.0605469, 27.8220215 ], [ -97.1300293, 27.7791504 ], [ -97.2950195, 27.5230957 ], [ -97.3762207, 27.3282715 ], [ -97.3848145, 27.2425293 ], [ -97.3536133, 27.3000488 ], [ -97.250878899999989, 27.5412109 ] ] ], [ [ [ -94.8649414, 29.2528809 ], [ -94.767627, 29.3390625 ], [ -94.8259766, 29.3413086 ], [ -94.8716797, 29.2901367 ], [ -95.0896484, 29.1363281 ], [ -95.039697300000014, 29.1458984 ], [ -94.8649414, 29.2528809 ] ] ], [ [ [ -97.2022461, 26.2998047 ], [ -97.3512207, 26.8014648 ], [ -97.3859863, 27.1964844 ], [ -97.4071777, 27.1001953 ], [ -97.4020996, 26.8205078 ], [ -97.267334, 26.3297852 ], [ -97.1845215, 26.1129395 ], [ -97.1707031, 26.159375 ], [ -97.2022461, 26.2998047 ] ] ], [ [ [ -120.3533203, 34.0605957 ], [ -120.367724599999988, 34.073291 ], [ -120.4129395, 34.0562988 ], [ -120.441552699999974, 34.0329102 ], [ -120.3597168, 34.0222656 ], [ -120.3065918, 34.0248535 ], [ -120.3533203, 34.0605957 ] ] ], [ [ [ -119.442041, 33.2324219 ], [ -119.4788086, 33.2746094 ], [ -119.5251465, 33.2820312 ], [ -119.5751953, 33.2783203 ], [ -119.5436523, 33.2246094 ], [ -119.4825195, 33.215332 ], [ -119.4380371, 33.2171875 ], [ -119.442041, 33.2324219 ] ] ], [ [ [ -118.383203099999974, 32.8494629 ], [ -118.507470699999985, 32.9599121 ], [ -118.557080099999979, 33.032666 ], [ -118.5901855, 33.0111816 ], [ -118.5289062, 32.9355957 ], [ -118.4731934, 32.838916 ], [ -118.4085938, 32.8185059 ], [ -118.3503906, 32.8275879 ], [ -118.383203099999974, 32.8494629 ] ] ], [ [ [ -119.983935499999987, 33.9733398 ], [ -119.9943848, 33.9849121 ], [ -120.0718262, 34.0265137 ], [ -120.2519043, 34.0138672 ], [ -120.1671387, 33.9180664 ], [ -120.113916, 33.904882799999989 ], [ -120.0435547, 33.9188477 ], [ -119.983935499999987, 33.9733398 ] ] ], [ [ [ -119.9180664, 34.0678223 ], [ -119.8924316, 34.0321777 ], [ -119.885498, 33.9949219 ], [ -119.8095703, 33.9677734 ], [ -119.562207, 34.0065918 ], [ -119.549267599999979, 34.0281738 ], [ -119.569140599999983, 34.0529785 ], [ -119.678857400000012, 34.0284668 ], [ -119.882373, 34.0796875 ], [ -119.9180664, 34.0678223 ] ] ], [ [ [ -118.3916992, 33.4150879 ], [ -118.554834, 33.4770996 ], [ -118.569433599999982, 33.4641602 ], [ -118.563330100000016, 33.4370605 ], [ -118.5594238, 33.4319824 ], [ -118.507324200000014, 33.427002 ], [ -118.492041, 33.412793 ], [ -118.469335899999976, 33.3571289 ], [ -118.446289099999987, 33.3170898 ], [ -118.3702148, 33.3212402 ], [ -118.297460899999976, 33.3121094 ], [ -118.347949199999988, 33.3857422 ], [ -118.3916992, 33.4150879 ] ] ], [ [ [ -122.8977051, 48.7103516 ], [ -122.9180176, 48.7069824 ], [ -122.9766602, 48.6791504 ], [ -123.002832, 48.6521973 ], [ -122.9856445, 48.626709 ], [ -122.892529299999978, 48.5944824 ], [ -122.887011699999988, 48.6123047 ], [ -122.9030273, 48.6646973 ], [ -122.8831055, 48.6606445 ], [ -122.837597699999989, 48.6265625 ], [ -122.808984400000014, 48.629834 ], [ -122.7688477, 48.6509766 ], [ -122.782128899999989, 48.6727051 ], [ -122.8977051, 48.7103516 ] ] ], [ [ [ -123.0241699, 48.5384766 ], [ -123.114160200000015, 48.6132812 ], [ -123.1621582, 48.6063965 ], [ -123.1695801, 48.5867187 ], [ -123.153418, 48.5263184 ], [ -123.139941400000012, 48.507959 ], [ -123.094433599999988, 48.4890625 ], [ -122.986767599999979, 48.4680176 ], [ -123.013134799999989, 48.5008789 ], [ -123.0241699, 48.5384766 ] ] ], [ [ [ -122.5976074, 48.2004395 ], [ -122.6244141, 48.2137695 ], [ -122.6970215, 48.2286621 ], [ -122.692138699999987, 48.2410645 ], [ -122.542431599999986, 48.2939941 ], [ -122.535546900000014, 48.321191399999989 ], [ -122.5724609, 48.3595703 ], [ -122.6035156, 48.3806152 ], [ -122.628613300000012, 48.3842285 ], [ -122.6689941, 48.3510254 ], [ -122.724511699999979, 48.2809082 ], [ -122.7487305, 48.2390137 ], [ -122.7415039, 48.225293 ], [ -122.69038089999998, 48.173877 ], [ -122.657275399999989, 48.1564941 ], [ -122.622656299999989, 48.151416 ], [ -122.606298799999976, 48.1285645 ], [ -122.6031738, 48.0550293 ], [ -122.5913574, 48.0296387 ], [ -122.557519500000012, 47.9924805 ], [ -122.492285200000012, 47.9812988 ], [ -122.461621099999988, 47.9640137 ], [ -122.4375977, 47.9313477 ], [ -122.411425799999989, 47.9177246 ], [ -122.383154299999987, 47.9231934 ], [ -122.36660160000001, 47.9388184 ], [ -122.366748, 47.9854492 ], [ -122.502832, 48.0800781 ], [ -122.523828099999974, 48.0254395 ], [ -122.572753899999981, 48.1566406 ], [ -122.5976074, 48.2004395 ] ] ], [ [ [ -71.3544922, 41.5422852 ], [ -71.3643066, 41.5718262 ], [ -71.3839844, 41.5705566 ], [ -71.403418, 41.5150391 ], [ -71.3930664, 41.466748 ], [ -71.365332, 41.4852539 ], [ -71.3544922, 41.5422852 ] ] ], [ [ [ -74.1067383, 39.7464355 ], [ -74.2531738, 39.5584961 ], [ -74.2504883, 39.5293945 ], [ -74.1332031, 39.6807617 ], [ -74.1067383, 39.7464355 ] ] ], [ [ [ -75.2032227, 38.0724121 ], [ -75.1362305, 38.1805176 ], [ -75.0979004, 38.2980957 ], [ -75.1374023, 38.2400879 ], [ -75.2259766, 38.0723145 ], [ -75.3785156, 37.8720703 ], [ -75.3330566, 37.8882812 ], [ -75.2032227, 38.0724121 ] ] ], [ [ [ -76.6222656, 34.6945312 ], [ -76.6739258, 34.7001465 ], [ -76.6619629, 34.684668 ], [ -76.6078125, 34.6635742 ], [ -76.5685059, 34.6525391 ], [ -76.5462402, 34.6548828 ], [ -76.6222656, 34.6945312 ] ] ], [ [ [ -81.3198242, 24.667627 ], [ -81.3223145, 24.6850586 ], [ -81.4200684, 24.75 ], [ -81.4216797, 24.7326172 ], [ -81.3790527, 24.6662598 ], [ -81.3790527, 24.6362793 ], [ -81.3647949, 24.6299316 ], [ -81.3348145, 24.6504883 ], [ -81.3198242, 24.667627 ] ] ], [ [ [ -80.7867676, 24.8210449 ], [ -80.7852051, 24.8352539 ], [ -80.7994141, 24.8462891 ], [ -80.8388672, 24.8178711 ], [ -80.8483398, 24.8036621 ], [ -80.8293945, 24.8036621 ], [ -80.7867676, 24.8210449 ] ] ], [ [ [ -80.6145996, 24.9379395 ], [ -80.6256836, 24.9411133 ], [ -80.6651367, 24.8984375 ], [ -80.6382812, 24.9031738 ], [ -80.6145996, 24.9379395 ] ] ], [ [ [ -80.988916, 24.7278809 ], [ -80.9304687, 24.7594727 ], [ -81.0852539, 24.7341797 ], [ -81.1373535, 24.710498 ], [ -81.0899902, 24.6931152 ], [ -81.0441895, 24.7167969 ], [ -80.988916, 24.7278809 ] ] ], [ [ [ -81.4509277, 30.9474121 ], [ -81.4846191, 30.8978516 ], [ -81.4827148, 30.8140625 ], [ -81.4634766, 30.7277832 ], [ -81.4189941, 30.9714355 ], [ -81.4509277, 30.9474121 ] ] ], [ [ [ -81.5322266, 24.6141602 ], [ -81.5316406, 24.6424805 ], [ -81.5623047, 24.6891602 ], [ -81.579248, 24.6293945 ], [ -81.6314941, 24.5900391 ], [ -81.5666992, 24.5999023 ], [ -81.5322266, 24.6141602 ] ] ], [ [ [ -80.3555176, 27.6786133 ], [ -80.395752, 27.7945313 ], [ -80.4369141, 27.8505371 ], [ -80.3760742, 27.6434082 ], [ -80.2624512, 27.3755859 ], [ -80.17050780000001, 27.2047852 ], [ -80.1867676, 27.278418 ], [ -80.3555176, 27.6786133 ] ] ], [ [ [ -81.7397461, 24.5544922 ], [ -81.7386719, 24.5754395 ], [ -81.7676758, 24.576709 ], [ -81.8114258, 24.5578125 ], [ -81.8092285, 24.542334 ], [ -81.7838379, 24.5445801 ], [ -81.7397461, 24.5544922 ] ] ], [ [ [ -88.8726562, 29.7529785 ], [ -88.9011719, 29.7326172 ], [ -88.9411133, 29.6802246 ], [ -88.9436035, 29.6602539 ], [ -88.8893066, 29.7125977 ], [ -88.8726562, 29.7529785 ] ] ], [ [ [ -88.5739746, 30.2291504 ], [ -88.7228516, 30.2642578 ], [ -88.7130859, 30.2449219 ], [ -88.6592285, 30.2255859 ], [ -88.5706543, 30.2047852 ], [ -88.5581055, 30.215918 ], [ -88.5739746, 30.2291504 ] ] ], [ [ [ -88.109375, 30.2737305 ], [ -88.263916, 30.2547363 ], [ -88.3162598, 30.2404297 ], [ -88.2897461, 30.2329102 ], [ -88.1593262, 30.2309082 ], [ -88.071337899999989, 30.2523437 ], [ -88.109375, 30.2737305 ] ] ], [ [ [ -89.2106934, 30.1262207 ], [ -89.184668, 30.1686523 ], [ -89.2764648, 30.1108398 ], [ -89.2876465, 30.0941895 ], [ -89.3100586, 30.0787109 ], [ -89.3419922, 30.0628418 ], [ -89.2694336, 30.0607422 ], [ -89.220459, 30.0375977 ], [ -89.2239746, 30.084082 ], [ -89.2106934, 30.1262207 ] ] ], [ [ [ -88.8125977, 29.9333496 ], [ -88.8258789, 30.0003906 ], [ -88.8668945, 30.0567383 ], [ -88.8279785, 29.9283691 ], [ -88.8556641, 29.7758789 ], [ -88.8274414, 29.8077148 ], [ -88.8125977, 29.9333496 ] ] ], [ [ [ -84.7371582, 29.7324219 ], [ -84.812207, 29.717627 ], [ -84.877002, 29.6786621 ], [ -85.0005371, 29.6271973 ], [ -85.0493164, 29.637793 ], [ -85.116748, 29.6328125 ], [ -85.008252, 29.6066406 ], [ -84.907910199999989, 29.642627 ], [ -84.7371582, 29.7324219 ] ] ], [ [ [ -122.8491699, 47.2163086 ], [ -122.8851074, 47.274707 ], [ -122.9119141, 47.2543457 ], [ -122.907959, 47.226123 ], [ -122.8767578, 47.1861328 ], [ -122.8625977, 47.1850586 ], [ -122.8530762, 47.2047363 ], [ -122.8491699, 47.2163086 ] ] ], [ [ [ -122.4420898, 47.4461426 ], [ -122.4686035, 47.4899902 ], [ -122.4864746, 47.4887695 ], [ -122.5068359, 47.4216797 ], [ -122.5099121, 47.3580078 ], [ -122.468554700000013, 47.3902344 ], [ -122.458203099999977, 47.3861328 ], [ -122.4569824, 47.3593262 ], [ -122.4371094, 47.3547852 ], [ -122.3987305, 47.3725098 ], [ -122.394140599999986, 47.3952637 ], [ -122.4420898, 47.4461426 ] ] ], [ [ [ -122.5078613, 47.682666 ], [ -122.5172363, 47.6905762 ], [ -122.5497559, 47.7039551 ], [ -122.5601074, 47.6977539 ], [ -122.573730499999982, 47.6668457 ], [ -122.5759277, 47.6194824 ], [ -122.5578125, 47.598291 ], [ -122.502636699999982, 47.5754395 ], [ -122.4972656, 47.594580099999988 ], [ -122.5078613, 47.682666 ] ] ], [ [ [ -122.8145996, 48.4523438 ], [ -122.8619141, 48.5018555 ], [ -122.8688965, 48.5486328 ], [ -122.885498, 48.5516113 ], [ -122.912207, 48.5379883 ], [ -122.9322754, 48.4847656 ], [ -122.9216309, 48.4569336 ], [ -122.8900391, 48.434668 ], [ -122.8365723, 48.4215332 ], [ -122.8208984, 48.4313477 ], [ -122.8145996, 48.4523438 ] ] ], [ [ [ -68.655957, 44.242334 ], [ -68.6767578, 44.2562012 ], [ -68.6907715, 44.2487305 ], [ -68.7030273, 44.2319824 ], [ -68.701709, 44.182666 ], [ -68.6611816, 44.176269499999989 ], [ -68.6231934, 44.1960449 ], [ -68.655957, 44.242334 ] ] ] ] } },
{ "type": "Feature", "properties": { "iso3": "AIA", "territorio": "Anguilla", "value": null, "color": "#CCCCCC" }, "geometry": { "type": "MultiPolygon", "coordinates": [ [ [ [ -62.9795898, 18.2647949 ], [ -63.0260254, 18.2697266 ], [ -63.1533203, 18.200293 ], [ -63.1600098, 18.1713867 ], [ -63.0012207, 18.2217773 ], [ -62.9795898, 18.2647949 ] ] ] ] } },
{ "type": "Feature", "properties": { "iso3": "FLK", "territorio": "Falkland Islands / Malvinas", "value": null, "color": "#CCCCCC" }, "geometry": { "type": "MultiPolygon", "coordinates": [ [ [ [ -58.9174805, -51.2720703 ], [ -58.8866699, -51.3579102 ], [ -59.096630899999987, -51.4914063 ], [ -59.0994629, -51.5897461 ], [ -59.0653809, -51.6501953 ], [ -59.0595215, -51.6854492 ], [ -59.0954102, -51.7041016 ], [ -59.180029299999987, -51.7125 ], [ -59.2617676, -51.7373047 ], [ -59.3087402, -51.780468799999987 ], [ -59.5708008, -51.9253906 ], [ -59.5366699, -51.9706055 ], [ -59.6491699, -52.0772461 ], [ -59.6487305, -52.134375 ], [ -59.5322266, -52.2364258 ], [ -59.3956543, -52.3080078 ], [ -59.3415039, -52.1959961 ], [ -59.2563477, -52.1831055 ], [ -59.162793, -52.2017578 ], [ -59.0680176, -52.1730469 ], [ -59.1958496, -52.0176758 ], [ -59.13125, -52.0079102 ], [ -58.6527832, -52.0992188 ], [ -58.6376953, -52.0230469 ], [ -58.6430664, -51.9948242 ], [ -58.6834961, -51.9362305 ], [ -58.3359863, -51.8637695 ], [ -58.217627, -51.822460899999989 ], [ -58.1509277, -51.7654297 ], [ -58.0039551, -51.743457 ], [ -57.8381836, -51.7091797 ], [ -57.8311523, -51.6845703 ], [ -57.7917969, -51.6361328 ], [ -57.8663574, -51.6045898 ], [ -57.9604492, -51.5832031 ], [ -57.9154297, -51.5337891 ], [ -57.8084961, -51.5179688 ], [ -57.9225098, -51.4035156 ], [ -57.9765137, -51.384375 ], [ -58.2064453, -51.4046875 ], [ -58.2592285, -51.4170898 ], [ -58.289306599999989, -51.4575195 ], [ -58.2762207, -51.5060547 ], [ -58.2411133, -51.5510742 ], [ -58.2345215, -51.5786133 ], [ -58.271582, -51.574707 ], [ -58.4737305, -51.509082 ], [ -58.5089355, -51.4835938 ], [ -58.5192383, -51.4239258 ], [ -58.4674316, -51.4118164 ], [ -58.4067383, -51.4183594 ], [ -58.3787109, -51.3730469 ], [ -58.4258301, -51.3242188 ], [ -58.50625, -51.3081055 ], [ -58.6975098, -51.3285156 ], [ -58.850195299999989, -51.2699219 ], [ -58.9174805, -51.2720703 ] ] ], [ [ [ -60.445459, -51.3994141 ], [ -60.5157227, -51.3542969 ], [ -60.568457, -51.3578125 ], [ -60.5182617, -51.427832 ], [ -60.5227539, -51.4631836 ], [ -60.5058105, -51.4854492 ], [ -60.4149414, -51.5450195 ], [ -60.3026367, -51.5804687 ], [ -60.245166, -51.6388672 ], [ -60.280957, -51.6560547 ], [ -60.4672363, -51.697168 ], [ -60.5280762, -51.6963867 ], [ -60.5825195, -51.7126953 ], [ -60.5000977, -51.756543 ], [ -60.3795898, -51.7351563 ], [ -60.3283203, -51.7183594 ], [ -60.2765137, -51.7166016 ], [ -60.2381348, -51.7337891 ], [ -60.2384766, -51.7719727 ], [ -60.2886719, -51.801269499999989 ], [ -60.3344727, -51.8395508 ], [ -60.4497559, -51.8771484 ], [ -60.5910645, -51.9515625 ], [ -60.7625, -51.9464844 ], [ -60.9614258, -52.0573242 ], [ -60.812207, -52.1477539 ], [ -60.686377, -52.1883789 ], [ -60.5083984, -52.1947266 ], [ -60.484082, -52.1703125 ], [ -60.452002, -52.1602539 ], [ -60.3842285, -52.1540039 ], [ -60.3534668, -52.1399414 ], [ -60.2882812, -52.0737305 ], [ -60.2463379, -51.9864258 ], [ -60.19375, -51.9827148 ], [ -60.1322754, -51.9938477 ], [ -59.9897461, -51.984082 ], [ -59.9213867, -51.9695313 ], [ -59.7148926, -51.8077148 ], [ -59.5731934, -51.6808594 ], [ -59.514209, -51.6265625 ], [ -59.4370117, -51.5926758 ], [ -59.3924316, -51.5561523 ], [ -59.3541992, -51.5109375 ], [ -59.2939453, -51.478515599999987 ], [ -59.2680664, -51.4275391 ], [ -59.3208496, -51.3835938 ], [ -59.3875977, -51.3599609 ], [ -59.4650879, -51.4105469 ], [ -59.493457, -51.3957031 ], [ -59.7113281, -51.4392578 ], [ -59.7884277, -51.4459961 ], [ -59.8416016, -51.4033203 ], [ -59.9170898, -51.3880859 ], [ -60.0086914, -51.4105469 ], [ -60.1415527, -51.480957 ], [ -60.2862305, -51.4619141 ], [ -60.445459, -51.3994141 ] ] ], [ [ [ -61.0516602, -51.8139648 ], [ -61.1450195, -51.8394531 ], [ -61.1157715, -51.875293 ], [ -61.0319824, -51.9424805 ], [ -60.9475586, -51.946289099999987 ], [ -60.916162099999987, -51.8969727 ], [ -60.8759766, -51.7942383 ], [ -60.9472656, -51.799511699999989 ], [ -61.01875, -51.7857422 ], [ -61.0516602, -51.8139648 ] ] ], [ [ [ -58.4605469, -52.0015625 ], [ -58.4970703, -51.9994141 ], [ -58.5414062, -52.028418 ], [ -58.5128418, -52.0710938 ], [ -58.4327148, -52.0990234 ], [ -58.438818399999988, -52.0110352 ], [ -58.4605469, -52.0015625 ] ] ], [ [ [ -60.0764648, -51.3425781 ], [ -60.0698242, -51.307910199999988 ], [ -60.1713867, -51.2734375 ], [ -60.2753418, -51.2805664 ], [ -60.2758789, -51.3631836 ], [ -60.2488281, -51.3959961 ], [ -60.1117188, -51.3958984 ], [ -60.0764648, -51.3425781 ] ] ], [ [ [ -59.6810059, -52.1800781 ], [ -59.7532227, -52.1414063 ], [ -59.7933105, -52.1341797 ], [ -59.7859375, -52.1561523 ], [ -59.7848633, -52.2046875 ], [ -59.7644531, -52.2421875 ], [ -59.746582, -52.2508789 ], [ -59.682666, -52.2316406 ], [ -59.6810059, -52.1800781 ] ] ] ] } },
{ "type": "Feature", "properties": { "iso3": "CYM", "territorio": "Cayman Islands", "value": null, "color": "#CCCCCC" }, "geometry": { "type": "MultiPolygon", "coordinates": [ [ [ [ -81.3910156, 19.3849121 ], [ -81.4190918, 19.3747559 ], [ -81.4047852, 19.278418 ], [ -81.3037109, 19.271875 ], [ -81.2772949, 19.2773926 ], [ -81.2246094, 19.3041016 ], [ -81.1071289, 19.3051758 ], [ -81.1304687, 19.3467773 ], [ -81.2848145, 19.3625488 ], [ -81.2964844, 19.3413574 ], [ -81.3372559, 19.3294922 ], [ -81.3695312, 19.348877 ], [ -81.3910156, 19.3849121 ] ] ], [ [ [ -79.9750977, 19.7099609 ], [ -79.9918457, 19.7192871 ], [ -80.0162109, 19.7182617 ], [ -80.0675781, 19.7099609 ], [ -80.0836426, 19.7061035 ], [ -80.1009277, 19.6960938 ], [ -80.1161133, 19.682666 ], [ -80.125878899999989, 19.6683594 ], [ -80.094189500000013, 19.665918 ], [ -80.020752, 19.7068359 ], [ -79.988769499999989, 19.7025391 ], [ -79.9790039, 19.7082031 ], [ -79.9750977, 19.7099609 ] ] ], [ [ [ -79.7422852, 19.7508789 ], [ -79.7422852, 19.7571289 ], [ -79.7663574, 19.7657227 ], [ -79.7851562, 19.765625 ], [ -79.803125, 19.7581055 ], [ -79.8242188, 19.7440918 ], [ -79.9062012, 19.7025391 ], [ -79.8700684, 19.6966797 ], [ -79.8233887, 19.7119141 ], [ -79.7422852, 19.7508789 ] ] ] ] } },
{ "type": "Feature", "properties": { "iso3": "BMU", "territorio": "Bermuda", "value": null, "color": "#CCCCCC" }, "geometry": { "type": "MultiPolygon", "coordinates": [ [ [ [ -64.6683105, 32.3819336 ], [ -64.6946289, 32.3869141 ], [ -64.7711914, 32.3077148 ], [ -64.8628418, 32.273877 ], [ -64.8450684, 32.2623047 ], [ -64.8201172, 32.2596191 ], [ -64.730273400000016, 32.293457 ], [ -64.6683105, 32.3819336 ] ] ] ] } },
{ "type": "Feature", "properties": { "iso3": "VGB", "territorio": "British Virgin Islands", "value": null, "color": "#CCCCCC" }, "geometry": { "type": "MultiPolygon", "coordinates": [ [ [ [ -64.3246582, 18.5174805 ], [ -64.4260742, 18.5130859 ], [ -64.44375, 18.4733887 ], [ -64.4380371, 18.4589844 ], [ -64.4211426, 18.4574219 ], [ -64.3952148, 18.4645996 ], [ -64.3246582, 18.5174805 ] ] ], [ [ [ -64.545166, 18.4381348 ], [ -64.5691406, 18.4462891 ], [ -64.6509766, 18.4425293 ], [ -64.6951172, 18.4116699 ], [ -64.6718262, 18.3991211 ], [ -64.5936523, 18.402832 ], [ -64.545166, 18.4381348 ] ] ], [ [ [ -64.32309570000001, 18.7526855 ], [ -64.4114258, 18.7511719 ], [ -64.4014648, 18.7385742 ], [ -64.3833984, 18.7326172 ], [ -64.3394531, 18.7307129 ], [ -64.2823242, 18.7077148 ], [ -64.273584, 18.7071289 ], [ -64.2878906, 18.7405762 ], [ -64.32309570000001, 18.7526855 ] ] ] ] } },
{ "type": "Feature", "properties": { "iso3": "TCA", "territorio": "Turks and Caicos Islands", "value": null, "color": "#CCCCCC" }, "geometry": { "type": "MultiPolygon", "coordinates": [ [ [ [ -71.636914100000013, 21.7875488 ], [ -71.6683594, 21.8334473 ], [ -71.8061523, 21.8520996 ], [ -71.8476562, 21.843457 ], [ -71.8304199, 21.790625 ], [ -71.7217773, 21.7902344 ], [ -71.6653809, 21.751709 ], [ -71.6614258, 21.7652344 ], [ -71.636914100000013, 21.7875488 ] ] ], [ [ [ -71.8996094, 21.8625 ], [ -71.931543, 21.9519043 ], [ -72.0106445, 21.9504395 ], [ -72.019043, 21.9182617 ], [ -71.9845215, 21.8934082 ], [ -71.9637695, 21.892041 ], [ -71.9554688, 21.8644043 ], [ -71.8974609, 21.8298828 ], [ -71.8799316, 21.8404297 ], [ -71.8996094, 21.8625 ] ] ], [ [ [ -72.3423828, 21.7953125 ], [ -72.335449200000014, 21.7580078 ], [ -72.3008789, 21.7552246 ], [ -72.1906738, 21.7697754 ], [ -72.181543, 21.7800293 ], [ -72.1443359, 21.7927246 ], [ -72.1498047, 21.8044922 ], [ -72.2186523, 21.7962891 ], [ -72.3328125, 21.8513672 ], [ -72.3423828, 21.7953125 ] ] ] ] } },
{ "type": "Feature", "properties": { "iso3": "MSR", "territorio": "Montserrat", "value": null, "color": "#CCCCCC" }, "geometry": { "type": "MultiPolygon", "coordinates": [ [ [ [ -62.1757813, 16.8095703 ], [ -62.1913574, 16.8043945 ], [ -62.2230469, 16.7515625 ], [ -62.2216309, 16.6995117 ], [ -62.154248, 16.6812012 ], [ -62.1484375, 16.740332 ], [ -62.1757813, 16.8095703 ] ] ] ] } },
{ "type": "Feature", "properties": { "iso3": "TTO", "territorio": "Trinidad and Tobago", "value": 5.8739099502563503, "color": "#BD0026" }, "geometry": { "type": "MultiPolygon", "coordinates": [ [ [ [ -60.5464844, 11.2637207 ], [ -60.5254883, 11.3253906 ], [ -60.562793, 11.3235352 ], [ -60.708935499999988, 11.2772461 ], [ -60.8042969, 11.2083984 ], [ -60.8106445, 11.1686035 ], [ -60.7562988, 11.1785156 ], [ -60.5464844, 11.2637207 ] ] ], [ [ [ -61.0041016, 10.1678223 ], [ -60.9996094, 10.2614746 ], [ -60.968457, 10.3233887 ], [ -61.0164062, 10.386377 ], [ -61.0375, 10.4822754 ], [ -61.0193359, 10.5581055 ], [ -61.0337402, 10.669873 ], [ -60.9967285, 10.7161621 ], [ -60.917627, 10.8402344 ], [ -61.0785156, 10.8319336 ], [ -61.1737305, 10.8033203 ], [ -61.3700195, 10.7968262 ], [ -61.4648438, 10.7644531 ], [ -61.5918457, 10.7479492 ], [ -61.6511719, 10.7180664 ], [ -61.6353027, 10.6993652 ], [ -61.540918, 10.6644531 ], [ -61.4988281, 10.6388672 ], [ -61.4782715, 10.6033691 ], [ -61.4647461, 10.5389648 ], [ -61.4993164, 10.2685547 ], [ -61.5288574, 10.253125 ], [ -61.6327148, 10.2434082 ], [ -61.6614746, 10.1916992 ], [ -61.9061035, 10.0691406 ], [ -61.7716797, 10.0850586 ], [ -61.5966797, 10.0646484 ], [ -61.1742676, 10.0780273 ], [ -61.0121094, 10.1343262 ], [ -61.0041016, 10.1678223 ] ] ] ] } },
{ "type": "Feature", "properties": { "iso3": "SUR", "territorio": "Suriname", "value": null, "color": "#CCCCCC" }, "geometry": { "type": "MultiPolygon", "coordinates": [ [ [ [ -54.0804688, 5.5022461 ], [ -54.0459473, 5.6088867 ], [ -54.0374023, 5.7205078 ], [ -54.0541992, 5.8079102 ], [ -54.142334, 5.8563477 ], [ -54.3561523, 5.9098633 ], [ -54.8336914, 5.9883301 ], [ -55.148291, 5.993457 ], [ -55.3792969, 5.9526367 ], [ -55.648339799999988, 5.9858887 ], [ -55.8281738, 5.9616699 ], [ -55.9099121, 5.892627 ], [ -55.8955078, 5.795459 ], [ -55.8976074, 5.6993164 ], [ -55.9395508, 5.795459 ], [ -56.2355957, 5.8853516 ], [ -56.4660156, 5.9377441 ], [ -56.9698242, 5.9928711 ], [ -57.056640599999987, 5.9386719 ], [ -57.1045898, 5.8293945 ], [ -57.1360352, 5.737207 ], [ -57.1408203, 5.6437988 ], [ -57.182128899999988, 5.5289062 ], [ -57.1947754, 5.5484375 ], [ -57.2479004, 5.4852539 ], [ -57.2575195, 5.445166 ], [ -57.2918945, 5.3739746 ], [ -57.3185547, 5.3353516 ], [ -57.2796387, 5.2467773 ], [ -57.2353027, 5.2428711 ], [ -57.218457, 5.231543 ], [ -57.2073242, 5.214209 ], [ -57.2098145, 5.1954102 ], [ -57.2268555, 5.1785156 ], [ -57.2692871, 5.1570312 ], [ -57.3095703, 5.1058594 ], [ -57.3057617, 5.0495605 ], [ -57.3310059, 5.020166 ], [ -57.4121582, 5.0045898 ], [ -57.5708984, 5.0044922 ], [ -57.6488281, 5.0006836 ], [ -57.711084, 4.9910645 ], [ -57.752002, 4.9544922 ], [ -57.8041016, 4.9290527 ], [ -57.8449219, 4.9230469 ], [ -57.8811035, 4.8806152 ], [ -57.917041, 4.8204102 ], [ -57.9048828, 4.7792969 ], [ -57.867871099999988, 4.7243164 ], [ -57.8459961, 4.6681641 ], [ -57.874707, 4.5770996 ], [ -57.90625, 4.5067871 ], [ -57.924707, 4.453125 ], [ -57.9497559, 4.3499512 ], [ -58.0107422, 4.2364746 ], [ -58.0544922, 4.1719238 ], [ -58.0542969, 4.1016602 ], [ -58.0322266, 4.0019531 ], [ -57.9077148, 3.8566895 ], [ -57.8665527, 3.7872559 ], [ -57.832666, 3.6759766 ], [ -57.7203613, 3.5882812 ], [ -57.649462899999989, 3.5173828 ], [ -57.6561035, 3.4237305 ], [ -57.6467285, 3.3945312 ], [ -57.6027344, 3.3709473 ], [ -57.5496094, 3.352832 ], [ -57.4905762, 3.3542969 ], [ -57.437890599999989, 3.3622559 ], [ -57.4255859, 3.3754395 ], [ -57.3036621, 3.3770996 ], [ -57.2899414, 3.3536133 ], [ -57.2829102, 3.2188477 ], [ -57.2779297, 3.1643066 ], [ -57.2489746, 3.1422852 ], [ -57.2316406, 3.1088867 ], [ -57.2305664, 3.0785645 ], [ -57.225, 3.0030762 ], [ -57.2069336, 2.9633789 ], [ -57.2098145, 2.8828125 ], [ -57.1973633, 2.8532715 ], [ -57.163623, 2.833252 ], [ -57.1211426, 2.7755371 ], [ -57.105127, 2.7682617 ], [ -57.096875, 2.7478516 ], [ -57.0604492, 2.6656738 ], [ -57.0419434, 2.6411133 ], [ -57.0289551, 2.6375 ], [ -57.0234863, 2.6089844 ], [ -56.9971191, 2.5321777 ], [ -56.9792969, 2.5132324 ], [ -56.9452148, 2.4568359 ], [ -56.9314941, 2.3953613 ], [ -56.8864258, 2.3259766 ], [ -56.8405273, 2.2771484 ], [ -56.8198242, 2.2266602 ], [ -56.7611328, 2.1148926 ], [ -56.7043457, 2.0364746 ], [ -56.6271973, 2.0160156 ], [ -56.562695299999987, 2.0050781 ], [ -56.5223633, 1.9748047 ], [ -56.4828125, 1.9421387 ], [ -56.452832, 1.9323242 ], [ -56.3858398, 1.923877 ], [ -56.2271484, 1.8853516 ], [ -56.0199219, 1.8422363 ], [ -55.9633301, 1.8570801 ], [ -55.9296387, 1.8875 ], [ -55.9216309, 1.9766602 ], [ -55.915332, 2.0395508 ], [ -55.9619629, 2.0951172 ], [ -56.0200684, 2.1581543 ], [ -56.0736328, 2.2367676 ], [ -56.1376953, 2.2590332 ], [ -56.1293945, 2.2995117 ], [ -56.087793, 2.3413086 ], [ -56.0451172, 2.3644043 ], [ -56.0203613, 2.3927734 ], [ -55.9935059, 2.4975098 ], [ -55.9755859, 2.5159668 ], [ -55.9574707, 2.520459 ], [ -55.9359375, 2.5166016 ], [ -55.89375, 2.489502 ], [ -55.7305664, 2.4061523 ], [ -55.6589355, 2.41875 ], [ -55.3853516, 2.440625 ], [ -55.3439941, 2.4887695 ], [ -55.2860352, 2.4996582 ], [ -55.1876953, 2.5475098 ], [ -55.1488281, 2.5507812 ], [ -55.1141113, 2.539209 ], [ -55.0703125, 2.5483398 ], [ -55.0058105, 2.5929687 ], [ -54.978662099999987, 2.5976563 ], [ -54.9684082, 2.5483398 ], [ -54.9265625, 2.4973633 ], [ -54.8760742, 2.4503906 ], [ -54.8516602, 2.4395508 ], [ -54.7668457, 2.4547363 ], [ -54.7222168, 2.4416504 ], [ -54.7029297, 2.3979492 ], [ -54.6974121, 2.3598145 ], [ -54.6618652, 2.3275391 ], [ -54.616259799999987, 2.3267578 ], [ -54.6047363, 2.335791 ], [ -54.5684082, 2.3425781 ], [ -54.5359375, 2.3433105 ], [ -54.4855469, 2.4161133 ], [ -54.402002, 2.4615234 ], [ -54.2567383, 2.7137207 ], [ -54.1955078, 2.8178711 ], [ -54.1880859, 2.8748535 ], [ -54.1707031, 2.9936035 ], [ -54.203125, 3.1381836 ], [ -54.1880371, 3.1787598 ], [ -54.0631836, 3.3533203 ], [ -54.0095703, 3.4485352 ], [ -54.005957, 3.5305176 ], [ -53.9904785, 3.5895508 ], [ -54.0059082, 3.6204102 ], [ -54.0342285, 3.6293945 ], [ -54.0819824, 3.705957 ], [ -54.112793, 3.7694336 ], [ -54.1974609, 3.8344238 ], [ -54.2555176, 3.9010742 ], [ -54.3507324, 4.0541016 ], [ -54.3421387, 4.1400391 ], [ -54.3691406, 4.1709473 ], [ -54.3983887, 4.2024902 ], [ -54.3962402, 4.2414062 ], [ -54.4160156, 4.3376465 ], [ -54.4406738, 4.4280273 ], [ -54.4496094, 4.4850098 ], [ -54.4260742, 4.5830078 ], [ -54.4402344, 4.6919922 ], [ -54.4711426, 4.7493164 ], [ -54.4796875, 4.8365234 ], [ -54.4733398, 4.9146973 ], [ -54.446875, 4.9587891 ], [ -54.452197299999987, 5.0134766 ], [ -54.3316406, 5.1874023 ], [ -54.2401855, 5.2882324 ], [ -54.155957, 5.3589844 ], [ -54.0804688, 5.5022461 ] ] ] ] } },
{ "type": "Feature", "properties": { "iso3": "VCT", "territorio": "Saint Vincent and the Grenadines", "value": null, "color": "#CCCCCC" }, "geometry": { "type": "MultiPolygon", "coordinates": [ [ [ [ -61.1345215, 13.2028809 ], [ -61.1240234, 13.294043 ], [ -61.1389648, 13.3587402 ], [ -61.1821289, 13.355957 ], [ -61.2240723, 13.3306641 ], [ -61.268457, 13.2876953 ], [ -61.2772949, 13.2095703 ], [ -61.2039062, 13.1422852 ], [ -61.1745117, 13.1581055 ], [ -61.1345215, 13.2028809 ] ] ], [ [ [ -61.2080566, 13.024707 ], [ -61.19375, 13.0382812 ], [ -61.1979492, 13.0416992 ], [ -61.1993164, 13.0451172 ], [ -61.1998047, 13.0487305 ], [ -61.2011719, 13.0525391 ], [ -61.2128418, 13.0432617 ], [ -61.240625, 13.0257324 ], [ -61.2490234, 13.0178223 ], [ -61.2459473, 13.0126953 ], [ -61.2392578, 13.0053711 ], [ -61.239355499999988, 12.9972656 ], [ -61.2620605, 12.9927734 ], [ -61.2769531, 12.9973633 ], [ -61.2769531, 12.9898926 ], [ -61.265332, 12.9901855 ], [ -61.2552246, 12.9881836 ], [ -61.2472656, 12.9836426 ], [ -61.2422363, 12.9762695 ], [ -61.2347168, 12.9836914 ], [ -61.2422363, 12.9836914 ], [ -61.2262207, 12.9946289 ], [ -61.2080566, 13.024707 ] ] ], [ [ [ -61.3288086, 12.701123 ], [ -61.3259277, 12.7098633 ], [ -61.3201172, 12.7155273 ], [ -61.3148437, 12.7225586 ], [ -61.3167969, 12.7316895 ], [ -61.319873, 12.7354492 ], [ -61.3268066, 12.7348145 ], [ -61.3358398, 12.7288086 ], [ -61.3363281, 12.719043 ], [ -61.3344238, 12.7102051 ], [ -61.3397461, 12.7036133 ], [ -61.351123, 12.7011719 ], [ -61.3535156, 12.6981445 ], [ -61.3445312, 12.6947266 ], [ -61.334375, 12.6952148 ], [ -61.3288086, 12.701123 ] ] ] ] } },
{ "type": "Feature", "properties": { "iso3": "LCA", "territorio": "Saint Lucia", "value": null, "color": "#CCCCCC" }, "geometry": { "type": "MultiPolygon", "coordinates": [ [ [ [ -60.8867676, 14.0111328 ], [ -60.9081055, 14.0933594 ], [ -60.944580099999989, 14.0728516 ], [ -60.9966797, 14.0109375 ], [ -61.0635742, 13.9155762 ], [ -61.0731445, 13.8655762 ], [ -61.0606445, 13.7831055 ], [ -60.951416, 13.7175781 ], [ -60.8952148, 13.8219727 ], [ -60.8867676, 14.0111328 ] ] ] ] } },
{ "type": "Feature", "properties": { "iso3": "KNA", "territorio": "Saint Kitts and Nevis", "value": null, "color": "#CCCCCC" }, "geometry": { "type": "MultiPolygon", "coordinates": [ [ [ [ -62.5341797, 17.1701172 ], [ -62.574707, 17.2010254 ], [ -62.6152832, 17.1991211 ], [ -62.6249023, 17.1295898 ], [ -62.5824219, 17.1005859 ], [ -62.5322266, 17.121875 ], [ -62.5341797, 17.1701172 ] ] ], [ [ [ -62.6405273, 17.2623047 ], [ -62.6757812, 17.290918 ], [ -62.713720699999989, 17.3532715 ], [ -62.7946289, 17.4025879 ], [ -62.8270508, 17.3864258 ], [ -62.8394043, 17.365332 ], [ -62.8404785, 17.3470703 ], [ -62.838916, 17.3392578 ], [ -62.7755371, 17.302832 ], [ -62.702002, 17.2860352 ], [ -62.6564941, 17.2244141 ], [ -62.6306641, 17.2399902 ], [ -62.6405273, 17.2623047 ] ] ] ] } },
{ "type": "Feature", "properties": { "iso3": "PER", "territorio": "Peru", "value": null, "color": "#CCCCCC" }, "geometry": { "type": "MultiPolygon", "coordinates": [ [ [ [ -70.0171875, -4.1620117 ], [ -70.0947754, -4.0921875 ], [ -70.167529300000012, -4.0501953 ], [ -70.1983887, -3.9951172 ], [ -70.2402832, -3.8827148 ], [ -70.2984375, -3.8442383 ], [ -70.339502, -3.8143555 ], [ -70.3791992, -3.81875 ], [ -70.4210938, -3.8496094 ], [ -70.4858398, -3.8693359 ], [ -70.5296875, -3.8664063 ], [ -70.7062012, -3.7889648 ], [ -70.7351074, -3.781543 ], [ -70.6216797, -3.6045898 ], [ -70.4189941, -3.2882813 ], [ -70.2901367, -3.0873047 ], [ -70.1470703, -2.8640625 ], [ -70.0740234, -2.7501953 ], [ -70.0644531, -2.7307617 ], [ -70.0647461, -2.7016602 ], [ -70.0958496, -2.6582031 ], [ -70.1647461, -2.6398438 ], [ -70.2444336, -2.606543 ], [ -70.2946289, -2.5525391 ], [ -70.3641602, -2.5292969 ], [ -70.4182129, -2.4907227 ], [ -70.5167969, -2.453125 ], [ -70.5758789, -2.4182617 ], [ -70.647998, -2.4057617 ], [ -70.7053711, -2.3419922 ], [ -70.9145508, -2.2185547 ], [ -70.9685547, -2.2068359 ], [ -71.0272949, -2.2257813 ], [ -71.1133789, -2.2454102 ], [ -71.1963867, -2.3130859 ], [ -71.3000977, -2.3348633 ], [ -71.3969727, -2.334082 ], [ -71.4474609, -2.29375 ], [ -71.4960938, -2.2791992 ], [ -71.5594727, -2.2242188 ], [ -71.6714844, -2.1821289 ], [ -71.7525391, -2.1527344 ], [ -71.8027344, -2.1663086 ], [ -71.8672852, -2.2277344 ], [ -71.9324707, -2.2886719 ], [ -71.9842773, -2.3265625 ], [ -72.0538086, -2.3246094 ], [ -72.1368164, -2.3806641 ], [ -72.218457, -2.4004883 ], [ -72.3007324, -2.4092773 ], [ -72.3956055, -2.4289063 ], [ -72.5006836, -2.3950195 ], [ -72.5867187, -2.3651367 ], [ -72.6253418, -2.3516602 ], [ -72.6601562, -2.3610352 ], [ -72.7141602, -2.3921875 ], [ -72.8112305, -2.4054688 ], [ -72.8871582, -2.4084961 ], [ -72.9411133, -2.394043 ], [ -72.9896484, -2.3397461 ], [ -73.0681641, -2.3120117 ], [ -73.1544922, -2.2782227 ], [ -73.1726562, -2.2083984 ], [ -73.1602051, -2.1563477 ], [ -73.1265137, -2.0810547 ], [ -73.1452148, -2.0033203 ], [ -73.1814941, -1.8803711 ], [ -73.196972700000018, -1.8302734 ], [ -73.2239746, -1.7876953 ], [ -73.2664551, -1.7722656 ], [ -73.3495117, -1.7838867 ], [ -73.4402832, -1.7374023 ], [ -73.4962891, -1.6930664 ], [ -73.5252441, -1.6388672 ], [ -73.4943359, -1.5366211 ], [ -73.5213867, -1.449707 ], [ -73.5754883, -1.4013672 ], [ -73.6102539, -1.3164063 ], [ -73.6643066, -1.2488281 ], [ -73.7357422, -1.2141602 ], [ -73.8071777, -1.2179688 ], [ -73.8631836, -1.1966797 ], [ -73.9269531, -1.1251953 ], [ -73.9868164, -1.0981445 ], [ -74.0543945, -1.0286133 ], [ -74.1807617, -0.9977539 ], [ -74.2463867, -0.9706055 ], [ -74.2838867, -0.927832 ], [ -74.3344238, -0.8508789 ], [ -74.3286133, -0.8083984 ], [ -74.353125, -0.7666016 ], [ -74.3749023, -0.6914062 ], [ -74.4178711, -0.5806641 ], [ -74.4651855, -0.5176758 ], [ -74.5138672, -0.4701172 ], [ -74.5550781, -0.4298828 ], [ -74.6163574, -0.3700195 ], [ -74.6916504, -0.3352539 ], [ -74.7553711, -0.2986328 ], [ -74.7804688, -0.2445313 ], [ -74.8017578, -0.2000977 ], [ -74.8375, -0.2033203 ], [ -74.8888184, -0.1994141 ], [ -74.9453125, -0.1881836 ], [ -75.0049805, -0.1558594 ], [ -75.0546875, -0.1166992 ], [ -75.1383789, -0.0504883 ], [ -75.184082, -0.041748 ], [ -75.2246094, -0.041748 ], [ -75.2844727, -0.106543 ], [ -75.3404785, -0.1421875 ], [ -75.3983887, -0.1459961 ], [ -75.4759766, -0.1571289 ], [ -75.5837402, -0.1228516 ], [ -75.6262695, -0.1228516 ], [ -75.6320312, -0.1576172 ], [ -75.5605957, -0.2000977 ], [ -75.4910645, -0.2483398 ], [ -75.4659668, -0.3217773 ], [ -75.424707, -0.4088867 ], [ -75.3252441, -0.506543 ], [ -75.2632324, -0.5553711 ], [ -75.259375, -0.5901367 ], [ -75.2787109, -0.6539063 ], [ -75.2835938, -0.7071289 ], [ -75.2496094, -0.9518555 ], [ -75.2724121, -0.9667969 ], [ -75.3091797, -0.9680664 ], [ -75.3481934, -0.9667969 ], [ -75.380127, -0.9402344 ], [ -75.4080566, -0.9243164 ], [ -75.4204102, -0.962207 ], [ -75.4491699, -1.0711914 ], [ -75.5138672, -1.3163086 ], [ -75.5705566, -1.53125 ], [ -75.6416504, -1.6073242 ], [ -75.7445312, -1.728125 ], [ -75.8854492, -1.893457 ], [ -76.0897949, -2.1331055 ], [ -76.240918, -2.2439453 ], [ -76.3601562, -2.3313477 ], [ -76.4993652, -2.4323242 ], [ -76.6791016, -2.5625977 ], [ -76.8807617, -2.6359375 ], [ -77.1614746, -2.7376953 ], [ -77.3600586, -2.809668 ], [ -77.5064941, -2.8599609 ], [ -77.6589844, -2.9124023 ], [ -77.8605957, -2.9816406 ], [ -77.9384766, -3.0469727 ], [ -78.0679199, -3.2068359 ], [ -78.1282227, -3.2838867 ], [ -78.1833008, -3.3501953 ], [ -78.1946289, -3.3804688 ], [ -78.1874512, -3.3998047 ], [ -78.1609863, -3.4321289 ], [ -78.1584961, -3.4651367 ], [ -78.194873, -3.4858398 ], [ -78.2263184, -3.4891602 ], [ -78.2403809, -3.4725586 ], [ -78.2507324, -3.4361328 ], [ -78.2841797, -3.3990234 ], [ -78.3230469, -3.3882813 ], [ -78.3453613, -3.3973633 ], [ -78.3472656, -3.43125 ], [ -78.3980469, -3.5948242 ], [ -78.3999512, -3.6743164 ], [ -78.4214355, -3.7057617 ], [ -78.4197754, -3.7768555 ], [ -78.4710449, -3.8430664 ], [ -78.493457, -3.9020508 ], [ -78.509082, -3.9521484 ], [ -78.5504395, -3.9869141 ], [ -78.5651367, -4.0416016 ], [ -78.6033691, -4.1573242 ], [ -78.647998, -4.2481445 ], [ -78.6793945, -4.3258789 ], [ -78.6851562, -4.3839844 ], [ -78.6612305, -4.4250977 ], [ -78.6529297, -4.4582031 ], [ -78.6744629, -4.5176758 ], [ -78.6860352, -4.5624023 ], [ -78.743066399999989, -4.5926758 ], [ -78.8615234, -4.6650391 ], [ -78.9076172, -4.7144531 ], [ -78.9257812, -4.7707031 ], [ -78.914209, -4.8186523 ], [ -78.9191895, -4.8583984 ], [ -78.9753906, -4.8732422 ], [ -78.9952637, -4.9080078 ], [ -79.0333008, -4.9691406 ], [ -79.0762695, -4.990625 ], [ -79.1866699, -4.9582031 ], [ -79.2681152, -4.9576172 ], [ -79.330957, -4.927832 ], [ -79.3994141, -4.8400391 ], [ -79.4557617, -4.7662109 ], [ -79.5019043, -4.6706055 ], [ -79.5161621, -4.5391602 ], [ -79.5776855, -4.5005859 ], [ -79.6385254, -4.4548828 ], [ -79.7109863, -4.4675781 ], [ -79.797265600000017, -4.4763672 ], [ -79.8451172, -4.4458984 ], [ -79.9628906, -4.390332 ], [ -80.0635254, -4.3275391 ], [ -80.1395508, -4.2960938 ], [ -80.1974609, -4.3110352 ], [ -80.2321777, -4.3490234 ], [ -80.2933594, -4.4167969 ], [ -80.3834961, -4.4636719 ], [ -80.4241699, -4.4614258 ], [ -80.4785645, -4.4300781 ], [ -80.4884766, -4.3936523 ], [ -80.4438477, -4.3358398 ], [ -80.3528809, -4.2084961 ], [ -80.453759800000014, -4.2051758 ], [ -80.4884766, -4.1655273 ], [ -80.493457, -4.1191406 ], [ -80.5100098, -4.0695313 ], [ -80.4901367, -4.0100586 ], [ -80.437207, -3.9786133 ], [ -80.3578613, -4.003418 ], [ -80.3032715, -4.0050781 ], [ -80.2668945, -3.9488281 ], [ -80.2305176, -3.9240234 ], [ -80.1941406, -3.9058594 ], [ -80.179248, -3.8777344 ], [ -80.2175781, -3.7876953 ], [ -80.2288574, -3.7388672 ], [ -80.2172852, -3.7107422 ], [ -80.2189453, -3.6544922 ], [ -80.2206055, -3.6131836 ], [ -80.24375, -3.5767578 ], [ -80.2454102, -3.522168 ], [ -80.2652344, -3.4924805 ], [ -80.271875, -3.4610352 ], [ -80.2735352, -3.4246094 ], [ -80.2983398, -3.4064453 ], [ -80.3246582, -3.3878906 ], [ -80.5036621, -3.4960938 ], [ -80.6527344, -3.6381836 ], [ -80.798584, -3.7310547 ], [ -80.8919434, -3.8816406 ], [ -81.2320312, -4.2342773 ], [ -81.2832031, -4.3222656 ], [ -81.3366211, -4.6695313 ], [ -81.2894043, -4.7607422 ], [ -81.1950684, -4.8794922 ], [ -81.1084961, -5.027832 ], [ -81.1507324, -5.1018555 ], [ -81.1676758, -5.1670898 ], [ -80.9431152, -5.4753906 ], [ -80.881933600000011, -5.6350586 ], [ -80.8827148, -5.7589844 ], [ -80.9306641, -5.8408203 ], [ -80.9916504, -5.8609375 ], [ -81.0918457, -5.8124023 ], [ -81.1643066, -5.875293 ], [ -81.1805176, -5.9423828 ], [ -81.142041, -6.0567383 ], [ -81.0584473, -6.1293945 ], [ -80.8116211, -6.2822266 ], [ -80.110253899999989, -6.6496094 ], [ -79.9949707, -6.7689453 ], [ -79.9046875, -6.9016602 ], [ -79.7619629, -7.0665039 ], [ -79.6177246, -7.2956055 ], [ -79.5888672, -7.4189453 ], [ -79.3772461, -7.8355469 ], [ -79.3128418, -7.9232422 ], [ -79.1644043, -8.047168 ], [ -79.0122559, -8.2101563 ], [ -78.9253906, -8.4045898 ], [ -78.7622559, -8.6169922 ], [ -78.7545898, -8.7404297 ], [ -78.6645996, -8.9710938 ], [ -78.580127, -9.1566406 ], [ -78.4456543, -9.3706055 ], [ -78.3564941, -9.6520508 ], [ -78.2755859, -9.8103516 ], [ -78.1855957, -10.0890625 ], [ -78.095459, -10.2606445 ], [ -77.736084, -10.8367188 ], [ -77.6643066, -11.0220703 ], [ -77.6385742, -11.1935547 ], [ -77.6332031, -11.287793 ], [ -77.3099121, -11.5324219 ], [ -77.2203125, -11.6633789 ], [ -77.1576172, -11.9234375 ], [ -77.1527344, -12.0603516 ], [ -77.0626953, -12.1068359 ], [ -77.0381348, -12.1727539 ], [ -76.9940918, -12.2192383 ], [ -76.8321289, -12.3487305 ], [ -76.7580078, -12.5271484 ], [ -76.6371094, -12.7280273 ], [ -76.5552246, -12.8234375 ], [ -76.5021484, -12.984375 ], [ -76.4273437, -13.1099609 ], [ -76.2236328, -13.3711914 ], [ -76.1839355, -13.5152344 ], [ -76.2592285, -13.802832 ], [ -76.3194824, -13.8214844 ], [ -76.3764648, -13.8630859 ], [ -76.2970215, -13.9484375 ], [ -76.2890137, -14.1331055 ], [ -76.1751465, -14.2266602 ], [ -76.1364746, -14.3203125 ], [ -76.0062988, -14.4958008 ], [ -75.9338867, -14.6335938 ], [ -75.7376953, -14.7849609 ], [ -75.5336426, -14.8992188 ], [ -75.396582, -15.0935547 ], [ -75.2745605, -15.178125 ], [ -75.1905273, -15.3201172 ], [ -75.104248, -15.4119141 ], [ -74.5548828, -15.6990234 ], [ -74.3729004, -15.8339844 ], [ -74.1470703, -15.9125 ], [ -73.8249512, -16.152832 ], [ -73.7276855, -16.2016602 ], [ -73.4000488, -16.3042969 ], [ -73.2637695, -16.3885742 ], [ -72.9577148, -16.5208984 ], [ -72.7939453, -16.6145508 ], [ -72.4676758, -16.7081055 ], [ -72.3625, -16.775 ], [ -72.2686035, -16.8761719 ], [ -72.1112793, -17.0025391 ], [ -71.9668945, -17.0640625 ], [ -71.8683594, -17.1510742 ], [ -71.7744629, -17.1988281 ], [ -71.5322266, -17.2943359 ], [ -71.4358887, -17.3660156 ], [ -71.3994141, -17.4219727 ], [ -71.3649414, -17.6205078 ], [ -71.3369629, -17.6825195 ], [ -71.0565918, -17.8756836 ], [ -70.9416992, -17.9320313 ], [ -70.8174805, -18.0525391 ], [ -70.4916016, -18.2777344 ], [ -70.4182617, -18.3456055 ], [ -70.3774902, -18.3335938 ], [ -70.2822754, -18.3253906 ], [ -70.1837891, -18.3251953 ], [ -70.059082, -18.2834961 ], [ -69.9263672, -18.2060547 ], [ -69.8396973, -18.093457 ], [ -69.8025879, -17.9902344 ], [ -69.8024414, -17.9 ], [ -69.8415039, -17.7851562 ], [ -69.8520996, -17.7038086 ], [ -69.8061035, -17.6649414 ], [ -69.6847656, -17.6498047 ], [ -69.5864258, -17.5732422 ], [ -69.5109375, -17.5060547 ], [ -69.511084, -17.5048828 ], [ -69.5109863, -17.4603516 ], [ -69.5219238, -17.3889648 ], [ -69.5638184, -17.3329102 ], [ -69.6258789, -17.2944336 ], [ -69.6457031, -17.2485352 ], [ -69.6248535, -17.2001953 ], [ -69.5033203, -17.1047852 ], [ -69.4383301, -17.0883789 ], [ -69.4210938, -17.0400391 ], [ -69.381543, -17.0013672 ], [ -69.2672363, -16.8609375 ], [ -69.1998047, -16.768457 ], [ -69.1325195, -16.7130859 ], [ -69.054541, -16.6743164 ], [ -69.0207031, -16.6421875 ], [ -69.0383789, -16.5426758 ], [ -69.0329102, -16.4759766 ], [ -69.00625, -16.4336914 ], [ -68.9280273, -16.3890625 ], [ -68.8578125, -16.3547852 ], [ -68.8427734, -16.3378906 ], [ -68.8488281, -16.312793 ], [ -68.9134766, -16.2619141 ], [ -69.0462402, -16.2176758 ], [ -69.1341797, -16.2219727 ], [ -69.1879883, -16.1828125 ], [ -69.2175781, -16.1491211 ], [ -69.3918945, -15.7369141 ], [ -69.4208984, -15.640625 ], [ -69.4185059, -15.603418 ], [ -69.3019043, -15.3994141 ], [ -69.2542969, -15.3329102 ], [ -69.1724609, -15.2366211 ], [ -69.1871094, -15.1987305 ], [ -69.3307129, -15.0389648 ], [ -69.374707, -14.9629883 ], [ -69.3737305, -14.8875 ], [ -69.3594727, -14.7953125 ], [ -69.2760254, -14.7458984 ], [ -69.2523438, -14.6710938 ], [ -69.2349121, -14.5970703 ], [ -69.1992676, -14.5725586 ], [ -69.1626953, -14.530957 ], [ -69.1197266, -14.4703125 ], [ -69.0527832, -14.4175781 ], [ -69.0131348, -14.3772461 ], [ -69.0044922, -14.2650391 ], [ -68.9717773, -14.234375 ], [ -68.8803223, -14.1988281 ], [ -68.870898400000016, -14.1697266 ], [ -68.8916992, -14.0943359 ], [ -68.9374512, -14.0146484 ], [ -68.9742676, -13.9759766 ], [ -69.0230469, -13.7802734 ], [ -69.0741211, -13.6828125 ], [ -69.052832, -13.6439453 ], [ -69.0175293, -13.5944336 ], [ -68.9834473, -13.4963867 ], [ -68.9722656, -13.3823242 ], [ -68.9805176, -12.9625977 ], [ -68.9786133, -12.8800781 ], [ -68.9337402, -12.8220703 ], [ -68.8676758, -12.7551758 ], [ -68.8118164, -12.7295898 ], [ -68.759082, -12.687207 ], [ -68.7628906, -12.6077148 ], [ -68.728125, -12.5607422 ], [ -68.6852539, -12.5019531 ], [ -68.8187012, -12.2704102 ], [ -68.9360352, -12.0667969 ], [ -69.0461914, -11.8756836 ], [ -69.1737305, -11.6542969 ], [ -69.2577148, -11.5085938 ], [ -69.3620117, -11.3275391 ], [ -69.4536133, -11.16875 ], [ -69.5786133, -10.9517578 ], [ -69.6740234, -10.9541016 ], [ -69.8397949, -10.9333984 ], [ -69.9603516, -10.9298828 ], [ -70.0663086, -10.9824219 ], [ -70.2200684, -11.0476563 ], [ -70.2903809, -11.0642578 ], [ -70.3419922, -11.0666992 ], [ -70.3922852, -11.0585938 ], [ -70.4508789, -11.0248047 ], [ -70.533252, -10.946875 ], [ -70.5965332, -10.9768555 ], [ -70.642334, -11.0102539 ], [ -70.6415527, -10.8408203 ], [ -70.640332, -10.5860352 ], [ -70.6393555, -10.3613281 ], [ -70.6385254, -10.181543 ], [ -70.6375977, -9.9717773 ], [ -70.6369141, -9.8237305 ], [ -70.5937988, -9.7674805 ], [ -70.5672363, -9.7045898 ], [ -70.5991699, -9.6205078 ], [ -70.5922363, -9.543457 ], [ -70.570166, -9.4898438 ], [ -70.5411133, -9.4375 ], [ -70.6079102, -9.4636719 ], [ -70.6369141, -9.4782227 ], [ -70.6724609, -9.5179688 ], [ -70.7584961, -9.5716797 ], [ -70.8162598, -9.625293 ], [ -70.8845215, -9.669043 ], [ -70.970752, -9.7657227 ], [ -71.041748, -9.81875 ], [ -71.1152832, -9.8524414 ], [ -71.2379395, -9.9660156 ], [ -71.3394043, -9.9885742 ], [ -71.6080078, -10.0060547 ], [ -71.8874512, -10.0055664 ], [ -72.1429688, -10.0051758 ], [ -72.1815918, -10.0037109 ], [ -72.1791016, -9.9101562 ], [ -72.1728516, -9.844043 ], [ -72.2599609, -9.7743164 ], [ -72.2658203, -9.6884766 ], [ -72.2890137, -9.6291992 ], [ -72.3180664, -9.5566406 ], [ -72.3790527, -9.5101563 ], [ -72.4647461, -9.4921875 ], [ -72.6054688, -9.4520508 ], [ -72.8142578, -9.4103516 ], [ -73.0137695, -9.4074219 ], [ -73.2094238, -9.4114258 ], [ -73.0898438, -9.2657227 ], [ -72.9703613, -9.1201172 ], [ -72.9740234, -8.9931641 ], [ -73.0705078, -8.8828125 ], [ -73.1225586, -8.8140625 ], [ -73.203125, -8.7193359 ], [ -73.3024414, -8.6540039 ], [ -73.3567383, -8.5669922 ], [ -73.351709, -8.5141602 ], [ -73.3604004, -8.4792969 ], [ -73.3981445, -8.4589844 ], [ -73.4358887, -8.4270508 ], [ -73.488134800000012, -8.3921875 ], [ -73.5491211, -8.3458008 ], [ -73.5491211, -8.2993164 ], [ -73.5723633, -8.2499023 ], [ -73.6101074, -8.1918945 ], [ -73.6101074, -8.1454102 ], [ -73.6449219, -8.0728516 ], [ -73.682666, -8.0206055 ], [ -73.7204102, -7.9857422 ], [ -73.7755859, -7.9364258 ], [ -73.7727051, -7.8957031 ], [ -73.7320312, -7.8753906 ], [ -73.7145996, -7.8290039 ], [ -73.7204102, -7.7825195 ], [ -73.7668945, -7.7535156 ], [ -73.8220703, -7.7389648 ], [ -73.8946289, -7.6547852 ], [ -73.946875, -7.6112305 ], [ -73.9817383, -7.5850586 ], [ -74.0020508, -7.5560547 ], [ -73.9817383, -7.5357422 ], [ -73.9584961, -7.5066406 ], [ -73.9526855, -7.4602539 ], [ -73.9643066, -7.4166992 ], [ -73.9643066, -7.3789062 ], [ -73.9294434, -7.3672852 ], [ -73.891748, -7.3731445 ], [ -73.8540039, -7.3499023 ], [ -73.8046387, -7.3412109 ], [ -73.7494629, -7.3353516 ], [ -73.7204102, -7.3092773 ], [ -73.7233398, -7.262793 ], [ -73.7582031, -7.1727539 ], [ -73.7930176, -7.1350586 ], [ -73.8046387, -7.0798828 ], [ -73.7762695, -6.9735352 ], [ -73.7581055, -6.9057617 ], [ -73.694531200000014, -6.8337891 ], [ -73.4999023, -6.6794922 ], [ -73.3254883, -6.574707 ], [ -73.240332, -6.5640625 ], [ -73.1774414, -6.5251953 ], [ -73.1373535, -6.4658203 ], [ -73.1263184, -6.4008789 ], [ -73.1353516, -6.3443359 ], [ -73.1677246, -6.2606445 ], [ -73.2064941, -6.1564453 ], [ -73.2355469, -6.0984375 ], [ -73.209375, -6.0287109 ], [ -73.1628906, -5.9333984 ], [ -73.0680664, -5.7895508 ], [ -72.9798828, -5.6348633 ], [ -72.9702148, -5.5896484 ], [ -72.9589355, -5.4952148 ], [ -72.9182617, -5.3025391 ], [ -72.8958008, -5.1982422 ], [ -72.9074707, -5.1577148 ], [ -72.8870605, -5.1227539 ], [ -72.8319336, -5.09375 ], [ -72.6987305, -5.0671875 ], [ -72.6083496, -5.0095703 ], [ -72.468994100000018, -4.9012695 ], [ -72.352832, -4.7860352 ], [ -72.2567871, -4.7489258 ], [ -72.0825195, -4.6422852 ], [ -71.9824219, -4.5746094 ], [ -71.9431641, -4.5533203 ], [ -71.8447266, -4.5043945 ], [ -71.6683594, -4.4873047 ], [ -71.5213379, -4.4697266 ], [ -71.4382812, -4.4375977 ], [ -71.3167969, -4.4243164 ], [ -71.2350098, -4.3881836 ], [ -71.1442383, -4.387207 ], [ -70.9736816, -4.3504883 ], [ -70.915625, -4.2953125 ], [ -70.8660156, -4.2295898 ], [ -70.7995117, -4.1733398 ], [ -70.721582, -4.1588867 ], [ -70.6345703, -4.1686523 ], [ -70.5306641, -4.1675781 ], [ -70.4046387, -4.1500977 ], [ -70.3436523, -4.1936523 ], [ -70.3168945, -4.2469727 ], [ -70.2391602, -4.3011719 ], [ -70.1839844, -4.2981445 ], [ -70.1288086, -4.2866211 ], [ -70.0533203, -4.3331055 ], [ -70.0039551, -4.3272461 ], [ -69.9720215, -4.3011719 ], [ -69.965918, -4.2359375 ], [ -70.0171875, -4.1620117 ] ] ] ] } },
{ "type": "Feature", "properties": { "iso3": "PRY", "territorio": "Paraguay", "value": null, "color": "#CCCCCC" }, "geometry": { "type": "MultiPolygon", "coordinates": [ [ [ [ -58.1399414, -19.9988281 ], [ -58.1600586, -19.8548828 ], [ -58.1801758, -19.8178711 ], [ -58.4742188, -19.6460938 ], [ -58.741113299999988, -19.4902344 ], [ -59.0905273, -19.2862305 ], [ -59.5408691, -19.2917969 ], [ -60.007373, -19.2975586 ], [ -60.4516113, -19.3887695 ], [ -60.8887695, -19.4785156 ], [ -61.0959961, -19.5209961 ], [ -61.5118164, -19.6064453 ], [ -61.7568359, -19.6453125 ], [ -61.8208984, -19.8094727 ], [ -61.9169434, -20.0553711 ], [ -62.0118164, -20.1990234 ], [ -62.1216309, -20.3499023 ], [ -62.2763184, -20.5625 ], [ -62.2765137, -20.8208008 ], [ -62.2766602, -21.0660156 ], [ -62.3854492, -21.4117188 ], [ -62.477832, -21.7052734 ], [ -62.5669434, -21.9886719 ], [ -62.6285156, -22.1839844 ], [ -62.6509766, -22.2336914 ], [ -62.6256836, -22.2615234 ], [ -62.625976599999987, -22.2904297 ], [ -62.5415527, -22.3496094 ], [ -62.3725098, -22.4391602 ], [ -62.2141602, -22.6124023 ], [ -62.0666016, -22.8694336 ], [ -61.9280273, -23.0592773 ], [ -61.7985352, -23.1820313 ], [ -61.6794922, -23.26875 ], [ -61.5709961, -23.3194336 ], [ -61.5130371, -23.3604492 ], [ -61.5055176, -23.3919922 ], [ -61.4039551, -23.4575195 ], [ -61.2083984, -23.5570313 ], [ -61.0847168, -23.6564453 ], [ -61.0329102, -23.7556641 ], [ -60.8398438, -23.8581055 ], [ -60.5053711, -23.9635742 ], [ -60.262207, -24.0139648 ], [ -60.1103027, -24.0091797 ], [ -59.8924805, -24.0935547 ], [ -59.6085938, -24.2667969 ], [ -59.4354004, -24.3870117 ], [ -59.3729492, -24.4539063 ], [ -59.1872559, -24.5623047 ], [ -58.7240234, -24.7866211 ], [ -58.5196289, -24.8428711 ], [ -58.4228027, -24.8941406 ], [ -58.3653809, -24.9592773 ], [ -58.3086914, -24.9791016 ], [ -58.2527832, -24.9538086 ], [ -58.1364746, -24.9771484 ], [ -57.9598145, -25.0492188 ], [ -57.8216797, -25.1364258 ], [ -57.6438965, -25.328418 ], [ -57.5871582, -25.4050781 ], [ -57.5631348, -25.4737305 ], [ -57.5716797, -25.5341797 ], [ -57.6258301, -25.5987305 ], [ -57.7254883, -25.6671875 ], [ -57.7547852, -25.6970703 ], [ -57.7570801, -25.7259766 ], [ -57.7824707, -25.7836914 ], [ -57.8652344, -25.9069336 ], [ -57.886230499999989, -25.9642578 ], [ -57.890625, -26.006543 ], [ -57.9431152, -26.0529297 ], [ -58.0824219, -26.1385742 ], [ -58.1111328, -26.1801758 ], [ -58.1180664, -26.2249023 ], [ -58.1356445, -26.2514648 ], [ -58.1546875, -26.2625977 ], [ -58.1814941, -26.3074219 ], [ -58.2030273, -26.3814453 ], [ -58.2051758, -26.4765625 ], [ -58.1879395, -26.5925781 ], [ -58.1913086, -26.6299805 ], [ -58.2220703, -26.65 ], [ -58.2393555, -26.6768555 ], [ -58.2455566, -26.7310547 ], [ -58.2716797, -26.7707031 ], [ -58.3176758, -26.7958984 ], [ -58.334668, -26.8249023 ], [ -58.3225586, -26.8576172 ], [ -58.3564453, -26.8900391 ], [ -58.4363281, -26.9219727 ], [ -58.4852539, -26.968457 ], [ -58.5032227, -27.0294922 ], [ -58.547705099999988, -27.0839844 ], [ -58.6186035, -27.1321289 ], [ -58.641748, -27.1960938 ], [ -58.604834, -27.3143555 ], [ -58.1682617, -27.2734375 ], [ -57.812207, -27.3166016 ], [ -57.3912598, -27.4304688 ], [ -57.1118164, -27.4701172 ], [ -56.9739746, -27.4357422 ], [ -56.8717285, -27.440625 ], [ -56.8051758, -27.484668 ], [ -56.7157227, -27.49375 ], [ -56.6033691, -27.4678711 ], [ -56.5105469, -27.4878906 ], [ -56.4371582, -27.5538086 ], [ -56.3705078, -27.5374023 ], [ -56.3105469, -27.4387695 ], [ -56.2416992, -27.3667969 ], [ -56.1640625, -27.3214844 ], [ -56.067334, -27.3077148 ], [ -55.9514648, -27.3256836 ], [ -55.8590332, -27.3619141 ], [ -55.7899902, -27.4164063 ], [ -55.7146484, -27.4148438 ], [ -55.6329102, -27.3571289 ], [ -55.593798799999988, -27.2880859 ], [ -55.5972656, -27.2076172 ], [ -55.5648926, -27.15 ], [ -55.4967285, -27.115332 ], [ -55.4506348, -27.0683594 ], [ -55.4266602, -27.0092773 ], [ -55.3458008, -26.9731445 ], [ -55.2080078, -26.9601563 ], [ -55.1359375, -26.9311523 ], [ -55.1296387, -26.8860352 ], [ -55.0888672, -26.8445313 ], [ -55.013623, -26.8066406 ], [ -54.9621582, -26.759375 ], [ -54.9344727, -26.7025391 ], [ -54.888916, -26.6667969 ], [ -54.8254883, -26.6522461 ], [ -54.7550781, -26.5329102 ], [ -54.6777344, -26.3087891 ], [ -54.6319336, -26.0057617 ], [ -54.6158691, -25.5760742 ], [ -54.6105469, -25.4327148 ], [ -54.4731445, -25.2202148 ], [ -54.4362305, -25.1212891 ], [ -54.4541016, -25.0652344 ], [ -54.4129883, -24.8674805 ], [ -54.3129395, -24.528125 ], [ -54.2810059, -24.3060547 ], [ -54.3172852, -24.2012695 ], [ -54.3182617, -24.128125 ], [ -54.2668945, -24.0658203 ], [ -54.2417969, -24.0472656 ], [ -54.3708008, -23.9711914 ], [ -54.4402344, -23.9017578 ], [ -54.5295898, -23.8521484 ], [ -54.6254883, -23.8125 ], [ -54.6717773, -23.8290039 ], [ -54.7213867, -23.8521484 ], [ -54.8172852, -23.8884766 ], [ -54.9264648, -23.9513672 ], [ -54.982666, -23.9745117 ], [ -55.0818848, -23.9976563 ], [ -55.1943359, -24.0174805 ], [ -55.2869141, -24.0042969 ], [ -55.3663086, -23.9910156 ], [ -55.415918, -23.9513672 ], [ -55.4423828, -23.865332 ], [ -55.4423828, -23.7925781 ], [ -55.4588867, -23.6867188 ], [ -55.518457, -23.6272461 ], [ -55.5382812, -23.580957 ], [ -55.5416016, -23.524707 ], [ -55.5349609, -23.4619141 ], [ -55.518457, -23.415625 ], [ -55.5283691, -23.359375 ], [ -55.554834, -23.3196289 ], [ -55.5481934, -23.2501953 ], [ -55.5614258, -23.1542969 ], [ -55.601123, -23.0947266 ], [ -55.6209961, -23.025293 ], [ -55.6209961, -22.9558594 ], [ -55.650732399999988, -22.8864258 ], [ -55.6540527, -22.8103516 ], [ -55.6275879, -22.740918 ], [ -55.6176758, -22.6714844 ], [ -55.6474121, -22.621875 ], [ -55.7036621, -22.5920898 ], [ -55.7466309, -22.5126953 ], [ -55.7532715, -22.4101562 ], [ -55.7995605, -22.3539063 ], [ -55.8491699, -22.3076172 ], [ -55.9053711, -22.3076172 ], [ -55.9914062, -22.2811523 ], [ -56.0674805, -22.2844727 ], [ -56.1898438, -22.2811523 ], [ -56.2460449, -22.2646484 ], [ -56.2757812, -22.2282227 ], [ -56.3518555, -22.1786133 ], [ -56.394873, -22.0926758 ], [ -56.4478027, -22.0761719 ], [ -56.5238281, -22.1025391 ], [ -56.550293, -22.1356445 ], [ -56.5800781, -22.1819336 ], [ -56.6330078, -22.2348633 ], [ -56.7024414, -22.231543 ], [ -56.7751953, -22.2613281 ], [ -56.8446777, -22.2646484 ], [ -56.9372559, -22.2712891 ], [ -57.0298828, -22.2448242 ], [ -57.142334, -22.2150391 ], [ -57.238232399999987, -22.1952148 ], [ -57.3308594, -22.2150391 ], [ -57.3936523, -22.1984375 ], [ -57.4763672, -22.1885742 ], [ -57.5689453, -22.1819336 ], [ -57.6416992, -22.1290039 ], [ -57.7210937, -22.0992188 ], [ -57.764062499999987, -22.1091797 ], [ -57.8203125, -22.1422852 ], [ -57.879834, -22.1356445 ], [ -57.9559082, -22.1091797 ], [ -57.9856934, -22.0463867 ], [ -57.9790527, -22.0066406 ], [ -57.9625, -21.9669922 ], [ -57.932763699999988, -21.9107422 ], [ -57.9493164, -21.8511719 ], [ -57.9426758, -21.7983398 ], [ -57.9294434, -21.7519531 ], [ -57.916210899999989, -21.6991211 ], [ -57.9261719, -21.6495117 ], [ -57.9294434, -21.596582 ], [ -57.936084, -21.5469727 ], [ -57.9459961, -21.494043 ], [ -57.9062988, -21.4179688 ], [ -57.8732422, -21.3550781 ], [ -57.8930664, -21.3022461 ], [ -57.8864746, -21.2658203 ], [ -57.8600098, -21.20625 ], [ -57.8269531, -21.1335938 ], [ -57.8302246, -20.9979492 ], [ -57.8600098, -20.9185547 ], [ -57.8922363, -20.8970703 ], [ -57.9004883, -20.8730469 ], [ -57.8848145, -20.8416992 ], [ -57.9019043, -20.809375 ], [ -57.9084961, -20.7763672 ], [ -57.8914062, -20.7474609 ], [ -57.9151367, -20.690332 ], [ -57.9625, -20.6738281 ], [ -57.9790527, -20.6573242 ], [ -57.9956055, -20.5944336 ], [ -58.008837899999989, -20.5216797 ], [ -58.0022461, -20.4654297 ], [ -58.0253906, -20.4158203 ], [ -58.0584473, -20.3861328 ], [ -58.0915039, -20.3332031 ], [ -58.1246094, -20.293457 ], [ -58.137793, -20.2373047 ], [ -58.1597656, -20.1646484 ], [ -58.1399414, -19.9988281 ] ] ] ] } },
{ "type": "Feature", "properties": { "iso3": "PAN", "territorio": "Panama", "value": 3.46870994567871, "color": "#FD8D3C" }, "geometry": { "type": "MultiPolygon", "coordinates": [ [ [ [ -77.6972168, 8.8894531 ], [ -77.8308105, 9.0681152 ], [ -78.0827637, 9.2362793 ], [ -78.5043457, 9.4062988 ], [ -78.6969238, 9.4347656 ], [ -78.9316406, 9.4284668 ], [ -78.975, 9.4529785 ], [ -79.0166992, 9.5104492 ], [ -79.1122559, 9.5367676 ], [ -79.2116211, 9.5319336 ], [ -79.3554688, 9.5692383 ], [ -79.5772949, 9.5978516 ], [ -79.6522461, 9.5582031 ], [ -79.7230957, 9.4792969 ], [ -79.8550781, 9.3780762 ], [ -79.9150879, 9.3613281 ], [ -79.9779785, 9.3437012 ], [ -80.1270996, 9.2099121 ], [ -80.546875, 9.0819336 ], [ -80.6764648, 9.021875 ], [ -80.8386719, 8.887207 ], [ -81.0630859, 8.8126465 ], [ -81.2037598, 8.7867187 ], [ -81.3547852, 8.7805664 ], [ -81.5456055, 8.827002 ], [ -81.712207, 9.0189453 ], [ -81.8025879, 9.0741211 ], [ -81.8423828, 9.1187012 ], [ -81.8944824, 9.1404297 ], [ -81.9001465, 9.1110352 ], [ -81.8314941, 9.0456055 ], [ -81.7802246, 8.9572266 ], [ -81.826416, 8.9440918 ], [ -81.8941406, 8.9561035 ], [ -82.0778809, 8.9348633 ], [ -82.1333008, 8.9800781 ], [ -82.2441895, 9.0314941 ], [ -82.2354492, 9.1416504 ], [ -82.2006836, 9.1681152 ], [ -82.1881348, 9.191748 ], [ -82.2048828, 9.2154297 ], [ -82.2724609, 9.190625 ], [ -82.3397461, 9.2091797 ], [ -82.3753906, 9.3372559 ], [ -82.3631836, 9.3819336 ], [ -82.3708008, 9.4285645 ], [ -82.5003418, 9.5232422 ], [ -82.5635742, 9.5766602 ], [ -82.5692383, 9.5582031 ], [ -82.5865234, 9.5388184 ], [ -82.6112793, 9.5192383 ], [ -82.6440918, 9.5058594 ], [ -82.7233887, 9.5460937 ], [ -82.8010254, 9.5917969 ], [ -82.8439941, 9.5708008 ], [ -82.8601562, 9.5114746 ], [ -82.8889648, 9.4810059 ], [ -82.9250488, 9.469043 ], [ -82.9398438, 9.4491699 ], [ -82.9428223, 9.248877 ], [ -82.940332, 9.0601074 ], [ -82.8813477, 9.0558594 ], [ -82.7830566, 8.9902832 ], [ -82.7411621, 8.951709 ], [ -82.727832, 8.9160645 ], [ -82.7399902, 8.898584 ], [ -82.8119141, 8.8574219 ], [ -82.8819824, 8.8053223 ], [ -82.917041, 8.740332 ], [ -82.8557129, 8.6353027 ], [ -82.842627, 8.5639648 ], [ -82.8447754, 8.4893555 ], [ -82.8616211, 8.4535156 ], [ -82.9975586, 8.3677734 ], [ -83.0273438, 8.3377441 ], [ -83.0233887, 8.3160156 ], [ -82.9484375, 8.2568359 ], [ -82.9128906, 8.1996094 ], [ -82.8833008, 8.1305664 ], [ -82.8793457, 8.0706543 ], [ -82.8543457, 8.0995117 ], [ -82.8661133, 8.2463379 ], [ -82.7811523, 8.3035156 ], [ -82.679541, 8.3219727 ], [ -82.530957, 8.2874023 ], [ -82.3648437, 8.2748535 ], [ -82.2354492, 8.3110352 ], [ -82.2243164, 8.2303711 ], [ -82.1598633, 8.1948242 ], [ -82.0967285, 8.2227539 ], [ -81.973291, 8.2150879 ], [ -81.860253899999989, 8.1654297 ], [ -81.7276367, 8.1375488 ], [ -81.6942871, 8.0713867 ], [ -81.6756836, 8.015918 ], [ -81.5041504, 7.7211914 ], [ -81.3695801, 7.675293 ], [ -81.2684082, 7.6254883 ], [ -81.219043, 7.6209473 ], [ -81.195459, 7.6684082 ], [ -81.1793945, 7.8075195 ], [ -81.1578125, 7.8543945 ], [ -81.0939453, 7.8763184 ], [ -81.0638672, 7.8997559 ], [ -81.0351074, 7.7111328 ], [ -80.9146484, 7.4375 ], [ -80.9012207, 7.2771484 ], [ -80.8455566, 7.2200684 ], [ -80.666699200000011, 7.2256836 ], [ -80.4388672, 7.2749512 ], [ -80.3729492, 7.3246582 ], [ -80.3482422, 7.3856934 ], [ -80.2873047, 7.4256348 ], [ -80.1105957, 7.4334473 ], [ -80.0672852, 7.4532227 ], [ -80.0112305, 7.5000488 ], [ -80.0400391, 7.5998047 ], [ -80.0751953, 7.667041 ], [ -80.2609375, 7.8516602 ], [ -80.3655762, 7.997998 ], [ -80.4091309, 8.0285645 ], [ -80.4581055, 8.0770508 ], [ -80.4658691, 8.1399414 ], [ -80.4589844, 8.2138672 ], [ -80.4075684, 8.2624512 ], [ -80.3687012, 8.2887695 ], [ -80.2000977, 8.3139648 ], [ -80.1257812, 8.3496582 ], [ -79.7504395, 8.5955078 ], [ -79.815918, 8.639209 ], [ -79.7585449, 8.7115723 ], [ -79.7310547, 8.7753418 ], [ -79.6874512, 8.8509766 ], [ -79.5723633, 8.9032715 ], [ -79.551660200000015, 8.9244629 ], [ -79.5070801, 8.9700684 ], [ -79.4415039, 9.0060059 ], [ -79.2466797, 9.0200684 ], [ -79.086377, 8.997168 ], [ -78.9551758, 8.9325195 ], [ -78.8482422, 8.8421875 ], [ -78.7696777, 8.811084 ], [ -78.7102051, 8.7529297 ], [ -78.6698242, 8.7421875 ], [ -78.6208984, 8.7137207 ], [ -78.5140625, 8.6281738 ], [ -78.4694336, 8.4466797 ], [ -78.4360352, 8.4033203 ], [ -78.4098633, 8.3553223 ], [ -78.3792969, 8.3585937 ], [ -78.3693848, 8.4049316 ], [ -78.3878906, 8.4434082 ], [ -78.3992187, 8.5056641 ], [ -78.3743164, 8.4892578 ], [ -78.3501465, 8.4600098 ], [ -78.2561035, 8.4537109 ], [ -78.251123, 8.4214355 ], [ -78.2230469, 8.3966309 ], [ -78.1907715, 8.417334 ], [ -78.1618164, 8.4537109 ], [ -78.0994629, 8.4969727 ], [ -78.0571777, 8.3971191 ], [ -78.0125, 8.3253906 ], [ -77.8529297, 8.2162109 ], [ -77.7605469, 8.133252 ], [ -77.8336426, 8.1511719 ], [ -77.9516602, 8.2302734 ], [ -78.0477539, 8.2847656 ], [ -78.1138672, 8.3795898 ], [ -78.1418945, 8.386084 ], [ -78.1800293, 8.3302734 ], [ -78.2812012, 8.2475586 ], [ -78.2548828, 8.138623 ], [ -78.2873535, 8.0917969 ], [ -78.31542970000001, 8.0669434 ], [ -78.367627, 8.0705566 ], [ -78.421582, 8.0609863 ], [ -78.3782227, 7.8999023 ], [ -78.1701172, 7.5437988 ], [ -77.9297852, 7.2563477 ], [ -77.9011719, 7.2293457 ], [ -77.8283203, 7.4428223 ], [ -77.7646973, 7.4836914 ], [ -77.7438965, 7.5369629 ], [ -77.76875, 7.6680664 ], [ -77.7619141, 7.6988281 ], [ -77.7469238, 7.7118652 ], [ -77.7320312, 7.7109375 ], [ -77.7063477, 7.6912109 ], [ -77.6585938, 7.6346191 ], [ -77.6186035, 7.5645508 ], [ -77.5865723, 7.5430664 ], [ -77.5382812, 7.5662598 ], [ -77.3507812, 7.7058594 ], [ -77.3627441, 7.7490723 ], [ -77.3456055, 7.8365234 ], [ -77.282959, 7.9081543 ], [ -77.2159668, 7.9325195 ], [ -77.1959961, 7.9724609 ], [ -77.2123047, 8.0338867 ], [ -77.2826172, 8.1870605 ], [ -77.3455078, 8.2695312 ], [ -77.3858887, 8.3516602 ], [ -77.4072754, 8.4272461 ], [ -77.4785156, 8.4984375 ], [ -77.4483398, 8.5658691 ], [ -77.3930664, 8.6446777 ], [ -77.3742188, 8.6583008 ], [ -77.6972168, 8.8894531 ] ] ], [ [ [ -78.8532227, 8.3024414 ], [ -78.8391602, 8.3479004 ], [ -78.8561523, 8.4482422 ], [ -78.883252, 8.4602539 ], [ -78.9160156, 8.458252 ], [ -78.9605957, 8.4358398 ], [ -78.9574219, 8.3505859 ], [ -78.9649414, 8.3262695 ], [ -78.9181152, 8.2319336 ], [ -78.8983398, 8.2742676 ], [ -78.8532227, 8.3024414 ] ] ], [ [ [ -81.6134277, 7.3801758 ], [ -81.6947266, 7.425 ], [ -81.7104492, 7.4855469 ], [ -81.6714355, 7.5234375 ], [ -81.7287598, 7.6211914 ], [ -81.7522949, 7.6216309 ], [ -81.8121582, 7.5923828 ], [ -81.8569336, 7.507666 ], [ -81.8585938, 7.4801758 ], [ -81.8520508, 7.4533203 ], [ -81.7701172, 7.3703613 ], [ -81.6581055, 7.3275391 ], [ -81.6032715, 7.3328125 ], [ -81.6134277, 7.3801758 ] ] ], [ [ [ -82.2594238, 9.4302734 ], [ -82.2757812, 9.4318848 ], [ -82.3217285, 9.4181152 ], [ -82.2444336, 9.334082 ], [ -82.233496100000011, 9.3807129 ], [ -82.2594238, 9.4302734 ] ] ], [ [ [ -79.0853027, 8.2958008 ], [ -79.0962891, 8.2954102 ], [ -79.1275391, 8.2518555 ], [ -79.1103516, 8.2098145 ], [ -79.0654297, 8.2541992 ], [ -79.0853027, 8.2958008 ] ] ] ] } },
{ "type": "Feature", "properties": { "iso3": "NIC", "territorio": "Nicaragua", "value": null, "color": "#CCCCCC" }, "geometry": { "type": "MultiPolygon", "coordinates": [ [ [ [ -83.4150391, 15.0080566 ], [ -83.5365234, 14.977002 ], [ -83.5897461, 14.9075684 ], [ -83.635498, 14.876416 ], [ -83.6736328, 14.8835449 ], [ -83.7509277, 14.85625 ], [ -83.8672852, 14.7944824 ], [ -83.9722656, 14.7710937 ], [ -84.0658203, 14.786084 ], [ -84.0929688, 14.7708984 ], [ -84.100293, 14.7506348 ], [ -84.1144043, 14.7310059 ], [ -84.1507812, 14.7204102 ], [ -84.1923828, 14.7260254 ], [ -84.239209, 14.7478516 ], [ -84.2639648, 14.7385254 ], [ -84.2666504, 14.6981445 ], [ -84.2919434, 14.6873535 ], [ -84.3397949, 14.7063477 ], [ -84.3936523, 14.691748 ], [ -84.4535645, 14.6437012 ], [ -84.5376465, 14.6333984 ], [ -84.6459473, 14.661084 ], [ -84.7297852, 14.7133789 ], [ -84.7891602, 14.7903809 ], [ -84.8604492, 14.8097656 ], [ -84.9851562, 14.7524414 ], [ -85.0373535, 14.6855469 ], [ -85.0486328, 14.6447266 ], [ -85.0365234, 14.607666 ], [ -85.059375, 14.582959 ], [ -85.1172852, 14.5706055 ], [ -85.1613281, 14.5251465 ], [ -85.1915039, 14.4466309 ], [ -85.1975586, 14.3859863 ], [ -85.1794922, 14.3433105 ], [ -85.2083496, 14.3118164 ], [ -85.2841797, 14.2916504 ], [ -85.3737793, 14.223877 ], [ -85.4770508, 14.1086914 ], [ -85.579785199999989, 14.0282227 ], [ -85.6819336, 13.9825684 ], [ -85.7312012, 13.9318359 ], [ -85.7277344, 13.8760742 ], [ -85.7339355, 13.8586914 ], [ -85.753418, 13.8520508 ], [ -85.7867187, 13.8444336 ], [ -85.9837891, 13.9656738 ], [ -86.0403809, 14.0501465 ], [ -86.0892578, 14.037207 ], [ -86.1512207, 13.9945801 ], [ -86.2382324, 13.8994629 ], [ -86.3317383, 13.7700684 ], [ -86.3769531, 13.7556641 ], [ -86.610253899999989, 13.7748535 ], [ -86.7336426, 13.7634766 ], [ -86.7589844, 13.7461426 ], [ -86.7706055, 13.6987305 ], [ -86.7635254, 13.6352539 ], [ -86.7295898, 13.4072266 ], [ -86.7106934, 13.3133789 ], [ -86.7292969, 13.284375 ], [ -86.7921387, 13.2797852 ], [ -86.8735352, 13.2665039 ], [ -86.9182129, 13.223584 ], [ -86.9288086, 13.1793945 ], [ -86.9331543, 13.1175293 ], [ -86.9588867, 13.0537109 ], [ -87.0093262, 13.0078125 ], [ -87.0591797, 12.9914551 ], [ -87.3372559, 12.979248 ], [ -87.3385742, 12.9499512 ], [ -87.3896484, 12.9206543 ], [ -87.4243652, 12.9211426 ], [ -87.4979492, 12.9841797 ], [ -87.5433105, 13.0396973 ], [ -87.5850586, 13.0433105 ], [ -87.670166, 12.9656738 ], [ -87.6675293, 12.9035645 ], [ -87.4601562, 12.7575684 ], [ -87.1884277, 12.5083496 ], [ -87.1251953, 12.4341309 ], [ -86.8509766, 12.2477539 ], [ -86.7556152, 12.1566406 ], [ -86.6555176, 11.981543 ], [ -86.4688965, 11.7382812 ], [ -85.9611328, 11.3313477 ], [ -85.828515600000017, 11.1987305 ], [ -85.7452148, 11.0885742 ], [ -85.7443359, 11.0621094 ], [ -85.7222656, 11.0662598 ], [ -85.7026367, 11.081543 ], [ -85.6905273, 11.0974609 ], [ -85.6536621, 11.1530762 ], [ -85.6213867, 11.1844727 ], [ -85.5841797, 11.1894531 ], [ -85.5387207, 11.1663086 ], [ -85.3683594, 11.1064453 ], [ -85.1789551, 11.0399414 ], [ -84.9091797, 10.9453125 ], [ -84.7973633, 11.0059082 ], [ -84.7011719, 11.0521973 ], [ -84.6341797, 11.0456055 ], [ -84.4891602, 10.9916504 ], [ -84.4018555, 10.9744629 ], [ -84.348291, 10.9798828 ], [ -84.2555664, 10.9007324 ], [ -84.2049805, 10.8413086 ], [ -84.196582, 10.801709 ], [ -84.1683594, 10.7803711 ], [ -84.0961914, 10.7756836 ], [ -83.9192871, 10.7353516 ], [ -83.8111816, 10.7432617 ], [ -83.7129395, 10.7858887 ], [ -83.6589355, 10.8368652 ], [ -83.6419922, 10.9172363 ], [ -83.7140625, 10.9338379 ], [ -83.7679199, 11.0102539 ], [ -83.8318359, 11.1305176 ], [ -83.8678711, 11.3000488 ], [ -83.859082, 11.3536621 ], [ -83.8293945, 11.4281738 ], [ -83.7766113, 11.5039551 ], [ -83.7449707, 11.5665039 ], [ -83.6517578, 11.642041 ], [ -83.6643066, 11.723877 ], [ -83.7045898, 11.8245605 ], [ -83.7533691, 11.8212891 ], [ -83.7929688, 11.8361816 ], [ -83.8289062, 11.8610352 ], [ -83.8131836, 11.8963867 ], [ -83.7693359, 11.9316406 ], [ -83.7733398, 11.9773926 ], [ -83.7671875, 12.0592773 ], [ -83.7155762, 12.0574219 ], [ -83.6977051, 12.0299805 ], [ -83.6804199, 12.0243164 ], [ -83.669238299999989, 12.2275391 ], [ -83.6512695, 12.2870605 ], [ -83.667334, 12.3370605 ], [ -83.7162109, 12.4067383 ], [ -83.754248, 12.5019531 ], [ -83.7183594, 12.5526367 ], [ -83.6816406, 12.5681152 ], [ -83.6253418, 12.6128906 ], [ -83.5933594, 12.7130859 ], [ -83.5780762, 12.6671387 ], [ -83.5912109, 12.5793457 ], [ -83.6236816, 12.5145508 ], [ -83.6271973, 12.4593262 ], [ -83.5958984, 12.3964844 ], [ -83.5652344, 12.3934082 ], [ -83.5109375, 12.4118164 ], [ -83.5179688, 12.5141113 ], [ -83.5412109, 12.5962891 ], [ -83.5144531, 12.9439453 ], [ -83.567334, 13.3203125 ], [ -83.49375, 13.7388184 ], [ -83.4123047, 13.9964844 ], [ -83.346582, 14.0569824 ], [ -83.2808105, 14.1536133 ], [ -83.2117187, 14.2671387 ], [ -83.1877441, 14.3400879 ], [ -83.2992188, 14.7490234 ], [ -83.3407227, 14.7652832 ], [ -83.3748535, 14.7661133 ], [ -83.4137207, 14.8253418 ], [ -83.3890137, 14.8706543 ], [ -83.3443848, 14.9020996 ], [ -83.306347699999989, 14.8905273 ], [ -83.302002, 14.8020996 ], [ -83.2798828, 14.812793 ], [ -83.215918, 14.932373 ], [ -83.1853516, 14.9563965 ], [ -83.1575195, 14.9930664 ], [ -83.4150391, 15.0080566 ] ] ] ] } },
{ "type": "Feature", "properties": { "iso3": "ABW", "territorio": "Aruba", "value": null, "color": "#CCCCCC" }, "geometry": { "type": "MultiPolygon", "coordinates": [ [ [ [ -69.9118164, 12.4804688 ], [ -69.9731445, 12.567627 ], [ -70.0351074, 12.6141113 ], [ -70.0508789, 12.5970703 ], [ -70.0661133, 12.5469727 ], [ -70.0041504, 12.5004883 ], [ -69.9421875, 12.4385254 ], [ -69.8957031, 12.422998 ], [ -69.8991211, 12.452002 ], [ -69.9118164, 12.4804688 ] ] ] ] } },
{ "type": "Feature", "properties": { "iso3": "CUW", "territorio": "Curaçao", "value": null, "color": "#CCCCCC" }, "geometry": { "type": "MultiPolygon", "coordinates": [ [ [ [ -68.8273926, 12.1585449 ], [ -69.0131348, 12.2313477 ], [ -69.0767578, 12.342041 ], [ -69.118457, 12.3732422 ], [ -69.1588867, 12.3802734 ], [ -69.1538086, 12.2984375 ], [ -68.9951172, 12.1418457 ], [ -68.8033203, 12.045459 ], [ -68.7510742, 12.0597656 ], [ -68.8273926, 12.1585449 ] ] ] ] } },
{ "type": "Feature", "properties": { "iso3": "MEX", "territorio": "Mexico", "value": null, "color": "#CCCCCC" }, "geometry": { "type": "MultiPolygon", "coordinates": [ [ [ [ -117.0631348, 32.3436035 ], [ -117.0347656, 32.3050293 ], [ -116.9136719, 32.1985352 ], [ -116.847998, 31.9973633 ], [ -116.620800799999984, 31.8510742 ], [ -116.623877, 31.7580078 ], [ -116.652099600000014, 31.740332 ], [ -116.701709, 31.7436523 ], [ -116.7220703, 31.7345703 ], [ -116.668457, 31.6986328 ], [ -116.6621582, 31.5648926 ], [ -116.6095703, 31.4990723 ], [ -116.4584961, 31.3609863 ], [ -116.3334473, 31.2027832 ], [ -116.309668, 31.1273438 ], [ -116.309619099999978, 31.0509766 ], [ -116.2962891, 30.9705078 ], [ -116.062158200000013, 30.8041504 ], [ -116.035351600000013, 30.7054687 ], [ -116.028564499999987, 30.5635742 ], [ -115.9958008, 30.4144531 ], [ -115.858203100000011, 30.3598145 ], [ -115.815625, 30.3036133 ], [ -115.789550800000015, 30.0841797 ], [ -115.8083008, 29.9602051 ], [ -115.748681599999983, 29.9357422 ], [ -115.6738281, 29.7563965 ], [ -115.56528320000001, 29.6800293 ], [ -115.3111816, 29.5319336 ], [ -115.1663574, 29.4272461 ], [ -114.993505899999988, 29.3844238 ], [ -114.937304700000013, 29.3516113 ], [ -114.8759277, 29.2818848 ], [ -114.6640137, 29.0945801 ], [ -114.309228499999989, 28.7299316 ], [ -114.1455078, 28.6054199 ], [ -114.0484863, 28.4261719 ], [ -114.0927246, 28.2213379 ], [ -114.1852539, 28.0132812 ], [ -114.265869099999989, 27.9344727 ], [ -114.2526367, 27.9080078 ], [ -114.15839840000001, 27.9196777 ], [ -114.1573242, 27.8679687 ], [ -114.1753906, 27.8305664 ], [ -114.1350586, 27.7266113 ], [ -114.0693359, 27.6756836 ], [ -114.137207, 27.6714355 ], [ -114.232666, 27.7181152 ], [ -114.3022461, 27.7757324 ], [ -114.2890625, 27.8385742 ], [ -114.3005859, 27.872998 ], [ -114.3727051, 27.8412109 ], [ -114.4484863, 27.796875 ], [ -114.5700195, 27.7839355 ], [ -114.823535199999981, 27.8299316 ], [ -115.036474599999977, 27.8418457 ], [ -115.03320309999998, 27.798877 ], [ -114.993505899999988, 27.7360352 ], [ -114.8587402, 27.6591797 ], [ -114.715625, 27.5395508 ], [ -114.5398926, 27.4311035 ], [ -114.498291, 27.3762207 ], [ -114.4796875, 27.2835937 ], [ -114.4452637, 27.2181641 ], [ -114.3333984, 27.1580078 ], [ -114.2018555, 27.1435059 ], [ -114.110058599999988, 27.105957 ], [ -113.9964844, 26.9876953 ], [ -113.9359375, 26.9852539 ], [ -113.8409668, 26.9665039 ], [ -113.7566406, 26.8708496 ], [ -113.7012695, 26.7913574 ], [ -113.5985352, 26.7212891 ], [ -113.4258789, 26.7958008 ], [ -113.2722656, 26.7909668 ], [ -113.2057617, 26.8569824 ], [ -113.155810500000015, 26.9462402 ], [ -113.1432129, 26.7921875 ], [ -113.1192383, 26.7165039 ], [ -113.020752, 26.583252 ], [ -112.6583984, 26.316748 ], [ -112.526074200000011, 26.2734863 ], [ -112.3772461, 26.213916 ], [ -112.1738281, 25.9125977 ], [ -112.1197754, 25.7655273 ], [ -112.1145996, 25.6303711 ], [ -112.0933594, 25.584375 ], [ -112.069873, 25.5728516 ], [ -112.0557617, 25.4882324 ], [ -112.0779785, 25.3239746 ], [ -112.1285156, 25.0431152 ], [ -112.119043, 24.9340332 ], [ -112.0725586, 24.8400391 ], [ -111.8482422, 24.6700684 ], [ -111.8251953, 24.6317871 ], [ -111.8222656, 24.5733887 ], [ -111.8024902, 24.5425293 ], [ -111.750390599999989, 24.5541504 ], [ -111.6829102, 24.5558105 ], [ -111.5782227, 24.4430176 ], [ -111.4193359, 24.3290039 ], [ -111.0361816, 24.1052734 ], [ -110.8955566, 23.9702637 ], [ -110.7648926, 23.877002 ], [ -110.6299805, 23.7373047 ], [ -110.362695300000013, 23.6049316 ], [ -110.2887695, 23.5176758 ], [ -110.2440918, 23.4122559 ], [ -110.1806152, 23.3415039 ], [ -110.0860352, 23.0054687 ], [ -110.00625, 22.894043 ], [ -109.9234375, 22.8858887 ], [ -109.8230469, 22.922168 ], [ -109.728418, 22.9818359 ], [ -109.630468799999989, 23.0786621 ], [ -109.4957031, 23.1598145 ], [ -109.4580566, 23.2147461 ], [ -109.4149902, 23.4055664 ], [ -109.4208496, 23.480127 ], [ -109.5096191, 23.5979004 ], [ -109.676562499999989, 23.6615723 ], [ -109.7105469, 23.8038086 ], [ -109.7759766, 23.8648926 ], [ -109.8113281, 23.9390137 ], [ -109.8931641, 24.0330078 ], [ -109.9825195, 24.109375 ], [ -110.0228027, 24.1746094 ], [ -110.2628906, 24.3445313 ], [ -110.3037598, 24.3394531 ], [ -110.3250977, 24.305957 ], [ -110.3208984, 24.2591797 ], [ -110.2968262, 24.194873 ], [ -110.3199707, 24.1394531 ], [ -110.367431599999989, 24.1004883 ], [ -110.409619100000015, 24.130957 ], [ -110.3996582, 24.1651367 ], [ -110.4214844, 24.1833984 ], [ -110.5469727, 24.2141602 ], [ -110.6593262, 24.3414551 ], [ -110.7345215, 24.5898438 ], [ -110.7290039, 24.6715332 ], [ -110.6772461, 24.7885254 ], [ -110.6867676, 24.8676758 ], [ -110.7556641, 24.9945801 ], [ -110.8939453, 25.1442383 ], [ -111.013623, 25.4203125 ], [ -111.0344238, 25.5269531 ], [ -111.1495605, 25.5726074 ], [ -111.2916016, 25.7897949 ], [ -111.3303711, 25.9313477 ], [ -111.3321289, 26.1254395 ], [ -111.4045898, 26.2650391 ], [ -111.4185059, 26.3499512 ], [ -111.464502, 26.4084473 ], [ -111.470166, 26.5066406 ], [ -111.5458984, 26.5791992 ], [ -111.5696777, 26.7076172 ], [ -111.7952637, 26.8796875 ], [ -111.8217773, 26.8650879 ], [ -111.8168457, 26.75625 ], [ -111.7785156, 26.6872559 ], [ -111.6994141, 26.580957 ], [ -111.7233887, 26.5644043 ], [ -111.7540039, 26.5727051 ], [ -111.8626465, 26.6785156 ], [ -111.883154300000015, 26.8401855 ], [ -112.009082, 26.9670898 ], [ -112.0155762, 27.0097168 ], [ -112.0039551, 27.0791016 ], [ -112.098144499999989, 27.1459473 ], [ -112.191455100000013, 27.1866699 ], [ -112.2826172, 27.3474609 ], [ -112.3291992, 27.5234375 ], [ -112.5526367, 27.6574707 ], [ -112.7340332, 27.8259766 ], [ -112.758203099999989, 27.9006348 ], [ -112.749316400000012, 27.994873 ], [ -112.8080566, 28.0921875 ], [ -112.7957031, 28.2071289 ], [ -112.868457, 28.2919922 ], [ -112.8652344, 28.3506348 ], [ -112.8708496, 28.4242188 ], [ -112.9566406, 28.4558594 ], [ -113.0335938, 28.4726074 ], [ -113.093652299999988, 28.5117676 ], [ -113.2055664, 28.7987793 ], [ -113.2588867, 28.8188477 ], [ -113.320703099999989, 28.8131348 ], [ -113.3350098, 28.8390625 ], [ -113.3289062, 28.8730469 ], [ -113.3818359, 28.9466797 ], [ -113.499707, 28.926709 ], [ -113.5384766, 29.0233887 ], [ -113.5453125, 29.1022461 ], [ -113.755468799999989, 29.3674805 ], [ -113.8289551, 29.4394531 ], [ -114.0619141, 29.6095215 ], [ -114.1791992, 29.7343262 ], [ -114.3726074, 29.8302246 ], [ -114.403418, 29.8964844 ], [ -114.5504883, 30.0222656 ], [ -114.6299316, 30.1562988 ], [ -114.6497559, 30.2381348 ], [ -114.6333008, 30.5068848 ], [ -114.6854492, 30.6211914 ], [ -114.7033691, 30.7651855 ], [ -114.7610352, 30.9587402 ], [ -114.8446777, 31.0804688 ], [ -114.8818848, 31.1563965 ], [ -114.848144499999989, 31.5379395 ], [ -114.7898926, 31.6471191 ], [ -114.839502, 31.7985352 ], [ -114.895068400000014, 31.8506348 ], [ -114.9335938, 31.9007324 ], [ -114.741308600000011, 31.8064941 ], [ -114.69760740000001, 31.7774414 ], [ -114.6087891, 31.7622559 ], [ -114.5486816, 31.7335449 ], [ -114.2640625, 31.5544434 ], [ -114.149316399999989, 31.507373 ], [ -114.0809082, 31.5103516 ], [ -114.0026855, 31.5251465 ], [ -113.9774902, 31.5927246 ], [ -113.9477539, 31.6293457 ], [ -113.7594238, 31.5577637 ], [ -113.6999512, 31.5233398 ], [ -113.6330078, 31.467627 ], [ -113.6234863, 31.3458984 ], [ -113.4808105, 31.2936035 ], [ -113.2314453, 31.255957 ], [ -113.1861816, 31.2360352 ], [ -113.0836426, 31.2071777 ], [ -113.0467285, 31.179248 ], [ -113.0429199, 31.0870117 ], [ -113.0728027, 31.0608887 ], [ -113.107959, 31.0772949 ], [ -113.1186035, 31.0480957 ], [ -113.1049805, 31.0271973 ], [ -113.0870117, 30.9380859 ], [ -113.1104492, 30.7933105 ], [ -113.057666, 30.6510254 ], [ -112.9517578, 30.5100098 ], [ -112.8248047, 30.3001465 ], [ -112.7592285, 30.1256836 ], [ -112.7383789, 29.9854492 ], [ -112.697168, 29.9168457 ], [ -112.653125, 29.8700684 ], [ -112.5729004, 29.7195312 ], [ -112.4145508, 29.5364258 ], [ -112.3886719, 29.4601074 ], [ -112.3932129, 29.4197266 ], [ -112.3782227, 29.3477051 ], [ -112.301416, 29.3229004 ], [ -112.2234863, 29.2694824 ], [ -112.192041, 29.1179688 ], [ -112.1617676, 29.0188965 ], [ -112.044873, 28.8958984 ], [ -111.9408203, 28.8231934 ], [ -111.9186035, 28.7979004 ], [ -111.9070312, 28.7524902 ], [ -111.8324219, 28.6481445 ], [ -111.7472168, 28.5639648 ], [ -111.680078099999989, 28.4705566 ], [ -111.4716797, 28.3839844 ], [ -111.282421899999989, 28.1152344 ], [ -111.121386699999988, 27.9669922 ], [ -110.986084, 27.9259766 ], [ -110.9208008, 27.8888672 ], [ -110.8486328, 27.9175781 ], [ -110.7590332, 27.9151855 ], [ -110.5298828, 27.864209 ], [ -110.5782715, 27.7956543 ], [ -110.6154785, 27.6539062 ], [ -110.5926758, 27.5443359 ], [ -110.5606445, 27.4501465 ], [ -110.5193848, 27.3956055 ], [ -110.4777832, 27.3226562 ], [ -110.3772949, 27.2333008 ], [ -110.277148400000016, 27.162207 ], [ -109.9439941, 27.0793457 ], [ -109.9256348, 27.0286621 ], [ -109.9217285, 26.9781738 ], [ -109.890918, 26.8833984 ], [ -109.828369099999989, 26.7701172 ], [ -109.7547852, 26.7029297 ], [ -109.676074199999988, 26.6968262 ], [ -109.4828613, 26.7103516 ], [ -109.2762695, 26.5338867 ], [ -109.2432617, 26.4499512 ], [ -109.240625, 26.4046875 ], [ -109.2160156, 26.3552734 ], [ -109.1463379, 26.3057129 ], [ -109.1166992, 26.2527344 ], [ -109.1587891, 26.2583496 ], [ -109.199707, 26.3052246 ], [ -109.2706543, 26.2431152 ], [ -109.3541504, 26.1384766 ], [ -109.4256348, 26.0325684 ], [ -109.38496090000001, 25.7271484 ], [ -109.3042969, 25.6331543 ], [ -109.2539551, 25.6087891 ], [ -109.1964844, 25.5925293 ], [ -109.084082, 25.6150391 ], [ -109.008349599999988, 25.6419922 ], [ -108.9351562, 25.6902832 ], [ -108.8865723, 25.7334473 ], [ -108.8848633, 25.6960449 ], [ -108.9727539, 25.5884766 ], [ -109.068457, 25.5515625 ], [ -109.0634766, 25.5166992 ], [ -109.0288086, 25.4804687 ], [ -108.8931641, 25.5115723 ], [ -108.8436035, 25.5433105 ], [ -108.7872559, 25.5380371 ], [ -108.7509766, 25.4242187 ], [ -108.6963867, 25.3829102 ], [ -108.466259799999989, 25.2651367 ], [ -108.3736816, 25.1943359 ], [ -108.0928223, 25.0935059 ], [ -108.0514648, 25.067041 ], [ -108.0356934, 25.0353516 ], [ -108.0796387, 25.0180664 ], [ -108.1400879, 25.0184082 ], [ -108.192041, 25.0306641 ], [ -108.2433105, 25.0736816 ], [ -108.2807617, 25.081543 ], [ -108.207666, 24.9748047 ], [ -108.015087900000012, 24.7833984 ], [ -108.0087891, 24.6935547 ], [ -107.9511719, 24.6148926 ], [ -107.8166992, 24.5390137 ], [ -107.7095215, 24.5250488 ], [ -107.6736816, 24.5035645 ], [ -107.602002, 24.4901367 ], [ -107.548877, 24.5047852 ], [ -107.5119141, 24.4891602 ], [ -107.488916, 24.4239746 ], [ -107.4937012, 24.3693848 ], [ -107.5272461, 24.3600586 ], [ -107.7266113, 24.4719238 ], [ -107.7649414, 24.4719238 ], [ -107.0848633, 24.0161133 ], [ -106.935498, 23.88125 ], [ -106.7287598, 23.6106934 ], [ -106.5665039, 23.4494629 ], [ -106.4022461, 23.1956055 ], [ -106.2345703, 23.0609375 ], [ -106.0217285, 22.8290527 ], [ -105.9433594, 22.777002 ], [ -105.7917969, 22.6274902 ], [ -105.6455078, 22.3269043 ], [ -105.6491211, 21.9880859 ], [ -105.5274414, 21.818457 ], [ -105.4574219, 21.6724609 ], [ -105.4314453, 21.6182617 ], [ -105.2086914, 21.4908203 ], [ -105.233252, 21.3804199 ], [ -105.225, 21.249707 ], [ -105.2370605, 21.1191895 ], [ -105.3019531, 21.0265625 ], [ -105.3939941, 20.926123 ], [ -105.4563477, 20.8437988 ], [ -105.510839800000014, 20.8087402 ], [ -105.4923828, 20.7766113 ], [ -105.4201172, 20.7753906 ], [ -105.3270508, 20.7529785 ], [ -105.2522949, 20.6685059 ], [ -105.2446777, 20.6341797 ], [ -105.2601562, 20.5790527 ], [ -105.3770508, 20.5118652 ], [ -105.5425781, 20.4979492 ], [ -105.6421387, 20.4359863 ], [ -105.6694336, 20.3855957 ], [ -105.615918, 20.3163086 ], [ -105.5704102, 20.227832 ], [ -105.532421899999989, 20.0753906 ], [ -105.4820801, 19.9760742 ], [ -105.286377, 19.7064941 ], [ -105.107666, 19.562207 ], [ -105.0452148, 19.4432617 ], [ -104.9384766, 19.309375 ], [ -104.6029785, 19.1528809 ], [ -104.4051758, 19.0912109 ], [ -104.277002, 19.0109863 ], [ -104.0456543, 18.9118164 ], [ -103.9124512, 18.8284668 ], [ -103.6989258, 18.632959 ], [ -103.5802734, 18.484375 ], [ -103.4416016, 18.3253906 ], [ -103.0185059, 18.1868652 ], [ -102.6995605, 18.0628418 ], [ -102.5469727, 18.0414062 ], [ -102.2166016, 17.9574219 ], [ -101.9955078, 17.9727051 ], [ -101.9187012, 17.9597656 ], [ -101.8470703, 17.9222656 ], [ -101.7624023, 17.8419922 ], [ -101.600293, 17.6515625 ], [ -101.4870605, 17.615332 ], [ -101.385498, 17.514209 ], [ -101.1478516, 17.3931152 ], [ -101.0019531, 17.276123 ], [ -100.847802699999988, 17.2004883 ], [ -100.4318848, 17.0640625 ], [ -100.2430176, 16.9841797 ], [ -100.0245117, 16.9205078 ], [ -99.6906738, 16.7196289 ], [ -99.3480469, 16.6647461 ], [ -99.001660199999989, 16.5814453 ], [ -98.907959, 16.5445801 ], [ -98.762207, 16.5347656 ], [ -98.520312499999989, 16.304834 ], [ -98.1389648, 16.2062988 ], [ -97.7547852, 15.9668457 ], [ -97.184668, 15.9092773 ], [ -96.807959, 15.726416 ], [ -96.510839800000014, 15.6519043 ], [ -96.4086426, 15.6831055 ], [ -96.2135742, 15.6930664 ], [ -95.7717773, 15.887793 ], [ -95.4644043, 15.974707 ], [ -95.134375, 16.1769531 ], [ -94.9493164, 16.2100098 ], [ -94.7994141, 16.209668 ], [ -94.785791, 16.2291016 ], [ -94.84604490000001, 16.246582 ], [ -95.0208496, 16.2776367 ], [ -95.0235352, 16.30625 ], [ -94.9347168, 16.3791016 ], [ -94.9004395, 16.4174805 ], [ -94.8586914, 16.4197266 ], [ -94.7929199, 16.3645996 ], [ -94.7974609, 16.3270508 ], [ -94.7908203, 16.2871582 ], [ -94.752832, 16.2912109 ], [ -94.6507812, 16.3518066 ], [ -94.6168457, 16.3475586 ], [ -94.5871094, 16.3158203 ], [ -94.6822754, 16.2282227 ], [ -94.6615234, 16.2019043 ], [ -94.470752, 16.1865723 ], [ -94.0012695, 16.0189453 ], [ -94.0283203, 16.0620605 ], [ -94.1934082, 16.1456055 ], [ -94.2495117, 16.1675293 ], [ -94.302832, 16.1693359 ], [ -94.370166, 16.1954102 ], [ -94.426416, 16.2262695 ], [ -94.4090332, 16.2873535 ], [ -94.3741699, 16.2847656 ], [ -94.3112793, 16.2393555 ], [ -94.2398926, 16.2050781 ], [ -94.0789551, 16.1452637 ], [ -93.9160645, 16.0535645 ], [ -93.734375, 15.8884766 ], [ -93.5411621, 15.7503906 ], [ -93.1668945, 15.4480469 ], [ -93.0244141, 15.3102539 ], [ -92.9184082, 15.2361328 ], [ -92.8089355, 15.1385742 ], [ -92.530957, 14.8396484 ], [ -92.2645508, 14.5677734 ], [ -92.2351562, 14.5454102 ], [ -92.2090332, 14.5709961 ], [ -92.187060500000015, 14.6300781 ], [ -92.1599121, 14.6910156 ], [ -92.1764648, 14.7613281 ], [ -92.186377, 14.8183594 ], [ -92.1556641, 14.9013184 ], [ -92.1585449, 14.9635742 ], [ -92.1442383, 15.0019531 ], [ -92.0987305, 15.0267578 ], [ -92.074804700000016, 15.0742188 ], [ -92.2043457, 15.2376953 ], [ -92.204248, 15.275 ], [ -92.1871582, 15.3208984 ], [ -92.082128900000015, 15.4955566 ], [ -91.9572266, 15.7032227 ], [ -91.8194336, 15.932373 ], [ -91.7365723, 16.070166 ], [ -91.4339844, 16.070459 ], [ -91.2337891, 16.0706543 ], [ -90.9795898, 16.0708008 ], [ -90.7032227, 16.0710449 ], [ -90.5219727, 16.0711914 ], [ -90.447168, 16.0727051 ], [ -90.4598633, 16.1623535 ], [ -90.4501465, 16.261377 ], [ -90.4169922, 16.3513184 ], [ -90.4169922, 16.3910156 ], [ -90.4710938, 16.4395508 ], [ -90.5757812, 16.4678223 ], [ -90.634082, 16.5107422 ], [ -90.634375, 16.5651367 ], [ -90.6599609, 16.6309082 ], [ -90.7106934, 16.7081055 ], [ -90.8160156, 16.7871094 ], [ -90.9758301, 16.8678223 ], [ -91.1118652, 16.9761719 ], [ -91.2241699, 17.1122559 ], [ -91.3191895, 17.1998047 ], [ -91.392334, 17.2364258 ], [ -91.4096191, 17.2558594 ], [ -91.1955078, 17.2541016 ], [ -90.9929687, 17.2524414 ], [ -90.9916016, 17.4474609 ], [ -90.9904297, 17.620752 ], [ -90.9891602, 17.8164062 ], [ -90.6220215, 17.8161133 ], [ -90.1835938, 17.8157227 ], [ -89.7288086, 17.815332 ], [ -89.3715332, 17.8149902 ], [ -89.1614746, 17.8148437 ], [ -89.1623535, 17.9019531 ], [ -89.1335449, 17.9708008 ], [ -89.0504395, 17.999707 ], [ -88.942627, 17.9396484 ], [ -88.8978027, 17.9145508 ], [ -88.857373, 17.9288086 ], [ -88.806347699999989, 17.9655273 ], [ -88.7436035, 18.0716309 ], [ -88.586181599999989, 18.2905273 ], [ -88.522998, 18.4458984 ], [ -88.4612793, 18.4767578 ], [ -88.3724121, 18.4823242 ], [ -88.2956543, 18.4724121 ], [ -88.27573240000001, 18.5145508 ], [ -88.1953125, 18.642627 ], [ -88.1967773, 18.7196777 ], [ -88.1267578, 18.7730469 ], [ -88.0737793, 18.8344727 ], [ -88.0317383, 18.838916 ], [ -88.0111328, 18.7268555 ], [ -88.0564453, 18.5244629 ], [ -88.0390625, 18.4838867 ], [ -87.959668, 18.4408691 ], [ -87.8819824, 18.273877 ], [ -87.853222699999989, 18.2689941 ], [ -87.8041016, 18.3570801 ], [ -87.761816400000015, 18.4461426 ], [ -87.7335449, 18.6550293 ], [ -87.6530273, 18.7985352 ], [ -87.5935547, 19.0463867 ], [ -87.5010742, 19.287793 ], [ -87.509472699999989, 19.3174805 ], [ -87.5507812, 19.3209473 ], [ -87.6220703, 19.2504883 ], [ -87.6557617, 19.2578613 ], [ -87.6586914, 19.3523438 ], [ -87.6275391, 19.3827148 ], [ -87.5669922, 19.4157227 ], [ -87.5128906, 19.4255859 ], [ -87.482666, 19.44375 ], [ -87.4347168, 19.501709 ], [ -87.4247559, 19.5833496 ], [ -87.4693848, 19.5864746 ], [ -87.5116699, 19.574707 ], [ -87.5873047, 19.572998 ], [ -87.6453125, 19.5539062 ], [ -87.6900879, 19.5937012 ], [ -87.6876953, 19.6371094 ], [ -87.585791, 19.7794922 ], [ -87.5068848, 19.8274902 ], [ -87.4662109, 19.8241699 ], [ -87.441748, 19.8615234 ], [ -87.4319336, 19.8984863 ], [ -87.4658203, 19.9985352 ], [ -87.4671875, 20.1021484 ], [ -87.4213867, 20.2313965 ], [ -87.2212402, 20.5072754 ], [ -87.0595703, 20.63125 ], [ -86.9262207, 20.7864746 ], [ -86.8646973, 20.8850586 ], [ -86.8155273, 21.0052246 ], [ -86.7717773, 21.1505371 ], [ -86.8038574, 21.2000488 ], [ -86.8170898, 21.2342285 ], [ -86.8240723, 21.4216797 ], [ -86.9117187, 21.4628418 ], [ -87.0347656, 21.5922363 ], [ -87.1284668, 21.6214844 ], [ -87.2164551, 21.5824219 ], [ -87.2757324, 21.5716309 ], [ -87.3685059, 21.5737305 ], [ -87.3866699, 21.5514648 ], [ -87.295752, 21.5249512 ], [ -87.2494629, 21.5266113 ], [ -87.2105957, 21.5439453 ], [ -87.1882812, 21.5464355 ], [ -87.164306599999989, 21.514209 ], [ -87.1875977, 21.4772949 ], [ -87.2179199, 21.4580078 ], [ -87.2508789, 21.4469727 ], [ -87.4804688, 21.4724609 ], [ -87.6888184, 21.5358398 ], [ -87.7737305, 21.5495117 ], [ -88.006835900000013, 21.6040527 ], [ -88.1316406, 21.6158691 ], [ -88.1713867, 21.6035156 ], [ -88.1717285, 21.5914551 ], [ -88.1847656, 21.5789551 ], [ -88.251025399999989, 21.5668945 ], [ -88.4666992, 21.5693848 ], [ -88.584912100000011, 21.5386719 ], [ -88.7466797, 21.4481445 ], [ -88.8787109, 21.4141113 ], [ -89.8197754, 21.2746094 ], [ -89.8876465, 21.2526367 ], [ -90.1829102, 21.1208984 ], [ -90.353125, 21.0094238 ], [ -90.4351562, 20.7575195 ], [ -90.458447299999989, 20.7137207 ], [ -90.4841309, 20.5563477 ], [ -90.4783203, 20.3799805 ], [ -90.486377, 20.2240234 ], [ -90.4824219, 20.0257324 ], [ -90.4916992, 19.9467773 ], [ -90.5070801, 19.9118652 ], [ -90.6500977, 19.7959473 ], [ -90.6931641, 19.7298828 ], [ -90.7392578, 19.3522461 ], [ -90.9550293, 19.1516602 ], [ -91.0589355, 19.0981934 ], [ -91.1359375, 19.0375 ], [ -91.4366699, 18.8897949 ], [ -91.4578613, 18.8646484 ], [ -91.4691895, 18.8330078 ], [ -91.445556599999989, 18.8328125 ], [ -91.3430664, 18.9005859 ], [ -91.3342285, 18.8768066 ], [ -91.3677734, 18.8061035 ], [ -91.3562988, 18.7765625 ], [ -91.3083008, 18.773291 ], [ -91.278759799999989, 18.7206543 ], [ -91.2752441, 18.6244629 ], [ -91.4404785, 18.5418457 ], [ -91.5339844, 18.456543 ], [ -91.599707, 18.447168 ], [ -91.8029785, 18.4706055 ], [ -91.9135742, 18.5285156 ], [ -91.942675799999989, 18.5634277 ], [ -91.8804687, 18.5996582 ], [ -91.8803711, 18.637793 ], [ -91.9737793, 18.7158691 ], [ -92.103222699999989, 18.7043945 ], [ -92.2131836, 18.6848633 ], [ -92.4410156, 18.675293 ], [ -92.4853027, 18.6647949 ], [ -92.7101074, 18.6116699 ], [ -92.7289551, 18.5745117 ], [ -92.7690918, 18.5241211 ], [ -92.8847656, 18.4686523 ], [ -93.1273438, 18.4234375 ], [ -93.2279297, 18.4437988 ], [ -93.5523437, 18.4304688 ], [ -93.7644043, 18.3579102 ], [ -93.8731445, 18.3044434 ], [ -94.1890137, 18.1952637 ], [ -94.392285199999989, 18.1659668 ], [ -94.4597656, 18.1666504 ], [ -94.5461914, 18.1748535 ], [ -94.6816406, 18.3484863 ], [ -94.7981445, 18.5145996 ], [ -95.0146973, 18.5706055 ], [ -95.1818359, 18.7007324 ], [ -95.5614258, 18.7191406 ], [ -95.6971191, 18.7749023 ], [ -95.7198242, 18.7683594 ], [ -95.6549316, 18.7236816 ], [ -95.5783203, 18.6904297 ], [ -95.6268066, 18.6905762 ], [ -95.8210937, 18.7546387 ], [ -95.9203613, 18.8195801 ], [ -95.9282227, 18.8500977 ], [ -95.8103516, 18.8038574 ], [ -95.778125, 18.8055176 ], [ -95.9130371, 18.897168 ], [ -95.984668, 19.0537598 ], [ -96.0733887, 19.1056641 ], [ -96.1239746, 19.1990723 ], [ -96.2895508, 19.34375 ], [ -96.315332, 19.4728516 ], [ -96.368359399999989, 19.5672363 ], [ -96.4560547, 19.8697754 ], [ -96.7086914, 20.1882813 ], [ -97.1214355, 20.6149902 ], [ -97.186328100000011, 20.717041 ], [ -97.1949707, 20.8000977 ], [ -97.3571289, 21.1040039 ], [ -97.5005859, 21.3980469 ], [ -97.5010742, 21.4320312 ], [ -97.5145508, 21.4779785 ], [ -97.5665527, 21.5077148 ], [ -97.5976074, 21.5358887 ], [ -97.6375488, 21.6036621 ], [ -97.753808600000013, 22.0266602 ], [ -97.5903809, 21.7620117 ], [ -97.4565918, 21.6124023 ], [ -97.3834473, 21.5666992 ], [ -97.3848145, 21.5238281 ], [ -97.4244141, 21.465332 ], [ -97.4341309, 21.3564941 ], [ -97.4091797, 21.2725586 ], [ -97.3875488, 21.3739258 ], [ -97.3368652, 21.4378906 ], [ -97.314502, 21.564209 ], [ -97.3601562, 21.6149414 ], [ -97.4845215, 21.704834 ], [ -97.5847656, 21.8085449 ], [ -97.7632812, 22.1058594 ], [ -97.782373, 22.2792969 ], [ -97.8424805, 22.5103027 ], [ -97.8416016, 22.5570801 ], [ -97.8578125, 22.6245117 ], [ -97.8166992, 22.7763184 ], [ -97.7583496, 22.8860352 ], [ -97.7452148, 22.9423828 ], [ -97.765869099999989, 23.3061523 ], [ -97.7273926, 23.7322266 ], [ -97.7426758, 23.7606445 ], [ -97.7286133, 23.7879395 ], [ -97.717041, 23.9806152 ], [ -97.6676758, 24.3899902 ], [ -97.5070801, 25.0145508 ], [ -97.4240723, 25.2331055 ], [ -97.2249023, 25.5854492 ], [ -97.164453099999989, 25.7549316 ], [ -97.1462402, 25.9614746 ], [ -97.2817871, 25.9416016 ], [ -97.3386719, 25.9111816 ], [ -97.3497559, 25.8847656 ], [ -97.3581543, 25.8705078 ], [ -97.375634800000014, 25.8718262 ], [ -97.4402832, 25.8908203 ], [ -97.5872559, 25.9841797 ], [ -97.801416, 26.042041 ], [ -98.082812499999989, 26.0644531 ], [ -98.2750488, 26.1111816 ], [ -98.378125, 26.182373 ], [ -98.4858887, 26.2245605 ], [ -98.598291, 26.2378418 ], [ -98.691406199999989, 26.2764648 ], [ -98.7652344, 26.3404297 ], [ -98.8731934, 26.38125 ], [ -99.015283200000013, 26.3989746 ], [ -99.1077637, 26.4469238 ], [ -99.1720703, 26.5641602 ], [ -99.1723633, 26.565918 ], [ -99.2299316, 26.7619141 ], [ -99.3024414, 26.8847168 ], [ -99.4435547, 27.0366699 ], [ -99.4564941, 27.0566406 ], [ -99.456543, 27.0566895 ], [ -99.4577148, 27.0816895 ], [ -99.4402344, 27.1701172 ], [ -99.455127, 27.2336914 ], [ -99.4998047, 27.285498 ], [ -99.5100586, 27.340332 ], [ -99.4858398, 27.3980469 ], [ -99.4842773, 27.4673828 ], [ -99.505322299999989, 27.5483398 ], [ -99.5953125, 27.6358887 ], [ -99.754248, 27.7299316 ], [ -99.8896484, 27.8672852 ], [ -100.001416, 28.0478516 ], [ -100.1119629, 28.1729492 ], [ -100.2212891, 28.242627 ], [ -100.2960449, 28.3276855 ], [ -100.3362793, 28.428125 ], [ -100.348144499999989, 28.4864258 ], [ -100.3317383, 28.5025391 ], [ -100.398925800000015, 28.614209 ], [ -100.549707, 28.8213379 ], [ -100.6363281, 28.9728027 ], [ -100.6586426, 29.0685547 ], [ -100.7545898, 29.1825195 ], [ -100.9241211, 29.3146973 ], [ -101.0163086, 29.4006836 ], [ -101.038623, 29.4603027 ], [ -101.0389648, 29.4604004 ], [ -101.3035156, 29.634082 ], [ -101.3803711, 29.7425781 ], [ -101.4403809, 29.7768555 ], [ -101.5092773, 29.7731445 ], [ -101.5446289, 29.7835449 ], [ -101.5463867, 29.8080566 ], [ -101.5687012, 29.8092285 ], [ -101.6116211, 29.7869629 ], [ -101.7523438, 29.7824707 ], [ -101.990918, 29.7957031 ], [ -102.1630859, 29.8252441 ], [ -102.2689453, 29.8711914 ], [ -102.3430664, 29.8649902 ], [ -102.3856445, 29.8066406 ], [ -102.4762695, 29.7690918 ], [ -102.6149414, 29.7523437 ], [ -102.7341797, 29.6439453 ], [ -102.8339844, 29.4439453 ], [ -102.877832, 29.315332 ], [ -102.8656738, 29.2580078 ], [ -102.8919922, 29.2164062 ], [ -102.9568359, 29.1903809 ], [ -103.0228516, 29.1322266 ], [ -103.089990199999988, 29.0418945 ], [ -103.1683105, 28.9981934 ], [ -103.2577148, 29.001123 ], [ -103.4229492, 29.0707031 ], [ -103.6639648, 29.2068848 ], [ -103.8529297, 29.2910645 ], [ -103.9897461, 29.3231445 ], [ -104.1105957, 29.3861328 ], [ -104.2155273, 29.4798828 ], [ -104.312207, 29.5424316 ], [ -104.4006348, 29.5737305 ], [ -104.504003900000015, 29.6776855 ], [ -104.6222168, 29.8542969 ], [ -104.681347699999989, 29.9905273 ], [ -104.681347699999989, 30.134375 ], [ -104.8358887, 30.4476562 ], [ -104.9178711, 30.5833496 ], [ -104.9788086, 30.6459473 ], [ -105.098144499999989, 30.7205566 ], [ -105.2758301, 30.8072754 ], [ -105.5140137, 30.9807617 ], [ -105.812695300000016, 31.2410156 ], [ -106.0240723, 31.3977539 ], [ -106.1480469, 31.4509277 ], [ -106.2557129, 31.5446777 ], [ -106.3469727, 31.6790039 ], [ -106.4360352, 31.7644531 ], [ -106.4454102, 31.7684082 ], [ -106.4532227, 31.770166 ], [ -106.673046899999989, 31.7713379 ], [ -106.8928711, 31.7724609 ], [ -107.1126953, 31.7736328 ], [ -107.332519499999989, 31.7747559 ], [ -107.552343799999989, 31.7758789 ], [ -107.7722168, 31.7770508 ], [ -107.992041, 31.7781738 ], [ -108.211816399999989, 31.7793457 ], [ -108.2125, 31.6668457 ], [ -108.2131836, 31.5543945 ], [ -108.2138184, 31.4418945 ], [ -108.2144531, 31.3294434 ], [ -108.5678711, 31.3288086 ], [ -108.9213379, 31.328125 ], [ -109.274755899999988, 31.3274414 ], [ -109.6282227, 31.3268066 ], [ -109.9816406, 31.3261719 ], [ -110.3351074, 31.3255371 ], [ -110.6885254, 31.3248535 ], [ -111.0419922, 31.3242188 ], [ -111.5162109, 31.4722656 ], [ -111.9904785, 31.6202148 ], [ -112.4647461, 31.7682617 ], [ -112.9389648, 31.9162598 ], [ -113.4131836, 32.0643066 ], [ -113.8874512, 32.2123047 ], [ -114.3617188, 32.3603027 ], [ -114.835937500000014, 32.5083008 ], [ -114.787988299999981, 32.5647949 ], [ -114.7247559, 32.715332 ], [ -114.8390625, 32.7047363 ], [ -115.125195300000016, 32.6833008 ], [ -115.411377, 32.6618652 ], [ -115.697509799999978, 32.6404785 ], [ -115.9836914, 32.619043 ], [ -116.269824199999974, 32.5976074 ], [ -116.555957, 32.5762207 ], [ -116.842089800000011, 32.5547852 ], [ -117.128271499999983, 32.5333496 ], [ -117.0631348, 32.3436035 ] ] ], [ [ [ -86.8087891, 20.468457 ], [ -86.7550293, 20.5517578 ], [ -86.7632812, 20.5790527 ], [ -86.8285645, 20.5587891 ], [ -86.927832, 20.5515137 ], [ -86.9779785, 20.4897949 ], [ -87.0194336, 20.3823242 ], [ -86.9914062, 20.272168 ], [ -86.9396484, 20.3033203 ], [ -86.8087891, 20.468457 ] ] ], [ [ [ -106.5238281, 21.6523438 ], [ -106.536425799999989, 21.6763672 ], [ -106.5973633, 21.7121582 ], [ -106.6393555, 21.6978516 ], [ -106.6341797, 21.6131348 ], [ -106.6070312, 21.5614746 ], [ -106.5313477, 21.5285156 ], [ -106.5022461, 21.6108398 ], [ -106.5238281, 21.6523438 ] ] ], [ [ [ -110.9420898, 18.801709 ], [ -110.9894043, 18.8631348 ], [ -111.039941399999989, 18.830127 ], [ -111.063671899999989, 18.7816406 ], [ -110.9748047, 18.7203613 ], [ -110.914453099999989, 18.7414551 ], [ -110.9420898, 18.801709 ] ] ], [ [ [ -110.5952148, 25.0421387 ], [ -110.6902344, 25.0878418 ], [ -110.6992676, 25.0814453 ], [ -110.703418, 25.0466309 ], [ -110.657421899999989, 24.9688477 ], [ -110.5901855, 24.9080566 ], [ -110.5388672, 24.8915527 ], [ -110.5673828, 25.0034668 ], [ -110.5952148, 25.0421387 ] ] ], [ [ [ -113.1779297, 29.1319336 ], [ -113.2021484, 29.3018555 ], [ -113.3738281, 29.338916 ], [ -113.3758301, 29.4174805 ], [ -113.415918, 29.4859375 ], [ -113.507959, 29.5599121 ], [ -113.587207, 29.5730469 ], [ -113.5943848, 29.4626953 ], [ -113.5806152, 29.4132324 ], [ -113.4963379, 29.3076172 ], [ -113.2647461, 29.0967285 ], [ -113.162793, 29.0347656 ], [ -113.155615200000014, 29.0522461 ], [ -113.1779297, 29.1319336 ] ] ], [ [ [ -115.1485352, 28.1721191 ], [ -115.196972699999975, 28.3278809 ], [ -115.233544900000012, 28.3683594 ], [ -115.273974599999974, 28.3427734 ], [ -115.2604004, 28.2205566 ], [ -115.3529297, 28.1039551 ], [ -115.1842773, 28.0372559 ], [ -115.1706055, 28.0693848 ], [ -115.1485352, 28.1721191 ] ] ], [ [ [ -112.2487305, 29.1259766 ], [ -112.2634277, 29.2067871 ], [ -112.2850586, 29.2404297 ], [ -112.423535199999989, 29.2036621 ], [ -112.4698242, 29.1677246 ], [ -112.5310059, 28.8939941 ], [ -112.5140625, 28.8476074 ], [ -112.3552734, 28.7731445 ], [ -112.278418, 28.7693359 ], [ -112.2030762, 29.0053223 ], [ -112.2487305, 29.1259766 ] ] ], [ [ [ -118.2473633, 29.0433594 ], [ -118.265527299999988, 29.0864258 ], [ -118.312060500000015, 29.1305176 ], [ -118.312304700000013, 29.1828613 ], [ -118.3678223, 29.1875977 ], [ -118.4013672, 29.1627441 ], [ -118.4000977, 29.1123047 ], [ -118.285498, 28.9037598 ], [ -118.2427734, 28.9419434 ], [ -118.2473633, 29.0433594 ] ] ], [ [ [ -86.7269043, 21.2643066 ], [ -86.7390625, 21.2799805 ], [ -86.7528809, 21.2788086 ], [ -86.736377, 21.2333008 ], [ -86.713623, 21.1967773 ], [ -86.6962891, 21.1910156 ], [ -86.7140137, 21.2393066 ], [ -86.7269043, 21.2643066 ] ] ], [ [ [ -91.654248, 18.7114746 ], [ -91.5367187, 18.7600098 ], [ -91.550293, 18.7736816 ], [ -91.5891113, 18.7780273 ], [ -91.8161133, 18.6758789 ], [ -91.7961426, 18.6541992 ], [ -91.6836914, 18.6773437 ], [ -91.654248, 18.7114746 ] ] ], [ [ [ -109.7956055, 24.1635742 ], [ -109.7937988, 24.1833984 ], [ -109.890332, 24.3448242 ], [ -109.9004883, 24.3309082 ], [ -109.8779297, 24.2006348 ], [ -109.8267578, 24.1475586 ], [ -109.805078099999989, 24.1510742 ], [ -109.7956055, 24.1635742 ] ] ], [ [ [ -114.6879395, 31.7242188 ], [ -114.709082, 31.7568848 ], [ -114.771093799999989, 31.7940918 ], [ -114.784570300000013, 31.7897949 ], [ -114.789209, 31.7474121 ], [ -114.727246099999988, 31.7013672 ], [ -114.694140600000011, 31.7056152 ], [ -114.6879395, 31.7242188 ] ] ], [ [ [ -111.0908691, 26.0756836 ], [ -111.1392578, 26.0698242 ], [ -111.1829102, 26.040625 ], [ -111.2246582, 25.8358887 ], [ -111.2044922, 25.849707 ], [ -111.1352539, 25.9991699 ], [ -111.094433599999988, 25.9740723 ], [ -111.0877441, 25.9845215 ], [ -111.100293, 26.0206055 ], [ -111.0908691, 26.0756836 ] ] ], [ [ [ -111.8568359, 24.5379883 ], [ -111.940869100000015, 24.551123 ], [ -112.0132812, 24.5333984 ], [ -111.7123047, 24.3463867 ], [ -111.698877, 24.3936035 ], [ -111.8568359, 24.5379883 ] ] ], [ [ [ -112.067480499999988, 24.5836426 ], [ -112.1262695, 24.6540039 ], [ -112.1302246, 24.7295898 ], [ -112.1637695, 24.7996582 ], [ -112.1950195, 24.8410645 ], [ -112.19838870000001, 24.8854492 ], [ -112.1316895, 25.2243652 ], [ -112.1594238, 25.2856445 ], [ -112.2223145, 24.951123 ], [ -112.296777299999988, 24.7896484 ], [ -112.210498, 24.7631348 ], [ -112.1754883, 24.7295898 ], [ -112.1628906, 24.650293 ], [ -112.0773438, 24.5345703 ], [ -112.0572754, 24.5457031 ], [ -112.067480499999988, 24.5836426 ] ] ] ] } },
{ "type": "Feature", "properties": { "iso3": "JAM", "territorio": "Jamaica", "value": null, "color": "#CCCCCC" }, "geometry": { "type": "MultiPolygon", "coordinates": [ [ [ [ -77.354248, 18.4664551 ], [ -77.4516113, 18.467041 ], [ -77.8734375, 18.5222168 ], [ -77.9268555, 18.5006836 ], [ -77.9781738, 18.4678223 ], [ -78.0945312, 18.4448242 ], [ -78.2166992, 18.4480957 ], [ -78.2524414, 18.4262695 ], [ -78.3259766, 18.3497559 ], [ -78.339502, 18.287207 ], [ -78.2940918, 18.2180664 ], [ -78.0736328, 18.1911621 ], [ -78.0444824, 18.1738281 ], [ -77.9629883, 18.0475586 ], [ -77.88129880000001, 18.019043 ], [ -77.8494141, 17.9875 ], [ -77.7681641, 17.8773926 ], [ -77.670752, 17.8597168 ], [ -77.4638672, 17.8560547 ], [ -77.3614258, 17.8336914 ], [ -77.2798828, 17.779541 ], [ -77.2049805, 17.7149414 ], [ -77.1583984, 17.8450684 ], [ -77.1194824, 17.8800781 ], [ -77.0712891, 17.9012695 ], [ -77.0359375, 17.8541016 ], [ -76.9441406, 17.8487793 ], [ -76.8962402, 17.9041016 ], [ -76.8532227, 17.9737305 ], [ -76.7948242, 17.9763184 ], [ -76.748291, 17.9648926 ], [ -76.7743164, 17.9404297 ], [ -76.6693848, 17.9276367 ], [ -76.6253906, 17.9009766 ], [ -76.5246094, 17.8662109 ], [ -76.4155273, 17.8682129 ], [ -76.3014648, 17.879834 ], [ -76.210791, 17.9135254 ], [ -76.2327637, 17.9703125 ], [ -76.3498535, 18.1518555 ], [ -76.7007324, 18.2571777 ], [ -76.7932617, 18.3042969 ], [ -76.9082031, 18.3904297 ], [ -76.959375, 18.4018555 ], [ -77.0137695, 18.4029297 ], [ -77.1395508, 18.4214844 ], [ -77.2614746, 18.4574219 ], [ -77.354248, 18.4664551 ] ] ] ] } },
{ "type": "Feature", "properties": { "iso3": "HND", "territorio": "Honduras", "value": null, "color": "#CCCCCC" }, "geometry": { "type": "MultiPolygon", "coordinates": [ [ [ [ -83.2255859, 15.0422852 ], [ -83.2908691, 15.0789063 ], [ -83.3691895, 15.2399902 ], [ -83.6463867, 15.3684082 ], [ -83.676123, 15.3654297 ], [ -83.5510742, 15.2939941 ], [ -83.4979492, 15.2221191 ], [ -83.5359375, 15.2193848 ], [ -83.5896484, 15.2657715 ], [ -83.672168, 15.2607422 ], [ -83.715918, 15.2192383 ], [ -83.7604492, 15.2203613 ], [ -83.8016602, 15.2892578 ], [ -83.8706543, 15.3527344 ], [ -83.9274414, 15.394043 ], [ -84.0131836, 15.4144043 ], [ -84.0479492, 15.3976074 ], [ -84.0950684, 15.4009277 ], [ -84.1051758, 15.430127 ], [ -84.1113281, 15.4924316 ], [ -84.0827637, 15.5108887 ], [ -83.9728027, 15.5196289 ], [ -83.7652832, 15.4054688 ], [ -83.7754883, 15.4368652 ], [ -84.2614258, 15.8226074 ], [ -84.519628900000015, 15.8727539 ], [ -84.4903809, 15.8472656 ], [ -84.4259766, 15.8294922 ], [ -84.4400391, 15.8125977 ], [ -84.4922852, 15.7939453 ], [ -84.559668, 15.802002 ], [ -84.6460937, 15.8835938 ], [ -84.9737305, 15.9898926 ], [ -85.0482422, 15.9739746 ], [ -85.1636719, 15.9181641 ], [ -85.4836914, 15.8995117 ], [ -85.7839844, 16.002832 ], [ -85.9856445, 16.0241699 ], [ -85.9539062, 16.0022461 ], [ -85.9362793, 15.953418 ], [ -86.0685547, 15.9056641 ], [ -86.1812012, 15.8851562 ], [ -86.3566406, 15.7832031 ], [ -86.4808105, 15.8010742 ], [ -86.7570312, 15.7942383 ], [ -86.9072266, 15.7623535 ], [ -87.2858887, 15.8344238 ], [ -87.377490200000011, 15.8264648 ], [ -87.4869141, 15.7901855 ], [ -87.5449707, 15.832373 ], [ -87.6181641, 15.9098633 ], [ -87.7018555, 15.9106445 ], [ -87.8749512, 15.8793457 ], [ -87.9070312, 15.8625977 ], [ -88.0104004, 15.7861816 ], [ -88.0545898, 15.7648438 ], [ -88.1311035, 15.7010254 ], [ -88.2283203, 15.7290039 ], [ -88.2714355, 15.694873 ], [ -88.3645508, 15.6160156 ], [ -88.5333008, 15.4812012 ], [ -88.6844727, 15.360498 ], [ -88.8299316, 15.2510254 ], [ -88.9609863, 15.1524414 ], [ -88.976416, 15.1426758 ], [ -89.1425781, 15.0723145 ], [ -89.1703125, 15.0398926 ], [ -89.2061035, 14.9005859 ], [ -89.2223633, 14.8660645 ], [ -89.1922363, 14.7887207 ], [ -89.162207, 14.6692383 ], [ -89.1717773, 14.6068848 ], [ -89.2867187, 14.5299805 ], [ -89.339404300000012, 14.4607422 ], [ -89.3625977, 14.4160156 ], [ -89.3372559, 14.411377 ], [ -89.1701172, 14.3603027 ], [ -89.120507800000013, 14.3702148 ], [ -89.0571289, 14.3291504 ], [ -89.0268555, 14.2969727 ], [ -89.0001953, 14.2527344 ], [ -88.8683105, 14.1636719 ], [ -88.8459473, 14.1247559 ], [ -88.747363299999989, 14.0722656 ], [ -88.7076172, 14.0320801 ], [ -88.665625, 14.0155273 ], [ -88.5831543, 14.0001465 ], [ -88.5125488, 13.9789551 ], [ -88.5043457, 13.964209 ], [ -88.4976562, 13.904541 ], [ -88.482666, 13.854248 ], [ -88.4491211, 13.8509766 ], [ -88.4084961, 13.8753906 ], [ -88.2762207, 13.9426758 ], [ -88.1510254, 13.9873535 ], [ -88.0804688, 13.9605957 ], [ -88.0387207, 13.9046387 ], [ -87.9910156, 13.8796387 ], [ -87.8919922, 13.8949707 ], [ -87.8022461, 13.8899902 ], [ -87.7314453, 13.8410645 ], [ -87.715332, 13.8126953 ], [ -87.7585449, 13.6499512 ], [ -87.7742187, 13.5803223 ], [ -87.7818848, 13.5213867 ], [ -87.7564453, 13.5060059 ], [ -87.7316406, 13.4831055 ], [ -87.7370117, 13.4513672 ], [ -87.814209, 13.3991699 ], [ -87.7693848, 13.3766602 ], [ -87.7083496, 13.3600586 ], [ -87.6022461, 13.3855957 ], [ -87.4891113, 13.3529297 ], [ -87.4851562, 13.3105957 ], [ -87.4983887, 13.2749023 ], [ -87.4584473, 13.2154297 ], [ -87.412793, 13.1274414 ], [ -87.332519499999989, 13.0847168 ], [ -87.3372559, 12.979248 ], [ -87.0591797, 12.9914551 ], [ -87.0093262, 13.0078125 ], [ -86.9588867, 13.0537109 ], [ -86.9331543, 13.1175293 ], [ -86.9288086, 13.1793945 ], [ -86.9182129, 13.223584 ], [ -86.8735352, 13.2665039 ], [ -86.7921387, 13.2797852 ], [ -86.7292969, 13.284375 ], [ -86.7106934, 13.3133789 ], [ -86.7295898, 13.4072266 ], [ -86.7635254, 13.6352539 ], [ -86.7706055, 13.6987305 ], [ -86.7589844, 13.7461426 ], [ -86.7336426, 13.7634766 ], [ -86.610253899999989, 13.7748535 ], [ -86.3769531, 13.7556641 ], [ -86.3317383, 13.7700684 ], [ -86.2382324, 13.8994629 ], [ -86.1512207, 13.9945801 ], [ -86.0892578, 14.037207 ], [ -86.0403809, 14.0501465 ], [ -85.9837891, 13.9656738 ], [ -85.7867187, 13.8444336 ], [ -85.753418, 13.8520508 ], [ -85.7339355, 13.8586914 ], [ -85.7277344, 13.8760742 ], [ -85.7312012, 13.9318359 ], [ -85.6819336, 13.9825684 ], [ -85.579785199999989, 14.0282227 ], [ -85.4770508, 14.1086914 ], [ -85.3737793, 14.223877 ], [ -85.2841797, 14.2916504 ], [ -85.2083496, 14.3118164 ], [ -85.1794922, 14.3433105 ], [ -85.1975586, 14.3859863 ], [ -85.1915039, 14.4466309 ], [ -85.1613281, 14.5251465 ], [ -85.1172852, 14.5706055 ], [ -85.059375, 14.582959 ], [ -85.0365234, 14.607666 ], [ -85.0486328, 14.6447266 ], [ -85.0373535, 14.6855469 ], [ -84.9851562, 14.7524414 ], [ -84.8604492, 14.8097656 ], [ -84.7891602, 14.7903809 ], [ -84.7297852, 14.7133789 ], [ -84.6459473, 14.661084 ], [ -84.5376465, 14.6333984 ], [ -84.4535645, 14.6437012 ], [ -84.3936523, 14.691748 ], [ -84.3397949, 14.7063477 ], [ -84.2919434, 14.6873535 ], [ -84.2666504, 14.6981445 ], [ -84.2639648, 14.7385254 ], [ -84.239209, 14.7478516 ], [ -84.1923828, 14.7260254 ], [ -84.1507812, 14.7204102 ], [ -84.1144043, 14.7310059 ], [ -84.100293, 14.7506348 ], [ -84.0929688, 14.7708984 ], [ -84.0658203, 14.786084 ], [ -83.9722656, 14.7710937 ], [ -83.8672852, 14.7944824 ], [ -83.7509277, 14.85625 ], [ -83.6736328, 14.8835449 ], [ -83.635498, 14.876416 ], [ -83.5897461, 14.9075684 ], [ -83.5365234, 14.977002 ], [ -83.4150391, 15.0080566 ], [ -83.1575195, 14.9930664 ], [ -83.2255859, 15.0422852 ] ] ], [ [ [ -86.2555176, 16.4282227 ], [ -86.3378418, 16.439209 ], [ -86.4382812, 16.4138672 ], [ -86.5569336, 16.3621094 ], [ -86.6304199, 16.3017578 ], [ -86.5802734, 16.3002441 ], [ -86.4199219, 16.3783691 ], [ -86.2555176, 16.4282227 ] ] ], [ [ [ -85.8444336, 16.4877441 ], [ -85.8337891, 16.5108887 ], [ -85.8782227, 16.5139648 ], [ -85.9242188, 16.4833008 ], [ -85.9609863, 16.4296875 ], [ -85.9472168, 16.4036133 ], [ -85.8709473, 16.4615234 ], [ -85.8444336, 16.4877441 ] ] ] ] } },
{ "type": "Feature", "properties": { "iso3": "HTI", "territorio": "Haiti", "value": 0.98619002103805498, "color": "#FFFFB2" }, "geometry": { "type": "MultiPolygon", "coordinates": [ [ [ [ -71.8347168, 19.6967285 ], [ -71.9542969, 19.7216797 ], [ -72.2198242, 19.7446289 ], [ -72.4299316, 19.8132813 ], [ -72.6370117, 19.9008789 ], [ -72.8765137, 19.9280762 ], [ -73.1177734, 19.9038086 ], [ -73.2177734, 19.8836914 ], [ -73.315332, 19.8545898 ], [ -73.4005371, 19.8074219 ], [ -73.4383789, 19.7221191 ], [ -73.3963379, 19.6586914 ], [ -73.3155273, 19.6373047 ], [ -73.0527344, 19.6107422 ], [ -72.8634277, 19.5260742 ], [ -72.7032227, 19.4410645 ], [ -72.7417969, 19.3418457 ], [ -72.7679688, 19.240625 ], [ -72.7412109, 19.1313477 ], [ -72.811084, 19.071582 ], [ -72.6491211, 18.8941406 ], [ -72.4652344, 18.7435547 ], [ -72.3476562, 18.6749512 ], [ -72.3467285, 18.6237305 ], [ -72.3760742, 18.5744629 ], [ -72.4181152, 18.5586914 ], [ -72.6180664, 18.5507812 ], [ -72.6597656, 18.515332 ], [ -72.6959961, 18.4682129 ], [ -72.7394531, 18.4421387 ], [ -72.7893555, 18.4348145 ], [ -72.9172852, 18.4557129 ], [ -73.5916016, 18.5223633 ], [ -73.6870117, 18.565332 ], [ -73.8625, 18.5754395 ], [ -73.9759766, 18.601416 ], [ -74.1003418, 18.6411133 ], [ -74.2277344, 18.6626953 ], [ -74.2844727, 18.6566895 ], [ -74.3875, 18.624707 ], [ -74.478125, 18.45 ], [ -74.4599609, 18.3930664 ], [ -74.419043, 18.3461914 ], [ -74.1946289, 18.2691895 ], [ -74.0854004, 18.2151367 ], [ -73.9894531, 18.1431641 ], [ -73.8849609, 18.0418945 ], [ -73.8391602, 18.0582031 ], [ -73.824707, 18.1217773 ], [ -73.7473145, 18.1902344 ], [ -73.644043, 18.2290527 ], [ -73.5148438, 18.2453613 ], [ -73.385156200000011, 18.2511719 ], [ -73.2722656, 18.2335449 ], [ -73.1600586, 18.2056152 ], [ -72.8766602, 18.1517578 ], [ -72.7552734, 18.1561523 ], [ -72.6333008, 18.1762207 ], [ -72.5918945, 18.1869141 ], [ -72.5532227, 18.2083984 ], [ -72.5035645, 18.2199219 ], [ -72.0598633, 18.2285645 ], [ -72.0020508, 18.2120117 ], [ -71.9460938, 18.186084 ], [ -71.8529297, 18.1191406 ], [ -71.7683105, 18.0391602 ], [ -71.7637695, 18.2039551 ], [ -71.7372559, 18.2708008 ], [ -71.7619141, 18.3413086 ], [ -71.8725586, 18.4162109 ], [ -71.9403809, 18.5125977 ], [ -72.0003906, 18.5979004 ], [ -71.986865200000011, 18.6103516 ], [ -71.8665039, 18.6141602 ], [ -71.8242188, 18.6455078 ], [ -71.7432129, 18.7329102 ], [ -71.7270508, 18.8032227 ], [ -71.7336426, 18.8563965 ], [ -71.786377, 18.9200195 ], [ -71.8071289, 18.9870117 ], [ -71.742041, 19.0455078 ], [ -71.6570312, 19.1307617 ], [ -71.6453125, 19.1635254 ], [ -71.6472168, 19.1959473 ], [ -71.7464844, 19.2858398 ], [ -71.7531738, 19.3244629 ], [ -71.7069336, 19.4219727 ], [ -71.7114746, 19.4865723 ], [ -71.7574219, 19.6881836 ], [ -71.779248, 19.7181641 ], [ -71.8347168, 19.6967285 ] ] ], [ [ [ -72.9192383, 18.8614746 ], [ -73.0691406, 18.9320312 ], [ -73.1706055, 18.9672852 ], [ -73.276416, 18.9540527 ], [ -73.2852539, 18.8967285 ], [ -73.0779785, 18.790918 ], [ -72.8222168, 18.7071289 ], [ -72.8045898, 18.7776855 ], [ -72.9192383, 18.8614746 ] ] ], [ [ [ -72.7910156, 20.0918945 ], [ -72.8514648, 20.0936523 ], [ -72.9067383, 20.0858398 ], [ -72.9603516, 20.0622559 ], [ -72.8993164, 20.0314453 ], [ -72.878418, 20.0274414 ], [ -72.8442383, 20.0354492 ], [ -72.7397949, 20.003418 ], [ -72.6388672, 19.9858398 ], [ -72.6234863, 20.0141602 ], [ -72.6640625, 20.0375 ], [ -72.7910156, 20.0918945 ] ] ] ] } },
{ "type": "Feature", "properties": { "iso3": "GUY", "territorio": "Guyana", "value": 7.2274799346923801, "color": "#BD0026" }, "geometry": { "type": "MultiPolygon", "coordinates": [ [ [ [ -60.6513672, 5.2211426 ], [ -60.576416, 5.1924805 ], [ -60.4595215, 5.1880859 ], [ -60.4087891, 5.2101562 ], [ -60.3352051, 5.1993164 ], [ -60.2416504, 5.257959 ], [ -60.1817383, 5.2388184 ], [ -60.142041, 5.2388184 ], [ -60.105957, 5.1942383 ], [ -60.0780762, 5.1439941 ], [ -59.9906738, 5.0828613 ], [ -59.9993652, 4.9898437 ], [ -60.0154785, 4.9075195 ], [ -60.0267578, 4.8126953 ], [ -60.0317871, 4.7405273 ], [ -60.0689453, 4.6666504 ], [ -60.1245605, 4.5976563 ], [ -60.140918, 4.5696289 ], [ -60.1486328, 4.533252 ], [ -60.1111328, 4.5111816 ], [ -60.0450195, 4.5045898 ], [ -59.9623535, 4.501709 ], [ -59.9061035, 4.4803223 ], [ -59.8333496, 4.4759277 ], [ -59.7458008, 4.4166504 ], [ -59.7032715, 4.3811035 ], [ -59.699707, 4.3535156 ], [ -59.7274902, 4.2876465 ], [ -59.7385742, 4.2267578 ], [ -59.7168945, 4.1881836 ], [ -59.6912109, 4.1604004 ], [ -59.6202148, 4.0231445 ], [ -59.5864258, 3.9753906 ], [ -59.5577637, 3.9600098 ], [ -59.551123, 3.9335449 ], [ -59.5753906, 3.8834473 ], [ -59.6044434, 3.8196777 ], [ -59.670214799999989, 3.7527344 ], [ -59.6790039, 3.6998047 ], [ -59.7316406, 3.6665527 ], [ -59.8543945, 3.5875 ], [ -59.8330566, 3.4621582 ], [ -59.8288086, 3.398584 ], [ -59.8311523, 3.3492187 ], [ -59.8730469, 3.2831055 ], [ -59.9456543, 3.0878418 ], [ -59.9723145, 2.9904785 ], [ -59.9958984, 2.7654297 ], [ -59.9943359, 2.6899902 ], [ -59.960791, 2.5883789 ], [ -59.8896484, 2.3629395 ], [ -59.8491211, 2.3270508 ], [ -59.7552246, 2.2741211 ], [ -59.7435059, 2.1216309 ], [ -59.7517578, 1.9624023 ], [ -59.7562012, 1.9006348 ], [ -59.7407227, 1.8741699 ], [ -59.6985352, 1.8614746 ], [ -59.6685059, 1.842334 ], [ -59.6637695, 1.7952148 ], [ -59.6666016, 1.7462891 ], [ -59.5966309, 1.7180176 ], [ -59.5356934, 1.7 ], [ -59.4794434, 1.6324219 ], [ -59.3776855, 1.5273438 ], [ -59.337255899999988, 1.5082031 ], [ -59.3169922, 1.4645996 ], [ -59.2312012, 1.3760254 ], [ -59.1003906, 1.3436523 ], [ -58.9685059, 1.3045898 ], [ -58.9166016, 1.248877 ], [ -58.8625, 1.2036133 ], [ -58.8217773, 1.2012207 ], [ -58.787207, 1.2084961 ], [ -58.7303223, 1.2475098 ], [ -58.6846191, 1.2810547 ], [ -58.6050781, 1.2791504 ], [ -58.511865199999988, 1.284668 ], [ -58.4957031, 1.3122559 ], [ -58.4868652, 1.3477539 ], [ -58.5060547, 1.4386719 ], [ -58.472949199999988, 1.4662598 ], [ -58.3958008, 1.4817383 ], [ -58.3803711, 1.5302246 ], [ -58.3626953, 1.5566895 ], [ -58.3406738, 1.5875488 ], [ -58.314209, 1.5919434 ], [ -58.2811523, 1.5743164 ], [ -58.2304199, 1.5632812 ], [ -58.1730957, 1.5478516 ], [ -58.1422363, 1.5169922 ], [ -58.0913086, 1.5143555 ], [ -58.034668, 1.5202637 ], [ -58.0117676, 1.5399414 ], [ -57.9951172, 1.5743164 ], [ -57.9828125, 1.6484375 ], [ -57.9463379, 1.6505859 ], [ -57.8734375, 1.6672852 ], [ -57.7956543, 1.7 ], [ -57.691748, 1.7047852 ], [ -57.5944336, 1.7041016 ], [ -57.545752, 1.7260742 ], [ -57.5004395, 1.7738281 ], [ -57.4126953, 1.9089355 ], [ -57.3667969, 1.9401367 ], [ -57.3174805, 1.9634766 ], [ -57.2755859, 1.9592285 ], [ -57.1895996, 1.9815918 ], [ -57.1188965, 2.0139648 ], [ -57.0926758, 2.0058105 ], [ -57.0375977, 1.9364746 ], [ -57.0100586, 1.9212402 ], [ -56.9695312, 1.9164062 ], [ -56.8367187, 1.88125 ], [ -56.7662598, 1.8921875 ], [ -56.6898438, 1.9143066 ], [ -56.6164551, 1.9226562 ], [ -56.5635742, 1.9072266 ], [ -56.5254883, 1.9272461 ], [ -56.4828125, 1.9421387 ], [ -56.5223633, 1.9748047 ], [ -56.562695299999987, 2.0050781 ], [ -56.6271973, 2.0160156 ], [ -56.7043457, 2.0364746 ], [ -56.7611328, 2.1148926 ], [ -56.8198242, 2.2266602 ], [ -56.8405273, 2.2771484 ], [ -56.8864258, 2.3259766 ], [ -56.9314941, 2.3953613 ], [ -56.9452148, 2.4568359 ], [ -56.9792969, 2.5132324 ], [ -56.9971191, 2.5321777 ], [ -57.0234863, 2.6089844 ], [ -57.0289551, 2.6375 ], [ -57.0419434, 2.6411133 ], [ -57.0604492, 2.6656738 ], [ -57.096875, 2.7478516 ], [ -57.105127, 2.7682617 ], [ -57.1211426, 2.7755371 ], [ -57.163623, 2.833252 ], [ -57.1973633, 2.8532715 ], [ -57.2098145, 2.8828125 ], [ -57.2069336, 2.9633789 ], [ -57.225, 3.0030762 ], [ -57.2305664, 3.0785645 ], [ -57.2316406, 3.1088867 ], [ -57.2489746, 3.1422852 ], [ -57.2779297, 3.1643066 ], [ -57.2829102, 3.2188477 ], [ -57.2899414, 3.3536133 ], [ -57.3036621, 3.3770996 ], [ -57.4255859, 3.3754395 ], [ -57.437890599999989, 3.3622559 ], [ -57.4905762, 3.3542969 ], [ -57.5496094, 3.352832 ], [ -57.6027344, 3.3709473 ], [ -57.6467285, 3.3945312 ], [ -57.6561035, 3.4237305 ], [ -57.649462899999989, 3.5173828 ], [ -57.7203613, 3.5882812 ], [ -57.832666, 3.6759766 ], [ -57.8665527, 3.7872559 ], [ -57.9077148, 3.8566895 ], [ -58.0322266, 4.0019531 ], [ -58.0542969, 4.1016602 ], [ -58.0544922, 4.1719238 ], [ -58.0107422, 4.2364746 ], [ -57.9497559, 4.3499512 ], [ -57.924707, 4.453125 ], [ -57.90625, 4.5067871 ], [ -57.874707, 4.5770996 ], [ -57.8459961, 4.6681641 ], [ -57.867871099999988, 4.7243164 ], [ -57.9048828, 4.7792969 ], [ -57.917041, 4.8204102 ], [ -57.8811035, 4.8806152 ], [ -57.8449219, 4.9230469 ], [ -57.8041016, 4.9290527 ], [ -57.752002, 4.9544922 ], [ -57.711084, 4.9910645 ], [ -57.6488281, 5.0006836 ], [ -57.5708984, 5.0044922 ], [ -57.4121582, 5.0045898 ], [ -57.3310059, 5.020166 ], [ -57.3057617, 5.0495605 ], [ -57.3095703, 5.1058594 ], [ -57.2692871, 5.1570312 ], [ -57.2268555, 5.1785156 ], [ -57.2098145, 5.1954102 ], [ -57.2073242, 5.214209 ], [ -57.218457, 5.231543 ], [ -57.2353027, 5.2428711 ], [ -57.2796387, 5.2467773 ], [ -57.3185547, 5.3353516 ], [ -57.2918945, 5.3739746 ], [ -57.2575195, 5.445166 ], [ -57.2479004, 5.4852539 ], [ -57.1947754, 5.5484375 ], [ -57.2052734, 5.5645996 ], [ -57.1672363, 5.8850098 ], [ -57.1902344, 6.0973145 ], [ -57.2275391, 6.178418 ], [ -57.3436523, 6.2721191 ], [ -57.5401367, 6.331543 ], [ -57.6075684, 6.4503906 ], [ -57.7928711, 6.5985352 ], [ -57.9825684, 6.7858887 ], [ -58.0717773, 6.8206055 ], [ -58.1728516, 6.8293945 ], [ -58.2984375, 6.8792969 ], [ -58.4149902, 6.8511719 ], [ -58.5022949, 6.7339844 ], [ -58.5694824, 6.6272461 ], [ -58.5939941, 6.4515137 ], [ -58.6729492, 6.3907715 ], [ -58.6134766, 6.5025391 ], [ -58.6079102, 6.6973145 ], [ -58.5829102, 6.8436523 ], [ -58.4805664, 7.0381348 ], [ -58.4772949, 7.3257812 ], [ -58.511084, 7.3980469 ], [ -58.6266113, 7.5458984 ], [ -58.7010742, 7.6066406 ], [ -58.8115723, 7.7355957 ], [ -59.2002441, 8.0746094 ], [ -59.4769043, 8.2540039 ], [ -59.6661133, 8.3625977 ], [ -59.7393066, 8.3799805 ], [ -59.7399414, 8.3387207 ], [ -59.7567383, 8.339502 ], [ -59.8365234, 8.3738281 ], [ -59.9806152, 8.5326172 ], [ -60.0175293, 8.5493164 ], [ -59.8316406, 8.305957 ], [ -59.8289062, 8.2791504 ], [ -59.8490723, 8.2486816 ], [ -59.9648438, 8.1916016 ], [ -59.9907227, 8.1620117 ], [ -60.0324219, 8.0535645 ], [ -60.1781738, 7.994043 ], [ -60.2789062, 7.9194336 ], [ -60.3467773, 7.8540039 ], [ -60.3806152, 7.8276367 ], [ -60.513623, 7.8131836 ], [ -60.556347699999989, 7.7720215 ], [ -60.6101074, 7.6483398 ], [ -60.6494629, 7.5966309 ], [ -60.7186523, 7.5359375 ], [ -60.7192383, 7.4986816 ], [ -60.6237305, 7.3633301 ], [ -60.606543, 7.3208496 ], [ -60.6361816, 7.2565918 ], [ -60.6333008, 7.211084 ], [ -60.5832031, 7.1562012 ], [ -60.5231934, 7.1437012 ], [ -60.4649414, 7.1665527 ], [ -60.3923828, 7.1645508 ], [ -60.3450684, 7.15 ], [ -60.3254883, 7.1339844 ], [ -60.3220703, 7.092041 ], [ -60.352099599999988, 7.0028809 ], [ -60.3950195, 6.9453613 ], [ -60.586084, 6.8570801 ], [ -60.6710449, 6.805957 ], [ -60.7179199, 6.7683105 ], [ -60.8208496, 6.7884766 ], [ -60.8733398, 6.7869141 ], [ -60.9135742, 6.7578125 ], [ -60.9379883, 6.7327637 ], [ -61.0070801, 6.7266113 ], [ -61.1047852, 6.711377 ], [ -61.145605499999988, 6.6945312 ], [ -61.1772461, 6.6509277 ], [ -61.2036133, 6.5883789 ], [ -61.1815918, 6.5133789 ], [ -61.1510254, 6.4465332 ], [ -61.1522949, 6.3851074 ], [ -61.1287109, 6.2143066 ], [ -61.1594727, 6.1744141 ], [ -61.2249512, 6.1291992 ], [ -61.303125, 6.0495117 ], [ -61.390820299999987, 5.9387695 ], [ -61.376806599999988, 5.9069824 ], [ -61.1671875, 5.6742187 ], [ -60.9540039, 5.4374023 ], [ -60.7421387, 5.2020508 ], [ -60.6513672, 5.2211426 ] ] ] ] } },
{ "type": "Feature", "properties": { "iso3": "GTM", "territorio": "Guatemala", "value": null, "color": "#CCCCCC" }, "geometry": { "type": "MultiPolygon", "coordinates": [ [ [ [ -91.81909180000001, 14.2282227 ], [ -91.640918, 14.1149414 ], [ -91.3773438, 13.9901855 ], [ -91.1460449, 13.9255859 ], [ -90.6069336, 13.9290039 ], [ -90.4791016, 13.9009277 ], [ -90.0952148, 13.7365234 ], [ -90.1059082, 13.7830078 ], [ -90.1047363, 13.8347656 ], [ -90.0481445, 13.9040527 ], [ -89.942675799999989, 13.9973633 ], [ -89.8727051, 14.0456055 ], [ -89.8399414, 14.0550781 ], [ -89.7937012, 14.0500977 ], [ -89.7493652, 14.077002 ], [ -89.7111328, 14.1413086 ], [ -89.6712891, 14.1827148 ], [ -89.5702637, 14.2246582 ], [ -89.547168, 14.2412598 ], [ -89.555029300000015, 14.2772461 ], [ -89.5769531, 14.3470703 ], [ -89.5736328, 14.3900879 ], [ -89.5405273, 14.4099121 ], [ -89.5008789, 14.4137695 ], [ -89.4188477, 14.4311035 ], [ -89.383252, 14.4276367 ], [ -89.3625977, 14.4160156 ], [ -89.339404300000012, 14.4607422 ], [ -89.2867187, 14.5299805 ], [ -89.1717773, 14.6068848 ], [ -89.162207, 14.6692383 ], [ -89.1922363, 14.7887207 ], [ -89.2223633, 14.8660645 ], [ -89.2061035, 14.9005859 ], [ -89.1703125, 15.0398926 ], [ -89.1425781, 15.0723145 ], [ -88.976416, 15.1426758 ], [ -88.9609863, 15.1524414 ], [ -88.8299316, 15.2510254 ], [ -88.6844727, 15.360498 ], [ -88.5333008, 15.4812012 ], [ -88.3645508, 15.6160156 ], [ -88.2714355, 15.694873 ], [ -88.2283203, 15.7290039 ], [ -88.5939453, 15.950293 ], [ -88.597998, 15.9273437 ], [ -88.571582, 15.9010742 ], [ -88.5362305, 15.8496094 ], [ -88.6033691, 15.7641602 ], [ -88.7086426, 15.806543 ], [ -88.7983398, 15.8625 ], [ -88.8399902, 15.8689941 ], [ -88.894043, 15.890625 ], [ -88.937158200000013, 15.8898437 ], [ -89.113574200000016, 15.9006836 ], [ -89.2328125, 15.8886719 ], [ -89.2375, 15.8944336 ], [ -89.2276367, 16.1428223 ], [ -89.2124512, 16.5271484 ], [ -89.2012695, 16.8089844 ], [ -89.1903809, 17.084668 ], [ -89.1821777, 17.2912109 ], [ -89.1710938, 17.5722656 ], [ -89.1614746, 17.8148437 ], [ -89.3715332, 17.8149902 ], [ -89.7288086, 17.815332 ], [ -90.1835938, 17.8157227 ], [ -90.6220215, 17.8161133 ], [ -90.9891602, 17.8164062 ], [ -90.9904297, 17.620752 ], [ -90.9916016, 17.4474609 ], [ -90.9929687, 17.2524414 ], [ -91.1955078, 17.2541016 ], [ -91.4096191, 17.2558594 ], [ -91.392334, 17.2364258 ], [ -91.3191895, 17.1998047 ], [ -91.2241699, 17.1122559 ], [ -91.1118652, 16.9761719 ], [ -90.9758301, 16.8678223 ], [ -90.8160156, 16.7871094 ], [ -90.7106934, 16.7081055 ], [ -90.6599609, 16.6309082 ], [ -90.634375, 16.5651367 ], [ -90.634082, 16.5107422 ], [ -90.5757812, 16.4678223 ], [ -90.4710938, 16.4395508 ], [ -90.4169922, 16.3910156 ], [ -90.4169922, 16.3513184 ], [ -90.4501465, 16.261377 ], [ -90.4598633, 16.1623535 ], [ -90.447168, 16.0727051 ], [ -90.5219727, 16.0711914 ], [ -90.7032227, 16.0710449 ], [ -90.9795898, 16.0708008 ], [ -91.2337891, 16.0706543 ], [ -91.4339844, 16.070459 ], [ -91.7365723, 16.070166 ], [ -91.8194336, 15.932373 ], [ -91.9572266, 15.7032227 ], [ -92.082128900000015, 15.4955566 ], [ -92.1871582, 15.3208984 ], [ -92.204248, 15.275 ], [ -92.2043457, 15.2376953 ], [ -92.074804700000016, 15.0742188 ], [ -92.0987305, 15.0267578 ], [ -92.1442383, 15.0019531 ], [ -92.1585449, 14.9635742 ], [ -92.1556641, 14.9013184 ], [ -92.186377, 14.8183594 ], [ -92.1764648, 14.7613281 ], [ -92.1599121, 14.6910156 ], [ -92.187060500000015, 14.6300781 ], [ -92.2090332, 14.5709961 ], [ -92.2351562, 14.5454102 ], [ -91.81909180000001, 14.2282227 ] ] ] ] } },
{ "type": "Feature", "properties": { "iso3": "GRD", "territorio": "Grenada", "value": null, "color": "#CCCCCC" }, "geometry": { "type": "MultiPolygon", "coordinates": [ [ [ [ -61.6271484, 12.0539551 ], [ -61.6070312, 12.223291 ], [ -61.6604492, 12.2370117 ], [ -61.7149902, 12.1851562 ], [ -61.7499023, 12.1084473 ], [ -61.7557617, 12.045459 ], [ -61.7821777, 12.0084473 ], [ -61.7155273, 12.0126465 ], [ -61.6271484, 12.0539551 ] ] ] ] } },
{ "type": "Feature", "properties": { "iso3": "SPM", "territorio": "Saint Pierre and Miquelon", "value": null, "color": "#CCCCCC" }, "geometry": { "type": "MultiPolygon", "coordinates": [ [ [ [ -56.1392578, 46.7786621 ], [ -56.1373535, 46.8015625 ], [ -56.1526367, 46.811084 ], [ -56.1850586, 46.8072754 ], [ -56.2091797, 46.7982422 ], [ -56.2432617, 46.7671875 ], [ -56.1716797, 46.752832 ], [ -56.1507324, 46.7624023 ], [ -56.1392578, 46.7786621 ] ] ], [ [ [ -56.2554688, 46.8609863 ], [ -56.2897949, 46.8999023 ], [ -56.3148926, 46.9538574 ], [ -56.2783691, 47.0350098 ], [ -56.2873535, 47.0709961 ], [ -56.3646484, 47.0989746 ], [ -56.3779297, 47.0895508 ], [ -56.3869141, 47.067968799999989 ], [ -56.3339355, 46.9356445 ], [ -56.3325684, 46.9159668 ], [ -56.3772461, 46.8476562 ], [ -56.3847656, 46.8194336 ], [ -56.3541992, 46.7953125 ], [ -56.2670898, 46.8384766 ], [ -56.2554688, 46.8609863 ] ] ] ] } },
{ "type": "Feature", "properties": { "iso3": "MAF", "territorio": "Saint-Martin", "value": null, "color": "#CCCCCC" }, "geometry": { "type": "MultiPolygon", "coordinates": [ [ [ [ -63.0094238, 18.1042969 ], [ -63.0248047, 18.1130859 ], [ -63.0630859, 18.115332 ], [ -63.1149902, 18.0907227 ], [ -63.1230469, 18.0689453 ], [ -63.0111816, 18.0689453 ], [ -63.0094238, 18.1042969 ] ] ] ] } },
{ "type": "Feature", "properties": { "iso3": "BLM", "territorio": "Saint-Barthélemy", "value": null, "color": "#CCCCCC" }, "geometry": { "type": "MultiPolygon", "coordinates": [ [ [ [ -62.8181641, 17.8854492 ], [ -62.8070312, 17.8976562 ], [ -62.799707, 17.9086914 ], [ -62.8654297, 17.9182617 ], [ -62.874218799999987, 17.9222656 ], [ -62.8754395, 17.9135742 ], [ -62.8693848, 17.898584 ], [ -62.8589355, 17.8836426 ], [ -62.8469238, 17.8751953 ], [ -62.8319336, 17.8764648 ], [ -62.8181641, 17.8854492 ] ] ] ] } },
{ "type": "Feature", "properties": { "iso3": "SLV", "territorio": "El Salvador", "value": null, "color": "#CCCCCC" }, "geometry": { "type": "MultiPolygon", "coordinates": [ [ [ [ -89.383252, 14.4276367 ], [ -89.4188477, 14.4311035 ], [ -89.5008789, 14.4137695 ], [ -89.5405273, 14.4099121 ], [ -89.5736328, 14.3900879 ], [ -89.5769531, 14.3470703 ], [ -89.555029300000015, 14.2772461 ], [ -89.547168, 14.2412598 ], [ -89.5702637, 14.2246582 ], [ -89.6712891, 14.1827148 ], [ -89.7111328, 14.1413086 ], [ -89.7493652, 14.077002 ], [ -89.7937012, 14.0500977 ], [ -89.8399414, 14.0550781 ], [ -89.8727051, 14.0456055 ], [ -89.942675799999989, 13.9973633 ], [ -90.0481445, 13.9040527 ], [ -90.1047363, 13.8347656 ], [ -90.1059082, 13.7830078 ], [ -90.0952148, 13.7365234 ], [ -89.970459, 13.6831543 ], [ -89.8041992, 13.5601074 ], [ -89.5232422, 13.5091309 ], [ -89.2776367, 13.4780762 ], [ -88.867041, 13.283252 ], [ -88.5120117, 13.1839355 ], [ -88.4838867, 13.197168 ], [ -88.581543, 13.2449707 ], [ -88.6558594, 13.2591797 ], [ -88.6856445, 13.2814941 ], [ -88.5915527, 13.2810547 ], [ -88.4171387, 13.2135254 ], [ -88.1806641, 13.1640137 ], [ -88.0234375, 13.16875 ], [ -87.9308594, 13.1806641 ], [ -87.8780762, 13.2244141 ], [ -87.8207031, 13.2851562 ], [ -87.8383789, 13.385791 ], [ -87.814209, 13.3991699 ], [ -87.7370117, 13.4513672 ], [ -87.7316406, 13.4831055 ], [ -87.7564453, 13.5060059 ], [ -87.7818848, 13.5213867 ], [ -87.7742187, 13.5803223 ], [ -87.7585449, 13.6499512 ], [ -87.715332, 13.8126953 ], [ -87.7314453, 13.8410645 ], [ -87.8022461, 13.8899902 ], [ -87.8919922, 13.8949707 ], [ -87.9910156, 13.8796387 ], [ -88.0387207, 13.9046387 ], [ -88.0804688, 13.9605957 ], [ -88.1510254, 13.9873535 ], [ -88.2762207, 13.9426758 ], [ -88.4084961, 13.8753906 ], [ -88.4491211, 13.8509766 ], [ -88.482666, 13.854248 ], [ -88.4976562, 13.904541 ], [ -88.5043457, 13.964209 ], [ -88.5125488, 13.9789551 ], [ -88.5831543, 14.0001465 ], [ -88.665625, 14.0155273 ], [ -88.7076172, 14.0320801 ], [ -88.747363299999989, 14.0722656 ], [ -88.8459473, 14.1247559 ], [ -88.8683105, 14.1636719 ], [ -89.0001953, 14.2527344 ], [ -89.0268555, 14.2969727 ], [ -89.0571289, 14.3291504 ], [ -89.120507800000013, 14.3702148 ], [ -89.1701172, 14.3603027 ], [ -89.3372559, 14.411377 ], [ -89.3625977, 14.4160156 ], [ -89.383252, 14.4276367 ] ] ] ] } },
{ "type": "Feature", "properties": { "iso3": "ECU", "territorio": "Ecuador", "value": 4.2034201622009304, "color": "#F03B20" }, "geometry": { "type": "MultiPolygon", "coordinates": [ [ [ [ -75.4639648, -0.0384277 ], [ -75.617334, 0.0628906 ], [ -75.7766602, 0.0892578 ], [ -75.8797852, 0.1509766 ], [ -75.9748535, 0.2477539 ], [ -76.0261719, 0.3130859 ], [ -76.0679199, 0.3455566 ], [ -76.2706055, 0.4394043 ], [ -76.3110352, 0.4484863 ], [ -76.3881836, 0.4049805 ], [ -76.4133789, 0.3788574 ], [ -76.4179688, 0.3039062 ], [ -76.4272949, 0.2612305 ], [ -76.4946289, 0.2354492 ], [ -76.6030273, 0.2409668 ], [ -76.6785156, 0.2681641 ], [ -76.7290039, 0.2721191 ], [ -76.7393066, 0.2508301 ], [ -76.7677246, 0.2416504 ], [ -76.8293457, 0.2477539 ], [ -76.9201172, 0.2685059 ], [ -77.0024414, 0.2962402 ], [ -77.1141113, 0.3550781 ], [ -77.1657227, 0.3477539 ], [ -77.2926758, 0.3604004 ], [ -77.3963379, 0.3938965 ], [ -77.4227539, 0.4248535 ], [ -77.4676758, 0.6365234 ], [ -77.4813965, 0.6511719 ], [ -77.526123, 0.6603516 ], [ -77.6013184, 0.689502 ], [ -77.6486328, 0.7236328 ], [ -77.6731934, 0.7822266 ], [ -77.7028809, 0.8378418 ], [ -77.829541, 0.8253906 ], [ -78.0370117, 0.8987305 ], [ -78.1806641, 0.9685547 ], [ -78.3121094, 1.0460937 ], [ -78.5115234, 1.1988281 ], [ -78.5876465, 1.2366699 ], [ -78.6816406, 1.2834473 ], [ -78.7371094, 1.3586914 ], [ -78.8288574, 1.434668 ], [ -78.859668, 1.4553711 ], [ -78.8270508, 1.2959473 ], [ -78.8996582, 1.20625 ], [ -79.2290527, 1.1045898 ], [ -79.4653809, 1.0600586 ], [ -79.6131836, 0.9711426 ], [ -79.7412109, 0.9797852 ], [ -79.7958496, 0.9222656 ], [ -79.9035156, 0.8602051 ], [ -80.0359375, 0.8345703 ], [ -80.0882812, 0.7847656 ], [ -80.0610352, 0.5922852 ], [ -80.025, 0.4101563 ], [ -80.0461426, 0.1553711 ], [ -80.1333984, -0.0060547 ], [ -80.2370117, -0.1130859 ], [ -80.3212891, -0.1658203 ], [ -80.4822754, -0.3682617 ], [ -80.4683105, -0.4360352 ], [ -80.3847656, -0.5839844 ], [ -80.282373, -0.6205078 ], [ -80.3583984, -0.6250977 ], [ -80.4554688, -0.5854492 ], [ -80.5050781, -0.6837891 ], [ -80.5539062, -0.8479492 ], [ -80.6236816, -0.8987305 ], [ -80.8414062, -0.974707 ], [ -80.9023926, -1.0789063 ], [ -80.8200195, -1.2858398 ], [ -80.801416, -1.3833984 ], [ -80.8350098, -1.6324219 ], [ -80.763134800000017, -1.8229492 ], [ -80.7605957, -1.9345703 ], [ -80.7703613, -2.0766602 ], [ -80.867627, -2.1412109 ], [ -80.962793, -2.1892578 ], [ -80.9516113, -2.2354492 ], [ -80.9321777, -2.2691406 ], [ -80.839062500000011, -2.3490234 ], [ -80.684863299999989, -2.396875 ], [ -80.450097700000015, -2.6259766 ], [ -80.3785645, -2.6679688 ], [ -80.2847168, -2.7067383 ], [ -80.2552734, -2.6646484 ], [ -80.2486328, -2.6305664 ], [ -80.1271484, -2.528418 ], [ -80.0530762, -2.3907227 ], [ -80.0066406, -2.3538086 ], [ -80.0301758, -2.5567383 ], [ -79.9890137, -2.5787109 ], [ -79.9255859, -2.5485352 ], [ -79.8803223, -2.4236328 ], [ -79.8934082, -2.1457031 ], [ -79.8421387, -2.0673828 ], [ -79.832617200000016, -2.1105469 ], [ -79.839746100000013, -2.1678711 ], [ -79.8224121, -2.356543 ], [ -79.7455078, -2.484668 ], [ -79.7298828, -2.5791016 ], [ -79.8227051, -2.7769531 ], [ -79.921582, -3.0901367 ], [ -79.9633301, -3.1577148 ], [ -80.0266602, -3.228125 ], [ -80.1003418, -3.2740234 ], [ -80.1598633, -3.3243164 ], [ -80.303125, -3.3748047 ], [ -80.3246582, -3.3878906 ], [ -80.2983398, -3.4064453 ], [ -80.2735352, -3.4246094 ], [ -80.271875, -3.4610352 ], [ -80.2652344, -3.4924805 ], [ -80.2454102, -3.522168 ], [ -80.24375, -3.5767578 ], [ -80.2206055, -3.6131836 ], [ -80.2189453, -3.6544922 ], [ -80.2172852, -3.7107422 ], [ -80.2288574, -3.7388672 ], [ -80.2175781, -3.7876953 ], [ -80.179248, -3.8777344 ], [ -80.1941406, -3.9058594 ], [ -80.2305176, -3.9240234 ], [ -80.2668945, -3.9488281 ], [ -80.3032715, -4.0050781 ], [ -80.3578613, -4.003418 ], [ -80.437207, -3.9786133 ], [ -80.4901367, -4.0100586 ], [ -80.5100098, -4.0695313 ], [ -80.493457, -4.1191406 ], [ -80.4884766, -4.1655273 ], [ -80.453759800000014, -4.2051758 ], [ -80.3528809, -4.2084961 ], [ -80.4438477, -4.3358398 ], [ -80.4884766, -4.3936523 ], [ -80.4785645, -4.4300781 ], [ -80.4241699, -4.4614258 ], [ -80.3834961, -4.4636719 ], [ -80.2933594, -4.4167969 ], [ -80.2321777, -4.3490234 ], [ -80.1974609, -4.3110352 ], [ -80.1395508, -4.2960938 ], [ -80.0635254, -4.3275391 ], [ -79.9628906, -4.390332 ], [ -79.8451172, -4.4458984 ], [ -79.797265600000017, -4.4763672 ], [ -79.7109863, -4.4675781 ], [ -79.6385254, -4.4548828 ], [ -79.5776855, -4.5005859 ], [ -79.5161621, -4.5391602 ], [ -79.5019043, -4.6706055 ], [ -79.4557617, -4.7662109 ], [ -79.3994141, -4.8400391 ], [ -79.330957, -4.927832 ], [ -79.2681152, -4.9576172 ], [ -79.1866699, -4.9582031 ], [ -79.0762695, -4.990625 ], [ -79.0333008, -4.9691406 ], [ -78.9952637, -4.9080078 ], [ -78.9753906, -4.8732422 ], [ -78.9191895, -4.8583984 ], [ -78.914209, -4.8186523 ], [ -78.9257812, -4.7707031 ], [ -78.9076172, -4.7144531 ], [ -78.8615234, -4.6650391 ], [ -78.743066399999989, -4.5926758 ], [ -78.6860352, -4.5624023 ], [ -78.6744629, -4.5176758 ], [ -78.6529297, -4.4582031 ], [ -78.6612305, -4.4250977 ], [ -78.6851562, -4.3839844 ], [ -78.6793945, -4.3258789 ], [ -78.647998, -4.2481445 ], [ -78.6033691, -4.1573242 ], [ -78.5651367, -4.0416016 ], [ -78.5504395, -3.9869141 ], [ -78.509082, -3.9521484 ], [ -78.493457, -3.9020508 ], [ -78.4710449, -3.8430664 ], [ -78.4197754, -3.7768555 ], [ -78.4214355, -3.7057617 ], [ -78.3999512, -3.6743164 ], [ -78.3980469, -3.5948242 ], [ -78.3472656, -3.43125 ], [ -78.3453613, -3.3973633 ], [ -78.3230469, -3.3882813 ], [ -78.2841797, -3.3990234 ], [ -78.2507324, -3.4361328 ], [ -78.2403809, -3.4725586 ], [ -78.2263184, -3.4891602 ], [ -78.194873, -3.4858398 ], [ -78.1584961, -3.4651367 ], [ -78.1609863, -3.4321289 ], [ -78.1874512, -3.3998047 ], [ -78.1946289, -3.3804688 ], [ -78.1833008, -3.3501953 ], [ -78.1282227, -3.2838867 ], [ -78.0679199, -3.2068359 ], [ -77.9384766, -3.0469727 ], [ -77.8605957, -2.9816406 ], [ -77.6589844, -2.9124023 ], [ -77.5064941, -2.8599609 ], [ -77.3600586, -2.809668 ], [ -77.1614746, -2.7376953 ], [ -76.8807617, -2.6359375 ], [ -76.6791016, -2.5625977 ], [ -76.4993652, -2.4323242 ], [ -76.3601562, -2.3313477 ], [ -76.240918, -2.2439453 ], [ -76.0897949, -2.1331055 ], [ -75.8854492, -1.893457 ], [ -75.7445312, -1.728125 ], [ -75.6416504, -1.6073242 ], [ -75.5705566, -1.53125 ], [ -75.5138672, -1.3163086 ], [ -75.4491699, -1.0711914 ], [ -75.4204102, -0.962207 ], [ -75.4080566, -0.9243164 ], [ -75.380127, -0.9402344 ], [ -75.3481934, -0.9667969 ], [ -75.3091797, -0.9680664 ], [ -75.2724121, -0.9667969 ], [ -75.2496094, -0.9518555 ], [ -75.2835938, -0.7071289 ], [ -75.2787109, -0.6539063 ], [ -75.259375, -0.5901367 ], [ -75.2632324, -0.5553711 ], [ -75.3252441, -0.506543 ], [ -75.424707, -0.4088867 ], [ -75.4659668, -0.3217773 ], [ -75.4910645, -0.2483398 ], [ -75.5605957, -0.2000977 ], [ -75.6320312, -0.1576172 ], [ -75.6262695, -0.1228516 ], [ -75.5837402, -0.1228516 ], [ -75.4759766, -0.1571289 ], [ -75.3983887, -0.1459961 ], [ -75.3404785, -0.1421875 ], [ -75.2844727, -0.106543 ], [ -75.4639648, -0.0384277 ] ] ], [ [ [ -80.0934082, -2.8458984 ], [ -80.071191399999989, -2.8337891 ], [ -80.0132324, -2.8195313 ], [ -79.9090332, -2.7255859 ], [ -79.9972656, -2.6738281 ], [ -80.0807617, -2.6688477 ], [ -80.1457031, -2.6962891 ], [ -80.2236816, -2.753125 ], [ -80.2498047, -2.8119141 ], [ -80.272168, -2.9517578 ], [ -80.2729492, -2.9958984 ], [ -80.2457031, -3.0083008 ], [ -80.1506836, -3.0117187 ], [ -80.1315918, -2.9731445 ], [ -80.0934082, -2.8458984 ] ] ], [ [ [ -78.8998047, 1.3597656 ], [ -78.9232422, 1.3489258 ], [ -78.9916992, 1.2932129 ], [ -78.965625, 1.2453613 ], [ -78.909228500000012, 1.2527832 ], [ -78.8998047, 1.3597656 ] ] ], [ [ [ -90.3154297, -0.7572266 ], [ -90.261084, -0.7419922 ], [ -90.1927246, -0.6587891 ], [ -90.1853027, -0.5448242 ], [ -90.2693848, -0.484668 ], [ -90.4697266, -0.5173828 ], [ -90.531689500000013, -0.5814453 ], [ -90.5421387, -0.6764648 ], [ -90.3871094, -0.7733398 ], [ -90.3348633, -0.771582 ], [ -90.3154297, -0.7572266 ] ] ], [ [ [ -89.3583496, -0.8260742 ], [ -89.294873, -0.7859375 ], [ -89.259375, -0.728418 ], [ -89.2674316, -0.7045898 ], [ -89.2878418, -0.6898438 ], [ -89.3184082, -0.6800781 ], [ -89.4231445, -0.7222656 ], [ -89.4799316, -0.7933594 ], [ -89.543457, -0.8268555 ], [ -89.6085938, -0.8885742 ], [ -89.6026367, -0.9134766 ], [ -89.5772949, -0.9337891 ], [ -89.5366211, -0.9523438 ], [ -89.4188965, -0.9110352 ], [ -89.3583496, -0.8260742 ] ] ], [ [ [ -91.3999512, -0.4208984 ], [ -91.3993652, -0.3224609 ], [ -91.4601562, -0.2556641 ], [ -91.6466797, -0.2844727 ], [ -91.6541504, -0.3109375 ], [ -91.646582, -0.3908203 ], [ -91.6107422, -0.4439453 ], [ -91.5263672, -0.4782227 ], [ -91.4259766, -0.4608398 ], [ -91.3999512, -0.4208984 ] ] ], [ [ [ -90.3791504, -1.2922852 ], [ -90.3987305, -1.2623047 ], [ -90.4319824, -1.2398438 ], [ -90.4771973, -1.2209961 ], [ -90.5195312, -1.2991211 ], [ -90.4644043, -1.3419922 ], [ -90.4239258, -1.3399414 ], [ -90.3791504, -1.2922852 ] ] ], [ [ [ -91.3057617, 0.0914062 ], [ -91.361377, 0.1258301 ], [ -91.4910156, 0.1051758 ], [ -91.5091797, 0.0622559 ], [ -91.5968262, 0.0020996 ], [ -91.5900879, -0.0147949 ], [ -91.55, -0.0466797 ], [ -91.4687012, -0.0103027 ], [ -91.4288574, -0.0233887 ], [ -91.3691895, -0.287207 ], [ -91.2495117, -0.3736328 ], [ -91.1970215, -0.4969727 ], [ -91.1209473, -0.559082 ], [ -91.144677700000017, -0.6228516 ], [ -91.334082, -0.70625 ], [ -91.458300799999989, -0.7995117 ], [ -91.4954102, -0.8609375 ], [ -91.4835449, -0.9246094 ], [ -91.419043, -0.9966797 ], [ -91.3715332, -1.0169922 ], [ -91.1310547, -1.0196289 ], [ -90.9055176, -0.9405273 ], [ -90.7996582, -0.7520508 ], [ -90.8625488, -0.6717773 ], [ -90.9589355, -0.5953125 ], [ -90.968457, -0.5755859 ], [ -90.950634799999989, -0.5251953 ], [ -90.9755371, -0.4168945 ], [ -91.1762207, -0.2230469 ], [ -91.2100586, -0.0393066 ], [ -91.272168, 0.0251465 ], [ -91.3057617, 0.0914062 ] ] ], [ [ [ -90.5533203, -0.278418 ], [ -90.6675293, -0.1898438 ], [ -90.780371100000011, -0.1604492 ], [ -90.8203613, -0.1921875 ], [ -90.8677734, -0.2713867 ], [ -90.8090332, -0.3293945 ], [ -90.620459, -0.3642578 ], [ -90.5739258, -0.3339844 ], [ -90.5533203, -0.278418 ] ] ] ] } },
{ "type": "Feature", "properties": { "iso3": "DOM", "territorio": "Dominican Republic", "value": 1.33455002307892, "color": "#FFFFB2" }, "geometry": { "type": "MultiPolygon", "coordinates": [ [ [ [ -71.7124512, 18.0054687 ], [ -71.6737305, 17.9541016 ], [ -71.6572266, 17.8886719 ], [ -71.6583008, 17.8211426 ], [ -71.6317383, 17.7736328 ], [ -71.569043, 17.757373 ], [ -71.5183594, 17.725 ], [ -71.4389648, 17.6355957 ], [ -71.3957031, 17.6460937 ], [ -71.3583008, 17.6941406 ], [ -71.2672852, 17.8496094 ], [ -71.1060059, 18.0700195 ], [ -71.0826172, 18.1283691 ], [ -71.0822266, 18.2243652 ], [ -71.0699707, 18.2503418 ], [ -71.027832, 18.2731934 ], [ -70.9243164, 18.2924805 ], [ -70.7588379, 18.3456055 ], [ -70.6446777, 18.3362305 ], [ -70.5654297, 18.2675781 ], [ -70.4799316, 18.2172852 ], [ -70.1831055, 18.2517578 ], [ -70.1416016, 18.2770996 ], [ -70.0633301, 18.3456543 ], [ -70.0183105, 18.3736328 ], [ -69.8963867, 18.4177246 ], [ -69.7706543, 18.4435547 ], [ -69.6447266, 18.436377 ], [ -69.5194336, 18.4156738 ], [ -69.3969727, 18.4201172 ], [ -69.2745117, 18.4398437 ], [ -69.0722656, 18.3992188 ], [ -68.9349609, 18.4080078 ], [ -68.8195313, 18.3393066 ], [ -68.7784668, 18.2661133 ], [ -68.7209961, 18.2184082 ], [ -68.6874023, 18.2149414 ], [ -68.6588379, 18.2220215 ], [ -68.612207, 18.30625 ], [ -68.5637695, 18.3554688 ], [ -68.4932129, 18.3790039 ], [ -68.4448242, 18.4177246 ], [ -68.3592773, 18.5380859 ], [ -68.3391602, 18.6115234 ], [ -68.3813965, 18.6711426 ], [ -68.4454102, 18.7144531 ], [ -68.6847656, 18.9047852 ], [ -68.9013672, 18.9884766 ], [ -69.0312988, 19.0131836 ], [ -69.1630371, 19.0284668 ], [ -69.2802246, 19.0519043 ], [ -69.3952637, 19.086084 ], [ -69.5083496, 19.1076172 ], [ -69.6236328, 19.1178223 ], [ -69.6232422, 19.160498 ], [ -69.605957, 19.2064941 ], [ -69.5197266, 19.2120117 ], [ -69.3227539, 19.2010742 ], [ -69.2642578, 19.2256836 ], [ -69.2324707, 19.2718262 ], [ -69.3249512, 19.3277344 ], [ -69.7394043, 19.2992187 ], [ -69.8234375, 19.3671387 ], [ -69.8783203, 19.473291 ], [ -69.8912109, 19.5897461 ], [ -69.9568359, 19.671875 ], [ -70.0140625, 19.6729492 ], [ -70.1294434, 19.6361328 ], [ -70.1938477, 19.6380371 ], [ -70.304736300000016, 19.6760742 ], [ -70.4364258, 19.7712402 ], [ -70.4793457, 19.7769531 ], [ -70.6361816, 19.7756348 ], [ -70.6859375, 19.7932617 ], [ -70.7852539, 19.8508789 ], [ -70.8338867, 19.8872559 ], [ -70.9541504, 19.9139648 ], [ -71.0819336, 19.8904785 ], [ -71.2359375, 19.8481445 ], [ -71.2813477, 19.8473633 ], [ -71.4416992, 19.8939941 ], [ -71.5577637, 19.8953613 ], [ -71.6159668, 19.8774414 ], [ -71.6673828, 19.8486328 ], [ -71.7060547, 19.795166 ], [ -71.7351074, 19.7351074 ], [ -71.779248, 19.7181641 ], [ -71.7574219, 19.6881836 ], [ -71.7114746, 19.4865723 ], [ -71.7069336, 19.4219727 ], [ -71.7531738, 19.3244629 ], [ -71.7464844, 19.2858398 ], [ -71.6472168, 19.1959473 ], [ -71.6453125, 19.1635254 ], [ -71.6570312, 19.1307617 ], [ -71.742041, 19.0455078 ], [ -71.8071289, 18.9870117 ], [ -71.786377, 18.9200195 ], [ -71.7336426, 18.8563965 ], [ -71.7270508, 18.8032227 ], [ -71.7432129, 18.7329102 ], [ -71.8242188, 18.6455078 ], [ -71.8665039, 18.6141602 ], [ -71.986865200000011, 18.6103516 ], [ -72.0003906, 18.5979004 ], [ -71.9403809, 18.5125977 ], [ -71.8725586, 18.4162109 ], [ -71.7619141, 18.3413086 ], [ -71.7372559, 18.2708008 ], [ -71.7637695, 18.2039551 ], [ -71.7683105, 18.0391602 ], [ -71.7124512, 18.0054687 ] ] ] ] } },
{ "type": "Feature", "properties": { "iso3": "DMA", "territorio": "Dominica", "value": null, "color": "#CCCCCC" }, "geometry": { "type": "MultiPolygon", "coordinates": [ [ [ [ -61.2510742, 15.3731445 ], [ -61.2772461, 15.526709 ], [ -61.3200195, 15.5850586 ], [ -61.4581055, 15.6331055 ], [ -61.4699219, 15.6034668 ], [ -61.4811523, 15.5251465 ], [ -61.4157227, 15.3998535 ], [ -61.3753906, 15.2272949 ], [ -61.2816895, 15.2490234 ], [ -61.2510742, 15.3731445 ] ] ] ] } },
{ "type": "Feature", "properties": { "iso3": "GRL", "territorio": "Greenland", "value": null, "color": "#CCCCCC" }, "geometry": { "type": "MultiPolygon", "coordinates": [ [ [ [ -30.7029297, 83.5934082 ], [ -32.9844238, 83.5996094 ], [ -33.3983398, 83.5772461 ], [ -33.8373535, 83.5299805 ], [ -34.1319336, 83.5286621 ], [ -34.4283203, 83.5575684 ], [ -34.6677734, 83.5711426 ], [ -34.9416504, 83.568457 ], [ -35.1655273, 83.545752 ], [ -35.4518555, 83.538623 ], [ -36.6064941, 83.5369629 ], [ -36.6444336, 83.5289551 ], [ -36.6721191, 83.5099121 ], [ -36.6895996, 83.4799316 ], [ -36.8044922, 83.4658203 ], [ -37.122998, 83.4684082 ], [ -37.4869141, 83.4991211 ], [ -37.7233398, 83.4977539 ], [ -37.8280273, 83.4855469 ], [ -37.9608398, 83.4376465 ], [ -38.0710937, 83.4121094 ], [ -38.1879395, 83.402294900000015 ], [ -38.5414551, 83.4147949 ], [ -38.6482422, 83.4010254 ], [ -38.7495605, 83.3708496 ], [ -38.7478027, 83.3325684 ], [ -38.6429199, 83.2862793 ], [ -38.5395508, 83.258154300000015 ], [ -37.9927734, 83.1851074 ], [ -37.9347656, 83.160742200000016 ], [ -38.0148926, 83.0948242 ], [ -38.0370117, 83.0462891 ], [ -38.098584, 83.0135742 ], [ -38.15625, 82.9986328 ], [ -38.2783691, 82.998877 ], [ -38.9311035, 83.1753418 ], [ -39.3160156, 83.2039062 ], [ -39.5884277, 83.2555664 ], [ -39.8863281, 83.2989258 ], [ -40.3568359, 83.3321777 ], [ -40.6894531, 83.2751953 ], [ -40.9793945, 83.184863299999989 ], [ -41.3001465, 83.1007812 ], [ -41.5219727, 83.1267578 ], [ -41.6834961, 83.1300293 ], [ -41.8197754, 83.1477539 ], [ -42.0545898, 83.2051758 ], [ -42.2595215, 83.2319824 ], [ -42.7755371, 83.2587891 ], [ -43.0092773, 83.2645996 ], [ -43.1945801, 83.255127 ], [ -44.1973145, 83.1468262 ], [ -44.6569336, 83.1290527 ], [ -45.1217773, 83.078662100000017 ], [ -45.4145996, 83.0176758 ], [ -45.9088867, 83.0613281 ], [ -46.169043, 83.0638672 ], [ -46.4781738, 82.9519043 ], [ -46.1368164, 82.8588379 ], [ -45.8733398, 82.8548828 ], [ -45.3029785, 82.8650879 ], [ -45.0279297, 82.8855957 ], [ -44.7619629, 82.8835449 ], [ -44.239209, 82.8567871 ], [ -41.4344238, 82.778613299999989 ], [ -41.3696289, 82.75 ], [ -41.3572754, 82.7049805 ], [ -41.8764648, 82.6803223 ], [ -41.9765625, 82.689160199999989 ], [ -42.0546387, 82.7098145 ], [ -42.232959, 82.7254883 ], [ -42.6507324, 82.7414551 ], [ -45.0674316, 82.7849609 ], [ -45.3596191, 82.7709473 ], [ -45.556543, 82.7470215 ], [ -45.5524414, 82.7252441 ], [ -44.577246099999989, 82.542627 ], [ -44.3265625, 82.4717285 ], [ -44.2388672, 82.3681641 ], [ -44.3332031, 82.310791 ], [ -44.5470703, 82.2600586 ], [ -44.6371094, 82.1044434 ], [ -44.6277344, 82.0258789 ], [ -44.5910156, 81.9566895 ], [ -44.5269043, 81.8968262 ], [ -44.5324219, 81.848925799999989 ], [ -44.6076172, 81.8129395 ], [ -44.7294922, 81.779834 ], [ -44.8909668, 81.7882812 ], [ -45.2910645, 81.8288086 ], [ -46.617334, 82.0969727 ], [ -47.3574219, 82.1736328 ], [ -48.8611816, 82.4054199 ], [ -50.0371094, 82.4724121 ], [ -50.8195312, 82.474072300000017 ], [ -50.9899414, 82.4601562 ], [ -50.9355469, 82.3828125 ], [ -50.7131348, 82.237353500000012 ], [ -50.3948242, 82.1207031 ], [ -49.6942871, 81.972119100000015 ], [ -49.5410645, 81.9180664 ], [ -49.6488281, 81.8978027 ], [ -49.867041, 81.8930176 ], [ -50.3600586, 81.909082 ], [ -50.8944336, 81.8952148 ], [ -51.3518555, 82.0256348 ], [ -51.7540039, 82.0782227 ], [ -52.7755859, 82.3217285 ], [ -53.022558599999989, 82.3217285 ], [ -53.1107422, 82.2512207 ], [ -53.1019531, 82.1189453 ], [ -52.9255371, 82.0383789 ], [ -52.9685059, 81.9671387 ], [ -53.0412109, 81.8709961 ], [ -53.1450195, 81.7997559 ], [ -53.2799805, 81.7536133 ], [ -53.430127, 81.688378899999989 ], [ -53.5556641, 81.6532715 ], [ -53.5907715, 81.6768555 ], [ -53.5955078, 81.7380371 ], [ -53.5820312, 82.0615723 ], [ -53.6713379, 82.1640625 ], [ -53.8532227, 82.2368652 ], [ -53.9873047, 82.279248 ], [ -54.2770508, 82.3260742 ], [ -54.548877, 82.3506348 ], [ -54.7258789, 82.3513672 ], [ -55.3436035, 82.2995605 ], [ -55.4862305, 82.2828613 ], [ -55.5486816, 82.245752 ], [ -56.2119629, 82.2211426 ], [ -56.5893555, 82.2271484 ], [ -57.7168945, 82.1683105 ], [ -58.7173828, 82.0930664 ], [ -59.2618164, 82.0066406 ], [ -59.2680176, 81.9820801 ], [ -58.816748, 81.9204102 ], [ -58.5682129, 81.8582031 ], [ -58.2300781, 81.7536621 ], [ -57.8530273, 81.6620117 ], [ -57.1684082, 81.5321777 ], [ -56.859668, 81.4599609 ], [ -56.6581543, 81.3942871 ], [ -56.6151367, 81.3628906 ], [ -56.7306641, 81.365625 ], [ -56.8620605, 81.3827148 ], [ -57.0828613, 81.4299316 ], [ -57.5048828, 81.5398926 ], [ -57.790332, 81.591748 ], [ -58.0799316, 81.6222168 ], [ -58.4297852, 81.6900391 ], [ -58.9567871, 81.8251953 ], [ -59.2819336, 81.8840332 ], [ -59.6422852, 81.9026367 ], [ -59.9019043, 81.9330078 ], [ -60.0994629, 81.9373535 ], [ -60.432373, 81.920166 ], [ -60.8428711, 81.8553711 ], [ -61.0150391, 81.8095703 ], [ -61.2029297, 81.746875 ], [ -61.235693399999988, 81.6945801 ], [ -61.1759766, 81.6318848 ], [ -61.1307617, 81.5323242 ], [ -61.1, 81.3960938 ], [ -61.1620605, 81.2814941 ], [ -61.3169922, 81.1884766 ], [ -61.4359863, 81.1335938 ], [ -61.5190918, 81.1167969 ], [ -61.635595699999989, 81.1157227 ], [ -61.8603516, 81.1375977 ], [ -62.0494141, 81.172753899999989 ], [ -62.298877, 81.1943848 ], [ -62.6719238, 81.2141113 ], [ -62.9033691, 81.2183594 ], [ -62.9932617, 81.2069824 ], [ -63.2125, 81.1431152 ], [ -63.2352051, 81.0833496 ], [ -63.095459, 80.9380859 ], [ -63.0286621, 80.8895508 ], [ -63.0585938, 80.88559570000001 ], [ -63.4416992, 81.0138672 ], [ -63.5780273, 81.0432617 ], [ -63.7219727, 81.0573242 ], [ -63.8915527, 81.0564453 ], [ -64.5155273, 81.0 ], [ -64.6937988, 80.9660156 ], [ -65.0621582, 80.8363281 ], [ -65.3582031, 80.7665039 ], [ -65.6452148, 80.6850586 ], [ -65.8009766, 80.6597168 ], [ -65.9632812, 80.648974600000017 ], [ -66.1356934, 80.625 ], [ -66.3723145, 80.5841797 ], [ -66.6100586, 80.5295898 ], [ -66.9958984, 80.4129883 ], [ -67.0506348, 80.3845215 ], [ -67.1931641, 80.2800781 ], [ -67.2014648, 80.222168 ], [ -67.1413086, 80.1664551 ], [ -67.0606445, 80.1231445 ], [ -66.9594727, 80.092041 ], [ -66.8436523, 80.0762207 ], [ -66.4477051, 80.0802734 ], [ -66.2915039, 80.0722656 ], [ -65.9819336, 80.0294922 ], [ -65.8104492, 80.0240723 ], [ -65.553418, 80.047998 ], [ -65.3949219, 80.0777344 ], [ -65.2221191, 80.0859375 ], [ -64.9822266, 80.0824707 ], [ -64.7352539, 80.1044434 ], [ -64.5446289, 80.1369141 ], [ -64.4399414, 80.1418457 ], [ -64.3268066, 80.133593800000014 ], [ -64.20527340000001, 80.1121094 ], [ -64.1791504, 80.0992676 ], [ -64.4657227, 80.0716797 ], [ -64.6324219, 80.0405762 ], [ -64.7922852, 80.0006348 ], [ -64.8389648, 79.9691895 ], [ -64.9046387, 79.88125 ], [ -64.9892578, 79.7369629 ], [ -65.1169434, 79.5890137 ], [ -65.287793, 79.4373047 ], [ -65.419873, 79.3402344 ], [ -65.5597656, 79.2764648 ], [ -65.8255371, 79.1737305 ], [ -65.9678711, 79.132373 ], [ -66.0753418, 79.1182129 ], [ -66.2427734, 79.1178223 ], [ -66.5837402, 79.1376953 ], [ -67.354541, 79.1233398 ], [ -67.4822266, 79.1168945 ], [ -67.7077637, 79.0803711 ], [ -67.8683594, 79.0678711 ], [ -68.0675293, 79.0658203 ], [ -68.3770508, 79.03784180000001 ], [ -68.829834, 78.9797363 ], [ -69.0305176, 78.9428711 ], [ -69.0119629, 78.9230469 ], [ -68.9239258, 78.8819336 ], [ -68.9296387, 78.8667969 ], [ -68.993457, 78.8574219 ], [ -69.9735352, 78.7776855 ], [ -70.414209, 78.7249023 ], [ -70.6253906, 78.6901367 ], [ -70.7541016, 78.6558105 ], [ -70.9057617, 78.6384766 ], [ -71.3947754, 78.642627 ], [ -71.515625, 78.6389648 ], [ -71.6513184, 78.6231445 ], [ -72.0236816, 78.5527832 ], [ -72.3956055, 78.5043457 ], [ -72.4725098, 78.4820312 ], [ -72.6797363, 78.3995605 ], [ -72.7147949, 78.3623047 ], [ -72.6724609, 78.3353027 ], [ -72.5709473, 78.2987305 ], [ -72.5812988, 78.2791016 ], [ -72.8180664, 78.194335900000013 ], [ -72.7915039, 78.1548828 ], [ -72.5863281, 78.0852051 ], [ -72.2472656, 77.9904297 ], [ -72.1585449, 77.9569336 ], [ -72.0649414, 77.9368164 ], [ -71.6499023, 77.8998047 ], [ -71.5124023, 77.8753906 ], [ -71.3898438, 77.8320312 ], [ -71.2716309, 77.8131348 ], [ -70.9936035, 77.7915527 ], [ -70.7287109, 77.7927246 ], [ -70.6135254, 77.8 ], [ -70.4124023, 77.8431152 ], [ -70.1144531, 77.8413574 ], [ -70.0814941, 77.8313965 ], [ -70.2866211, 77.7982422 ], [ -70.5619141, 77.7171875 ], [ -70.5354004, 77.6995605 ], [ -70.3183105, 77.6903809 ], [ -70.1263672, 77.637793 ], [ -70.1181641, 77.5834961 ], [ -69.9767578, 77.5476562 ], [ -69.351367200000013, 77.4671387 ], [ -69.1996582, 77.4629395 ], [ -69.090918, 77.4719238 ], [ -68.9745605, 77.492627 ], [ -68.8536621, 77.5288574 ], [ -68.7282227, 77.5805664 ], [ -68.6215332, 77.6018555 ], [ -68.5334961, 77.5927734 ], [ -68.2918945, 77.5441895 ], [ -68.1373047, 77.5304688 ], [ -67.9773437, 77.5188965 ], [ -67.6880859, 77.5237793 ], [ -67.5146484, 77.5429199 ], [ -67.1473633, 77.6345215 ], [ -66.9706543, 77.6708496 ], [ -66.8235352, 77.6866211 ], [ -66.6912109, 77.6812012 ], [ -66.4453613, 77.6156738 ], [ -66.3064453, 77.564502 ], [ -66.2664551, 77.5153809 ], [ -66.325293, 77.4682129 ], [ -66.4530762, 77.3930664 ], [ -66.4476562, 77.3498047 ], [ -66.3712891, 77.2977051 ], [ -66.3894531, 77.2802734 ], [ -66.7057617, 77.3380371 ], [ -66.9379883, 77.364209 ], [ -67.4337891, 77.384668 ], [ -68.1355469, 77.3795898 ], [ -68.5916016, 77.3425293 ], [ -68.7474609, 77.3069336 ], [ -68.9783203, 77.1953125 ], [ -69.656543, 77.2290039 ], [ -70.6037109, 77.1938477 ], [ -70.8628418, 77.17543950000001 ], [ -70.9581055, 77.1543457 ], [ -71.0554687, 77.1205078 ], [ -71.1548828, 77.073877 ], [ -71.1414551, 77.0286621 ], [ -71.0150391, 76.9848633 ], [ -70.734668, 76.9290039 ], [ -70.7712402, 76.9165039 ], [ -70.790625, 76.8964844 ], [ -70.7928223, 76.8690918 ], [ -70.7336914, 76.8441895 ], [ -70.6131348, 76.8218262 ], [ -70.4413086, 76.807373 ], [ -70.2244629, 76.8545898 ], [ -69.6942383, 76.9894531 ], [ -69.7117187, 76.969043 ], [ -69.7710449, 76.9314453 ], [ -69.8722168, 76.8766113 ], [ -69.8880859, 76.8270508 ], [ -69.8186523, 76.7827637 ], [ -69.7472168, 76.7523926 ], [ -69.6738281, 76.7358887 ], [ -69.2520508, 76.6861328 ], [ -68.7673828, 76.6680176 ], [ -68.2233887, 76.6776855 ], [ -68.1142578, 76.6506348 ], [ -68.1472168, 76.6356445 ], [ -68.2454102, 76.616748 ], [ -68.6607422, 76.5866211 ], [ -68.8649902, 76.561377 ], [ -69.3996582, 76.4362793 ], [ -69.484082, 76.3991699 ], [ -69.4608887, 76.371728500000017 ], [ -69.3729004, 76.3318848 ], [ -69.1075684, 76.280859400000011 ], [ -68.7630859, 76.1866211 ], [ -68.5606445, 76.1501953 ], [ -68.3172852, 76.090771500000017 ], [ -68.1487305, 76.067041 ], [ -66.8261719, 75.9687988 ], [ -66.6748047, 75.9773926 ], [ -66.8539062, 76.05 ], [ -67.0547852, 76.1518555 ], [ -67.0787109, 76.1948242 ], [ -66.9925781, 76.2129395 ], [ -66.8740234, 76.2178711 ], [ -66.6599609, 76.1661621 ], [ -66.5532227, 76.1459473 ], [ -66.4657715, 76.1391602 ], [ -66.3617676, 76.1547852 ], [ -66.1340332, 76.2196289 ], [ -65.9540527, 76.2416992 ], [ -65.8757324, 76.2383301 ], [ -65.7854492, 76.215332 ], [ -65.6833008, 76.1727051 ], [ -65.5737305, 76.1442383 ], [ -65.4567871, 76.129834 ], [ -65.3699219, 76.1305664 ], [ -65.3132324, 76.1463867 ], [ -65.0876465, 76.1515137 ], [ -64.9119629, 76.1725098 ], [ -64.6920898, 76.2162598 ], [ -64.5434082, 76.2530762 ], [ -64.3873047, 76.3040039 ], [ -64.3072754, 76.3165039 ], [ -64.2231934, 76.3033203 ], [ -64.1352051, 76.264502 ], [ -63.960351599999989, 76.2089355 ], [ -63.8430664, 76.2171387 ], [ -63.6219727, 76.2778809 ], [ -63.4388672, 76.339453100000014 ], [ -63.2913086, 76.3520508 ], [ -63.0058105, 76.3190918 ], [ -62.8234375, 76.2615234 ], [ -62.7428711, 76.2521484 ], [ -62.4961914, 76.2604492 ], [ -62.0966797, 76.242334 ], [ -61.6208496, 76.1856445 ], [ -61.3748047, 76.1799805 ], [ -61.1882324, 76.1578613 ], [ -60.8746094, 76.097168 ], [ -60.1727539, 75.9933105 ], [ -59.7174316, 75.8962891 ], [ -59.4453125, 75.8585938 ], [ -59.263623, 75.8188965 ], [ -59.0815918, 75.7646973 ], [ -58.8814453, 75.7304688 ], [ -58.6630859, 75.7164062 ], [ -58.5162109, 75.6890625 ], [ -58.3812988, 75.6120117 ], [ -58.2496582, 75.5066895 ], [ -58.2812012, 75.4720703 ], [ -58.6034668, 75.3853027 ], [ -58.5655273, 75.3527344 ], [ -58.2533203, 75.2789551 ], [ -58.1796875, 75.2474609 ], [ -58.1088379, 75.2049316 ], [ -57.9670898, 75.1051758 ], [ -57.8131836, 75.0399902 ], [ -57.3647949, 74.945459 ], [ -57.1908691, 74.89375 ], [ -57.0716797, 74.8402344 ], [ -56.9855469, 74.7867676 ], [ -56.9325684, 74.7333496 ], [ -56.8711426, 74.6949707 ], [ -56.8013184, 74.6716797 ], [ -56.522070299999989, 74.6143066 ], [ -56.2554688, 74.5268066 ], [ -56.350293, 74.4904785 ], [ -56.445556599999989, 74.486084 ], [ -56.6560059, 74.4575684 ], [ -56.717675799999988, 74.429248 ], [ -56.6542969, 74.378125 ], [ -56.663916, 74.3295898 ], [ -56.6389648, 74.2783691 ], [ -56.7063477, 74.2191895 ], [ -56.9375, 74.1950684 ], [ -57.1121094, 74.1594727 ], [ -57.2305664, 74.125293 ], [ -57.1911133, 74.1182129 ], [ -56.9542969, 74.1312012 ], [ -56.6551758, 74.1585449 ], [ -56.4931641, 74.1821777 ], [ -56.3921875, 74.1812012 ], [ -56.2984863, 74.1634277 ], [ -56.2253906, 74.1291016 ], [ -56.1242188, 74.0390625 ], [ -56.0662109, 74.0072754 ], [ -56.0144531, 73.9638672 ], [ -55.9989258, 73.9459473 ], [ -55.9965332, 73.9306152 ], [ -55.9294922, 73.8954102 ], [ -55.8724121, 73.833447300000017 ], [ -55.8382812, 73.7597168 ], [ -55.8973145, 73.7516113 ], [ -55.9684082, 73.7595703 ], [ -56.0330078, 73.6703125 ], [ -56.0826172, 73.6274902 ], [ -56.1091797, 73.5907715 ], [ -56.1040527, 73.5581543 ], [ -55.9919922, 73.5368164 ], [ -55.8755371, 73.5046387 ], [ -55.7870605, 73.460498 ], [ -55.7579102, 73.4279297 ], [ -55.7388672, 73.3839844 ], [ -55.6562012, 73.3990723 ], [ -55.4457031, 73.460498 ], [ -55.3320313, 73.3973633 ], [ -55.2882812, 73.3270996 ], [ -55.297168, 73.262304700000016 ], [ -55.3586914, 73.2029297 ], [ -55.4523438, 73.1619141 ], [ -55.5922852, 73.1402832 ], [ -55.6927734, 73.1128418 ], [ -55.6908203, 73.0541016 ], [ -55.6685547, 73.0079102 ], [ -55.6339844, 72.9914062 ], [ -55.5451172, 72.9849121 ], [ -55.4595215, 72.9644043 ], [ -55.3724121, 72.9561523 ], [ -55.288916, 72.9332031 ], [ -55.1984375, 72.9382324 ], [ -55.1339844, 72.9606445 ], [ -55.0730957, 73.0151367 ], [ -54.8662109, 72.9668457 ], [ -54.7730957, 72.9175781 ], [ -54.7379395, 72.8725098 ], [ -54.7608398, 72.8317383 ], [ -54.7577148, 72.7910645 ], [ -54.7287109, 72.7504883 ], [ -54.7400391, 72.7001953 ], [ -54.7903809, 72.6416016 ], [ -54.9249512, 72.5719727 ], [ -55.0462402, 72.5344238 ], [ -55.121875, 72.499609400000011 ], [ -55.4567871, 72.5032715 ], [ -55.601709, 72.4534668 ], [ -55.56875, 72.4370117 ], [ -55.4279785, 72.419873 ], [ -55.2957031, 72.3543945 ], [ -55.3779297, 72.3111328 ], [ -55.5893066, 72.3185059 ], [ -55.6358398, 72.3004395 ], [ -55.6594727, 72.2226074 ], [ -55.5814453, 72.1788574 ], [ -55.3201172, 72.1995605 ], [ -54.8963379, 72.3941895 ], [ -54.840625, 72.3793945 ], [ -54.8401367, 72.3561035 ], [ -54.8726074, 72.3254395 ], [ -54.9708984, 72.2684082 ], [ -55.3155762, 72.1106934 ], [ -55.4524414, 71.957666 ], [ -55.5492188, 71.7682617 ], [ -55.6297852, 71.738623 ], [ -55.6693359, 71.6915039 ], [ -55.6678223, 71.6267578 ], [ -55.594043, 71.5535156 ], [ -55.4479004, 71.4717773 ], [ -55.3364258, 71.4267578 ], [ -55.0553711, 71.4085938 ], [ -54.8183105, 71.375293 ], [ -54.6890625, 71.3672363 ], [ -54.3177246, 71.3844727 ], [ -54.1727051, 71.4172852 ], [ -54.0989258, 71.4185059 ], [ -53.9629883, 71.4589844 ], [ -53.9120605, 71.5259277 ], [ -53.9542969, 71.5926758 ], [ -54.0199219, 71.6578613 ], [ -53.9643555, 71.6556641 ], [ -53.8940918, 71.6419922 ], [ -53.7796875, 71.6785156 ], [ -53.7598633, 71.7180176 ], [ -53.715429699999987, 71.757666 ], [ -53.5686523, 71.8055664 ], [ -53.4775879, 71.8499512 ], [ -53.4625, 71.8935547 ], [ -53.5136719, 71.976269500000015 ], [ -53.630957, 72.0515137 ], [ -53.7029297, 72.0800293 ], [ -53.7928711, 72.134082 ], [ -53.8275391, 72.1834473 ], [ -53.847460899999987, 72.2398438 ], [ -53.8809082, 72.2849609 ], [ -53.9277344, 72.3187988 ], [ -53.9005371, 72.341748 ], [ -53.6521484, 72.3626465 ], [ -53.6720215, 72.3510254 ], [ -53.7759766, 72.3258301 ], [ -53.8098633, 72.2925781 ], [ -53.6928711, 72.159668 ], [ -53.6397949, 72.1233398 ], [ -53.5753906, 72.0980469 ], [ -53.4201172, 71.999755900000011 ], [ -53.3736328, 71.9357422 ], [ -53.3552734, 71.8708984 ], [ -53.3583496, 71.8196289 ], [ -53.3336914, 71.7897461 ], [ -53.1445312, 71.8074219 ], [ -53.1388672, 71.7751953 ], [ -53.249707, 71.7101562 ], [ -53.3047363, 71.6858887 ], [ -53.4760254, 71.6401855 ], [ -53.4648438, 71.6067871 ], [ -53.4400879, 71.5790039 ], [ -53.284082, 71.5399414 ], [ -53.1675293, 71.5359375 ], [ -52.9145508, 71.6019043 ], [ -52.7280762, 71.6626465 ], [ -52.6562988, 71.6722656 ], [ -52.1958008, 71.629980500000016 ], [ -52.0819336, 71.636718800000011 ], [ -51.9117188, 71.6694336 ], [ -51.7786133, 71.6829102 ], [ -51.7699219, 71.6717285 ], [ -51.9672852, 71.5991211 ], [ -52.7494141, 71.5015137 ], [ -52.8918457, 71.457666 ], [ -52.9373047, 71.4128418 ], [ -53.0020996, 71.3699707 ], [ -53.0878906, 71.3527344 ], [ -53.117041, 71.3128906 ], [ -53.0075684, 71.1799805 ], [ -52.8966797, 71.170703100000011 ], [ -52.775, 71.1740234 ], [ -52.5345703, 71.2004395 ], [ -52.4168945, 71.1896973 ], [ -52.2335938, 71.1475586 ], [ -52.061377, 71.1216309 ], [ -51.7918945, 71.130127 ], [ -51.3766602, 71.119043 ], [ -51.1777832, 71.043457 ], [ -51.0189453, 71.0013184 ], [ -51.0304199, 70.9862793 ], [ -51.1300781, 70.9717285 ], [ -51.2670898, 70.9768555 ], [ -51.528418, 71.0140137 ], [ -51.6500977, 71.019043 ], [ -51.7743164, 71.0104492 ], [ -51.7526855, 70.9922363 ], [ -51.4935547, 70.9188965 ], [ -51.396093799999989, 70.9030273 ], [ -51.2565918, 70.8526855 ], [ -51.2828125, 70.7680176 ], [ -51.3204102, 70.7428711 ], [ -51.3398926, 70.6875488 ], [ -51.3228516, 70.588769500000012 ], [ -51.1733398, 70.5291016 ], [ -50.932666, 70.4538574 ], [ -50.7275391, 70.4379883 ], [ -50.6632812, 70.4175781 ], [ -50.682128899999988, 70.396875 ], [ -50.8723633, 70.3648926 ], [ -50.946875, 70.363623 ], [ -51.411718799999989, 70.4317871 ], [ -51.524462899999989, 70.4394531 ], [ -51.7837891, 70.5032227 ], [ -52.4052246, 70.6867676 ], [ -52.6304199, 70.7299316 ], [ -52.8019531, 70.7505859 ], [ -53.0913086, 70.7693848 ], [ -53.3760254, 70.7610352 ], [ -53.5130859, 70.7666016 ], [ -53.6944336, 70.7960938 ], [ -53.8591797, 70.8099121 ], [ -54.1658203, 70.8201172 ], [ -54.3435547, 70.789209 ], [ -54.4379883, 70.7516113 ], [ -54.5307617, 70.699267600000013 ], [ -54.5011719, 70.6568848 ], [ -54.3433105, 70.5711914 ], [ -54.1356445, 70.4684082 ], [ -54.0144531, 70.4216797 ], [ -53.7685059, 70.3885254 ], [ -53.3575195, 70.3533203 ], [ -53.0230469, 70.3019043 ], [ -52.7650391, 70.2341309 ], [ -52.5712402, 70.1721191 ], [ -52.3360352, 70.078125 ], [ -52.2546387, 70.0589355 ], [ -51.5980957, 70.004541 ], [ -51.4990723, 69.9871582 ], [ -51.4188477, 69.989209 ], [ -51.1899414, 70.0519043 ], [ -51.1057129, 70.0574219 ], [ -50.9727051, 70.0398926 ], [ -50.8023438, 70.0032227 ], [ -50.6098633, 70.0149414 ], [ -50.436084, 70.0393555 ], [ -50.3229492, 70.0271484 ], [ -50.291699199999989, 70.0144531 ], [ -50.3375, 69.9941406 ], [ -50.4602539, 69.9663086 ], [ -50.5, 69.935791 ], [ -50.343457, 69.8252441 ], [ -50.3494629, 69.7962402 ], [ -50.459082, 69.7697266 ], [ -50.7202637, 69.7253418 ], [ -50.8041016, 69.6630371 ], [ -50.8105957, 69.5990234 ], [ -50.8751953, 69.4742188 ], [ -50.8922363, 69.4117676 ], [ -51.0578125, 69.2748047 ], [ -51.0769531, 69.2094727 ], [ -50.8510742, 69.20625 ], [ -50.6710449, 69.2344727 ], [ -50.5366211, 69.2478516 ], [ -50.459375, 69.2055176 ], [ -50.298877, 69.1853516 ], [ -50.2973633, 69.1706055 ], [ -50.3926758, 69.1374023 ], [ -50.792285199999988, 69.1168457 ], [ -51.0848633, 69.1282715 ], [ -51.1197266, 69.0905273 ], [ -51.1560547, 68.9384277 ], [ -51.2494141, 68.7399414 ], [ -51.148877, 68.7399414 ], [ -51.0302246, 68.7562988 ], [ -50.8077148, 68.8169922 ], [ -50.8006348, 68.7912598 ], [ -50.9457031, 68.682666 ], [ -51.0699219, 68.6191895 ], [ -51.1333008, 68.5984375 ], [ -51.4787109, 68.547168 ], [ -51.6231445, 68.53481450000001 ], [ -51.7806641, 68.5481934 ], [ -52.3027832, 68.701123 ], [ -52.6045898, 68.7087402 ], [ -52.8938477, 68.6615234 ], [ -53.0394531, 68.6108887 ], [ -53.2132812, 68.4129883 ], [ -53.3374023, 68.3521484 ], [ -53.3831543, 68.2973633 ], [ -53.2898437, 68.2932617 ], [ -53.1725098, 68.3027344 ], [ -52.7800293, 68.3098633 ], [ -52.7467773, 68.2783691 ], [ -52.6983887, 68.2615234 ], [ -52.3785156, 68.2186035 ], [ -52.1985352, 68.2208008 ], [ -51.8040039, 68.2518066 ], [ -51.6324219, 68.2730469 ], [ -51.475048799999989, 68.3653809 ], [ -51.4780273, 68.3839844 ], [ -51.4561035, 68.3935059 ], [ -51.293457, 68.4163574 ], [ -51.2101562, 68.4199219 ], [ -51.1691406, 68.3852051 ], [ -51.2072754, 68.3255371 ], [ -51.3325195, 68.2418457 ], [ -51.3937012, 68.2177734 ], [ -51.4146973, 68.1981934 ], [ -51.432666, 68.1430176 ], [ -51.4564941, 68.1160645 ], [ -51.518359399999987, 68.0771484 ], [ -51.596875, 68.0547852 ], [ -51.7799805, 68.0567383 ], [ -52.0584961, 68.0754883 ], [ -52.436084, 68.1456543 ], [ -52.8898438, 68.204541 ], [ -53.0409668, 68.2179199 ], [ -53.1515625, 68.2077637 ], [ -53.211377, 68.1169434 ], [ -53.3529297, 67.9705078 ], [ -53.5779785, 67.8368164 ], [ -53.6163574, 67.7666016 ], [ -53.6162109, 67.715332 ], [ -53.6428223, 67.6682617 ], [ -53.7352051, 67.5490234 ], [ -53.6036133, 67.5364746 ], [ -53.4187988, 67.5745605 ], [ -52.9795898, 67.7577637 ], [ -52.8983398, 67.7732422 ], [ -52.6732422, 67.7949707 ], [ -52.5461914, 67.8179199 ], [ -52.3448242, 67.8369141 ], [ -52.1041992, 67.7787109 ], [ -51.9438477, 67.7651855 ], [ -51.7652344, 67.737841800000012 ], [ -51.4232422, 67.7544922 ], [ -51.3214844, 67.7865723 ], [ -50.9688477, 67.8066406 ], [ -50.8870117, 67.7835449 ], [ -51.032080099999988, 67.7443848 ], [ -51.1679688, 67.7338379 ], [ -51.1710449, 67.6936035 ], [ -50.6401367, 67.5588379 ], [ -50.6134766, 67.5279297 ], [ -50.7053711, 67.5088867 ], [ -51.1814453, 67.6365234 ], [ -51.4505859, 67.6677246 ], [ -51.6650391, 67.6463867 ], [ -51.909082, 67.6637207 ], [ -52.3835937, 67.7523438 ], [ -52.5120117, 67.7612793 ], [ -52.6664551, 67.749707 ], [ -52.9695312, 67.6872559 ], [ -53.223584, 67.5849609 ], [ -53.4138672, 67.524707 ], [ -53.5479004, 67.4981934 ], [ -53.798584, 67.4181641 ], [ -53.8054687, 67.3269043 ], [ -53.8844238, 67.1355469 ], [ -53.6871582, 66.9864746 ], [ -53.5600098, 66.9459473 ], [ -53.4436035, 66.9246582 ], [ -53.3730957, 66.9319336 ], [ -53.2269531, 66.9193848 ], [ -52.9066895, 66.9068848 ], [ -52.5601074, 66.909082 ], [ -52.4297363, 66.8975586 ], [ -52.3868652, 66.8811523 ], [ -52.4314453, 66.8599121 ], [ -52.4910645, 66.8501465 ], [ -52.603125, 66.8527344 ], [ -53.0382813, 66.8268066 ], [ -53.1146484, 66.7538086 ], [ -53.2227051, 66.7214355 ], [ -53.41875, 66.6485352 ], [ -53.435791, 66.622168 ], [ -53.4756836, 66.5838379 ], [ -53.5707031, 66.5132812 ], [ -53.6347168, 66.4136719 ], [ -53.6226074, 66.344043 ], [ -53.6480957, 66.2735352 ], [ -53.6146973, 66.1544922 ], [ -53.5387695, 66.1393555 ], [ -53.4127441, 66.1599609 ], [ -53.1560547, 66.1777344 ], [ -53.035791, 66.201416 ], [ -52.9219238, 66.2411133 ], [ -52.8144531, 66.296875 ], [ -52.6758789, 66.3552246 ], [ -52.4212402, 66.4466797 ], [ -51.8230469, 66.6978516 ], [ -51.6477051, 66.7540039 ], [ -51.4019531, 66.8537598 ], [ -51.2810547, 66.8909668 ], [ -51.225, 66.881543 ], [ -51.2585937, 66.8412109 ], [ -51.5170898, 66.7320312 ], [ -51.6763672, 66.6835938 ], [ -51.8221191, 66.6515625 ], [ -51.8912109, 66.6231445 ], [ -51.9321777, 66.5878906 ], [ -52.0561035, 66.5073242 ], [ -52.1579102, 66.4701172 ], [ -52.292627, 66.4376465 ], [ -52.5108887, 66.3624023 ], [ -53.0178711, 66.1708984 ], [ -53.3569336, 66.073291 ], [ -53.392041, 66.0483398 ], [ -53.3447266, 66.034375 ], [ -53.2722168, 65.9874023 ], [ -53.24375, 65.9790527 ], [ -53.1063477, 65.9771484 ], [ -53.2337402, 65.7708496 ], [ -53.1989746, 65.594043 ], [ -53.1529297, 65.5745605 ], [ -52.9949219, 65.5660156 ], [ -52.7609375, 65.5908203 ], [ -52.551269499999989, 65.461377 ], [ -52.3482422, 65.4613281 ], [ -52.0353516, 65.5694824 ], [ -51.9241211, 65.6167969 ], [ -51.7798828, 65.703418 ], [ -51.7234375, 65.7234863 ], [ -51.3937988, 65.7791504 ], [ -51.1463867, 65.7856445 ], [ -51.091894499999988, 65.7757812 ], [ -51.0903809, 65.7510254 ], [ -51.2529297, 65.7464844 ], [ -51.6191406, 65.7131836 ], [ -51.7210938, 65.6699219 ], [ -51.9707031, 65.530712900000012 ], [ -52.179589799999988, 65.4419434 ], [ -52.4614258, 65.3626953 ], [ -52.50625, 65.3484863 ], [ -52.5376953, 65.3288086 ], [ -52.499707, 65.2750488 ], [ -52.4503418, 65.2213379 ], [ -52.4476074, 65.205127 ], [ -52.2590332, 65.1549316 ], [ -52.2354492, 65.0605469 ], [ -52.1240234, 64.7954102 ], [ -52.0888672, 64.681543 ], [ -52.0970215, 64.5970703 ], [ -52.0934082, 64.415918 ], [ -52.0631836, 64.3460938 ], [ -51.9986816, 64.2567871 ], [ -51.9226074, 64.21875 ], [ -51.8349609, 64.2319824 ], [ -51.7581055, 64.2799316 ], [ -51.6767578, 64.3770508 ], [ -51.470459, 64.5518066 ], [ -51.4009277, 64.6230957 ], [ -51.363623, 64.7015625 ], [ -51.2553711, 64.7581055 ], [ -51.1389648, 64.7857422 ], [ -51.1708496, 64.7077637 ], [ -51.2206055, 64.6284668 ], [ -50.9890625, 64.6648438 ], [ -50.8910645, 64.6952148 ], [ -50.7801758, 64.7461426 ], [ -50.721582, 64.7976074 ], [ -50.7648437, 64.8625488 ], [ -50.8523437, 65.0236816 ], [ -50.9137207, 65.0969727 ], [ -50.9606445, 65.201123 ], [ -50.9237305, 65.1967285 ], [ -50.854248, 65.1139648 ], [ -50.8121582, 65.0518555 ], [ -50.6812988, 64.9275391 ], [ -50.6778809, 64.8852051 ], [ -50.6481445, 64.8533203 ], [ -50.5169922, 64.7665039 ], [ -50.298877, 64.7785645 ], [ -50.2199219, 64.7538574 ], [ -50.1216309, 64.703759800000014 ], [ -50.0929687, 64.5849121 ], [ -50.0155273, 64.5074219 ], [ -50.0089844, 64.4472656 ], [ -50.1582031, 64.4895508 ], [ -50.2689453, 64.6147461 ], [ -50.355127, 64.6825684 ], [ -50.4920898, 64.693164100000018 ], [ -50.6843262, 64.6781738 ], [ -50.8492188, 64.6446777 ], [ -50.8577148, 64.6167969 ], [ -50.8349121, 64.5589844 ], [ -50.906543, 64.5675781 ], [ -51.1099121, 64.5728027 ], [ -51.231543, 64.5605957 ], [ -51.4037598, 64.4631836 ], [ -51.5337891, 64.314209 ], [ -51.7078613, 64.2050781 ], [ -51.6820312, 64.1647461 ], [ -51.5849121, 64.1031738 ], [ -51.5422852, 64.0970215 ], [ -51.4871094, 64.1032715 ], [ -51.3911133, 64.125 ], [ -51.3466797, 64.1230957 ], [ -51.0723145, 64.1590332 ], [ -50.7210449, 64.2233398 ], [ -50.4833984, 64.3043457 ], [ -50.4370605, 64.3128418 ], [ -50.4587402, 64.2658203 ], [ -50.4922852, 64.2293457 ], [ -50.4866211, 64.2088867 ], [ -50.3959473, 64.2031738 ], [ -50.2606934, 64.2142578 ], [ -50.3418945, 64.1703613 ], [ -50.5850098, 64.1623535 ], [ -50.6993652, 64.1492676 ], [ -50.8975586, 64.1055664 ], [ -51.2800781, 64.0529785 ], [ -51.5475098, 64.0061035 ], [ -51.4510742, 63.9047852 ], [ -51.5381836, 63.7580078 ], [ -51.4688477, 63.6422852 ], [ -51.1875977, 63.4364258 ], [ -51.0130859, 63.2575684 ], [ -50.8904785, 63.1669434 ], [ -50.8042969, 63.090771499999988 ], [ -50.743505899999988, 63.0512695 ], [ -50.6035156, 63.0000488 ], [ -50.5720215, 62.9711426 ], [ -50.5015625, 62.9449219 ], [ -50.4082031, 62.8488281 ], [ -50.3900879, 62.8220215 ], [ -50.3383301, 62.8287598 ], [ -50.0922363, 62.9767578 ], [ -49.7931152, 63.0446289 ], [ -50.0760254, 62.903759799999989 ], [ -50.2037598, 62.8087891 ], [ -50.2987305, 62.7219727 ], [ -50.2560059, 62.6797852 ], [ -50.2593262, 62.5780762 ], [ -50.2809082, 62.5307617 ], [ -50.3192383, 62.4731934 ], [ -50.2852051, 62.4662109 ], [ -50.1791504, 62.4111328 ], [ -50.0702148, 62.364502 ], [ -49.9433594, 62.3244629 ], [ -49.8060547, 62.2865234 ], [ -49.6852539, 62.2733398 ], [ -49.5534668, 62.2327148 ], [ -49.6677246, 62.1508789 ], [ -49.6833984, 62.0925781 ], [ -49.664257799999987, 62.0169434 ], [ -49.6237793, 61.998584 ], [ -49.3485352, 62.0102051 ], [ -49.2779297, 62.045752 ], [ -49.2022949, 62.0993164 ], [ -49.120459, 62.112597699999988 ], [ -49.0081543, 62.1082031 ], [ -48.8287109, 62.0796875 ], [ -49.0396484, 62.0393555 ], [ -49.0705566, 62.0154785 ], [ -49.1297852, 61.9934082 ], [ -49.313476599999987, 61.938623 ], [ -49.3802734, 61.8901855 ], [ -49.3628906, 61.8385254 ], [ -49.3044922, 61.7723145 ], [ -49.3112305, 61.7478027 ], [ -49.2652344, 61.7100586 ], [ -49.1931152, 61.6856445 ], [ -49.2222656, 61.6321289 ], [ -49.2890625, 61.5899414 ], [ -49.2047363, 61.5486816 ], [ -49.0492187, 61.523877 ], [ -48.987207, 61.4287109 ], [ -48.964502, 61.352002 ], [ -48.9220703, 61.2774414 ], [ -48.597168, 61.2474121 ], [ -48.5579102, 61.2339844 ], [ -48.4948242, 61.224707 ], [ -48.4281738, 61.1874023 ], [ -48.4249512, 61.1716797 ], [ -48.378125, 61.1384766 ], [ -48.3864258, 61.0047363 ], [ -48.1939453, 61.012939499999987 ], [ -48.1461426, 60.9994629 ], [ -47.8587891, 61.0156738 ], [ -47.7703125, 60.9977539 ], [ -47.905957, 60.945752 ], [ -48.2051758, 60.8559082 ], [ -48.2419434, 60.8068359 ], [ -48.1808105, 60.7692383 ], [ -48.1075195, 60.7424316 ], [ -48.0139648, 60.7219727 ], [ -47.8279297, 60.7247559 ], [ -47.7299316, 60.7294922 ], [ -47.7888672, 60.8001465 ], [ -47.7962402, 60.8288574 ], [ -47.7074707, 60.8270996 ], [ -47.5790527, 60.8474609 ], [ -47.4646484, 60.842627 ], [ -47.3697266, 60.8003418 ], [ -47.2244141, 60.7828613 ], [ -47.1248535, 60.8113281 ], [ -46.9796875, 60.8203613 ], [ -46.8744629, 60.816406199999989 ], [ -46.8056641, 60.8603027 ], [ -46.7177734, 60.9049316 ], [ -46.5824219, 60.9620605 ], [ -46.2966797, 61.0223633 ], [ -46.0117188, 61.0968262 ], [ -45.9704102, 61.1291992 ], [ -45.9756836, 61.175781199999989 ], [ -45.9422852, 61.2055664 ], [ -45.8702148, 61.2183105 ], [ -45.8494141, 61.1811523 ], [ -45.8798828, 61.0941406 ], [ -45.9337402, 61.028418 ], [ -46.0186523, 60.9717773 ], [ -46.1419434, 60.7765137 ], [ -46.0466309, 60.6157227 ], [ -45.9765137, 60.599707 ], [ -45.9343262, 60.5794434 ], [ -45.6952148, 60.5418457 ], [ -45.5902832, 60.5188477 ], [ -45.4288574, 60.4682617 ], [ -45.3805176, 60.4449219 ], [ -45.2833008, 60.454541 ], [ -45.0827148, 60.5071777 ], [ -44.7567383, 60.6645996 ], [ -44.742431599999989, 60.6552734 ], [ -44.8535156, 60.5319336 ], [ -44.974707, 60.4572266 ], [ -45.0822754, 60.4162109 ], [ -45.2024902, 60.3827148 ], [ -45.3677734, 60.3729492 ], [ -45.3623535, 60.2959473 ], [ -45.379248, 60.2029297 ], [ -44.812207, 60.0499023 ], [ -44.6132813, 60.0166504 ], [ -44.5331543, 60.0294922 ], [ -44.4763672, 60.0955078 ], [ -44.3483398, 60.2047852 ], [ -44.2243652, 60.2735352 ], [ -44.176123, 60.2443848 ], [ -44.2313477, 60.1802734 ], [ -44.4049316, 60.060791 ], [ -44.4534668, 60.0145508 ], [ -44.4129395, 59.9226074 ], [ -44.3835937, 59.8990723 ], [ -44.33125, 59.901709 ], [ -44.2689453, 59.8929199 ], [ -44.161718799999989, 59.9167969 ], [ -44.0654785, 59.9248047 ], [ -44.1054199, 59.8777344 ], [ -44.1169922, 59.8319336 ], [ -43.906543, 59.8154785 ], [ -43.7898437, 59.8459473 ], [ -43.7062012, 59.8493164 ], [ -43.6579102, 59.8586426 ], [ -43.730127, 59.9037598 ], [ -43.9374023, 59.9942383 ], [ -43.9550293, 60.0254883 ], [ -43.6685059, 59.9589355 ], [ -43.6168945, 59.9369141 ], [ -43.3201172, 59.928125 ], [ -43.2348145, 59.9913086 ], [ -43.1229004, 60.0612305 ], [ -43.165332, 60.2634277 ], [ -43.1648437, 60.3010254 ], [ -43.156494099999989, 60.3328613 ], [ -43.2129883, 60.3906738 ], [ -43.295654299999988, 60.4449707 ], [ -43.5330566, 60.472998 ], [ -43.6654785, 60.5029785 ], [ -43.8311523, 60.5219727 ], [ -43.9395508, 60.5673828 ], [ -43.9227051, 60.5953613 ], [ -43.7919922, 60.5945801 ], [ -43.5983398, 60.5760254 ], [ -43.3483398, 60.5197754 ], [ -43.1890625, 60.5072754 ], [ -43.1599609, 60.516943399999988 ], [ -43.0440918, 60.5236816 ], [ -42.717041, 60.7674805 ], [ -42.6459961, 61.0641113 ], [ -42.49375, 61.362793 ], [ -42.41875, 61.5370117 ], [ -42.3473633, 61.6174316 ], [ -42.3236328, 61.6817383 ], [ -42.5853027, 61.7174805 ], [ -42.5304199, 61.7553223 ], [ -42.3654297, 61.7746094 ], [ -42.249707, 61.7713867 ], [ -42.1102051, 61.8572266 ], [ -42.1538574, 61.953418 ], [ -42.1430664, 62.0135254 ], [ -42.2361328, 62.059179699999987 ], [ -42.321484399999989, 62.1527344 ], [ -42.2481445, 62.2890625 ], [ -42.2331055, 62.3477051 ], [ -42.1979492, 62.3971191 ], [ -42.2431641, 62.4660645 ], [ -42.1643555, 62.512207 ], [ -42.1529785, 62.568457 ], [ -42.4671387, 62.5981934 ], [ -42.6736816, 62.6375 ], [ -42.8552734, 62.676709 ], [ -42.9416504, 62.7202148 ], [ -42.8490723, 62.7266602 ], [ -42.741113299999988, 62.7130371 ], [ -42.4237305, 62.7231445 ], [ -42.315625, 62.7073242 ], [ -42.058252, 62.6939941 ], [ -41.9749023, 62.7337891 ], [ -41.9089844, 62.7371094 ], [ -41.7232422, 62.8912598 ], [ -41.6436035, 62.915869099999988 ], [ -41.634472699999989, 62.972460899999987 ], [ -41.9322754, 63.0522461 ], [ -42.0939941, 63.116748 ], [ -42.1429687, 63.151318399999987 ], [ -42.1745117, 63.2087891 ], [ -42.0923828, 63.1893555 ], [ -42.0197266, 63.1596191 ], [ -41.8444824, 63.0702637 ], [ -41.6279297, 63.064502 ], [ -41.4478516, 63.0689453 ], [ -41.3878906, 63.0618652 ], [ -41.274707, 63.1306641 ], [ -41.195459, 63.209228499999988 ], [ -41.1077148, 63.2737793 ], [ -41.1352051, 63.3092773 ], [ -41.1522461, 63.3489258 ], [ -41.0561523, 63.4122559 ], [ -41.0487305, 63.5138184 ], [ -40.9068359, 63.507861299999988 ], [ -40.7751953, 63.5336426 ], [ -40.7715332, 63.626171899999989 ], [ -40.5503906, 63.7252441 ], [ -40.5612793, 63.7623535 ], [ -40.6523438, 63.9277344 ], [ -40.6177734, 64.1317383 ], [ -40.8256836, 64.1625488 ], [ -40.9663086, 64.1544434 ], [ -41.0305664, 64.1210449 ], [ -41.175, 64.1773926 ], [ -41.5810059, 64.2983398 ], [ -41.1777344, 64.2814453 ], [ -41.0793945, 64.2665039 ], [ -40.9845703, 64.2350098 ], [ -40.7817383, 64.2217773 ], [ -40.6864258, 64.2669434 ], [ -40.6985352, 64.3297363 ], [ -40.4776367, 64.3444336 ], [ -40.2784668, 64.4238281 ], [ -40.1822266, 64.4799316 ], [ -40.209863299999988, 64.5362793 ], [ -40.278418, 64.5959473 ], [ -40.4327148, 64.6731934 ], [ -40.5210938, 64.8254883 ], [ -40.6554687, 64.915332 ], [ -40.8292969, 64.8780762 ], [ -40.9660156, 64.8688477 ], [ -41.0277344, 64.9875488 ], [ -41.0886719, 65.0353516 ], [ -41.0844238, 65.1008301 ], [ -40.8805664, 65.0819824 ], [ -40.6675781, 65.1087402 ], [ -40.253125, 65.048877 ], [ -40.0280273, 65.1025391 ], [ -39.9372559, 65.1416016 ], [ -39.7631836, 65.2549316 ], [ -39.6525391, 65.2878418 ], [ -39.5779297, 65.3407715 ], [ -39.655957, 65.3688965 ], [ -40.191552699999988, 65.5225098 ], [ -40.1735352, 65.5561523 ], [ -39.9609375, 65.5562012 ], [ -39.4133789, 65.5862793 ], [ -39.0889648, 65.6111328 ], [ -38.6367188, 65.6243652 ], [ -38.2033691, 65.7117188 ], [ -38.2018555, 65.8108887 ], [ -38.2163574, 65.8383301 ], [ -38.4426758, 65.9216797 ], [ -38.5203613, 66.009668 ], [ -38.3981445, 65.9828613 ], [ -38.1399414, 65.9035156 ], [ -38.0734375, 65.9725586 ], [ -37.9694336, 66.1411133 ], [ -37.8688965, 66.203125 ], [ -37.7523437, 66.261523400000016 ], [ -37.9891602, 66.3226562 ], [ -38.1566406, 66.3855957 ], [ -38.0516602, 66.3984375 ], [ -37.813916, 66.385498 ], [ -37.5699219, 66.3478516 ], [ -37.2906738, 66.3239258 ], [ -37.2787109, 66.304394500000015 ], [ -37.4844727, 66.1946289 ], [ -37.7878418, 65.9779785 ], [ -37.8265137, 65.909668 ], [ -37.7973633, 65.8567871 ], [ -37.8422852, 65.8138184 ], [ -38.0012695, 65.7096191 ], [ -37.954785199999989, 65.6335938 ], [ -37.7541992, 65.5930664 ], [ -37.6637695, 65.6308594 ], [ -37.5160645, 65.6287109 ], [ -37.4100586, 65.6563477 ], [ -37.329834, 65.720166 ], [ -37.3160156, 65.7902344 ], [ -37.2332031, 65.7880859 ], [ -37.062793, 65.8714355 ], [ -37.0258789, 65.8411133 ], [ -36.9324219, 65.7825684 ], [ -36.822168, 65.7713379 ], [ -36.714502, 65.7950684 ], [ -36.6651855, 65.7900879 ], [ -36.6372559, 65.8123047 ], [ -36.5370117, 65.9408691 ], [ -36.5227539, 65.9731445 ], [ -36.5272461, 66.0077148 ], [ -36.3889648, 65.9597168 ], [ -36.3992187, 65.9300781 ], [ -36.3791992, 65.8308105 ], [ -36.2887207, 65.8648438 ], [ -36.0441895, 65.9866211 ], [ -35.8179199, 66.0592285 ], [ -35.7292969, 66.1022461 ], [ -35.6300781, 66.1399414 ], [ -35.7555176, 66.3235352 ], [ -35.8121094, 66.3583984 ], [ -35.8347168, 66.3868652 ], [ -35.8618652, 66.40625 ], [ -35.8672363, 66.441406200000017 ], [ -35.7054687, 66.3739746 ], [ -35.6620605, 66.34375 ], [ -35.4117188, 66.261523400000016 ], [ -35.2908691, 66.2685547 ], [ -35.1885742, 66.250293 ], [ -35.0746582, 66.2791504 ], [ -34.6328125, 66.4347656 ], [ -34.5762695, 66.4708984 ], [ -34.5239258, 66.5233398 ], [ -34.4758789, 66.5921387 ], [ -34.4228516, 66.6301758 ], [ -34.313623, 66.635791 ], [ -34.2688965, 66.6250488 ], [ -34.1982422, 66.6550781 ], [ -34.1016602, 66.7259277 ], [ -33.8813477, 66.9422852 ], [ -33.6082031, 67.1742188 ], [ -33.5279785, 67.2581543 ], [ -33.4977539, 67.3181641 ], [ -33.5175781, 67.3541992 ], [ -33.5044434, 67.377002 ], [ -33.4584961, 67.3867188 ], [ -33.348877, 67.4427246 ], [ -33.2936035, 67.4857422 ], [ -33.1569824, 67.626709 ], [ -33.1081543, 67.6582031 ], [ -33.0487305, 67.679248 ], [ -32.9180176, 67.7006836 ], [ -32.448730499999989, 67.8709473 ], [ -32.3695312, 67.8827637 ], [ -32.2748047, 67.9228516 ], [ -32.1645508, 67.9911133 ], [ -32.155957, 68.0631836 ], [ -32.2489258, 68.1391113 ], [ -32.3668457, 68.2130371 ], [ -32.3545898, 68.2250977 ], [ -32.282373, 68.2252441 ], [ -32.2242188, 68.2359863 ], [ -32.180127, 68.2572754 ], [ -32.1952148, 68.2916504 ], [ -32.2696289, 68.3390137 ], [ -32.3136719, 68.3875977 ], [ -32.3274414, 68.4373047 ], [ -32.1372559, 68.3849121 ], [ -31.7419922, 68.2299805 ], [ -31.4194824, 68.1284668 ], [ -31.168457, 68.079834 ], [ -30.9785645, 68.0613281 ], [ -30.8497559, 68.0728516 ], [ -30.6107422, 68.1179199 ], [ -30.6056641, 68.1623535 ], [ -30.7118652, 68.2249512 ], [ -30.7200195, 68.2511719 ], [ -30.3181152, 68.1933105 ], [ -30.1955078, 68.1989746 ], [ -30.051123, 68.2719238 ], [ -29.9637695, 68.2985352 ], [ -29.8685059, 68.3115723 ], [ -29.7135742, 68.3108398 ], [ -29.4262207, 68.2893066 ], [ -29.2495117, 68.2987793 ], [ -29.0876953, 68.3319336 ], [ -28.8543457, 68.3598145 ], [ -28.3645508, 68.4465332 ], [ -28.1264648, 68.4790039 ], [ -27.8512207, 68.4935059 ], [ -27.2662598, 68.5843262 ], [ -27.0811523, 68.6018066 ], [ -26.815332, 68.6543457 ], [ -26.6537109, 68.6728516 ], [ -26.4829102, 68.6759277 ], [ -26.3414062, 68.7021484 ], [ -26.229248, 68.7515625 ], [ -26.138623, 68.7811523 ], [ -25.9558594, 68.8172852 ], [ -25.697998, 68.8898926 ], [ -25.626123, 68.9279785 ], [ -25.6063477, 68.9544434 ], [ -25.5811523, 69.0209473 ], [ -25.544043, 69.0457031 ], [ -25.2722168, 69.0916016 ], [ -25.0924316, 69.1651855 ], [ -25.0804687, 69.1924805 ], [ -25.1885742, 69.2605469 ], [ -25.1325195, 69.2721191 ], [ -24.8666016, 69.2930664 ], [ -24.7405762, 69.3184082 ], [ -24.4510742, 69.4070801 ], [ -24.2955566, 69.4393066 ], [ -24.2208984, 69.4792969 ], [ -24.2270508, 69.5269531 ], [ -24.2522949, 69.5623535 ], [ -24.2966797, 69.5855469 ], [ -24.2475098, 69.5903809 ], [ -23.9436523, 69.5580566 ], [ -23.8555664, 69.5655762 ], [ -23.7394043, 69.588623 ], [ -23.7089844, 69.6272461 ], [ -23.7642578, 69.6813477 ], [ -23.8165527, 69.7178223 ], [ -23.8657227, 69.7367188 ], [ -23.8116211, 69.7441895 ], [ -23.5525391, 69.740527300000011 ], [ -23.2369629, 69.7914551 ], [ -23.0495605, 69.7927246 ], [ -23.0145508, 69.804834 ], [ -23.0882324, 69.882959 ], [ -23.0336426, 69.9008301 ], [ -22.8208984, 69.9228516 ], [ -22.7262207, 69.945361300000016 ], [ -22.6149414, 69.954248 ], [ -22.4351074, 69.9857422 ], [ -22.2870605, 70.0333984 ], [ -22.2354492, 70.0675781 ], [ -22.2065918, 70.1079102 ], [ -22.2844727, 70.1258301 ], [ -23.1732422, 70.1145996 ], [ -23.667334, 70.1393066 ], [ -24.0410156, 70.1812012 ], [ -24.7488281, 70.2950684 ], [ -25.5298828, 70.3531738 ], [ -25.6248535, 70.3469727 ], [ -26.1557129, 70.2456055 ], [ -26.4156738, 70.2213379 ], [ -26.7521484, 70.2421875 ], [ -27.0277344, 70.2012207 ], [ -27.1444824, 70.1408203 ], [ -27.2742187, 70.0379395 ], [ -27.3841797, 69.9916016 ], [ -27.6288574, 70.0282227 ], [ -27.5608398, 70.1244629 ], [ -27.328125, 70.2171387 ], [ -27.2032227, 70.2557129 ], [ -27.0725098, 70.2812012 ], [ -26.7706543, 70.3188965 ], [ -26.5768066, 70.3570801 ], [ -26.5083984, 70.3966309 ], [ -26.5654297, 70.4375488 ], [ -26.6217773, 70.4633789 ], [ -26.6774902, 70.4742188 ], [ -26.7472656, 70.4755371 ], [ -27.5960937, 70.4066895 ], [ -28.0150391, 70.4022461 ], [ -28.540918, 70.476904300000015 ], [ -28.6331055, 70.4777832 ], [ -28.9534668, 70.4472168 ], [ -29.0720703, 70.4449707 ], [ -29.0368164, 70.4615234 ], [ -28.5300781, 70.5475586 ], [ -28.4174805, 70.5735352 ], [ -28.1456543, 70.6556641 ], [ -28.069873, 70.6990234 ], [ -28.023877, 70.7567871 ], [ -27.9792969, 70.839502 ], [ -27.9921875, 70.8952148 ], [ -28.1158691, 70.9246094 ], [ -28.2915527, 70.9493164 ], [ -28.3984375, 70.9929199 ], [ -28.303125, 71.0071777 ], [ -27.888916, 71.001709 ], [ -27.6887695, 70.993457 ], [ -27.3356934, 70.9527832 ], [ -27.067334, 70.9449219 ], [ -26.7179199, 70.9504883 ], [ -26.5759766, 70.9687012 ], [ -26.1575195, 71.050293 ], [ -26.0141113, 71.0928223 ], [ -25.7422363, 71.1835938 ], [ -25.6675781, 71.265332 ], [ -25.6994141, 71.3683105 ], [ -25.7578125, 71.4399414 ], [ -25.8427246, 71.4801758 ], [ -26.0740723, 71.4980469 ], [ -26.452002, 71.4935059 ], [ -26.737207, 71.5007812 ], [ -27.1070313, 71.532666 ], [ -27.1623047, 71.6021973 ], [ -27.087207, 71.6265625 ], [ -27.0106445, 71.6305664 ], [ -26.6885254, 71.5833496 ], [ -26.2114258, 71.5899414 ], [ -25.8851562, 71.5719238 ], [ -25.6558594, 71.5300293 ], [ -25.4458008, 71.4712402 ], [ -25.2549805, 71.3957031 ], [ -25.0333984, 71.3339355 ], [ -24.7810059, 71.286084 ], [ -24.562207, 71.2235352 ], [ -24.377002, 71.1463867 ], [ -24.2657227, 71.0463379 ], [ -24.2285156, 70.9233887 ], [ -24.1303711, 70.7910645 ], [ -23.9713867, 70.649462900000017 ], [ -23.7917969, 70.5551758 ], [ -23.327832, 70.4509766 ], [ -23.190625, 70.4424805 ], [ -22.9425781, 70.4507812 ], [ -22.6906738, 70.4373047 ], [ -22.609668, 70.4933105 ], [ -22.5550293, 70.7214355 ], [ -22.5313477, 70.764990200000014 ], [ -22.5260742, 70.8078125 ], [ -22.4370117, 70.8600098 ], [ -22.4221191, 70.6486816 ], [ -22.401123, 70.6119141 ], [ -22.3998535, 70.5712891 ], [ -22.3845215, 70.5131348 ], [ -22.3841309, 70.4624023 ], [ -22.0692871, 70.471875 ], [ -21.9435059, 70.443457 ], [ -21.6255371, 70.4685547 ], [ -21.5226562, 70.5262207 ], [ -21.5739258, 70.5904785 ], [ -21.6251465, 70.8046387 ], [ -21.6745117, 70.8562988 ], [ -21.6666016, 70.9158691 ], [ -21.6896484, 71.0923828 ], [ -21.6711914, 71.205957 ], [ -21.6979492, 71.3374512 ], [ -21.7522461, 71.4783203 ], [ -21.9614258, 71.5082031 ], [ -22.1695801, 71.4525391 ], [ -22.2337891, 71.4499512 ], [ -22.2990234, 71.4323242 ], [ -22.3477539, 71.3734863 ], [ -22.4175781, 71.2486816 ], [ -22.4796387, 71.3834473 ], [ -22.4885742, 71.4566895 ], [ -22.5032227, 71.5004395 ], [ -22.4649902, 71.5249023 ], [ -22.3110352, 71.5645508 ], [ -22.0133301, 71.6888184 ], [ -21.959668, 71.7446777 ], [ -22.264502, 71.7538086 ], [ -22.3702148, 71.7698242 ], [ -22.496875, 71.9138184 ], [ -22.5621582, 71.9282715 ], [ -22.8685059, 71.9706543 ], [ -22.9557617, 71.9994141 ], [ -23.290918, 72.0810059 ], [ -23.5871094, 72.1397949 ], [ -23.7977051, 72.2007324 ], [ -24.2422852, 72.3113281 ], [ -24.4171875, 72.3482422 ], [ -24.5723633, 72.4202148 ], [ -24.6668457, 72.4373535 ], [ -24.8441895, 72.390332 ], [ -25.1178711, 72.3469727 ], [ -25.2037109, 72.3929688 ], [ -25.1280273, 72.4191895 ], [ -24.8369141, 72.4733398 ], [ -24.7006836, 72.5063477 ], [ -24.65, 72.5825195 ], [ -24.7710449, 72.8686523 ], [ -24.7894531, 72.8897461 ], [ -24.8133301, 72.9015137 ], [ -24.9848145, 72.889209 ], [ -25.2375, 72.8427734 ], [ -25.3574219, 72.8102539 ], [ -25.6879883, 72.7973633 ], [ -26.0998047, 72.7219238 ], [ -26.2094727, 72.6943848 ], [ -26.3920898, 72.6728027 ], [ -26.4765625, 72.6776367 ], [ -26.6576172, 72.7158203 ], [ -26.2057617, 72.7955566 ], [ -26.0804687, 72.7939941 ], [ -25.8608398, 72.846875 ], [ -25.2558594, 72.9241211 ], [ -25.1705566, 72.9802734 ], [ -24.9924805, 73.0130859 ], [ -24.7885742, 73.0441406 ], [ -24.6299805, 73.0376465 ], [ -24.5472168, 72.9217285 ], [ -24.3585937, 72.6873047 ], [ -24.069043, 72.4987305 ], [ -23.8555664, 72.4524414 ], [ -23.6743652, 72.3925781 ], [ -23.2080078, 72.3265625 ], [ -22.7068359, 72.2239258 ], [ -22.4975098, 72.1577637 ], [ -22.2932129, 72.1195312 ], [ -22.2392578, 72.2202637 ], [ -22.2802246, 72.3447754 ], [ -22.0748047, 72.3992188 ], [ -22.0067383, 72.6354492 ], [ -22.0234863, 72.7208008 ], [ -22.0363281, 72.918457 ], [ -22.1942383, 72.9650391 ], [ -22.4501953, 72.986084 ], [ -22.8522949, 73.0839844 ], [ -22.9960449, 73.171582 ], [ -23.2440918, 73.1932617 ], [ -23.4557617, 73.259082 ], [ -23.7096191, 73.3167969 ], [ -23.8989746, 73.398291 ], [ -24.132666, 73.409375 ], [ -24.587207, 73.4229492 ], [ -25.0570312, 73.3964844 ], [ -25.2683105, 73.3619629 ], [ -25.3990234, 73.2757812 ], [ -26.0287598, 73.1987793 ], [ -26.202002, 73.1932129 ], [ -26.4328613, 73.1714844 ], [ -26.7532227, 73.1210938 ], [ -27.0700195, 73.1370117 ], [ -27.1898926, 73.132421900000011 ], [ -27.3480469, 73.0678223 ], [ -27.4133301, 73.067627 ], [ -27.4831543, 73.088916 ], [ -27.5325684, 73.1125488 ], [ -27.5616211, 73.1384766 ], [ -27.4723633, 73.1598145 ], [ -27.2648926, 73.1764648 ], [ -27.0618652, 73.1789062 ], [ -26.8633301, 73.1669922 ], [ -26.7286133, 73.1713867 ], [ -26.6576172, 73.1921387 ], [ -26.5418457, 73.2489746 ], [ -26.6036133, 73.2794922 ], [ -27.1693848, 73.374169900000012 ], [ -27.2704102, 73.4362793 ], [ -26.976709, 73.379541 ], [ -26.7654785, 73.3481934 ], [ -26.4067383, 73.3129395 ], [ -26.1685547, 73.2590332 ], [ -26.0623047, 73.2530273 ], [ -25.7401855, 73.2776367 ], [ -25.6654297, 73.2928223 ], [ -25.4500977, 73.3906738 ], [ -25.3107422, 73.4310059 ], [ -25.0258789, 73.485791 ], [ -24.7912598, 73.5112793 ], [ -24.7783203, 73.5398926 ], [ -24.9088867, 73.5801758 ], [ -25.2805176, 73.7395996 ], [ -25.4274414, 73.7937988 ], [ -25.5277344, 73.8408203 ], [ -25.5212891, 73.8516113 ], [ -25.3514648, 73.813623 ], [ -25.1088379, 73.7336914 ], [ -24.9054687, 73.6527832 ], [ -24.7841797, 73.6179199 ], [ -24.6772461, 73.6021973 ], [ -24.5663086, 73.6057617 ], [ -24.4512695, 73.6285156 ], [ -24.3398926, 73.6724121 ], [ -24.1577148, 73.7644531 ], [ -23.7605957, 73.5431152 ], [ -23.2332031, 73.3977051 ], [ -22.9875, 73.3462402 ], [ -22.346875, 73.2692383 ], [ -22.1850586, 73.269873 ], [ -21.8728516, 73.3581055 ], [ -21.547998, 73.4316895 ], [ -21.3258789, 73.4566406 ], [ -20.6367188, 73.4635742 ], [ -20.509668, 73.4928711 ], [ -20.4489258, 73.6530273 ], [ -20.3379883, 73.8196777 ], [ -20.3672852, 73.8482422 ], [ -21.0222168, 73.9412598 ], [ -21.298291, 73.9624512 ], [ -21.9876953, 73.9709961 ], [ -22.1348145, 73.9904785 ], [ -22.2705566, 74.0298828 ], [ -22.3352539, 74.0634277 ], [ -22.3289551, 74.0909668 ], [ -22.2905762, 74.125 ], [ -22.2200195, 74.1655273 ], [ -22.1956543, 74.2057129 ], [ -22.217334, 74.2455078 ], [ -22.2635254, 74.272412100000011 ], [ -22.3343262, 74.286377 ], [ -22.321582, 74.3025391 ], [ -22.1771973, 74.3301758 ], [ -21.9727051, 74.39003910000001 ], [ -21.920166, 74.439209 ], [ -21.9826172, 74.5674805 ], [ -21.9429199, 74.5657227 ], [ -21.7619629, 74.4827637 ], [ -21.8320313, 74.3572754 ], [ -21.9549316, 74.2442871 ], [ -21.5805664, 74.1634766 ], [ -21.1294434, 74.1108887 ], [ -20.653125, 74.1373535 ], [ -20.2305664, 74.2046387 ], [ -20.2564453, 74.2828125 ], [ -20.0475586, 74.2822754 ], [ -19.6462402, 74.257959 ], [ -19.466748, 74.2694824 ], [ -19.3691406, 74.2840332 ], [ -19.3149414, 74.3067871 ], [ -19.271582, 74.342627 ], [ -19.2416504, 74.4001953 ], [ -19.2250977, 74.4794922 ], [ -19.2870117, 74.5463867 ], [ -19.4273437, 74.6009277 ], [ -19.537793, 74.6245605 ], [ -19.799707, 74.851709 ], [ -19.9849121, 74.9751953 ], [ -20.2142578, 75.0192383 ], [ -20.4170898, 74.9751953 ], [ -20.5317383, 74.8429199 ], [ -20.6111328, 74.728222700000018 ], [ -20.8615723, 74.6359375 ], [ -21.0384766, 74.6541504 ], [ -21.0382812, 74.669873 ], [ -20.9709961, 74.6898438 ], [ -20.8899902, 74.7352051 ], [ -20.7953125, 74.805957 ], [ -20.7856934, 74.891748 ], [ -20.861084, 74.9925781 ], [ -20.9277832, 75.053418 ], [ -20.985791, 75.0743652 ], [ -21.0566895, 75.0793945 ], [ -21.1405762, 75.0685547 ], [ -21.4573242, 74.9975586 ], [ -21.5976562, 74.9719727 ], [ -21.6951172, 74.9644531 ], [ -21.7839355, 74.9714844 ], [ -21.9043457, 75.0039062 ], [ -22.0977539, 75.0663574 ], [ -22.2328613, 75.1197266 ], [ -21.8610352, 75.0398438 ], [ -21.6493164, 75.023437500000014 ], [ -21.4094238, 75.0647949 ], [ -21.2465332, 75.1333984 ], [ -21.0938477, 75.1490723 ], [ -20.9058594, 75.1569336 ], [ -20.4849609, 75.3142578 ], [ -20.1986816, 75.307959 ], [ -20.0265625, 75.2546875 ], [ -19.8931641, 75.204541 ], [ -19.7984863, 75.1574707 ], [ -19.6762695, 75.1493652 ], [ -19.5263672, 75.1802246 ], [ -19.4259766, 75.229834 ], [ -19.375293, 75.2981934 ], [ -19.3664551, 75.3864258 ], [ -19.3995117, 75.4944336 ], [ -19.4314453, 75.5668945 ], [ -19.4621582, 75.6038574 ], [ -19.4802734, 75.6447754 ], [ -19.4856934, 75.6895996 ], [ -19.5089844, 75.757519500000015 ], [ -19.5660156, 75.7949707 ], [ -19.8068848, 75.8973633 ], [ -19.9577148, 75.9966797 ], [ -19.8628906, 76.1206543 ], [ -20.1036133, 76.2190918 ], [ -20.2792969, 76.2324707 ], [ -20.4354004, 76.231054700000016 ], [ -20.5638184, 76.2398438 ], [ -20.7833008, 76.2751465 ], [ -20.8874023, 76.3040039 ], [ -21.1854492, 76.2679688 ], [ -21.4168457, 76.2640137 ], [ -21.4882324, 76.271875 ], [ -21.5690918, 76.2937012 ], [ -21.7581055, 76.4005371 ], [ -21.8773437, 76.5734863 ], [ -22.0037109, 76.5880859 ], [ -22.294873, 76.6014648 ], [ -22.3786133, 76.612207 ], [ -22.4444336, 76.6250488 ], [ -22.6066406, 76.6807617 ], [ -22.6093262, 76.7042969 ], [ -22.554541, 76.729248 ], [ -22.3343262, 76.7937012 ], [ -22.1852539, 76.7940918 ], [ -21.9308105, 76.7431641 ], [ -21.7490234, 76.6899902 ], [ -21.6146973, 76.6878906 ], [ -20.9599121, 76.8426758 ], [ -20.9420898, 76.8870117 ], [ -20.4867187, 76.9208008 ], [ -20.0643555, 76.9275879 ], [ -19.8649414, 76.9144043 ], [ -19.5087891, 76.861084 ], [ -19.1563477, 76.8365723 ], [ -18.9810059, 76.8137695 ], [ -18.865332, 76.7845215 ], [ -18.7402832, 76.7677246 ], [ -18.6057617, 76.7632812 ], [ -18.5103027, 76.7781738 ], [ -18.3960449, 76.8600586 ], [ -18.3372559, 76.921191400000012 ], [ -18.3027344, 77.0121094 ], [ -18.2923828, 77.1328613 ], [ -18.3390137, 77.2152832 ], [ -18.442627, 77.259375 ], [ -18.5858887, 77.2830566 ], [ -18.903418, 77.2804688 ], [ -19.1310059, 77.2327637 ], [ -19.300293, 77.2223633 ], [ -19.426416, 77.2459961 ], [ -19.5875977, 77.2944336 ], [ -19.8086426, 77.332373 ], [ -20.2319336, 77.3684082 ], [ -20.4637695, 77.4473145 ], [ -20.6808105, 77.6189941 ], [ -20.439209, 77.6616211 ], [ -20.1620605, 77.6898438 ], [ -19.9532227, 77.6663574 ], [ -19.5241211, 77.5719727 ], [ -19.4675293, 77.5658203 ], [ -19.2960937, 77.5852539 ], [ -19.296875, 77.6212891 ], [ -19.3939941, 77.6783691 ], [ -19.4904297, 77.7188965 ], [ -19.7243164, 77.7669434 ], [ -19.9951172, 77.803418 ], [ -20.3186035, 77.8619629 ], [ -20.5718262, 77.8915527 ], [ -20.8625977, 77.9118652 ], [ -21.1318848, 77.8472168 ], [ -21.3796875, 77.6975586 ], [ -21.5789062, 77.6513672 ], [ -21.7295898, 77.7085449 ], [ -21.7475586, 77.790625 ], [ -21.632666, 77.8974609 ], [ -21.5159668, 77.9918457 ], [ -21.3972656, 78.073584 ], [ -21.3120117, 78.1739746 ], [ -21.2602051, 78.2930176 ], [ -21.1947754, 78.379834 ], [ -20.9556641, 78.5550293 ], [ -20.9474609, 78.5958984 ], [ -21.1414551, 78.6425293 ], [ -21.1337402, 78.6586426 ], [ -20.6155762, 78.8039062 ], [ -20.3957031, 78.8288086 ], [ -20.1999023, 78.8303223 ], [ -20.0504883, 78.8417969 ], [ -19.9729004, 78.867627 ], [ -19.887207, 78.9109375 ], [ -19.8315918, 78.9591309 ], [ -19.8060547, 79.0121094 ], [ -19.7698242, 79.0473633 ], [ -19.7230469, 79.0650391 ], [ -19.262207, 79.122998 ], [ -19.0749512, 79.1523438 ], [ -18.9919922, 79.1783691 ], [ -18.9708008, 79.211377 ], [ -19.0113281, 79.2514648 ], [ -19.0717773, 79.2894531 ], [ -19.1521973, 79.3253906 ], [ -19.2229492, 79.3416016 ], [ -19.2839844, 79.3380371 ], [ -19.4140137, 79.3488281 ], [ -19.4312012, 79.3981445 ], [ -19.3993164, 79.4883789 ], [ -19.3541992, 79.567334 ], [ -19.2959961, 79.6350098 ], [ -19.2835937, 79.6831543 ], [ -19.3530273, 79.7341797 ], [ -19.3915039, 79.7503418 ], [ -19.5178711, 79.7553711 ], [ -19.8393066, 79.7464844 ], [ -19.9854004, 79.7558594 ], [ -20.0688477, 79.7737793 ], [ -20.1384766, 79.8033691 ], [ -20.1813477, 79.857959 ], [ -20.1974121, 79.9376465 ], [ -20.1501465, 80.0112305 ], [ -20.039502, 80.0787109 ], [ -19.8667969, 80.1447266 ], [ -19.5150391, 80.2414062 ], [ -19.4291992, 80.257714800000016 ], [ -19.2060059, 80.2616211 ], [ -19.0290039, 80.2476074 ], [ -18.6925781, 80.2070801 ], [ -18.0709473, 80.1720703 ], [ -17.7228516, 80.1760254 ], [ -17.3572266, 80.2007812 ], [ -17.1911621, 80.2036621 ], [ -17.0111328, 80.1901855 ], [ -16.8684082, 80.1982422 ], [ -16.4887695, 80.2519531 ], [ -16.1677734, 80.3293945 ], [ -15.9326172, 80.3951172 ], [ -15.9372559, 80.4276367 ], [ -16.4294434, 80.4842285 ], [ -16.587793, 80.5112305 ], [ -16.7605957, 80.5733887 ], [ -16.3189453, 80.6498047 ], [ -15.9975098, 80.6416992 ], [ -15.5426758, 80.6503906 ], [ -15.1942383, 80.7214355 ], [ -14.5035645, 80.7632812 ], [ -14.43125, 80.7760742 ], [ -14.2401855, 80.8324219 ], [ -14.2285645, 80.870459 ], [ -14.3084961, 80.9132324 ], [ -14.4901367, 80.973291 ], [ -14.4523437, 80.9931152 ], [ -14.1973633, 81.013916 ], [ -13.8042969, 81.0186035 ], [ -13.4511719, 81.0380859 ], [ -13.1262207, 81.087793 ], [ -12.4612305, 81.2325195 ], [ -12.2313477, 81.3092285 ], [ -11.5288086, 81.4240234 ], [ -11.4306641, 81.4568359 ], [ -11.4255371, 81.4806152 ], [ -11.5574707, 81.5026367 ], [ -11.8411133, 81.5775391 ], [ -12.1928711, 81.6491211 ], [ -12.4344238, 81.6825195 ], [ -12.9560059, 81.7202148 ], [ -13.7044922, 81.7890625 ], [ -14.2419922, 81.8138672 ], [ -15.2274902, 81.8217773 ], [ -15.4506348, 81.8369629 ], [ -15.5555176, 81.8335938 ], [ -15.9688965, 81.785498 ], [ -16.1207031, 81.7766113 ], [ -16.2667969, 81.7539551 ], [ -16.3589844, 81.7290527 ], [ -16.6371094, 81.6262207 ], [ -16.9370605, 81.5438965 ], [ -17.1590332, 81.4509277 ], [ -17.2262207, 81.4304199 ], [ -17.4560547, 81.3977051 ], [ -17.7166504, 81.4281738 ], [ -17.9693848, 81.4411621 ], [ -18.1178711, 81.4668457 ], [ -18.456543, 81.4979492 ], [ -18.6673828, 81.4924316 ], [ -19.1529785, 81.512207 ], [ -19.2247559, 81.6400391 ], [ -19.6299316, 81.63989260000001 ], [ -20.0157227, 81.5643555 ], [ -20.7558594, 81.3120117 ], [ -20.8897461, 81.2763672 ], [ -21.1424316, 81.2261719 ], [ -21.4497559, 81.1781738 ], [ -21.9313477, 81.0501953 ], [ -22.0894043, 81.0202148 ], [ -22.8256836, 80.9126465 ], [ -22.9189453, 80.8718262 ], [ -22.9728516, 80.8328125 ], [ -23.1177246, 80.7781738 ], [ -23.2036621, 80.7892578 ], [ -23.1963867, 80.8473633 ], [ -23.0724609, 80.926709 ], [ -22.5727539, 81.0979004 ], [ -22.4152832, 81.1371094 ], [ -21.9607422, 81.2839355 ], [ -21.7236328, 81.3482422 ], [ -21.5039063, 81.4375 ], [ -21.2305176, 81.6013672 ], [ -21.146582, 81.695166 ], [ -21.1234375, 81.789941399999989 ], [ -21.1179687, 81.8696289 ], [ -21.1303223, 81.9342285 ], [ -21.1673828, 81.9838379 ], [ -21.3379883, 82.0687012 ], [ -21.5755371, 82.0749512 ], [ -22.5633789, 82.0530273 ], [ -22.9400879, 82.0305176 ], [ -23.1037109, 82.0118164 ], [ -23.179834, 81.9894531 ], [ -23.2487793, 81.9472656 ], [ -23.3105469, 81.885302700000011 ], [ -23.3929687, 81.8271973 ], [ -23.4961426, 81.773046900000011 ], [ -23.6365234, 81.7418457 ], [ -24.2930664, 81.7009766 ], [ -24.5891602, 81.8828125 ], [ -25.1488281, 82.001123 ], [ -27.0459473, 82.0463379 ], [ -27.839502, 82.048877 ], [ -28.9194336, 81.9958984 ], [ -29.5438477, 81.9399414 ], [ -29.8109863, 81.9554688 ], [ -29.8874023, 82.054834 ], [ -29.7727539, 82.13125 ], [ -29.5793945, 82.1611816 ], [ -23.862207, 82.2870605 ], [ -23.1180664, 82.324707 ], [ -22.4725586, 82.3847168 ], [ -21.9939453, 82.462793 ], [ -21.6157715, 82.5477051 ], [ -21.5206543, 82.595410199999989 ], [ -21.5825195, 82.6341797 ], [ -21.6917969, 82.6825195 ], [ -21.9196777, 82.7164062 ], [ -22.5249023, 82.7891602 ], [ -23.4069336, 82.8296875 ], [ -23.6946289, 82.8191406 ], [ -23.8335449, 82.8387695 ], [ -23.9195312, 82.8851074 ], [ -24.1736328, 82.8930176 ], [ -24.4703125, 82.8773926 ], [ -24.845166, 83.0185547 ], [ -25.1233887, 83.1596191 ], [ -26.1408203, 83.0964355 ], [ -27.0020508, 83.0671875 ], [ -27.7385254, 83.0771973 ], [ -28.1514648, 83.0637207 ], [ -29.175, 83.102002 ], [ -29.9635742, 83.110498 ], [ -30.3860352, 83.0937012 ], [ -31.5155762, 82.991650400000012 ], [ -31.8367676, 82.9778809 ], [ -32.0327148, 82.9834473 ], [ -31.9926758, 83.0853516 ], [ -31.5339844, 83.088916 ], [ -30.0919922, 83.1574219 ], [ -27.571875, 83.192627 ], [ -26.1827148, 83.2213867 ], [ -25.9124512, 83.2375 ], [ -25.7950684, 83.2609863 ], [ -25.9474121, 83.2896484 ], [ -27.0344238, 83.3769043 ], [ -27.6883789, 83.4104004 ], [ -28.3770508, 83.437207 ], [ -28.4837891, 83.4349121 ], [ -28.9919922, 83.5047852 ], [ -29.9528809, 83.5648438 ], [ -30.7029297, 83.5934082 ] ] ], [ [ [ -53.1029297, 70.1408691 ], [ -53.2967285, 70.2053711 ], [ -53.3751465, 70.2212891 ], [ -54.0072266, 70.2964355 ], [ -54.3716309, 70.3172852 ], [ -54.705957, 70.2561523 ], [ -54.7862305, 70.2177734 ], [ -54.8155762, 70.1894043 ], [ -54.8304688, 70.161084 ], [ -54.8307617, 70.132959 ], [ -54.8093262, 70.0851074 ], [ -54.7736328, 70.0525391 ], [ -54.6524414, 70.0111816 ], [ -54.3226074, 69.941894500000018 ], [ -54.363085899999987, 69.9238281 ], [ -54.6645996, 69.9656738 ], [ -54.7878906, 69.9498535 ], [ -54.8412598, 69.9019043 ], [ -54.9191406, 69.713623 ], [ -54.8657715, 69.6650391 ], [ -54.8041016, 69.6305176 ], [ -54.7341309, 69.6105469 ], [ -54.4969727, 69.5771973 ], [ -54.1332031, 69.5654297 ], [ -53.99375, 69.5531738 ], [ -53.9214844, 69.5336914 ], [ -53.825, 69.540332 ], [ -53.7830566, 69.5062988 ], [ -53.7222656, 69.4907227 ], [ -53.6583008, 69.4651367 ], [ -53.8895996, 69.4366699 ], [ -54.0473633, 69.4373047 ], [ -54.1581543, 69.4277832 ], [ -54.1827148, 69.4035156 ], [ -54.1210449, 69.3644043 ], [ -54.0511719, 69.3371582 ], [ -53.9020508, 69.302002 ], [ -53.7931641, 69.264209 ], [ -53.7543457, 69.2601562 ], [ -53.578418, 69.2566406 ], [ -53.003125, 69.342627 ], [ -52.770459, 69.363916 ], [ -52.1125977, 69.4891113 ], [ -51.9884277, 69.55 ], [ -51.9001953, 69.6047852 ], [ -51.9077637, 69.6366699 ], [ -51.9816895, 69.6639648 ], [ -52.0074707, 69.6862793 ], [ -51.9851074, 69.703613300000015 ], [ -51.9770508, 69.7224121 ], [ -51.9833984, 69.7426758 ], [ -52.010791, 69.781543 ], [ -52.0453125, 69.8072266 ], [ -52.3982422, 69.8634277 ], [ -52.7311523, 69.9447266 ], [ -53.1029297, 70.1408691 ] ] ], [ [ [ -50.9704102, 69.5830078 ], [ -50.9778809, 69.6178223 ], [ -50.9672363, 69.6642578 ], [ -50.9117188, 69.7566895 ], [ -50.7543945, 69.7976563 ], [ -50.6979004, 69.8290527 ], [ -50.6790039, 69.8485352 ], [ -50.9402344, 69.9086914 ], [ -51.0945801, 69.9241699 ], [ -51.2088867, 69.913916 ], [ -51.350293, 69.8547852 ], [ -51.3189453, 69.8040527 ], [ -51.3388672, 69.7320312 ], [ -51.3148926, 69.6740723 ], [ -51.2339844, 69.5518555 ], [ -51.2020508, 69.525 ], [ -51.1704102, 69.5171387 ], [ -51.0136719, 69.5524902 ], [ -50.9704102, 69.5830078 ] ] ], [ [ [ -53.487793, 71.0562988 ], [ -53.4554687, 71.0829102 ], [ -53.4369141, 71.1152344 ], [ -53.4321289, 71.153418 ], [ -53.4414062, 71.1858398 ], [ -53.5123535, 71.2496094 ], [ -53.5844727, 71.2970703 ], [ -53.7009766, 71.2830078 ], [ -53.8618652, 71.2072266 ], [ -53.9474609, 71.1555176 ], [ -53.9578125, 71.1277344 ], [ -53.9411621, 71.1042969 ], [ -53.8975586, 71.085156200000014 ], [ -53.6288086, 71.0342773 ], [ -53.5352051, 71.0408203 ], [ -53.487793, 71.0562988 ] ] ], [ [ [ -55.0330078, 72.8205078 ], [ -55.2058105, 72.8416504 ], [ -55.234668, 72.8248047 ], [ -55.4279297, 72.788623 ], [ -55.5162598, 72.7807129 ], [ -55.5742188, 72.780371100000011 ], [ -55.6664551, 72.7937012 ], [ -55.9935547, 72.7822754 ], [ -56.0780762, 72.7532227 ], [ -56.2147949, 72.7191895 ], [ -56.1408691, 72.668457 ], [ -56.0426758, 72.6564453 ], [ -55.9356934, 72.6683594 ], [ -55.869043, 72.6621094 ], [ -55.8271484, 72.652148400000016 ], [ -55.813916, 72.6364746 ], [ -55.7810059, 72.6172363 ], [ -55.6865234, 72.6099121 ], [ -55.6341309, 72.5794434 ], [ -55.5666016, 72.5643555 ], [ -55.5236328, 72.5684082 ], [ -55.273584, 72.6843262 ], [ -55.1582031, 72.723291 ], [ -55.0168945, 72.7911133 ], [ -55.0330078, 72.8205078 ] ] ], [ [ [ -71.4670898, 77.3536621 ], [ -71.4334473, 77.3943848 ], [ -71.5521484, 77.4032715 ], [ -71.7329102, 77.4316406 ], [ -71.9827637, 77.4599609 ], [ -72.0890625, 77.4670898 ], [ -72.2467773, 77.4635254 ], [ -72.4364258, 77.4475586 ], [ -72.4895508, 77.4316406 ], [ -72.4949219, 77.3855469 ], [ -72.3744141, 77.3554199 ], [ -72.0235352, 77.3164551 ], [ -71.667334, 77.325293 ], [ -71.4670898, 77.3536621 ] ] ], [ [ [ -44.7763672, 82.2423828 ], [ -44.749902299999988, 82.401123 ], [ -44.9174805, 82.4805176 ], [ -45.411377, 82.5775391 ], [ -46.3991699, 82.6921387 ], [ -46.787207, 82.665722699999989 ], [ -47.2722656, 82.6569336 ], [ -47.3512207, 82.5992188 ], [ -47.3075195, 82.5333984 ], [ -46.7519043, 82.3481934 ], [ -46.1610352, 82.2776855 ], [ -45.4907715, 82.171826200000012 ], [ -45.0674316, 82.0660156 ], [ -44.8645508, 82.0836426 ], [ -44.7763672, 82.2423828 ] ] ], [ [ [ -25.458252, 70.9425293 ], [ -25.6123047, 70.9763184 ], [ -25.6608398, 70.9979492 ], [ -25.7268066, 71.042041 ], [ -25.8188965, 71.0436523 ], [ -26.3374512, 70.9192383 ], [ -26.6217773, 70.8756348 ], [ -26.9755859, 70.8626953 ], [ -27.2388672, 70.8675781 ], [ -27.3875, 70.8756348 ], [ -27.6172363, 70.9137695 ], [ -27.7089355, 70.8971191 ], [ -27.7439941, 70.7897461 ], [ -27.714209, 70.712793 ], [ -27.8052734, 70.642041 ], [ -27.9395508, 70.6152832 ], [ -27.9675293, 70.5948242 ], [ -28.0368164, 70.5143555 ], [ -28.0352539, 70.4868164 ], [ -28.0030273, 70.4671387 ], [ -27.897998, 70.4540039 ], [ -27.6900391, 70.4786621 ], [ -27.1047852, 70.5314941 ], [ -26.6046875, 70.5533691 ], [ -26.3391602, 70.5114258 ], [ -26.273877, 70.4543457 ], [ -26.2178711, 70.4540527 ], [ -26.049707, 70.5091309 ], [ -25.9113281, 70.5730469 ], [ -25.8005859, 70.5989258 ], [ -25.4022461, 70.6526855 ], [ -25.3463379, 70.6933105 ], [ -25.3516602, 70.7143066 ], [ -25.380127, 70.7405762 ], [ -25.4677734, 70.7796875 ], [ -25.4208008, 70.7945801 ], [ -25.4013672, 70.8112793 ], [ -25.3936523, 70.834668 ], [ -25.3972168, 70.8624512 ], [ -25.4323242, 70.9213379 ], [ -25.458252, 70.9425293 ] ] ], [ [ [ -18.8126953, 81.949462900000015 ], [ -19.0668945, 82.0491699 ], [ -19.3145508, 82.1231934 ], [ -19.4947266, 82.1166992 ], [ -19.6105469, 82.078125 ], [ -19.5944824, 81.9912598 ], [ -19.3692871, 81.9172852 ], [ -19.0314453, 81.8271973 ], [ -18.7676758, 81.8143066 ], [ -18.6647461, 81.8464844 ], [ -18.8126953, 81.949462900000015 ] ] ], [ [ [ -17.4008301, 79.9404785 ], [ -17.4713867, 80.0287109 ], [ -17.9829102, 80.055175800000015 ], [ -18.5473633, 80.011084 ], [ -18.997168, 79.9404785 ], [ -19.1382812, 79.8523438 ], [ -19.0324219, 79.7729492 ], [ -18.6620117, 79.7200195 ], [ -18.0358398, 79.7112305 ], [ -17.6125, 79.8258789 ], [ -17.4008301, 79.9404785 ] ] ], [ [ [ -18.8824707, 78.1148926 ], [ -18.9530273, 78.2119141 ], [ -18.9530273, 78.3529785 ], [ -18.9354004, 78.423584 ], [ -19.005957, 78.4412109 ], [ -19.1118164, 78.423584 ], [ -19.3146973, 78.3441895 ], [ -19.2970215, 78.1854492 ], [ -19.217627, 78.0443359 ], [ -19.1294922, 77.938525400000017 ], [ -18.997168, 77.9737793 ], [ -18.8824707, 78.1148926 ] ] ], [ [ [ -18.6620117, 76.4039063 ], [ -18.7326172, 76.642041 ], [ -18.8824707, 76.7038086 ], [ -19.0588867, 76.694970700000013 ], [ -19.0853516, 76.5802734 ], [ -19.0853516, 76.4303711 ], [ -18.6972656, 76.0158691 ], [ -18.5826172, 76.042334 ], [ -18.6620117, 76.4039063 ] ] ], [ [ [ -18.2298828, 75.3720703 ], [ -18.4503418, 75.3279785 ], [ -18.6355469, 75.3896484 ], [ -18.8560547, 75.3191406 ], [ -18.8824707, 75.1956543 ], [ -18.8913086, 75.072168 ], [ -18.6708008, 75.0016602 ], [ -18.3533203, 75.0104492 ], [ -17.5860352, 74.9927734 ], [ -17.3919922, 75.0369141 ], [ -17.4978516, 75.1515137 ], [ -17.7624023, 75.1427734 ], [ -17.8858887, 75.2044434 ], [ -17.9211914, 75.3015137 ], [ -18.0005371, 75.4073242 ], [ -18.2298828, 75.3720703 ] ] ], [ [ [ -17.7294922, 77.7063965 ], [ -17.6413574, 77.7824707 ], [ -17.6814453, 77.8585938 ], [ -17.8135742, 77.8746094 ], [ -17.9037109, 77.8625977 ], [ -18.1740234, 77.7143555 ], [ -18.2200195, 77.668359400000014 ], [ -18.147998, 77.642334 ], [ -17.9537109, 77.642334 ], [ -17.7294922, 77.7063965 ] ] ], [ [ [ -36.9869141, 65.5755859 ], [ -36.9530762, 65.6633301 ], [ -37.0475098, 65.7222656 ], [ -37.2229004, 65.695459 ], [ -37.2384277, 65.6098633 ], [ -37.1868164, 65.5313477 ], [ -37.03125, 65.5319824 ], [ -36.9869141, 65.5755859 ] ] ], [ [ [ -46.2544922, 60.8415527 ], [ -46.2186035, 60.8891602 ], [ -46.2052246, 60.9435059 ], [ -46.3938965, 60.9087891 ], [ -46.7899902, 60.779834 ], [ -46.7880859, 60.7583984 ], [ -46.6662109, 60.765918 ], [ -46.553125, 60.7407715 ], [ -46.4963379, 60.6866699 ], [ -46.381543, 60.6603027 ], [ -46.2666992, 60.7813965 ], [ -46.2544922, 60.8415527 ] ] ], [ [ [ -51.6069336, 70.8688477 ], [ -51.6313477, 70.8921387 ], [ -51.8069336, 70.9416504 ], [ -51.9698242, 70.9764648 ], [ -52.1067383, 70.9680176 ], [ -52.1480469, 70.9043945 ], [ -52.1441895, 70.8822754 ], [ -52.1193848, 70.8706543 ], [ -51.8086914, 70.8525391 ], [ -51.6751465, 70.8552246 ], [ -51.6069336, 70.8688477 ] ] ] ] } },
{ "type": "Feature", "properties": { "iso3": "CUB", "territorio": "Cuba", "value": null, "color": "#CCCCCC" }, "geometry": { "type": "MultiPolygon", "coordinates": [ [ [ [ -82.1013672, 23.1904297 ], [ -82.3505371, 23.1539551 ], [ -82.587793, 23.0645508 ], [ -82.6658203, 23.0435547 ], [ -83.1772461, 22.9830078 ], [ -83.2578125, 22.9675781 ], [ -84.0449219, 22.6660156 ], [ -84.1217773, 22.6185547 ], [ -84.281347700000012, 22.4742187 ], [ -84.3612793, 22.3789062 ], [ -84.3830078, 22.2555664 ], [ -84.3263672, 22.0743164 ], [ -84.3731445, 22.0359375 ], [ -84.4330566, 22.0312988 ], [ -84.4942383, 22.0416016 ], [ -84.5327637, 22.0311523 ], [ -84.8772461, 21.8941406 ], [ -84.887207, 21.8569824 ], [ -84.8382324, 21.8279297 ], [ -84.7858398, 21.8422852 ], [ -84.682666, 21.8990723 ], [ -84.6269043, 21.9203613 ], [ -84.5600098, 21.9330078 ], [ -84.5013672, 21.9302734 ], [ -84.490918, 21.8542969 ], [ -84.5025879, 21.7761719 ], [ -84.4488281, 21.7916504 ], [ -84.2406738, 21.8983398 ], [ -84.1383301, 21.9290039 ], [ -84.030957, 21.9431152 ], [ -83.9980469, 21.980127 ], [ -83.9633301, 22.0920898 ], [ -83.9327148, 22.1496582 ], [ -83.9007324, 22.1701172 ], [ -83.6866211, 22.1799316 ], [ -83.6430664, 22.1889648 ], [ -83.6015137, 22.2087402 ], [ -83.544043, 22.2089355 ], [ -83.4859375, 22.1871094 ], [ -83.379638700000015, 22.222998 ], [ -83.2921387, 22.3032227 ], [ -83.1894043, 22.3554199 ], [ -83.14375, 22.3864746 ], [ -83.1071289, 22.4298828 ], [ -83.0094238, 22.5140137 ], [ -82.8612305, 22.5951172 ], [ -82.786377, 22.6583496 ], [ -82.7380371, 22.6892578 ], [ -81.903418, 22.6790039 ], [ -81.8388184, 22.6724609 ], [ -81.7898926, 22.6570313 ], [ -81.7456543, 22.6329102 ], [ -81.7027344, 22.5918945 ], [ -81.683252, 22.5348145 ], [ -81.7103516, 22.4966797 ], [ -81.7570801, 22.466748 ], [ -81.9730469, 22.4218262 ], [ -82.0777344, 22.3876953 ], [ -81.9726074, 22.2908691 ], [ -81.8494141, 22.2136719 ], [ -81.8162109, 22.2001953 ], [ -81.4411133, 22.1837891 ], [ -81.3552734, 22.1041016 ], [ -81.284375, 22.1094238 ], [ -81.2224121, 22.1429199 ], [ -81.1995605, 22.2029297 ], [ -81.185498, 22.2679687 ], [ -81.1414062, 22.2069336 ], [ -81.1166504, 22.1342285 ], [ -81.083105500000016, 22.0979492 ], [ -81.035644499999989, 22.073584 ], [ -80.9619141, 22.0528809 ], [ -80.4990723, 22.0635254 ], [ -80.4848145, 22.0871582 ], [ -80.4854492, 22.1234375 ], [ -80.3929199, 22.0337402 ], [ -80.3106934, 21.9333984 ], [ -80.2313477, 21.872168 ], [ -80.1383301, 21.829248 ], [ -79.9103027, 21.7425781 ], [ -79.3574219, 21.5851562 ], [ -79.2744141, 21.5626465 ], [ -79.189209, 21.552832 ], [ -78.8229492, 21.6189453 ], [ -78.7276855, 21.5927246 ], [ -78.6364746, 21.5155273 ], [ -78.5765625, 21.4138184 ], [ -78.5372559, 21.2968262 ], [ -78.4907715, 21.0537109 ], [ -78.4538574, 21.0109863 ], [ -78.4063477, 20.973877 ], [ -78.3138672, 20.9274902 ], [ -78.1163574, 20.7618652 ], [ -77.9973145, 20.7153809 ], [ -77.8568848, 20.713623 ], [ -77.5927246, 20.6900879 ], [ -77.467041, 20.689502 ], [ -77.3475586, 20.6723633 ], [ -77.2295898, 20.64375 ], [ -77.2054688, 20.6108398 ], [ -77.1889648, 20.5599609 ], [ -77.1079102, 20.4916504 ], [ -77.0930176, 20.4529297 ], [ -77.1038086, 20.4075195 ], [ -77.1494141, 20.3472656 ], [ -77.2133789, 20.3003906 ], [ -77.5537598, 20.0821289 ], [ -77.7150879, 19.8554688 ], [ -77.4631836, 19.861377 ], [ -77.2119629, 19.89375 ], [ -76.9994629, 19.8928223 ], [ -76.8902344, 19.9213379 ], [ -76.7797363, 19.9401855 ], [ -76.515625, 19.9566895 ], [ -76.252832, 19.9871582 ], [ -76.1584473, 19.9897461 ], [ -75.7651367, 19.9604004 ], [ -75.6572266, 19.9322266 ], [ -75.5519531, 19.8911133 ], [ -75.2904785, 19.8931152 ], [ -75.2194336, 19.9236328 ], [ -75.1772949, 19.959375 ], [ -75.1516113, 20.0083496 ], [ -75.1219727, 19.9539063 ], [ -75.1241211, 19.9246582 ], [ -75.1164062, 19.901416 ], [ -75.0031738, 19.9285645 ], [ -74.955127, 19.9579102 ], [ -74.8500488, 20.0022949 ], [ -74.6347656, 20.0581543 ], [ -74.4121582, 20.0753418 ], [ -74.252832, 20.0796875 ], [ -74.2174316, 20.1171387 ], [ -74.1537109, 20.1685547 ], [ -74.1368164, 20.2319336 ], [ -74.167480500000011, 20.2921875 ], [ -74.1984863, 20.3114746 ], [ -74.2338867, 20.326416 ], [ -74.272802700000014, 20.3173828 ], [ -74.384375, 20.3304687 ], [ -74.5131348, 20.3845703 ], [ -74.6624512, 20.5221191 ], [ -74.7320801, 20.5731934 ], [ -74.882568400000011, 20.6506348 ], [ -74.9597168, 20.6726563 ], [ -75.2132812, 20.7138672 ], [ -75.3381348, 20.7016113 ], [ -75.5246094, 20.7166504 ], [ -75.6427734, 20.7334961 ], [ -75.7245605, 20.7145508 ], [ -75.7529785, 20.7361816 ], [ -75.7604004, 20.7755371 ], [ -75.7402344, 20.8119629 ], [ -75.5972656, 20.8376465 ], [ -75.6629395, 20.8981445 ], [ -75.6385254, 20.9474609 ], [ -75.5958008, 20.9946777 ], [ -75.6337402, 21.0613281 ], [ -75.7229492, 21.1110352 ], [ -75.8990234, 21.1142578 ], [ -76.0736328, 21.1334473 ], [ -76.2592285, 21.2273926 ], [ -76.4551758, 21.2736328 ], [ -76.551709, 21.2721191 ], [ -76.6474121, 21.2845215 ], [ -76.6885254, 21.3404297 ], [ -76.7260742, 21.3588867 ], [ -76.7649902, 21.3624023 ], [ -76.8674316, 21.3304199 ], [ -76.8598145, 21.3647949 ], [ -76.8363281, 21.3995117 ], [ -76.9280762, 21.4589844 ], [ -77.0986328, 21.5890137 ], [ -77.1409668, 21.538623 ], [ -77.2079102, 21.4788574 ], [ -77.2528809, 21.4834961 ], [ -77.269580100000013, 21.5378906 ], [ -77.3661621, 21.6126465 ], [ -77.2445313, 21.59375 ], [ -77.18125, 21.5976563 ], [ -77.1441406, 21.6436035 ], [ -77.2220703, 21.6724121 ], [ -77.2995117, 21.7122559 ], [ -77.3421387, 21.7552734 ], [ -77.4972656, 21.8716309 ], [ -77.5831543, 21.8892578 ], [ -77.5733398, 21.8683105 ], [ -77.506543, 21.8110352 ], [ -77.4971191, 21.7883301 ], [ -77.5451172, 21.7746094 ], [ -77.6368164, 21.7973633 ], [ -77.8650391, 21.9005859 ], [ -77.9705078, 21.9719727 ], [ -78.1431152, 22.1094238 ], [ -78.6864746, 22.3668457 ], [ -78.7192383, 22.3580566 ], [ -78.7759766, 22.367334 ], [ -78.8354492, 22.390918 ], [ -78.9019043, 22.3959961 ], [ -79.1830078, 22.3878906 ], [ -79.2756836, 22.4076172 ], [ -79.3583008, 22.4489258 ], [ -79.4564941, 22.5098633 ], [ -79.5492188, 22.5777832 ], [ -79.6766602, 22.7430664 ], [ -79.8507324, 22.8271973 ], [ -79.8202637, 22.8870117 ], [ -79.9235352, 22.8691406 ], [ -79.9599121, 22.8769043 ], [ -80.0752441, 22.942334 ], [ -80.167627, 22.9493652 ], [ -80.2661621, 22.9349609 ], [ -80.3648926, 22.9434082 ], [ -80.4592285, 22.975 ], [ -80.5504883, 23.0166016 ], [ -80.613427700000017, 23.0837402 ], [ -80.6501465, 23.1030762 ], [ -81.007666, 23.0898438 ], [ -81.1446289, 23.0549316 ], [ -81.1786133, 23.059668 ], [ -81.2716309, 23.1286133 ], [ -81.2623535, 23.1568359 ], [ -81.363623, 23.1296875 ], [ -81.5754395, 23.1165039 ], [ -81.8374512, 23.1630371 ], [ -82.1013672, 23.1904297 ] ] ], [ [ [ -77.6459961, 21.9964844 ], [ -77.6336914, 22.0540039 ], [ -77.7744141, 22.082959 ], [ -77.8547363, 22.0919434 ], [ -77.9185547, 22.0880859 ], [ -77.9, 22.0371582 ], [ -77.8231934, 21.9879395 ], [ -77.7836426, 21.9704102 ], [ -77.7550293, 21.9655762 ], [ -77.7100586, 21.9213379 ], [ -77.6689941, 21.9519531 ], [ -77.6459961, 21.9964844 ] ] ], [ [ [ -78.0616699, 22.3059082 ], [ -78.0941406, 22.387207 ], [ -78.1505859, 22.4314941 ], [ -78.2009766, 22.4376465 ], [ -78.2735352, 22.423584 ], [ -78.270019499999989, 22.4022461 ], [ -78.226123, 22.3799805 ], [ -78.1800293, 22.3219727 ], [ -78.1016602, 22.3057617 ], [ -78.0475098, 22.2685059 ], [ -78.0270996, 22.2851562 ], [ -78.0616699, 22.3059082 ] ] ], [ [ [ -78.6955078, 22.5339844 ], [ -78.6736328, 22.5088379 ], [ -78.6290039, 22.4881836 ], [ -78.5476562, 22.4640137 ], [ -78.4245605, 22.4601074 ], [ -78.3899414, 22.4451172 ], [ -78.3430176, 22.4451172 ], [ -78.2838867, 22.4554687 ], [ -78.3512207, 22.538623 ], [ -78.3995605, 22.5474609 ], [ -78.445312500000014, 22.54375 ], [ -78.4928711, 22.5310547 ], [ -78.630127, 22.5522461 ], [ -78.6955078, 22.5339844 ] ] ], [ [ [ -77.8424805, 22.1489746 ], [ -77.8891113, 22.2010742 ], [ -77.8936523, 22.2145508 ], [ -77.9695801, 22.2406738 ], [ -77.9856445, 22.3020996 ], [ -77.9992188, 22.2987305 ], [ -78.0066895, 22.247998 ], [ -78.0416504, 22.2012695 ], [ -78.0119141, 22.1664062 ], [ -77.9123535, 22.124707 ], [ -77.879394499999989, 22.1275391 ], [ -77.8424805, 22.1489746 ] ] ], [ [ [ -82.5678223, 21.6218262 ], [ -82.629394499999989, 21.7668945 ], [ -82.6818359, 21.8211426 ], [ -82.7145508, 21.8902832 ], [ -82.7557617, 21.9095215 ], [ -82.9912109, 21.9427246 ], [ -83.0777344, 21.8334961 ], [ -83.082519499999989, 21.7914062 ], [ -82.973584, 21.5922852 ], [ -83.0072266, 21.5655762 ], [ -83.0548828, 21.5494141 ], [ -83.1129395, 21.5736816 ], [ -83.1802246, 21.6230469 ], [ -83.1837891, 21.593457 ], [ -83.141503899999989, 21.5318848 ], [ -83.0672852, 21.4693848 ], [ -82.9596191, 21.4413086 ], [ -82.8531738, 21.4438965 ], [ -82.654834, 21.5186523 ], [ -82.5617676, 21.5716797 ], [ -82.5678223, 21.6218262 ] ] ], [ [ [ -79.3821777, 22.6813477 ], [ -79.5791504, 22.8067383 ], [ -79.628173800000013, 22.8052246 ], [ -79.5978516, 22.7876465 ], [ -79.5227539, 22.7111328 ], [ -79.3479004, 22.6376953 ], [ -79.3495605, 22.663916 ], [ -79.3821777, 22.6813477 ] ] ] ] } },
{ "type": "Feature", "properties": { "iso3": "CRI", "territorio": "Costa Rica", "value": null, "color": "#CCCCCC" }, "geometry": { "type": "MultiPolygon", "coordinates": [ [ [ [ -82.6101562, 9.6160156 ], [ -82.778418, 9.6695312 ], [ -82.8103027, 9.7345703 ], [ -82.8663086, 9.7709473 ], [ -83.0285156, 9.9912598 ], [ -83.124609400000011, 10.0416016 ], [ -83.3468262, 10.3153809 ], [ -83.44824220000001, 10.465918 ], [ -83.575293, 10.7347168 ], [ -83.5881836, 10.8149902 ], [ -83.6172852, 10.8774902 ], [ -83.6419922, 10.9172363 ], [ -83.6589355, 10.8368652 ], [ -83.7129395, 10.7858887 ], [ -83.8111816, 10.7432617 ], [ -83.9192871, 10.7353516 ], [ -84.0961914, 10.7756836 ], [ -84.1683594, 10.7803711 ], [ -84.196582, 10.801709 ], [ -84.2049805, 10.8413086 ], [ -84.2555664, 10.9007324 ], [ -84.348291, 10.9798828 ], [ -84.4018555, 10.9744629 ], [ -84.4891602, 10.9916504 ], [ -84.6341797, 11.0456055 ], [ -84.7011719, 11.0521973 ], [ -84.7973633, 11.0059082 ], [ -84.9091797, 10.9453125 ], [ -85.1789551, 11.0399414 ], [ -85.3683594, 11.1064453 ], [ -85.5387207, 11.1663086 ], [ -85.5841797, 11.1894531 ], [ -85.6213867, 11.1844727 ], [ -85.6536621, 11.1530762 ], [ -85.6905273, 11.0974609 ], [ -85.7026367, 11.081543 ], [ -85.7222656, 11.0662598 ], [ -85.7443359, 11.0621094 ], [ -85.7437012, 11.0429688 ], [ -85.7522461, 10.9852539 ], [ -85.8874023, 10.9212891 ], [ -85.9080078, 10.8975586 ], [ -85.8328613, 10.8499512 ], [ -85.7148438, 10.7905762 ], [ -85.6672363, 10.7450195 ], [ -85.6714355, 10.6797852 ], [ -85.6633301, 10.6354492 ], [ -85.703125, 10.5634766 ], [ -85.8306152, 10.3981445 ], [ -85.8496582, 10.292041 ], [ -85.7964844, 10.1328613 ], [ -85.6810059, 9.9585937 ], [ -85.6248535, 9.9024414 ], [ -85.3145508, 9.8109375 ], [ -85.1540039, 9.6200684 ], [ -85.114502, 9.5817871 ], [ -85.0770508, 9.6019531 ], [ -85.0597168, 9.6683105 ], [ -85.0012695, 9.6992676 ], [ -84.8864258, 9.8209473 ], [ -84.9083496, 9.8845703 ], [ -84.962793, 9.9334473 ], [ -85.1607422, 10.0174316 ], [ -85.2365234, 10.107373 ], [ -85.2631836, 10.2566406 ], [ -85.2356445, 10.2420898 ], [ -85.1984375, 10.1953125 ], [ -85.0250488, 10.1157227 ], [ -84.7149414, 9.8994141 ], [ -84.6430664, 9.7894043 ], [ -84.670459, 9.7028809 ], [ -84.6588867, 9.6466797 ], [ -84.5815918, 9.5683594 ], [ -84.482666, 9.5261719 ], [ -84.2223633, 9.4625 ], [ -84.1178711, 9.3794434 ], [ -83.8955566, 9.276416 ], [ -83.7369141, 9.150293 ], [ -83.6372559, 9.0353516 ], [ -83.6161621, 8.9598145 ], [ -83.6137207, 8.8040527 ], [ -83.6421875, 8.7289062 ], [ -83.734082, 8.6144531 ], [ -83.6047363, 8.4803223 ], [ -83.54375, 8.4458496 ], [ -83.4520508, 8.4384766 ], [ -83.3768066, 8.4148926 ], [ -83.2915039, 8.4060059 ], [ -83.2895508, 8.4638184 ], [ -83.297753899999989, 8.5068848 ], [ -83.4217773, 8.6192383 ], [ -83.4697266, 8.7068359 ], [ -83.3914062, 8.7177246 ], [ -83.285791, 8.6643555 ], [ -83.1624023, 8.5881836 ], [ -83.1295898, 8.5054687 ], [ -83.1233398, 8.3530762 ], [ -83.0414551, 8.2877441 ], [ -82.9472656, 8.1817383 ], [ -82.8793457, 8.0706543 ], [ -82.8833008, 8.1305664 ], [ -82.9128906, 8.1996094 ], [ -82.9484375, 8.2568359 ], [ -83.0233887, 8.3160156 ], [ -83.0273438, 8.3377441 ], [ -82.9975586, 8.3677734 ], [ -82.8616211, 8.4535156 ], [ -82.8447754, 8.4893555 ], [ -82.842627, 8.5639648 ], [ -82.8557129, 8.6353027 ], [ -82.917041, 8.740332 ], [ -82.8819824, 8.8053223 ], [ -82.8119141, 8.8574219 ], [ -82.7399902, 8.898584 ], [ -82.727832, 8.9160645 ], [ -82.7411621, 8.951709 ], [ -82.7830566, 8.9902832 ], [ -82.8813477, 9.0558594 ], [ -82.940332, 9.0601074 ], [ -82.9428223, 9.248877 ], [ -82.9398438, 9.4491699 ], [ -82.9250488, 9.469043 ], [ -82.8889648, 9.4810059 ], [ -82.8601562, 9.5114746 ], [ -82.8439941, 9.5708008 ], [ -82.8010254, 9.5917969 ], [ -82.7233887, 9.5460937 ], [ -82.6440918, 9.5058594 ], [ -82.6112793, 9.5192383 ], [ -82.5865234, 9.5388184 ], [ -82.5692383, 9.5582031 ], [ -82.5635742, 9.5766602 ], [ -82.6101562, 9.6160156 ] ] ] ] } },
{ "type": "Feature", "properties": { "iso3": "COL", "territorio": "Colombia", "value": 3.00429010391235, "color": "#FD8D3C" }, "geometry": { "type": "MultiPolygon", "coordinates": [ [ [ [ -71.2841797, 11.9183105 ], [ -71.1373047, 12.0463379 ], [ -71.1550293, 12.1641602 ], [ -71.2621094, 12.3353027 ], [ -71.4939941, 12.4322754 ], [ -71.5974609, 12.434375 ], [ -71.7145508, 12.4199707 ], [ -71.9191406, 12.309082 ], [ -71.93125, 12.2695313 ], [ -71.9701172, 12.2382812 ], [ -72.0550781, 12.2384277 ], [ -72.1357422, 12.1885742 ], [ -72.1652344, 12.0602051 ], [ -72.275, 11.8892578 ], [ -72.4470703, 11.801709 ], [ -72.7218262, 11.7121582 ], [ -73.3133789, 11.295752 ], [ -73.6769043, 11.2714844 ], [ -73.7957031, 11.2756836 ], [ -73.909570300000013, 11.3088867 ], [ -74.0591309, 11.340625 ], [ -74.14291990000001, 11.3208496 ], [ -74.2001953, 11.2657227 ], [ -74.219140600000017, 11.1053223 ], [ -74.2999512, 10.9522461 ], [ -74.3501953, 10.8137207 ], [ -74.4008789, 10.7652344 ], [ -74.4602539, 10.7870605 ], [ -74.516259800000014, 10.8625 ], [ -74.4922852, 10.9344727 ], [ -74.4095703, 10.9671875 ], [ -74.3523926, 10.9746582 ], [ -74.3302246, 10.9966797 ], [ -74.454248, 10.9890625 ], [ -74.8445801, 11.1097168 ], [ -74.921582, 11.0575684 ], [ -75.1230469, 10.8704102 ], [ -75.2479492, 10.783252 ], [ -75.2806152, 10.7271973 ], [ -75.4459961, 10.6108887 ], [ -75.4927734, 10.5276367 ], [ -75.5537109, 10.3277344 ], [ -75.6708984, 10.1963379 ], [ -75.7083496, 10.1434082 ], [ -75.6421875, 10.172168 ], [ -75.5583984, 10.2364258 ], [ -75.5385742, 10.2051758 ], [ -75.5958984, 10.1258301 ], [ -75.5926758, 9.9927246 ], [ -75.6371094, 9.8342773 ], [ -75.6800293, 9.7297852 ], [ -75.6353516, 9.6578125 ], [ -75.6036133, 9.5384766 ], [ -75.6393555, 9.4504395 ], [ -75.7555664, 9.415625 ], [ -75.9050293, 9.4309082 ], [ -76.0272461, 9.3657715 ], [ -76.135498, 9.265625 ], [ -76.2768555, 8.9891113 ], [ -76.6893555, 8.6947266 ], [ -76.8022461, 8.6406738 ], [ -76.8879883, 8.619873 ], [ -76.920459, 8.5737305 ], [ -76.8722168, 8.5127441 ], [ -76.8186035, 8.4646973 ], [ -76.7720703, 8.3105469 ], [ -76.742334, 8.0021484 ], [ -76.7865723, 7.9315918 ], [ -76.8668945, 7.9179688 ], [ -76.8966309, 7.9394531 ], [ -76.92465820000001, 7.9731934 ], [ -76.912207, 8.0333984 ], [ -76.8690918, 8.0626953 ], [ -76.8518555, 8.0904785 ], [ -76.8909668, 8.1279785 ], [ -76.9358398, 8.1468262 ], [ -76.992285200000012, 8.2503418 ], [ -77.130127, 8.4005859 ], [ -77.2615723, 8.4937012 ], [ -77.3441406, 8.6367188 ], [ -77.3742188, 8.6583008 ], [ -77.3930664, 8.6446777 ], [ -77.4483398, 8.5658691 ], [ -77.4785156, 8.4984375 ], [ -77.4072754, 8.4272461 ], [ -77.3858887, 8.3516602 ], [ -77.3455078, 8.2695312 ], [ -77.2826172, 8.1870605 ], [ -77.2123047, 8.0338867 ], [ -77.1959961, 7.9724609 ], [ -77.2159668, 7.9325195 ], [ -77.282959, 7.9081543 ], [ -77.3456055, 7.8365234 ], [ -77.3627441, 7.7490723 ], [ -77.3507812, 7.7058594 ], [ -77.5382812, 7.5662598 ], [ -77.5865723, 7.5430664 ], [ -77.6186035, 7.5645508 ], [ -77.6585938, 7.6346191 ], [ -77.7063477, 7.6912109 ], [ -77.7320312, 7.7109375 ], [ -77.7469238, 7.7118652 ], [ -77.7619141, 7.6988281 ], [ -77.76875, 7.6680664 ], [ -77.7438965, 7.5369629 ], [ -77.7646973, 7.4836914 ], [ -77.8283203, 7.4428223 ], [ -77.9011719, 7.2293457 ], [ -77.8037109, 7.1372559 ], [ -77.680957, 6.9604004 ], [ -77.6458496, 6.8696289 ], [ -77.6021484, 6.8373047 ], [ -77.5259766, 6.6931152 ], [ -77.4388672, 6.690332 ], [ -77.3687988, 6.5755859 ], [ -77.3598633, 6.5044922 ], [ -77.3982422, 6.275 ], [ -77.4400879, 6.2717285 ], [ -77.4730469, 6.2856445 ], [ -77.4694336, 6.1767578 ], [ -77.3446777, 5.9953613 ], [ -77.2492676, 5.7801758 ], [ -77.3246094, 5.6756348 ], [ -77.5344238, 5.5371094 ], [ -77.4017578, 5.4161621 ], [ -77.373291, 5.3239746 ], [ -77.3591797, 5.2151855 ], [ -77.366748, 5.0765625 ], [ -77.3394531, 4.8385254 ], [ -77.306543, 4.784668 ], [ -77.2863281, 4.7217285 ], [ -77.3136719, 4.5938477 ], [ -77.3283203, 4.475 ], [ -77.3535156, 4.398291 ], [ -77.4142578, 4.3476074 ], [ -77.4458496, 4.3010254 ], [ -77.5155273, 4.2562988 ], [ -77.5207031, 4.212793 ], [ -77.4087402, 4.2477539 ], [ -77.4044922, 4.2007812 ], [ -77.4335449, 4.130957 ], [ -77.4272949, 4.0604492 ], [ -77.3582031, 3.9447266 ], [ -77.2780273, 4.0584961 ], [ -77.2483887, 4.0409668 ], [ -77.2635254, 3.8932129 ], [ -77.2120117, 3.8674316 ], [ -77.1666016, 3.8622559 ], [ -77.1268555, 3.9060547 ], [ -77.0768066, 3.9132812 ], [ -77.2427734, 3.5853516 ], [ -77.3244141, 3.4747559 ], [ -77.356543, 3.348584 ], [ -77.4171387, 3.3417969 ], [ -77.4722168, 3.2337891 ], [ -77.5202637, 3.1602539 ], [ -77.5591309, 3.0759766 ], [ -77.6320312, 3.0511719 ], [ -77.6936523, 3.0399414 ], [ -77.7009766, 3.0075684 ], [ -77.6710938, 2.9193359 ], [ -77.6700195, 2.8788574 ], [ -77.7766602, 2.7873047 ], [ -77.807959, 2.7463867 ], [ -77.8135742, 2.7163574 ], [ -77.8745117, 2.7258789 ], [ -77.9007812, 2.6988281 ], [ -77.9322754, 2.629248 ], [ -77.987207, 2.5689941 ], [ -78.0301758, 2.5430664 ], [ -78.0666504, 2.5091309 ], [ -78.1200195, 2.4881836 ], [ -78.2961426, 2.510498 ], [ -78.3428711, 2.4605469 ], [ -78.416894500000012, 2.4834961 ], [ -78.4604492, 2.4700684 ], [ -78.5347168, 2.4236816 ], [ -78.5916992, 2.3566406 ], [ -78.617041, 2.3067871 ], [ -78.6286133, 2.05625 ], [ -78.5504395, 1.9236328 ], [ -78.5769043, 1.7737793 ], [ -78.7929688, 1.8487305 ], [ -78.957666, 1.7521973 ], [ -79.0254395, 1.6236816 ], [ -78.8884766, 1.5240723 ], [ -78.859668, 1.4553711 ], [ -78.8288574, 1.434668 ], [ -78.7371094, 1.3586914 ], [ -78.6816406, 1.2834473 ], [ -78.5876465, 1.2366699 ], [ -78.5115234, 1.1988281 ], [ -78.3121094, 1.0460937 ], [ -78.1806641, 0.9685547 ], [ -78.0370117, 0.8987305 ], [ -77.829541, 0.8253906 ], [ -77.7028809, 0.8378418 ], [ -77.6731934, 0.7822266 ], [ -77.6486328, 0.7236328 ], [ -77.6013184, 0.689502 ], [ -77.526123, 0.6603516 ], [ -77.4813965, 0.6511719 ], [ -77.4676758, 0.6365234 ], [ -77.4227539, 0.4248535 ], [ -77.3963379, 0.3938965 ], [ -77.2926758, 0.3604004 ], [ -77.1657227, 0.3477539 ], [ -77.1141113, 0.3550781 ], [ -77.0024414, 0.2962402 ], [ -76.9201172, 0.2685059 ], [ -76.8293457, 0.2477539 ], [ -76.7677246, 0.2416504 ], [ -76.7393066, 0.2508301 ], [ -76.7290039, 0.2721191 ], [ -76.6785156, 0.2681641 ], [ -76.6030273, 0.2409668 ], [ -76.4946289, 0.2354492 ], [ -76.4272949, 0.2612305 ], [ -76.4179688, 0.3039062 ], [ -76.4133789, 0.3788574 ], [ -76.3881836, 0.4049805 ], [ -76.3110352, 0.4484863 ], [ -76.2706055, 0.4394043 ], [ -76.0679199, 0.3455566 ], [ -76.0261719, 0.3130859 ], [ -75.9748535, 0.2477539 ], [ -75.8797852, 0.1509766 ], [ -75.7766602, 0.0892578 ], [ -75.617334, 0.0628906 ], [ -75.4639648, -0.0384277 ], [ -75.2844727, -0.106543 ], [ -75.2246094, -0.041748 ], [ -75.184082, -0.041748 ], [ -75.1383789, -0.0504883 ], [ -75.0546875, -0.1166992 ], [ -75.0049805, -0.1558594 ], [ -74.9453125, -0.1881836 ], [ -74.8888184, -0.1994141 ], [ -74.8375, -0.2033203 ], [ -74.8017578, -0.2000977 ], [ -74.7804688, -0.2445313 ], [ -74.7553711, -0.2986328 ], [ -74.6916504, -0.3352539 ], [ -74.6163574, -0.3700195 ], [ -74.5550781, -0.4298828 ], [ -74.5138672, -0.4701172 ], [ -74.4651855, -0.5176758 ], [ -74.4178711, -0.5806641 ], [ -74.3749023, -0.6914062 ], [ -74.353125, -0.7666016 ], [ -74.3286133, -0.8083984 ], [ -74.3344238, -0.8508789 ], [ -74.2838867, -0.927832 ], [ -74.2463867, -0.9706055 ], [ -74.1807617, -0.9977539 ], [ -74.0543945, -1.0286133 ], [ -73.9868164, -1.0981445 ], [ -73.9269531, -1.1251953 ], [ -73.8631836, -1.1966797 ], [ -73.8071777, -1.2179688 ], [ -73.7357422, -1.2141602 ], [ -73.6643066, -1.2488281 ], [ -73.6102539, -1.3164063 ], [ -73.5754883, -1.4013672 ], [ -73.5213867, -1.449707 ], [ -73.4943359, -1.5366211 ], [ -73.5252441, -1.6388672 ], [ -73.4962891, -1.6930664 ], [ -73.4402832, -1.7374023 ], [ -73.3495117, -1.7838867 ], [ -73.2664551, -1.7722656 ], [ -73.2239746, -1.7876953 ], [ -73.196972700000018, -1.8302734 ], [ -73.1814941, -1.8803711 ], [ -73.1452148, -2.0033203 ], [ -73.1265137, -2.0810547 ], [ -73.1602051, -2.1563477 ], [ -73.1726562, -2.2083984 ], [ -73.1544922, -2.2782227 ], [ -73.0681641, -2.3120117 ], [ -72.9896484, -2.3397461 ], [ -72.9411133, -2.394043 ], [ -72.8871582, -2.4084961 ], [ -72.8112305, -2.4054688 ], [ -72.7141602, -2.3921875 ], [ -72.6601562, -2.3610352 ], [ -72.6253418, -2.3516602 ], [ -72.5867187, -2.3651367 ], [ -72.5006836, -2.3950195 ], [ -72.3956055, -2.4289063 ], [ -72.3007324, -2.4092773 ], [ -72.218457, -2.4004883 ], [ -72.1368164, -2.3806641 ], [ -72.0538086, -2.3246094 ], [ -71.9842773, -2.3265625 ], [ -71.9324707, -2.2886719 ], [ -71.8672852, -2.2277344 ], [ -71.8027344, -2.1663086 ], [ -71.7525391, -2.1527344 ], [ -71.6714844, -2.1821289 ], [ -71.5594727, -2.2242188 ], [ -71.4960938, -2.2791992 ], [ -71.4474609, -2.29375 ], [ -71.3969727, -2.334082 ], [ -71.3000977, -2.3348633 ], [ -71.1963867, -2.3130859 ], [ -71.1133789, -2.2454102 ], [ -71.0272949, -2.2257813 ], [ -70.9685547, -2.2068359 ], [ -70.9145508, -2.2185547 ], [ -70.7053711, -2.3419922 ], [ -70.647998, -2.4057617 ], [ -70.5758789, -2.4182617 ], [ -70.5167969, -2.453125 ], [ -70.4182129, -2.4907227 ], [ -70.3641602, -2.5292969 ], [ -70.2946289, -2.5525391 ], [ -70.2444336, -2.606543 ], [ -70.1647461, -2.6398438 ], [ -70.0958496, -2.6582031 ], [ -70.0647461, -2.7016602 ], [ -70.0644531, -2.7307617 ], [ -70.0740234, -2.7501953 ], [ -70.1470703, -2.8640625 ], [ -70.2901367, -3.0873047 ], [ -70.4189941, -3.2882813 ], [ -70.6216797, -3.6045898 ], [ -70.7351074, -3.781543 ], [ -70.7062012, -3.7889648 ], [ -70.5296875, -3.8664063 ], [ -70.4858398, -3.8693359 ], [ -70.4210938, -3.8496094 ], [ -70.3791992, -3.81875 ], [ -70.339502, -3.8143555 ], [ -70.2984375, -3.8442383 ], [ -70.2402832, -3.8827148 ], [ -70.1983887, -3.9951172 ], [ -70.167529300000012, -4.0501953 ], [ -70.0947754, -4.0921875 ], [ -70.0171875, -4.1620117 ], [ -69.965918, -4.2359375 ], [ -69.9481934, -4.2005859 ], [ -69.9110352, -3.996582 ], [ -69.8497559, -3.6598633 ], [ -69.7941406, -3.3545898 ], [ -69.7326172, -3.0166992 ], [ -69.669043, -2.6676758 ], [ -69.6046875, -2.3142578 ], [ -69.5518555, -2.0242188 ], [ -69.5064453, -1.7749023 ], [ -69.4786133, -1.6219727 ], [ -69.4349121, -1.4216797 ], [ -69.4178711, -1.2457031 ], [ -69.4002441, -1.1949219 ], [ -69.4114258, -1.1522461 ], [ -69.4491211, -1.0916016 ], [ -69.4487305, -1.0649414 ], [ -69.4443359, -1.0295898 ], [ -69.4487305, -0.9987305 ], [ -69.4884277, -0.9657227 ], [ -69.5192871, -0.9458008 ], [ -69.5435547, -0.9171875 ], [ -69.5545898, -0.8774414 ], [ -69.5744141, -0.837793 ], [ -69.583252, -0.7958984 ], [ -69.6119141, -0.762793 ], [ -69.6207031, -0.7208984 ], [ -69.6008789, -0.68125 ], [ -69.592041, -0.6393555 ], [ -69.6008789, -0.5996094 ], [ -69.6119141, -0.5533203 ], [ -69.6339844, -0.5092773 ], [ -69.6674805, -0.4824219 ], [ -69.7474609, -0.4525391 ], [ -69.8279297, -0.3813477 ], [ -69.9227539, -0.3174805 ], [ -70.044043, -0.1961914 ], [ -70.0705078, -0.1388672 ], [ -70.0709473, 0.0185547 ], [ -70.0657227, 0.1893555 ], [ -70.0579102, 0.4473633 ], [ -70.0539062, 0.5786133 ], [ -69.9854492, 0.5858398 ], [ -69.9250977, 0.5894043 ], [ -69.8620605, 0.5984863 ], [ -69.8071289, 0.6074707 ], [ -69.7567383, 0.6263672 ], [ -69.7188965, 0.6498047 ], [ -69.6738281, 0.6650879 ], [ -69.6387207, 0.659668 ], [ -69.6036133, 0.6803711 ], [ -69.5648438, 0.7001953 ], [ -69.5270508, 0.7164062 ], [ -69.4721191, 0.7299316 ], [ -69.4208008, 0.6983887 ], [ -69.3919922, 0.6668945 ], [ -69.3586426, 0.6515625 ], [ -69.3271484, 0.6551758 ], [ -69.3055176, 0.6524414 ], [ -69.2830078, 0.6272461 ], [ -69.2541992, 0.6254395 ], [ -69.212793, 0.6299316 ], [ -69.1740723, 0.6353516 ], [ -69.1560547, 0.6425293 ], [ -69.1533203, 0.6587891 ], [ -69.1632324, 0.6866699 ], [ -69.1767578, 0.7128418 ], [ -69.1659668, 0.7533203 ], [ -69.1650391, 0.8019531 ], [ -69.1632324, 0.8640625 ], [ -69.1938477, 0.898291 ], [ -69.2244629, 0.9631348 ], [ -69.258691400000018, 1.0153809 ], [ -69.3118164, 1.0504883 ], [ -69.361377, 1.0640137 ], [ -69.4027832, 1.0423828 ], [ -69.4415039, 1.0388184 ], [ -69.4703125, 1.0585938 ], [ -69.5171387, 1.0594727 ], [ -69.5675781, 1.0657715 ], [ -69.6208984, 1.0732422 ], [ -69.7169922, 1.059082 ], [ -69.7513184, 1.0766113 ], [ -69.7981445, 1.078418 ], [ -69.8521484, 1.0595215 ], [ -69.8507812, 1.3087891 ], [ -69.8494629, 1.5438965 ], [ -69.848584, 1.7087402 ], [ -69.7999512, 1.7051758 ], [ -69.7395996, 1.7348633 ], [ -69.6500488, 1.7394531 ], [ -69.58125, 1.770752 ], [ -69.5429199, 1.7732422 ], [ -69.470166, 1.7579102 ], [ -69.3943359, 1.7257812 ], [ -69.3197266, 1.7212402 ], [ -69.1242676, 1.7212891 ], [ -68.9131836, 1.7213867 ], [ -68.6784668, 1.7214844 ], [ -68.443457, 1.721582 ], [ -68.2395508, 1.7216797 ], [ -68.1765625, 1.7198242 ], [ -68.2132812, 1.7745605 ], [ -68.255957, 1.8455078 ], [ -68.2394531, 1.9013672 ], [ -68.2183594, 1.9576172 ], [ -68.1937988, 1.9870117 ], [ -68.1302734, 1.9557617 ], [ -68.0770508, 1.8601074 ], [ -68.0328613, 1.7880371 ], [ -67.9897461, 1.7525391 ], [ -67.9362305, 1.7484863 ], [ -67.8755371, 1.7605957 ], [ -67.8150879, 1.7900879 ], [ -67.7118652, 1.9221191 ], [ -67.6092285, 2.0350586 ], [ -67.5560547, 2.072998 ], [ -67.4996582, 2.1079102 ], [ -67.4577637, 2.1211426 ], [ -67.4004395, 2.1166992 ], [ -67.3519531, 2.0858398 ], [ -67.3206055, 2.0320801 ], [ -67.2058105, 1.8448242 ], [ -67.1192383, 1.7036133 ], [ -67.0901367, 1.6155762 ], [ -67.0882812, 1.4005859 ], [ -67.0936523, 1.2100098 ], [ -67.0822754, 1.1854004 ], [ -67.0652344, 1.1783691 ], [ -66.8760254, 1.2230469 ], [ -66.8955078, 1.2898926 ], [ -66.8844727, 1.358252 ], [ -66.9311035, 1.4580078 ], [ -66.9583496, 1.564209 ], [ -66.981543, 1.6007812 ], [ -66.9881348, 1.6801758 ], [ -67.0438965, 1.8231934 ], [ -67.0895508, 1.940332 ], [ -67.1314453, 1.9998535 ], [ -67.1138184, 2.0505859 ], [ -67.1314453, 2.1012695 ], [ -67.1654785, 2.1425781 ], [ -67.2152344, 2.2754883 ], [ -67.1976074, 2.3327637 ], [ -67.2108398, 2.3901367 ], [ -67.2527344, 2.4294434 ], [ -67.3122559, 2.4716797 ], [ -67.3916016, 2.5599121 ], [ -67.4864258, 2.6436523 ], [ -67.5349609, 2.6767578 ], [ -67.5680176, 2.6899414 ], [ -67.5966797, 2.7693359 ], [ -67.6187012, 2.7936035 ], [ -67.6672363, 2.8001953 ], [ -67.766455100000016, 2.8333008 ], [ -67.859082, 2.7936035 ], [ -67.8612305, 2.8553223 ], [ -67.8347656, 2.8928223 ], [ -67.5148438, 3.1872559 ], [ -67.3536133, 3.3226562 ], [ -67.3362793, 3.342627 ], [ -67.322168, 3.3739746 ], [ -67.3111328, 3.4158691 ], [ -67.3477051, 3.4637695 ], [ -67.4986816, 3.6911133 ], [ -67.551123, 3.7338379 ], [ -67.6025391, 3.7687988 ], [ -67.6616211, 3.8642578 ], [ -67.7323242, 4.0865234 ], [ -67.7832031, 4.1982422 ], [ -67.7986328, 4.2838867 ], [ -67.7954102, 4.3807129 ], [ -67.8143066, 4.4550781 ], [ -67.8552734, 4.5068848 ], [ -67.8552734, 4.6654785 ], [ -67.8143066, 4.9308105 ], [ -67.8041992, 5.1325195 ], [ -67.8249023, 5.270459 ], [ -67.7884277, 5.3754883 ], [ -67.6946289, 5.4475098 ], [ -67.6422852, 5.5587891 ], [ -67.6313477, 5.709375 ], [ -67.5751953, 5.8331055 ], [ -67.473877, 5.9299805 ], [ -67.4393555, 6.0255371 ], [ -67.471582, 6.1197754 ], [ -67.4819824, 6.1802734 ], [ -67.5680664, 6.2417969 ], [ -67.7271484, 6.2849609 ], [ -67.8591797, 6.2898926 ], [ -67.9388672, 6.2419434 ], [ -68.1430664, 6.1975098 ], [ -68.4717773, 6.156543 ], [ -68.7364746, 6.1567871 ], [ -68.937207, 6.1981934 ], [ -69.0899414, 6.184375 ], [ -69.194531200000014, 6.115332 ], [ -69.2681641, 6.099707 ], [ -69.3108398, 6.1375977 ], [ -69.3570801, 6.147998 ], [ -69.4271484, 6.1239746 ], [ -69.4392578, 6.1349121 ], [ -69.5948242, 6.3214844 ], [ -69.7389648, 6.4943848 ], [ -69.9041992, 6.7002441 ], [ -70.0950195, 6.9379395 ], [ -70.1291992, 6.9536133 ], [ -70.1881348, 6.9520508 ], [ -70.2661133, 6.9479492 ], [ -70.3875, 6.9726074 ], [ -70.4706543, 7.0071289 ], [ -70.5355469, 7.0405273 ], [ -70.6550781, 7.0827637 ], [ -70.7371582, 7.0900391 ], [ -70.8106934, 7.0775879 ], [ -71.0132812, 6.9944336 ], [ -71.1286133, 6.9867187 ], [ -71.2178223, 6.9852051 ], [ -71.4571289, 7.0263672 ], [ -71.6208984, 7.0329102 ], [ -71.8112793, 7.0058105 ], [ -71.8926758, 6.990332 ], [ -72.0066406, 7.0326172 ], [ -72.0842773, 7.096875 ], [ -72.1566895, 7.249707 ], [ -72.2077148, 7.3702637 ], [ -72.2963379, 7.3945312 ], [ -72.3946289, 7.4150879 ], [ -72.4429687, 7.4548828 ], [ -72.4719727, 7.5242676 ], [ -72.4789551, 7.6132324 ], [ -72.4688965, 7.757959 ], [ -72.4595703, 7.8098633 ], [ -72.4460449, 7.9661133 ], [ -72.3916992, 8.0477051 ], [ -72.3576172, 8.0873047 ], [ -72.3641602, 8.1527832 ], [ -72.390332, 8.2870605 ], [ -72.4165527, 8.3819824 ], [ -72.52573240000001, 8.4896973 ], [ -72.6654297, 8.6275879 ], [ -72.7255371, 8.848291 ], [ -72.7963867, 9.1089844 ], [ -72.8520996, 9.1351562 ], [ -72.9044434, 9.1220703 ], [ -72.9601563, 9.1351562 ], [ -73.0092773, 9.2399414 ], [ -73.0583984, 9.2595703 ], [ -73.1367188, 9.2228027 ], [ -73.1931641, 9.1941406 ], [ -73.3367187, 9.1679199 ], [ -73.3662109, 9.1941406 ], [ -73.3563477, 9.2268555 ], [ -73.2956543, 9.3220215 ], [ -73.2242676, 9.4436035 ], [ -73.1412598, 9.5546387 ], [ -73.0640625, 9.6682129 ], [ -73.006543, 9.7891602 ], [ -72.9673828, 10.0297363 ], [ -72.9403809, 10.195752 ], [ -72.8693359, 10.4912598 ], [ -72.7391602, 10.7271973 ], [ -72.6900879, 10.8358398 ], [ -72.5722656, 10.9771484 ], [ -72.5180176, 11.0539062 ], [ -72.4460937, 11.1142578 ], [ -72.2484863, 11.1964355 ], [ -72.0123047, 11.6019531 ], [ -71.9581055, 11.6664062 ], [ -71.7194824, 11.7268555 ], [ -71.536084, 11.7740723 ], [ -71.4001953, 11.8235352 ], [ -71.3555664, 11.8497559 ], [ -71.3197266, 11.8619141 ], [ -71.2841797, 11.9183105 ] ] ], [ [ [ -78.1191406, 2.6036133 ], [ -78.1376465, 2.6341797 ], [ -78.178418, 2.6463379 ], [ -78.2101074, 2.6091797 ], [ -78.1924805, 2.5592773 ], [ -78.1408203, 2.5196777 ], [ -78.1137207, 2.541748 ], [ -78.1191406, 2.6036133 ] ] ] ] } },
{ "type": "Feature", "properties": { "iso3": "CHL", "territorio": "Chile", "value": null, "color": "#CCCCCC" }, "geometry": { "type": "MultiPolygon", "coordinates": [ [ [ [ -109.2228516, -27.1010742 ], [ -109.2764648, -27.0958984 ], [ -109.3904785, -27.0683594 ], [ -109.4291504, -27.1162109 ], [ -109.4341309, -27.1712891 ], [ -109.2799805, -27.1404297 ], [ -109.2228516, -27.1010742 ] ] ], [ [ [ -78.774707, -33.6416016 ], [ -78.768945300000013, -33.6273438 ], [ -78.784668, -33.6101562 ], [ -78.8381836, -33.5850586 ], [ -78.8590332, -33.578125 ], [ -78.8774414, -33.5751953 ], [ -78.8882812, -33.5763672 ], [ -78.9381348, -33.613574199999988 ], [ -78.9792969, -33.6441406 ], [ -78.9894531, -33.6617188 ], [ -78.9833496, -33.6677734 ], [ -78.8041504, -33.6464844 ], [ -78.774707, -33.6416016 ] ] ], [ [ [ -70.3616211, -18.3980469 ], [ -70.336084, -18.5952148 ], [ -70.3348633, -18.8275391 ], [ -70.2757812, -19.2675781 ], [ -70.210400400000012, -19.4869141 ], [ -70.1983398, -19.6129883 ], [ -70.1574219, -19.7058594 ], [ -70.1481445, -19.8050781 ], [ -70.1474609, -20.2297852 ], [ -70.1936523, -20.5314453 ], [ -70.1970215, -20.7253906 ], [ -70.0883789, -21.2532227 ], [ -70.0800293, -21.3568359 ], [ -70.0875488, -21.4930664 ], [ -70.1295898, -21.6408203 ], [ -70.1550781, -21.8666016 ], [ -70.1854492, -21.9746094 ], [ -70.2285156, -22.1931641 ], [ -70.2595215, -22.5560547 ], [ -70.3316895, -22.8486328 ], [ -70.3891602, -22.9696289 ], [ -70.4496582, -23.0341797 ], [ -70.5631836, -23.0570313 ], [ -70.5688477, -23.1733398 ], [ -70.5933594, -23.2554688 ], [ -70.5881348, -23.3683594 ], [ -70.5119629, -23.4828125 ], [ -70.4196289, -23.5285156 ], [ -70.392334, -23.565918 ], [ -70.4099609, -23.6555664 ], [ -70.487793, -23.7817383 ], [ -70.5074219, -23.8857422 ], [ -70.5200684, -23.9685547 ], [ -70.5074219, -24.1296875 ], [ -70.5464355, -24.3316406 ], [ -70.5741211, -24.6443359 ], [ -70.5586426, -24.7785156 ], [ -70.4453613, -25.1726563 ], [ -70.4521973, -25.2518555 ], [ -70.489502, -25.3764648 ], [ -70.578125, -25.4875 ], [ -70.6330078, -25.5456055 ], [ -70.71372070000001, -25.7841797 ], [ -70.6996094, -25.8611328 ], [ -70.6354492, -25.9926758 ], [ -70.6622559, -26.2253906 ], [ -70.646582, -26.3293945 ], [ -70.6869629, -26.4217773 ], [ -70.7083984, -26.5969727 ], [ -70.8029297, -26.840918 ], [ -70.8127441, -26.9505859 ], [ -70.8979004, -27.1875 ], [ -70.9142578, -27.3079102 ], [ -70.9092773, -27.5051758 ], [ -70.9257812, -27.5886719 ], [ -70.9458008, -27.6178711 ], [ -71.0526367, -27.7273438 ], [ -71.0865234, -27.8144531 ], [ -71.1544922, -28.0640625 ], [ -71.1864258, -28.377832 ], [ -71.2668457, -28.5075195 ], [ -71.3067383, -28.6724609 ], [ -71.384082, -28.7787109 ], [ -71.4936035, -28.8552734 ], [ -71.5192383, -28.9264648 ], [ -71.4858398, -29.1982422 ], [ -71.3532715, -29.3503906 ], [ -71.326709, -29.4431641 ], [ -71.3157227, -29.649707 ], [ -71.3480469, -29.9332031 ], [ -71.4003906, -30.1429688 ], [ -71.6694824, -30.3303711 ], [ -71.7089355, -30.6280273 ], [ -71.7056641, -30.7592773 ], [ -71.6539062, -30.9866211 ], [ -71.6619629, -31.1695312 ], [ -71.5772949, -31.4963867 ], [ -71.5258789, -31.8058594 ], [ -71.5130371, -32.2079102 ], [ -71.4212891, -32.3868164 ], [ -71.4614258, -32.5378906 ], [ -71.4522461, -32.6595703 ], [ -71.592041, -32.9695312 ], [ -71.6355469, -33.0225586 ], [ -71.7429687, -33.0951172 ], [ -71.696582, -33.2890625 ], [ -71.695507800000016, -33.4290039 ], [ -71.6362793, -33.5192383 ], [ -71.6643555, -33.6526367 ], [ -71.830957, -33.8195313 ], [ -71.8539551, -33.889550799999988 ], [ -71.9268555, -34.015625 ], [ -72.002832, -34.165332 ], [ -71.9915039, -34.2884766 ], [ -72.0307617, -34.4205078 ], [ -72.055957, -34.6158203 ], [ -72.1824219, -34.9202148 ], [ -72.2237793, -35.0961914 ], [ -72.3867188, -35.2404297 ], [ -72.4549805, -35.3408203 ], [ -72.5051758, -35.4469727 ], [ -72.5620605, -35.5053711 ], [ -72.6239258, -35.5857422 ], [ -72.5873535, -35.759668 ], [ -72.6833984, -35.8769531 ], [ -72.778418, -35.9785156 ], [ -72.8745605, -36.3904297 ], [ -72.9678223, -36.537793 ], [ -73.0065918, -36.643457 ], [ -73.1180664, -36.6883789 ], [ -73.137793, -36.7999023 ], [ -73.1512695, -36.8761719 ], [ -73.1728516, -37.0535156 ], [ -73.2159668, -37.1668945 ], [ -73.2710937, -37.2074219 ], [ -73.374560500000015, -37.2243164 ], [ -73.6016602, -37.1884766 ], [ -73.6336426, -37.2554688 ], [ -73.6624023, -37.3410156 ], [ -73.603418, -37.4791016 ], [ -73.6645996, -37.5904297 ], [ -73.6618164, -37.6985352 ], [ -73.516748, -37.9105469 ], [ -73.4647949, -38.040332 ], [ -73.471875, -38.1300781 ], [ -73.5325684, -38.3667969 ], [ -73.5202148, -38.509375 ], [ -73.4807617, -38.6240234 ], [ -73.2264648, -39.2244141 ], [ -73.2499023, -39.4223633 ], [ -73.4104004, -39.7891602 ], [ -73.4822266, -39.8542969 ], [ -73.6709961, -39.9631836 ], [ -73.6694336, -40.082324199999988 ], [ -73.7424805, -40.2629883 ], [ -73.7840332, -40.468457 ], [ -73.9203125, -40.871582 ], [ -73.9835938, -40.9743164 ], [ -73.9658691, -41.1182617 ], [ -73.8761719, -41.3193359 ], [ -73.8550293, -41.4463867 ], [ -73.8107422, -41.5174805 ], [ -73.7106445, -41.5736328 ], [ -73.6239258, -41.5813477 ], [ -73.6250488, -41.6119141 ], [ -73.6880859, -41.6392578 ], [ -73.721875, -41.692480499999988 ], [ -73.7351562, -41.7424805 ], [ -73.6240234, -41.7736328 ], [ -73.5212891, -41.7970703 ], [ -73.2417969, -41.7808594 ], [ -73.1740723, -41.746582 ], [ -73.014990200000014, -41.5438477 ], [ -72.952832, -41.5147461 ], [ -72.8799805, -41.5175781 ], [ -72.805127, -41.5443359 ], [ -72.6697754, -41.659375 ], [ -72.6008301, -41.684082 ], [ -72.5423828, -41.690625 ], [ -72.4277344, -41.6458984 ], [ -72.3594727, -41.5138672 ], [ -72.3182617, -41.4990234 ], [ -72.3604004, -41.6491211 ], [ -72.4860352, -41.7220703 ], [ -72.6598633, -41.7424805 ], [ -72.7437012, -41.8005859 ], [ -72.7838379, -41.8467773 ], [ -72.8240723, -41.9087891 ], [ -72.7812012, -41.9595703 ], [ -72.7381836, -41.994628899999988 ], [ -72.6239746, -42.0105469 ], [ -72.49941410000001, -41.9808594 ], [ -72.4601074, -42.2066406 ], [ -72.4123535, -42.3881836 ], [ -72.4302734, -42.4338867 ], [ -72.5484375, -42.2557617 ], [ -72.6310547, -42.1998047 ], [ -72.707373, -42.2205078 ], [ -72.773242200000013, -42.2577148 ], [ -72.7851562, -42.3012695 ], [ -72.7163086, -42.4104492 ], [ -72.6318359, -42.509668 ], [ -72.654834, -42.5166016 ], [ -72.7739258, -42.5051758 ], [ -72.8480469, -42.6691406 ], [ -72.8449707, -42.8080078 ], [ -72.7660156, -42.9082031 ], [ -72.7553711, -42.9929688 ], [ -72.7580078, -43.0394531 ], [ -72.8780273, -43.0481445 ], [ -72.9154785, -43.1335938 ], [ -72.9399902, -43.2113281 ], [ -73.0759766, -43.3236328 ], [ -73.1009766, -43.4551758 ], [ -72.996582, -43.631543 ], [ -73.0687988, -43.8620117 ], [ -73.2244629, -43.8979492 ], [ -73.2407227, -44.0657227 ], [ -73.2650879, -44.1686523 ], [ -73.1409668, -44.2375 ], [ -73.0010254, -44.2923828 ], [ -72.8275391, -44.3954102 ], [ -72.6638672, -44.4364258 ], [ -72.6800781, -44.5939453 ], [ -72.7389648, -44.7341797 ], [ -73.078418, -44.9202148 ], [ -73.2564453, -44.9610352 ], [ -73.3624512, -44.9782227 ], [ -73.4048828, -45.1023438 ], [ -73.4449707, -45.2381836 ], [ -73.2263672, -45.255175799999989 ], [ -73.0638672, -45.3597656 ], [ -72.9755371, -45.3925781 ], [ -72.9408203, -45.4172852 ], [ -72.9338379, -45.4523438 ], [ -72.9781738, -45.4511719 ], [ -73.2023438, -45.3538086 ], [ -73.2662109, -45.3461914 ], [ -73.3785645, -45.3828125 ], [ -73.5499023, -45.4837891 ], [ -73.7307617, -45.4799805 ], [ -73.7803711, -45.627929699999989 ], [ -73.7565918, -45.702832 ], [ -73.6619629, -45.7307617 ], [ -73.5943359, -45.7768555 ], [ -73.5918457, -45.8991211 ], [ -73.6294434, -45.9865234 ], [ -73.6516602, -46.1592773 ], [ -73.668212900000015, -46.2121094 ], [ -73.6620605, -46.2974609 ], [ -73.7162109, -46.4152344 ], [ -73.7702637, -46.4998047 ], [ -73.8453613, -46.5660156 ], [ -73.94375, -46.571582 ], [ -73.9486328, -46.5331055 ], [ -73.9348145, -46.5006836 ], [ -73.8106445, -46.3773437 ], [ -73.7081543, -46.0703125 ], [ -73.7079102, -45.9666992 ], [ -73.694873, -45.8595703 ], [ -73.7352539, -45.8117188 ], [ -73.8125488, -45.8181641 ], [ -73.8787109, -45.846875 ], [ -73.9291992, -46.0499023 ], [ -73.9675781, -46.1541016 ], [ -74.0897461, -46.2223633 ], [ -74.2131348, -46.2394531 ], [ -74.3724609, -46.2462891 ], [ -74.3929688, -46.2173828 ], [ -74.3567871, -46.2126953 ], [ -74.081543, -46.1318359 ], [ -74.0199219, -46.0558594 ], [ -74.0610352, -45.9473633 ], [ -73.9995117, -45.8953125 ], [ -73.9602539, -45.8352539 ], [ -73.8823242, -45.5693359 ], [ -73.8441406, -45.5024414 ], [ -73.825, -45.446875 ], [ -73.9203125, -45.4077148 ], [ -73.9571777, -45.404394499999988 ], [ -74.0375488, -45.4176758 ], [ -74.0989258, -45.4603516 ], [ -74.1227051, -45.4961914 ], [ -74.0992676, -45.603418 ], [ -74.082519500000018, -45.6447266 ], [ -74.0818359, -45.6783203 ], [ -74.0961914, -45.7167969 ], [ -74.1578613, -45.7671875 ], [ -74.3011719, -45.8030273 ], [ -74.3691406, -45.809668 ], [ -74.462793, -45.8407227 ], [ -74.6306641, -45.8447266 ], [ -74.7631348, -45.8236328 ], [ -75.0666992, -45.8749023 ], [ -75.0745117, -46.0044922 ], [ -74.9976562, -46.0976562 ], [ -74.9244629, -46.159668 ], [ -75.0748535, -46.2345703 ], [ -75.2470215, -46.3693359 ], [ -75.3760254, -46.4291016 ], [ -75.4369141, -46.4830078 ], [ -75.6567871, -46.6103516 ], [ -75.7063965, -46.7052734 ], [ -75.7081055, -46.775 ], [ -75.6352539, -46.862793 ], [ -75.4966309, -46.9401367 ], [ -75.4303711, -46.9345703 ], [ -75.4012207, -46.905664099999989 ], [ -75.3864258, -46.8626953 ], [ -75.4459961, -46.7507813 ], [ -75.5275879, -46.746386699999988 ], [ -75.5650879, -46.7287109 ], [ -75.540332, -46.6987305 ], [ -75.478418, -46.6624023 ], [ -75.3374023, -46.6470703 ], [ -75.145752, -46.6000977 ], [ -75.01875, -46.5105469 ], [ -74.9841797, -46.5121094 ], [ -75.0525391, -46.6280273 ], [ -75.0314453, -46.6953125 ], [ -75.005957, -46.7411133 ], [ -74.8106445, -46.799707 ], [ -74.6908203, -46.8639648 ], [ -74.5122559, -46.8851562 ], [ -74.4801758, -46.8858398 ], [ -74.4669922, -46.8643555 ], [ -74.4893555, -46.834570299999989 ], [ -74.4844238, -46.795019499999988 ], [ -74.4541992, -46.7667969 ], [ -74.3135742, -46.7881836 ], [ -74.2094727, -46.8847656 ], [ -74.1519043, -46.9744141 ], [ -74.2080566, -47.0831055 ], [ -74.1583984, -47.1825195 ], [ -74.2156738, -47.2095703 ], [ -74.4032715, -47.3275391 ], [ -74.482666, -47.4304688 ], [ -74.3236816, -47.5314453 ], [ -74.2429199, -47.559668 ], [ -74.1910156, -47.5683594 ], [ -74.134082, -47.5908203 ], [ -74.1519531, -47.6266602 ], [ -74.2429687, -47.6792969 ], [ -74.3225586, -47.6666992 ], [ -74.4035645, -47.6003906 ], [ -74.4668945, -47.5776367 ], [ -74.5337891, -47.5676758 ], [ -74.5884277, -47.6179688 ], [ -74.6549316, -47.7022461 ], [ -74.6088867, -47.7580078 ], [ -74.5692383, -47.7729492 ], [ -74.4296875, -47.7996094 ], [ -74.3762207, -47.8296875 ], [ -74.3793457, -47.8912109 ], [ -74.3505859, -47.9443359 ], [ -74.2270508, -47.9689453 ], [ -74.0847656, -47.9546875 ], [ -73.9408691, -47.9293945 ], [ -73.8466797, -47.8669922 ], [ -73.779248, -47.7384766 ], [ -73.7482422, -47.6613281 ], [ -73.7158691, -47.6554688 ], [ -73.6351074, -47.8803711 ], [ -73.6289063, -47.9415039 ], [ -73.6099121, -47.9939453 ], [ -73.5695801, -48.0193359 ], [ -73.5009766, -48.1066406 ], [ -73.3910645, -48.1458984 ], [ -73.3844727, -48.1773438 ], [ -73.5281738, -48.1982422 ], [ -73.8538086, -48.0421875 ], [ -74.2504395, -48.0449219 ], [ -74.4004883, -48.0130859 ], [ -74.584668, -47.9990234 ], [ -74.5907227, -48.1619141 ], [ -74.5771973, -48.2744141 ], [ -74.4994141, -48.3623047 ], [ -74.4744141, -48.4639648 ], [ -74.3429688, -48.4925781 ], [ -74.2700684, -48.4545898 ], [ -74.171533200000013, -48.4274414 ], [ -74.009082, -48.475 ], [ -74.0569336, -48.5036133 ], [ -74.1292969, -48.5041992 ], [ -74.1762207, -48.4941406 ], [ -74.2276855, -48.5169922 ], [ -74.3410156, -48.5957031 ], [ -74.3821289, -48.7936523 ], [ -74.3799805, -49.0478516 ], [ -74.35815430000001, -49.3513672 ], [ -74.3665527, -49.4004883 ], [ -74.3485352, -49.4262695 ], [ -74.3015137, -49.4639648 ], [ -74.2212891, -49.5005859 ], [ -74.1845703, -49.4043945 ], [ -74.167871100000013, -49.320507799999987 ], [ -74.1397949, -49.2504883 ], [ -74.073877, -49.188378899999989 ], [ -74.0613281, -49.111035199999989 ], [ -74.0277344, -49.026171899999987 ], [ -73.9349609, -49.0208984 ], [ -73.9378906, -49.0460938 ], [ -73.9847656, -49.0599609 ], [ -74.0153809, -49.090918 ], [ -74.0056152, -49.1580078 ], [ -74.0234375, -49.2441406 ], [ -74.0492188, -49.3056641 ], [ -74.0834961, -49.3618164 ], [ -74.0944336, -49.4296875 ], [ -73.9880371, -49.490918 ], [ -73.8924805, -49.5234375 ], [ -73.836377, -49.609375 ], [ -73.8915527, -49.6237305 ], [ -73.9555176, -49.5930664 ], [ -74.102002, -49.5553711 ], [ -74.2303711, -49.579296899999989 ], [ -74.2908203, -49.6041016 ], [ -74.31875, -49.7201172 ], [ -74.3239258, -49.7833984 ], [ -74.171337900000012, -49.9073242 ], [ -74.073291, -49.9485352 ], [ -74.0112305, -49.9285156 ], [ -73.9585937, -49.9947266 ], [ -74.0194336, -50.0227539 ], [ -74.3337402, -49.9746094 ], [ -74.4343262, -50.0652344 ], [ -74.6295898, -50.194043 ], [ -74.5164062, -50.265625 ], [ -74.4250977, -50.3501953 ], [ -74.3741211, -50.3629883 ], [ -74.3055664, -50.3980469 ], [ -74.031054700000013, -50.4698242 ], [ -73.9503418, -50.5105469 ], [ -74.1855957, -50.4853516 ], [ -74.1972168, -50.6097656 ], [ -74.1641113, -50.6378906 ], [ -74.0967285, -50.717089799999989 ], [ -73.9780273, -50.827050799999988 ], [ -73.8915039, -50.7827148 ], [ -73.7501953, -50.5398438 ], [ -73.6799316, -50.4902344 ], [ -73.6544434, -50.4926758 ], [ -73.6932617, -50.5700195 ], [ -73.6139648, -50.6279297 ], [ -73.6181641, -50.6511719 ], [ -73.6590332, -50.6506836 ], [ -73.7405762, -50.6966797 ], [ -73.8246094, -50.8358398 ], [ -73.806543, -50.9383789 ], [ -73.8474609, -50.9400391 ], [ -74.1394043, -50.8177734 ], [ -74.1561035, -50.7974609 ], [ -74.1901855, -50.7780273 ], [ -74.3314453, -50.5595703 ], [ -74.3655762, -50.4878906 ], [ -74.5641113, -50.3820313 ], [ -74.6444824, -50.3609375 ], [ -74.7216797, -50.4084961 ], [ -74.7758789, -50.4699219 ], [ -74.7020508, -50.5353516 ], [ -74.6489258, -50.618457 ], [ -74.6857422, -50.6620117 ], [ -74.836621100000016, -50.6789063 ], [ -75.0946777, -50.68125 ], [ -75.055322300000014, -50.7855469 ], [ -74.9831055, -50.8810547 ], [ -74.8147461, -51.0628906 ], [ -74.6900879, -51.0865234 ], [ -74.5868652, -51.1306641 ], [ -74.5078613, -51.1496094 ], [ -74.4143555, -51.1625 ], [ -74.3323242, -51.1950195 ], [ -74.210498, -51.2045898 ], [ -74.1212402, -51.1954102 ], [ -73.939502, -51.2663086 ], [ -73.8958984, -51.3314453 ], [ -73.9297852, -51.617871099999988 ], [ -74.0695801, -51.5787109 ], [ -74.1966797, -51.6805664 ], [ -74.1464355, -51.7121094 ], [ -73.9732422, -51.7844727 ], [ -73.8944336, -51.7578125 ], [ -73.8575684, -51.789941399999989 ], [ -73.8106445, -51.8011719 ], [ -73.7526367, -51.7955078 ], [ -73.650293, -51.85625 ], [ -73.5823242, -51.9603516 ], [ -73.5181641, -52.0410156 ], [ -73.383252, -52.0700195 ], [ -73.1886719, -51.990625 ], [ -72.9283691, -51.8598633 ], [ -72.6000488, -51.7991211 ], [ -72.5833008, -51.7373047 ], [ -72.6490723, -51.6950195 ], [ -72.7045898, -51.6779297 ], [ -72.7893555, -51.6142578 ], [ -73.1149902, -51.5044922 ], [ -73.1633789, -51.495605499999989 ], [ -73.1970215, -51.4780273 ], [ -73.16875, -51.4539063 ], [ -73.1267578, -51.4399414 ], [ -72.7612305, -51.5732422 ], [ -72.5425293, -51.7061523 ], [ -72.4896484, -51.7636719 ], [ -72.4941406, -51.8475586 ], [ -72.5228516, -51.890918 ], [ -72.6246094, -51.9464844 ], [ -72.6247559, -52.0069336 ], [ -72.6135742, -52.0370117 ], [ -72.5241211, -52.1703125 ], [ -72.5193359, -52.2170898 ], [ -72.5233398, -52.2554688 ], [ -72.5329102, -52.2823242 ], [ -72.5687012, -52.3339844 ], [ -72.6314941, -52.371582 ], [ -72.6770508, -52.384668 ], [ -72.7140137, -52.3567383 ], [ -72.6936035, -52.330273399999989 ], [ -72.5834473, -52.2541992 ], [ -72.5708496, -52.2000977 ], [ -72.5879883, -52.1451172 ], [ -72.6495605, -52.0999023 ], [ -72.694824200000014, -52.0447266 ], [ -72.695459, -51.9851563 ], [ -72.7354004, -51.9605469 ], [ -72.7950195, -51.9495117 ], [ -72.8432129, -51.9611328 ], [ -72.9437012, -52.046875 ], [ -73.1373535, -52.1296875 ], [ -73.2604492, -52.1578125 ], [ -73.3267578, -52.165918 ], [ -73.457959, -52.1459961 ], [ -73.5322266, -52.153125 ], [ -73.6490234, -52.0777344 ], [ -73.6843262, -52.0777344 ], [ -73.6854004, -52.1367188 ], [ -73.7027832, -52.1988281 ], [ -73.7491211, -52.2160156 ], [ -73.8344727, -52.2339844 ], [ -74.0402344, -52.1591797 ], [ -74.1335449, -52.1547852 ], [ -74.1949219, -52.1202148 ], [ -74.2649414, -52.1048828 ], [ -74.2956543, -52.1178711 ], [ -74.2659668, -52.1712891 ], [ -74.2384766, -52.2023438 ], [ -74.1765625, -52.3171875 ], [ -74.1508301, -52.3825195 ], [ -74.0935059, -52.3762695 ], [ -74.0373535, -52.4029297 ], [ -73.9999023, -52.5125977 ], [ -74.0358398, -52.5772461 ], [ -74.0144531, -52.6393555 ], [ -73.9146973, -52.6881836 ], [ -73.7108398, -52.6615234 ], [ -73.5856934, -52.6857422 ], [ -73.3821289, -52.5951172 ], [ -73.2441406, -52.6240234 ], [ -73.1781738, -52.5626953 ], [ -73.1837891, -52.4878906 ], [ -73.1239258, -52.4879883 ], [ -73.0731934, -52.5350586 ], [ -73.1448242, -52.601953099999989 ], [ -73.24082030000001, -52.7071289 ], [ -73.3459473, -52.7542969 ], [ -73.6452148, -52.8370117 ], [ -73.5075195, -52.9035156 ], [ -73.4598633, -52.9648438 ], [ -73.3381836, -53.0546875 ], [ -73.1224609, -53.0739258 ], [ -73.0554687, -53.0456055 ], [ -73.022998, -53.0220703 ], [ -73.0161133, -52.9774414 ], [ -73.0202637, -52.8917969 ], [ -72.9318848, -52.7816406 ], [ -72.8019043, -52.7124023 ], [ -72.7660156, -52.6425781 ], [ -72.7765625, -52.5774414 ], [ -72.7121094, -52.5355469 ], [ -72.6448242, -52.5291016 ], [ -72.5043945, -52.5600586 ], [ -72.4782715, -52.6040039 ], [ -72.4376953, -52.6257813 ], [ -72.3153809, -52.5385742 ], [ -72.2256836, -52.5209961 ], [ -71.8119141, -52.5370117 ], [ -71.6647461, -52.5600586 ], [ -71.5112793, -52.6053711 ], [ -71.5541504, -52.6439453 ], [ -71.5912109, -52.6607422 ], [ -71.7970703, -52.6828125 ], [ -71.9792969, -52.6460938 ], [ -72.1175781, -52.65 ], [ -72.4534668, -52.8144531 ], [ -72.6266113, -52.8175781 ], [ -72.6320801, -52.7738281 ], [ -72.6759766, -52.7490234 ], [ -72.7276855, -52.7623047 ], [ -72.8318848, -52.8195313 ], [ -72.8891602, -52.871582 ], [ -72.9099121, -52.9365234 ], [ -72.9155273, -53.1219727 ], [ -72.9982422, -53.1772461 ], [ -73.0527344, -53.243457 ], [ -72.9983887, -53.2907227 ], [ -72.7268066, -53.4200195 ], [ -72.5489258, -53.4607422 ], [ -72.5308105, -53.3716797 ], [ -72.4925781, -53.290625 ], [ -72.4583008, -53.2544922 ], [ -72.2780273, -53.1323242 ], [ -72.1291016, -53.0643555 ], [ -71.897998, -53.0017578 ], [ -71.3877441, -52.7642578 ], [ -71.2271484, -52.8106445 ], [ -71.1550781, -52.8456055 ], [ -71.1632812, -52.8880859 ], [ -71.1802246, -52.9205078 ], [ -71.2889648, -53.0336914 ], [ -71.4003418, -53.1070312 ], [ -71.7405273, -53.2326172 ], [ -71.7914551, -53.4845703 ], [ -71.8916992, -53.5235352 ], [ -71.9027832, -53.4955078 ], [ -71.867334, -53.4583984 ], [ -71.8282227, -53.3983398 ], [ -71.8527344, -53.2857422 ], [ -71.9416992, -53.234082 ], [ -72.0811523, -53.2496094 ], [ -72.24863280000001, -53.2466797 ], [ -72.3060547, -53.2537109 ], [ -72.4128906, -53.3501953 ], [ -72.3982422, -53.4177734 ], [ -72.3768066, -53.471191399999988 ], [ -72.1744141, -53.6323242 ], [ -72.1009277, -53.6658203 ], [ -71.871875, -53.7226562 ], [ -71.6937988, -53.803125 ], [ -71.4438965, -53.840918 ], [ -71.2977539, -53.8833984 ], [ -71.0828125, -53.825 ], [ -70.9958496, -53.7792969 ], [ -70.9478027, -53.5704102 ], [ -70.9851074, -53.4483398 ], [ -70.9843262, -53.3736328 ], [ -70.9520508, -53.2269531 ], [ -70.8211914, -52.9630859 ], [ -70.8390625, -52.8895508 ], [ -70.7951172, -52.76875 ], [ -70.6803223, -52.7125 ], [ -70.5629395, -52.6734375 ], [ -70.3909668, -52.6608398 ], [ -69.9072266, -52.5135742 ], [ -69.7633301, -52.5055664 ], [ -69.6203125, -52.4647461 ], [ -69.5605957, -52.421582 ], [ -69.446875, -52.2694336 ], [ -69.2410156, -52.2054687 ], [ -69.1337891, -52.2114258 ], [ -69.0072266, -52.2626953 ], [ -68.4433594, -52.3566406 ], [ -68.4609863, -52.2904297 ], [ -68.5897949, -52.273339799999988 ], [ -68.7151855, -52.2554688 ], [ -68.9245605, -52.2081055 ], [ -69.2062012, -52.1361328 ], [ -69.4884277, -52.1361328 ], [ -69.7125977, -52.0753906 ], [ -69.9602539, -52.0082031 ], [ -70.4828613, -52.0022461 ], [ -70.9431641, -51.9981445 ], [ -71.414746100000016, -51.9939453 ], [ -71.7166016, -51.9913086 ], [ -71.9186523, -51.9895508 ], [ -71.9710938, -51.9641602 ], [ -71.9534668, -51.8803711 ], [ -72.028418, -51.8186523 ], [ -72.1369629, -51.744043 ], [ -72.2689941, -51.6911133 ], [ -72.3345215, -51.6203125 ], [ -72.407666, -51.5408203 ], [ -72.3664062, -51.4703125 ], [ -72.3032227, -51.2989258 ], [ -72.3018555, -51.2233398 ], [ -72.3591797, -51.1704102 ], [ -72.3768066, -51.0954102 ], [ -72.3591797, -51.0601563 ], [ -72.307373, -51.0333984 ], [ -72.2763184, -50.9102539 ], [ -72.3006348, -50.7895508 ], [ -72.3402344, -50.6818359 ], [ -72.3925781, -50.6342773 ], [ -72.4601562, -50.6117187 ], [ -72.5098145, -50.6075195 ], [ -72.6204102, -50.6476563 ], [ -72.8036133, -50.6376953 ], [ -72.865918, -50.653125 ], [ -72.9555664, -50.6964844 ], [ -73.082373, -50.7603516 ], [ -73.1529297, -50.738281199999989 ], [ -73.1745117, -50.6700195 ], [ -73.2216309, -50.6107422 ], [ -73.2516113, -50.5584961 ], [ -73.2741699, -50.4725586 ], [ -73.3117188, -50.3619141 ], [ -73.3866211, -50.2311523 ], [ -73.5012695, -50.125293 ], [ -73.507714800000016, -50.0302734 ], [ -73.5289062, -49.9109375 ], [ -73.4704102, -49.7945313 ], [ -73.504541, -49.6980469 ], [ -73.5762695, -49.5829102 ], [ -73.5541992, -49.4638672 ], [ -73.4836426, -49.3976563 ], [ -73.4615723, -49.3138672 ], [ -73.1352539, -49.3006836 ], [ -73.148877, -49.1879883 ], [ -73.0945801, -49.096875 ], [ -73.0336426, -49.0143555 ], [ -72.981738300000018, -48.9767578 ], [ -72.8654297, -48.9439453 ], [ -72.7284668, -48.8962891 ], [ -72.6512695, -48.8416016 ], [ -72.6144043, -48.7928711 ], [ -72.591748, -48.7296875 ], [ -72.5859375, -48.6625 ], [ -72.6083984, -48.5193359 ], [ -72.5828613, -48.4753906 ], [ -72.4981445, -48.4173828 ], [ -72.3547363, -48.3658203 ], [ -72.2930176, -48.2291016 ], [ -72.3283203, -48.1100586 ], [ -72.4079102, -48.015918 ], [ -72.509082, -47.9733398 ], [ -72.5179199, -47.8763672 ], [ -72.4722168, -47.7841797 ], [ -72.4125977, -47.6855469 ], [ -72.3415039, -47.5720703 ], [ -72.3459473, -47.4926758 ], [ -72.2829102, -47.4462891 ], [ -72.103418, -47.3427734 ], [ -72.0416992, -47.2414063 ], [ -71.9785156, -47.2138672 ], [ -71.9049805, -47.2016602 ], [ -71.9005371, -47.1443359 ], [ -71.954248, -47.0875 ], [ -71.9629883, -47.0160156 ], [ -71.9566406, -46.9368164 ], [ -71.9402344, -46.83125 ], [ -71.8564453, -46.7916016 ], [ -71.7327148, -46.7058594 ], [ -71.6996582, -46.6513672 ], [ -71.6952148, -46.578418 ], [ -71.7312988, -46.427832 ], [ -71.7621094, -46.3198242 ], [ -71.7776367, -46.2799805 ], [ -71.8341309, -46.2067383 ], [ -71.8756836, -46.1605469 ], [ -71.8092773, -46.1027344 ], [ -71.6844727, -46.0418945 ], [ -71.631543, -45.9537109 ], [ -71.6800781, -45.8787109 ], [ -71.7506348, -45.8390625 ], [ -71.7726562, -45.7244141 ], [ -71.7461914, -45.5789063 ], [ -71.6933105, -45.5347656 ], [ -71.5081055, -45.5126953 ], [ -71.4904297, -45.4376953 ], [ -71.3493164, -45.3319336 ], [ -71.3537598, -45.2304688 ], [ -71.443457, -45.1682617 ], [ -71.5312988, -45.0678711 ], [ -71.5962891, -44.9791992 ], [ -71.8123535, -44.9306641 ], [ -72.0416992, -44.9041992 ], [ -72.0725098, -44.8204102 ], [ -72.0637207, -44.771875 ], [ -71.9570312, -44.7915039 ], [ -71.7828125, -44.7744141 ], [ -71.6516602, -44.7704102 ], [ -71.5604004, -44.7620117 ], [ -71.4551758, -44.7498047 ], [ -71.3581543, -44.7851562 ], [ -71.2611328, -44.7630859 ], [ -71.2214844, -44.6307617 ], [ -71.1597168, -44.5602539 ], [ -71.1508789, -44.494043 ], [ -71.2125977, -44.4412109 ], [ -71.3257324, -44.4249023 ], [ -71.8200195, -44.3831055 ], [ -71.8350586, -44.3301758 ], [ -71.8307617, -44.2414063 ], [ -71.8121094, -44.1507812 ], [ -71.8123535, -44.1060547 ], [ -71.7671875, -44.0666992 ], [ -71.7161621, -43.9844727 ], [ -71.6800781, -43.9295898 ], [ -71.7159668, -43.8583984 ], [ -71.7947266, -43.753222699999988 ], [ -71.7374023, -43.7046875 ], [ -71.7327637, -43.6467773 ], [ -71.7506348, -43.590136699999988 ], [ -71.8324219, -43.5271484 ], [ -71.9049805, -43.4401367 ], [ -71.9049805, -43.3475586 ], [ -71.8202148, -43.3229492 ], [ -71.7638672, -43.2946289 ], [ -71.7506348, -43.2373047 ], [ -71.7814941, -43.1667969 ], [ -71.898584, -43.1453125 ], [ -72.054687500000014, -43.1019531 ], [ -72.1023926, -43.065625 ], [ -72.1464355, -42.9900391 ], [ -72.113623, -42.7767578 ], [ -72.1300293, -42.6482422 ], [ -72.14370120000001, -42.5771484 ], [ -72.1054199, -42.5224609 ], [ -72.0534668, -42.4732422 ], [ -72.078125, -42.3584961 ], [ -72.1246094, -42.2983398 ], [ -72.1082031, -42.2518555 ], [ -72.0644043, -42.2053711 ], [ -72.026123, -42.1479492 ], [ -71.9933105, -42.1342773 ], [ -71.9440918, -42.1670898 ], [ -71.860791, -42.1478516 ], [ -71.7609375, -42.1014648 ], [ -71.75, -42.0467773 ], [ -71.7700195, -41.9685547 ], [ -71.8444824, -41.7719727 ], [ -71.9112793, -41.6503906 ], [ -71.8976074, -41.6066406 ], [ -71.8711426, -41.5605469 ], [ -71.8921875, -41.3933594 ], [ -71.88559570000001, -41.2923828 ], [ -71.8807129, -40.9946289 ], [ -71.8730469, -40.8929687 ], [ -71.9413574, -40.7891602 ], [ -71.9321289, -40.6916992 ], [ -71.8837891, -40.6206055 ], [ -71.8385254, -40.5244141 ], [ -71.8046387, -40.4391602 ], [ -71.7691406, -40.4008789 ], [ -71.7089844, -40.3817383 ], [ -71.695312500000014, -40.3352539 ], [ -71.7226562, -40.299707 ], [ -71.8005859, -40.2443359 ], [ -71.8183105, -40.1766602 ], [ -71.8019531, -40.124707 ], [ -71.7636719, -40.0946289 ], [ -71.7043945, -40.0949219 ], [ -71.659765600000014, -40.0208008 ], [ -71.6471191, -39.9291992 ], [ -71.6378906, -39.8868164 ], [ -71.6720703, -39.833300799999989 ], [ -71.6968262, -39.7070312 ], [ -71.7199219, -39.6352539 ], [ -71.6925781, -39.6051758 ], [ -71.6542969, -39.5942383 ], [ -71.5870117, -39.6111328 ], [ -71.5394531, -39.6024414 ], [ -71.53125, -39.5641602 ], [ -71.5257812, -39.5231445 ], [ -71.5077637, -39.4952148 ], [ -71.4653809, -39.4023438 ], [ -71.4200195, -39.287207 ], [ -71.409375, -39.205957 ], [ -71.4255859, -38.9856445 ], [ -71.4015625, -38.9350586 ], [ -71.3531738, -38.8888672 ], [ -71.2857422, -38.8454102 ], [ -71.1972656, -38.809375 ], [ -71.0871094, -38.7575195 ], [ -70.95161130000001, -38.7384766 ], [ -70.8969238, -38.6810547 ], [ -70.8586426, -38.6044922 ], [ -70.8476562, -38.5416016 ], [ -70.8996582, -38.4978516 ], [ -70.9679688, -38.4458984 ], [ -71.0004883, -38.3148437 ], [ -71.0181641, -38.1939453 ], [ -71.0281738, -38.0412109 ], [ -71.0961914, -37.9099609 ], [ -71.1675781, -37.7623047 ], [ -71.1867188, -37.6310547 ], [ -71.1628418, -37.5591797 ], [ -71.1348145, -37.4451172 ], [ -71.1648926, -37.3932617 ], [ -71.2003906, -37.300293 ], [ -71.1634766, -37.2274414 ], [ -71.1184082, -37.1143555 ], [ -71.1238281, -37.0569336 ], [ -71.159375, -36.9202148 ], [ -71.192187500000017, -36.8436523 ], [ -71.159375, -36.7616211 ], [ -71.1074219, -36.6850586 ], [ -71.0664062, -36.644043 ], [ -71.0732422, -36.5780273 ], [ -71.0555176, -36.5237305 ], [ -70.9779297, -36.4873047 ], [ -70.905127, -36.4199219 ], [ -70.8531738, -36.4117188 ], [ -70.7902832, -36.4117188 ], [ -70.74926760000001, -36.3925781 ], [ -70.7328613, -36.340625 ], [ -70.7219238, -36.2832031 ], [ -70.621875, -36.2119141 ], [ -70.5633789, -36.1463867 ], [ -70.4567383, -36.1327148 ], [ -70.4047852, -36.0617188 ], [ -70.4036621, -35.9705078 ], [ -70.4157227, -35.8785156 ], [ -70.3801758, -35.771875 ], [ -70.4197266, -35.6091797 ], [ -70.4157227, -35.5230469 ], [ -70.4567383, -35.4519531 ], [ -70.4485352, -35.3753906 ], [ -70.4704102, -35.3261719 ], [ -70.5323242, -35.3079102 ], [ -70.5551758, -35.246875 ], [ -70.5250977, -35.2167969 ], [ -70.4666016, -35.1936523 ], [ -70.3931641, -35.146875 ], [ -70.3381348, -34.921777299999988 ], [ -70.3121094, -34.8549805 ], [ -70.2867676, -34.7745117 ], [ -70.2899414, -34.7328125 ], [ -70.2546875, -34.6726562 ], [ -70.2106934, -34.58125 ], [ -70.1412598, -34.4928711 ], [ -70.1014648, -34.4320313 ], [ -70.0629883, -34.35 ], [ -70.0520508, -34.3007812 ], [ -70.002832, -34.2762695 ], [ -69.9463379, -34.2699219 ], [ -69.8797852, -34.2543945 ], [ -69.8524414, -34.2243164 ], [ -69.857373, -34.1804688 ], [ -69.8615234, -34.0835938 ], [ -69.8814941, -33.9297852 ], [ -69.8943359, -33.7313477 ], [ -69.8825684, -33.6009766 ], [ -69.8387695, -33.4697266 ], [ -69.797753900000018, -33.3986328 ], [ -69.8086914, -33.3439453 ], [ -69.8196289, -33.2837891 ], [ -69.8961914, -33.2509766 ], [ -69.969043, -33.2793945 ], [ -70.0198242, -33.2714844 ], [ -70.0848633, -33.2017578 ], [ -70.1040039, -33.1279297 ], [ -70.0930664, -33.0267578 ], [ -70.0421387, -32.9636719 ], [ -70.0219727, -32.8845703 ], [ -70.0520508, -32.8599609 ], [ -70.1161621, -32.8074219 ], [ -70.1769531, -32.6260742 ], [ -70.1696289, -32.4716797 ], [ -70.2297852, -32.4306641 ], [ -70.2578125, -32.3099609 ], [ -70.3200195, -32.2666992 ], [ -70.3446289, -32.1764648 ], [ -70.3637695, -32.0834961 ], [ -70.3555664, -32.0423828 ], [ -70.290918, -32.0310547 ], [ -70.2543945, -31.9577148 ], [ -70.2817383, -31.9166016 ], [ -70.330957, -31.8810547 ], [ -70.3938477, -31.8837891 ], [ -70.4501465, -31.8418945 ], [ -70.5256348, -31.6664063 ], [ -70.5852051, -31.5694336 ], [ -70.5664062, -31.4279297 ], [ -70.5546875, -31.3173828 ], [ -70.5290527, -31.2228516 ], [ -70.519580100000013, -31.1484375 ], [ -70.4730957, -31.112793 ], [ -70.4293945, -31.1292969 ], [ -70.3883789, -31.1210938 ], [ -70.3505859, -31.0604492 ], [ -70.309082, -31.0226563 ], [ -70.3118164, -30.9925781 ], [ -70.336425800000015, -30.9597656 ], [ -70.3481445, -30.9023437 ], [ -70.3192383, -30.8339844 ], [ -70.2693848, -30.6772461 ], [ -70.1939453, -30.5046875 ], [ -70.1614258, -30.4402344 ], [ -70.1696289, -30.3855469 ], [ -70.1532227, -30.3609375 ], [ -70.102002, -30.3882813 ], [ -69.9563477, -30.3582031 ], [ -69.9071289, -30.2816406 ], [ -69.8880371, -30.2132813 ], [ -69.8442871, -30.175 ], [ -69.8633789, -30.1203125 ], [ -69.9235352, -30.1039063 ], [ -69.9599609, -30.0783203 ], [ -69.945459, -30.0164062 ], [ -69.9241211, -29.8740234 ], [ -69.9276367, -29.7691406 ], [ -69.9826172, -29.5454102 ], [ -70.0268066, -29.3240234 ], [ -69.9956055, -29.25 ], [ -69.9003418, -29.1488281 ], [ -69.8278809, -29.1032227 ], [ -69.8148438, -29.0455078 ], [ -69.7431641, -28.7838867 ], [ -69.7349121, -28.6411133 ], [ -69.6878906, -28.5620117 ], [ -69.6569336, -28.4135742 ], [ -69.5271484, -28.2856445 ], [ -69.4888672, -28.2008789 ], [ -69.4369141, -28.1926758 ], [ -69.4095703, -28.165332 ], [ -69.3407227, -28.0708008 ], [ -69.2512207, -27.9736328 ], [ -69.1744141, -27.924707 ], [ -69.1552734, -27.8481445 ], [ -69.1185059, -27.7435547 ], [ -69.0421875, -27.5700195 ], [ -68.9994141, -27.4490234 ], [ -68.941992200000016, -27.4051758 ], [ -68.8750977, -27.2466797 ], [ -68.8463379, -27.1537109 ], [ -68.7697754, -27.1154297 ], [ -68.7096191, -27.1044922 ], [ -68.6521973, -27.1483398 ], [ -68.5920898, -27.1400391 ], [ -68.5373535, -27.0853516 ], [ -68.4053711, -27.0481445 ], [ -68.3459961, -27.0279297 ], [ -68.3186523, -26.9732422 ], [ -68.3186523, -26.8775391 ], [ -68.3733398, -26.8064453 ], [ -68.4851074, -26.6703125 ], [ -68.5811523, -26.5183594 ], [ -68.5916016, -26.4704102 ], [ -68.5921875, -26.4180664 ], [ -68.5757812, -26.3519531 ], [ -68.529834, -26.2769531 ], [ -68.414502, -26.1537109 ], [ -68.4267578, -26.0654297 ], [ -68.5108398, -25.7410156 ], [ -68.5418945, -25.6515625 ], [ -68.600293, -25.4856445 ], [ -68.5920898, -25.4200195 ], [ -68.5408203, -25.2367188 ], [ -68.4963379, -25.1629883 ], [ -68.4307129, -25.1493164 ], [ -68.3952148, -25.124707 ], [ -68.3842285, -25.0918945 ], [ -68.4280273, -25.0509766 ], [ -68.4471191, -24.9989258 ], [ -68.4663086, -24.9251953 ], [ -68.5270508, -24.8992188 ], [ -68.5620117, -24.8376953 ], [ -68.5620117, -24.7473633 ], [ -68.5072754, -24.6297852 ], [ -68.4471191, -24.5969727 ], [ -68.4225586, -24.5451172 ], [ -68.3581055, -24.4972656 ], [ -68.2995117, -24.4603516 ], [ -68.250293, -24.3919922 ], [ -68.0473633, -24.3083008 ], [ -67.8862305, -24.2433594 ], [ -67.5717773, -24.1189453 ], [ -67.3562012, -24.0337891 ], [ -67.3355957, -23.9748047 ], [ -67.3191406, -23.934668 ], [ -67.2191406, -23.6339844 ], [ -67.0897461, -23.2451172 ], [ -67.0087891, -23.0013672 ], [ -67.194873, -22.8216797 ], [ -67.3622559, -22.8551758 ], [ -67.5799316, -22.8916992 ], [ -67.7073242, -22.8891602 ], [ -67.7944336, -22.8794922 ], [ -67.8205078, -22.8577148 ], [ -67.8794434, -22.8229492 ], [ -67.8891602, -22.7841797 ], [ -67.8899902, -22.7291992 ], [ -67.8737305, -22.6305664 ], [ -67.8817383, -22.4933594 ], [ -67.9503906, -22.3336914 ], [ -67.9449219, -22.2822266 ], [ -67.9539062, -22.2040039 ], [ -67.9883789, -22.0571289 ], [ -68.0767578, -21.9828125 ], [ -68.1018066, -21.8606445 ], [ -68.1121582, -21.7530273 ], [ -68.1864258, -21.6185547 ], [ -68.1985352, -21.4472656 ], [ -68.1970215, -21.300293 ], [ -68.3138672, -21.1296875 ], [ -68.435498, -20.9482422 ], [ -68.5338379, -20.9236328 ], [ -68.558252, -20.9019531 ], [ -68.5689453, -20.8498047 ], [ -68.5710449, -20.7691406 ], [ -68.5631836, -20.7201172 ], [ -68.4874023, -20.6407227 ], [ -68.4843262, -20.628418 ], [ -68.4998535, -20.6120117 ], [ -68.6958008, -20.4929688 ], [ -68.745166, -20.4585938 ], [ -68.7605469, -20.4162109 ], [ -68.7592285, -20.3780273 ], [ -68.7123047, -20.3389648 ], [ -68.6885742, -20.3100586 ], [ -68.7345703, -20.2251953 ], [ -68.7300293, -20.1484375 ], [ -68.7593262, -20.1155273 ], [ -68.7558105, -20.0908203 ], [ -68.7274902, -20.0696289 ], [ -68.6001953, -20.0449219 ], [ -68.5606934, -19.9670898 ], [ -68.559375, -19.9023438 ], [ -68.5782715, -19.856543 ], [ -68.6961914, -19.7407227 ], [ -68.698291, -19.7210938 ], [ -68.575293, -19.5601563 ], [ -68.4870117, -19.4543945 ], [ -68.4628906, -19.4328125 ], [ -68.470166, -19.4099609 ], [ -68.4919922, -19.3819336 ], [ -68.5478516, -19.3411133 ], [ -68.6205566, -19.2966797 ], [ -68.6806641, -19.2423828 ], [ -68.759082, -19.162207 ], [ -68.857959, -19.0933594 ], [ -68.9310059, -19.0251953 ], [ -68.9683105, -18.9679688 ], [ -68.9690918, -18.909668 ], [ -68.9788574, -18.8129883 ], [ -69.0268066, -18.65625 ], [ -69.0394043, -18.5500977 ], [ -69.0601562, -18.4330078 ], [ -69.080957, -18.3566406 ], [ -69.0922852, -18.2824219 ], [ -69.1263672, -18.2024414 ], [ -69.145459, -18.144043 ], [ -69.1180664, -18.1027344 ], [ -69.0904297, -18.0707031 ], [ -69.0939453, -18.0504883 ], [ -69.2823242, -17.9648438 ], [ -69.3133789, -17.9431641 ], [ -69.3580078, -17.7716797 ], [ -69.4950195, -17.6195313 ], [ -69.5109375, -17.5060547 ], [ -69.5864258, -17.5732422 ], [ -69.6847656, -17.6498047 ], [ -69.8061035, -17.6649414 ], [ -69.8520996, -17.7038086 ], [ -69.8415039, -17.7851562 ], [ -69.8024414, -17.9 ], [ -69.8025879, -17.9902344 ], [ -69.8396973, -18.093457 ], [ -69.9263672, -18.2060547 ], [ -70.059082, -18.2834961 ], [ -70.1837891, -18.3251953 ], [ -70.2822754, -18.3253906 ], [ -70.3774902, -18.3335938 ], [ -70.4182617, -18.3456055 ], [ -70.3616211, -18.3980469 ] ] ], [ [ [ -68.6592285, -52.631543 ], [ -68.7575195, -52.5820312 ], [ -68.7897949, -52.5767578 ], [ -69.0799316, -52.6743164 ], [ -69.167041, -52.6675781 ], [ -69.4140625, -52.4862305 ], [ -69.4983887, -52.4914063 ], [ -69.571875, -52.5493164 ], [ -69.6632812, -52.6462891 ], [ -69.7635742, -52.7313477 ], [ -69.8832031, -52.7990234 ], [ -69.9354492, -52.8210938 ], [ -69.9935547, -52.8212891 ], [ -70.0882324, -52.7685547 ], [ -70.1896484, -52.7236328 ], [ -70.3349121, -52.733789099999989 ], [ -70.380127, -52.7519531 ], [ -70.2973633, -52.8169922 ], [ -70.2591797, -52.8572266 ], [ -70.1627441, -52.8990234 ], [ -70.1395508, -52.9193359 ], [ -70.1306152, -52.9427734 ], [ -70.1608887, -52.9699219 ], [ -70.1964844, -52.9902344 ], [ -70.2563477, -53.0041016 ], [ -70.3200195, -53.0006836 ], [ -70.3906738, -53.0264648 ], [ -70.4433594, -53.0855469 ], [ -70.4599609, -53.1433594 ], [ -70.4602539, -53.20625 ], [ -70.4156738, -53.3047852 ], [ -70.3292969, -53.3776367 ], [ -70.2128418, -53.4139648 ], [ -70.0903809, -53.4181641 ], [ -69.8741211, -53.3504883 ], [ -69.7556152, -53.337207 ], [ -69.6370117, -53.334082 ], [ -69.5125488, -53.3419922 ], [ -69.3935547, -53.3734375 ], [ -69.355957, -53.4163086 ], [ -69.3524414, -53.4799805 ], [ -69.3899414, -53.4994141 ], [ -69.6897461, -53.6008789 ], [ -69.949707, -53.671582 ], [ -70.0911133, -53.7217773 ], [ -70.1488281, -53.7611328 ], [ -70.151123, -53.8880859 ], [ -70.0855957, -54.0111328 ], [ -69.9881348, -54.109082 ], [ -69.1956543, -54.3543945 ], [ -69.0443359, -54.4067383 ], [ -69.0452148, -54.428418 ], [ -69.0772461, -54.4450195 ], [ -69.1278809, -54.4576172 ], [ -69.1691895, -54.4833008 ], [ -69.2531738, -54.557421899999987 ], [ -69.3120605, -54.5714844 ], [ -69.3224609, -54.5426758 ], [ -69.3250977, -54.4881836 ], [ -69.3647949, -54.4375977 ], [ -69.4192871, -54.4071289 ], [ -69.6216797, -54.364062499999989 ], [ -69.7418457, -54.3058594 ], [ -69.809082, -54.3208008 ], [ -69.8669922, -54.3674805 ], [ -69.9901367, -54.3813477 ], [ -70.1689941, -54.3792969 ], [ -70.2433594, -54.3476562 ], [ -70.2460938, -54.2774414 ], [ -70.3799805, -54.1806641 ], [ -70.5353027, -54.1361328 ], [ -70.629834, -54.0055664 ], [ -70.4605469, -54.0056641 ], [ -70.3797363, -53.9867188 ], [ -70.4431641, -53.893457 ], [ -70.5312988, -53.6273437 ], [ -70.61875, -53.6550781 ], [ -70.6956055, -53.7274414 ], [ -70.6444824, -53.8228516 ], [ -70.8677246, -53.8841797 ], [ -70.8567383, -53.9958008 ], [ -70.8630859, -54.1104492 ], [ -70.7598633, -54.2413086 ], [ -70.6361328, -54.2623047 ], [ -70.5399902, -54.303418 ], [ -70.4683105, -54.3732422 ], [ -70.2976562, -54.4855469 ], [ -70.3109863, -54.5285156 ], [ -70.4179199, -54.5022461 ], [ -70.572998, -54.5043945 ], [ -70.701123, -54.4854492 ], [ -70.6875488, -54.4147461 ], [ -70.6988281, -54.3488281 ], [ -70.797265600000017, -54.3272461 ], [ -70.8982422, -54.3378906 ], [ -70.9281738, -54.3600586 ], [ -70.9461914, -54.3980469 ], [ -70.9664551, -54.4195313 ], [ -71.0799316, -54.4442383 ], [ -71.1588379, -54.4505859 ], [ -71.3552246, -54.3954102 ], [ -71.3934082, -54.4001953 ], [ -71.5003906, -54.4449219 ], [ -71.5727539, -54.4953125 ], [ -71.6062988, -54.497168 ], [ -71.7158203, -54.4436523 ], [ -71.8001465, -54.4339844 ], [ -71.8234375, -54.4744141 ], [ -71.9069824, -54.4948242 ], [ -71.9277344, -54.5287109 ], [ -71.9015625, -54.6015625 ], [ -71.831543, -54.6261719 ], [ -71.440918, -54.619628899999988 ], [ -71.229248, -54.6941406 ], [ -70.924707, -54.7143555 ], [ -70.7351562, -54.7505859 ], [ -70.497168, -54.8095703 ], [ -70.2817383, -54.7517578 ], [ -70.259082, -54.7563477 ], [ -70.237793, -54.7775391 ], [ -70.1380859, -54.8192383 ], [ -70.03051760000001, -54.8155273 ], [ -69.8994629, -54.7818359 ], [ -69.7718262, -54.7391602 ], [ -69.7234375, -54.7121094 ], [ -69.5875488, -54.812793 ], [ -69.4862793, -54.8588867 ], [ -69.0816406, -54.9098633 ], [ -68.8435547, -54.8767578 ], [ -68.8038574, -54.8536133 ], [ -68.6532227, -54.8536133 ], [ -68.6475098, -54.627832 ], [ -68.6397949, -54.3240234 ], [ -68.6382324, -54.0529297 ], [ -68.6366699, -53.7888672 ], [ -68.6350586, -53.5154297 ], [ -68.6334473, -53.2418945 ], [ -68.6316895, -52.9495117 ], [ -68.6299316, -52.6526367 ], [ -68.6592285, -52.631543 ] ] ], [ [ [ -67.085498, -55.1152344 ], [ -67.1073242, -55.0635742 ], [ -67.2452637, -54.9776367 ], [ -67.4245605, -54.9689453 ], [ -67.8741211, -54.9296875 ], [ -68.1069336, -54.9293945 ], [ -68.3013672, -54.9806641 ], [ -68.1743164, -55.0712891 ], [ -68.1351074, -55.1726563 ], [ -68.0995117, -55.2068359 ], [ -68.0700195, -55.2210938 ], [ -67.7677734, -55.2595703 ], [ -67.7369629, -55.2564453 ], [ -67.6914551, -55.2429688 ], [ -67.5852051, -55.1919922 ], [ -67.5352539, -55.1785156 ], [ -67.4947266, -55.1774414 ], [ -67.4634766, -55.1817383 ], [ -67.4432617, -55.2011719 ], [ -67.4293945, -55.2365234 ], [ -67.3992676, -55.2722656 ], [ -67.3396973, -55.2925781 ], [ -67.2574219, -55.2818359 ], [ -67.1725586, -55.2425781 ], [ -67.1094727, -55.1920898 ], [ -67.0799316, -55.1538086 ], [ -67.085498, -55.1152344 ] ] ], [ [ [ -73.7378906, -43.2914062 ], [ -73.7496582, -43.159082 ], [ -73.6496094, -43.1271484 ], [ -73.5408203, -43.0737305 ], [ -73.4726562, -42.9932617 ], [ -73.4363281, -42.9365234 ], [ -73.5107422, -42.847168 ], [ -73.5682617, -42.7616211 ], [ -73.6730469, -42.7043945 ], [ -73.7668457, -42.621875 ], [ -73.7892578, -42.5857422 ], [ -73.7147461, -42.5447266 ], [ -73.6534668, -42.5287109 ], [ -73.6338867, -42.5082031 ], [ -73.5492676, -42.4925781 ], [ -73.4708008, -42.4663086 ], [ -73.5245605, -42.3925781 ], [ -73.5328125, -42.3144531 ], [ -73.4392578, -42.277832 ], [ -73.4229004, -42.1928711 ], [ -73.4544922, -42.165918 ], [ -73.4777832, -42.047168 ], [ -73.516943400000017, -41.9808594 ], [ -73.527832, -41.8962891 ], [ -73.730957, -41.8772461 ], [ -74.0366699, -41.7955078 ], [ -74.0630371, -41.8227539 ], [ -74.0305176, -41.8540039 ], [ -74.0187988, -41.890918 ], [ -74.0568359, -42.0023438 ], [ -74.059375, -42.05625 ], [ -74.0723145, -42.1058594 ], [ -74.1602051, -42.2164063 ], [ -74.1703125, -42.2689453 ], [ -74.1643555, -42.3254883 ], [ -74.1740723, -42.381543 ], [ -74.1935547, -42.4360352 ], [ -74.1988281, -42.4813477 ], [ -74.1562988, -42.5905273 ], [ -74.2094727, -42.8787109 ], [ -74.2893555, -43.0794922 ], [ -74.3731445, -43.1857422 ], [ -74.3873535, -43.2316406 ], [ -74.3549316, -43.2635742 ], [ -74.2385742, -43.3188477 ], [ -74.1144043, -43.3579102 ], [ -73.9899414, -43.3566406 ], [ -73.9187012, -43.3719727 ], [ -73.848584, -43.3667969 ], [ -73.7733887, -43.3458984 ], [ -73.7378906, -43.2914062 ] ] ], [ [ [ -74.5306641, -48.8125977 ], [ -74.5460938, -48.7668945 ], [ -74.5666016, -48.7547852 ], [ -74.6515625, -48.749902299999988 ], [ -74.7466797, -48.7088867 ], [ -74.793457, -48.7050781 ], [ -74.8962402, -48.7332031 ], [ -74.9695312, -48.7913086 ], [ -74.980761700000016, -48.8188477 ], [ -74.945214800000016, -48.8894531 ], [ -74.9492188, -48.9601563 ], [ -75.0371094, -49.0220703 ], [ -75.1842285, -49.0835938 ], [ -75.2101563, -49.1480469 ], [ -75.0937012, -49.1853516 ], [ -75.0860352, -49.2702148 ], [ -75.2168457, -49.2927734 ], [ -75.2696289, -49.2628906 ], [ -75.3266602, -49.2686523 ], [ -75.4331543, -49.3220703 ], [ -75.4674805, -49.3588867 ], [ -75.4288574, -49.4083984 ], [ -75.364209, -49.4625 ], [ -75.3058594, -49.494043 ], [ -75.3370605, -49.6282227 ], [ -75.520752, -49.6216797 ], [ -75.5701172, -49.6970703 ], [ -75.5498047, -49.7913086 ], [ -75.4511719, -49.7699219 ], [ -75.3000977, -49.8474609 ], [ -75.1669434, -49.855957 ], [ -75.0660156, -49.8523438 ], [ -75.031543, -49.8362305 ], [ -74.9935059, -49.7517578 ], [ -74.9908203, -49.6056641 ], [ -74.9812988, -49.5641602 ], [ -74.9601074, -49.5330078 ], [ -74.7438477, -49.4224609 ], [ -74.7238281, -49.4238281 ], [ -74.7188477, -49.4370117 ], [ -74.7270508, -49.4523438 ], [ -74.7810059, -49.4892578 ], [ -74.804834, -49.5160156 ], [ -74.8120117, -49.6052734 ], [ -74.8593262, -49.6341797 ], [ -74.8822266, -49.6921875 ], [ -74.8804199, -49.7258789 ], [ -74.8219238, -49.8138672 ], [ -74.824707, -49.8794922 ], [ -74.8108398, -49.9296875 ], [ -74.7629883, -50.0114258 ], [ -74.7033691, -50.0192383 ], [ -74.5947266, -50.0066406 ], [ -74.5698242, -49.9907227 ], [ -74.5425781, -49.9191406 ], [ -74.4960938, -49.8594727 ], [ -74.4719727, -49.7862305 ], [ -74.4588379, -49.6911133 ], [ -74.4708496, -49.6685547 ], [ -74.5157715, -49.6595703 ], [ -74.5220703, -49.6229492 ], [ -74.4835938, -49.4418945 ], [ -74.4667969, -49.294531299999989 ], [ -74.4761719, -49.1478516 ], [ -74.5306641, -48.8125977 ] ] ], [ [ [ -75.4339844, -48.7211914 ], [ -75.2250977, -48.6713867 ], [ -75.1584961, -48.6226563 ], [ -75.1555176, -48.4251953 ], [ -75.2754883, -48.218457 ], [ -75.3383789, -48.0740234 ], [ -75.3914062, -48.0197266 ], [ -75.5606934, -48.0708984 ], [ -75.5714844, -48.0958984 ], [ -75.5535156, -48.1567383 ], [ -75.5090332, -48.2306641 ], [ -75.518457, -48.3288086 ], [ -75.6509277, -48.5863281 ], [ -75.6228516, -48.7646484 ], [ -75.5102539, -48.7634766 ], [ -75.4339844, -48.7211914 ] ] ], [ [ [ -74.4222656, -52.8600586 ], [ -74.4745605, -52.8356445 ], [ -74.5715332, -52.7712891 ], [ -74.6699707, -52.7338867 ], [ -74.7120117, -52.7487305 ], [ -74.7115234, -52.7681641 ], [ -74.6199219, -52.8347656 ], [ -74.5583008, -52.921875 ], [ -74.4144043, -52.9949219 ], [ -74.2702148, -53.081543 ], [ -74.236377, -53.0764648 ], [ -74.1385742, -53.0905273 ], [ -73.9939941, -53.0757813 ], [ -73.8669434, -53.096875 ], [ -73.7935059, -53.1207031 ], [ -73.6170898, -53.2296875 ], [ -73.5959473, -53.2529297 ], [ -73.5828125, -53.3001953 ], [ -73.5672852, -53.3068359 ], [ -73.5010254, -53.318457 ], [ -73.409375, -53.3205078 ], [ -73.2257324, -53.3583984 ], [ -73.1352051, -53.3539062 ], [ -73.1433594, -53.340918 ], [ -73.3024902, -53.259472699999989 ], [ -73.3103516, -53.2476563 ], [ -73.4505859, -53.1443359 ], [ -73.504541, -53.1400391 ], [ -73.5492676, -53.1256836 ], [ -73.6540039, -53.0698242 ], [ -73.7817871, -53.0560547 ], [ -73.8791992, -53.012207 ], [ -74.0659668, -52.965332 ], [ -74.2746094, -52.9455078 ], [ -74.3299805, -52.9292969 ], [ -74.3693359, -52.9314453 ], [ -74.3857422, -52.9223633 ], [ -74.4222656, -52.8600586 ] ] ], [ [ [ -74.6182129, -48.4251953 ], [ -74.6001465, -48.3930664 ], [ -74.6024414, -48.3703125 ], [ -74.6151367, -48.3430664 ], [ -74.6643555, -48.2993164 ], [ -74.7023926, -48.2058594 ], [ -74.7152344, -48.1455078 ], [ -74.7292969, -48.1258789 ], [ -74.8052246, -48.0782227 ], [ -74.8461914, -48.0208008 ], [ -74.8274414, -47.8503906 ], [ -74.8956543, -47.8393555 ], [ -74.9750977, -47.9228516 ], [ -75.198291, -47.9746094 ], [ -75.2472656, -48.0267578 ], [ -75.2338867, -48.053418 ], [ -75.2128906, -48.1416992 ], [ -75.1584961, -48.225293 ], [ -75.1319336, -48.2792969 ], [ -75.0789062, -48.3615234 ], [ -75.0521484, -48.3914063 ], [ -75.0128418, -48.5357422 ], [ -74.9230469, -48.6264648 ], [ -74.7095703, -48.6011719 ], [ -74.5862793, -48.6157227 ], [ -74.5672852, -48.5919922 ], [ -74.6182129, -48.4251953 ] ] ], [ [ [ -72.9472656, -53.4424805 ], [ -72.9709473, -53.4230469 ], [ -73.0220703, -53.4145508 ], [ -73.0536133, -53.3944336 ], [ -73.0743164, -53.3967773 ], [ -73.1108887, -53.4251953 ], [ -73.115332, -53.4480469 ], [ -73.0993652, -53.5119141 ], [ -73.3658691, -53.4702148 ], [ -73.4470703, -53.4100586 ], [ -73.6865234, -53.4268555 ], [ -73.845459, -53.5458008 ], [ -73.6415039, -53.5703125 ], [ -73.5816406, -53.6554688 ], [ -73.4709473, -53.7361328 ], [ -73.3601074, -53.7240234 ], [ -73.3248047, -53.7226562 ], [ -73.3143555, -53.7291992 ], [ -73.2949219, -53.7920898 ], [ -73.2928711, -53.8358398 ], [ -73.3121582, -53.9196289 ], [ -73.3047363, -53.9439453 ], [ -73.2106445, -53.9858398 ], [ -73.1199707, -54.009375 ], [ -73.0807617, -53.9980469 ], [ -73.0708496, -53.9780273 ], [ -73.0855469, -53.915918 ], [ -73.0730469, -53.875293 ], [ -73.0394531, -53.8328125 ], [ -72.9842285, -53.8605469 ], [ -72.9361328, -53.8608398 ], [ -72.8717285, -53.8485352 ], [ -72.7637695, -53.8648438 ], [ -72.7816895, -53.954785199999989 ], [ -72.8817383, -54.0416016 ], [ -72.9585937, -54.065918 ], [ -72.9460937, -54.092089799999989 ], [ -72.9072754, -54.1146484 ], [ -72.8709961, -54.1265625 ], [ -72.8403809, -54.1250977 ], [ -72.788623, -54.103125 ], [ -72.6765625, -54.0789063 ], [ -72.5628906, -54.0737305 ], [ -72.4705078, -54.0277344 ], [ -72.4085449, -54.0038086 ], [ -72.3691406, -53.9807617 ], [ -72.3659668, -53.9408203 ], [ -72.30625, -53.8621094 ], [ -72.2054199, -53.8074219 ], [ -72.3066895, -53.7253906 ], [ -72.3729004, -53.6875 ], [ -72.4592285, -53.5988281 ], [ -72.4822754, -53.5880859 ], [ -72.685498, -53.5579102 ], [ -72.809375, -53.565332 ], [ -72.8822266, -53.5783203 ], [ -72.8962891, -53.562793 ], [ -72.9232422, -53.4816406 ], [ -72.9472656, -53.4424805 ] ] ], [ [ [ -74.909668, -51.65 ], [ -74.9151855, -51.7382812 ], [ -75.0081055, -51.7237305 ], [ -75.1053711, -51.7888672 ], [ -75.0506836, -51.9039062 ], [ -75.0171387, -52.0378906 ], [ -74.9177246, -52.1522461 ], [ -74.8518066, -52.2707031 ], [ -74.6944824, -52.2791992 ], [ -74.6659668, -52.1600586 ], [ -74.5318359, -51.9919922 ], [ -74.5368164, -51.9651367 ], [ -74.6474609, -51.8662109 ], [ -74.7495117, -51.8518555 ], [ -74.780127, -51.824707 ], [ -74.8229492, -51.6301758 ], [ -74.909668, -51.65 ] ] ], [ [ [ -69.8844238, -54.8820313 ], [ -69.9208496, -55.0611328 ], [ -69.9465332, -55.1110352 ], [ -69.9879883, -55.1307617 ], [ -69.9797852, -55.1474609 ], [ -69.886767600000013, -55.1741211 ], [ -69.8657715, -55.190625 ], [ -69.8537109, -55.2198242 ], [ -69.8240234, -55.2365234 ], [ -69.679834, -55.218945299999987 ], [ -69.657373, -55.2290039 ], [ -69.6562988, -55.2984375 ], [ -69.6458984, -55.3208984 ], [ -69.6102539, -55.3399414 ], [ -69.5086914, -55.3708984 ], [ -69.4557129, -55.4240234 ], [ -69.4118164, -55.4442383 ], [ -69.2408203, -55.476757799999987 ], [ -69.1808594, -55.4748047 ], [ -69.2990234, -55.3693359 ], [ -69.3592285, -55.3006836 ], [ -69.3561523, -55.2739258 ], [ -69.2970703, -55.1658203 ], [ -69.192627, -55.171875 ], [ -69.1507812, -55.1833984 ], [ -69.0468262, -55.2443359 ], [ -69.0082031, -55.2557617 ], [ -68.9126465, -55.2385742 ], [ -68.8900879, -55.2412109 ], [ -68.8889648, -55.2632812 ], [ -68.9320801, -55.3473633 ], [ -68.9312988, -55.3706055 ], [ -68.8961426, -55.4238281 ], [ -68.867041, -55.4501953 ], [ -68.7850098, -55.435644499999988 ], [ -68.6935547, -55.4522461 ], [ -68.5941895, -55.45 ], [ -68.4666992, -55.489062499999989 ], [ -68.3380371, -55.5052734 ], [ -68.2933594, -55.5213867 ], [ -68.2296387, -55.6015625 ], [ -68.1570801, -55.6336914 ], [ -68.082666, -55.6505859 ], [ -68.0483398, -55.6431641 ], [ -68.0455566, -55.5875 ], [ -68.0583008, -55.5179688 ], [ -68.0898926, -55.4783203 ], [ -68.1525879, -55.4369141 ], [ -68.3054199, -55.3566406 ], [ -68.3265625, -55.3327148 ], [ -68.3227539, -55.3082031 ], [ -68.282666, -55.2551758 ], [ -68.3300781, -55.219433599999988 ], [ -68.3817383, -55.1916016 ], [ -68.5855469, -55.1777344 ], [ -68.6132812, -55.1555664 ], [ -68.5980957, -55.1283203 ], [ -68.3998047, -55.0419922 ], [ -68.4580078, -54.959668 ], [ -68.6535156, -54.9579102 ], [ -68.9007812, -55.0177734 ], [ -69.7029785, -54.919043 ], [ -69.8844238, -54.8820313 ] ] ], [ [ [ -71.5541504, -53.9560547 ], [ -71.705127, -53.9233398 ], [ -71.9964844, -53.8848633 ], [ -72.06894530000001, -53.9212891 ], [ -72.1460449, -53.9388672 ], [ -72.2104492, -54.0477539 ], [ -72.0915527, -54.11875 ], [ -71.9723633, -54.2072266 ], [ -71.9485352, -54.3008789 ], [ -71.8175781, -54.2764648 ], [ -71.7612305, -54.229785199999988 ], [ -71.6706055, -54.2253906 ], [ -71.5581055, -54.2456055 ], [ -71.473291, -54.2311523 ], [ -71.3046387, -54.3135742 ], [ -71.1432617, -54.3740234 ], [ -71.1175293, -54.3663086 ], [ -71.082959, -54.3163086 ], [ -71.0280273, -54.2811523 ], [ -71.0048828, -54.2466797 ], [ -71.0228516, -54.1617188 ], [ -71.0219238, -54.111816399999988 ], [ -71.16875, -54.1125977 ], [ -71.3904785, -54.0328125 ], [ -71.5541504, -53.9560547 ] ] ], [ [ [ -73.7037109, -44.3253906 ], [ -73.7032227, -44.2741211 ], [ -73.8177734, -44.2349609 ], [ -73.8645508, -44.1853516 ], [ -73.9001953, -44.1348633 ], [ -73.9949219, -44.1402344 ], [ -74.0828125, -44.1864258 ], [ -74.1081055, -44.2758789 ], [ -74.0972168, -44.3893555 ], [ -74.1328125, -44.415918 ], [ -74.2125, -44.4269531 ], [ -74.301220700000016, -44.3957031 ], [ -74.4216797, -44.4354492 ], [ -74.5018066, -44.4735352 ], [ -74.4805176, -44.5845703 ], [ -74.6177734, -44.6479492 ], [ -74.4988281, -44.7481445 ], [ -74.41875, -44.8652344 ], [ -74.3499023, -44.9108398 ], [ -74.2679688, -45.0589844 ], [ -74.1952148, -45.144824199999988 ], [ -74.089257800000013, -45.1957031 ], [ -74.0990723, -45.3253906 ], [ -74.0162598, -45.3449219 ], [ -73.8489746, -45.340625 ], [ -73.8344727, -45.3265625 ], [ -73.8298828, -45.2834961 ], [ -73.7709961, -45.2765625 ], [ -73.7520996, -45.2667969 ], [ -73.7281738, -45.1958984 ], [ -73.7216797, -45.1576172 ], [ -73.7271484, -45.119043 ], [ -73.7864746, -45.0335937 ], [ -73.7953613, -44.9786133 ], [ -73.7921387, -44.9458008 ], [ -73.8278809, -44.8398438 ], [ -73.8773926, -44.7288086 ], [ -73.9185547, -44.6546875 ], [ -74.0020508, -44.590918 ], [ -73.9960449, -44.5379883 ], [ -73.9833008, -44.4948242 ], [ -73.8623047, -44.4451172 ], [ -73.7845703, -44.4375 ], [ -73.7353516, -44.3945312 ], [ -73.7037109, -44.3253906 ] ] ], [ [ [ -72.897168, -44.7120117 ], [ -72.8453125, -44.6384766 ], [ -72.7640625, -44.5490234 ], [ -72.7763672, -44.5085938 ], [ -72.842431600000012, -44.4577148 ], [ -73.028418, -44.384082 ], [ -73.2077148, -44.3349609 ], [ -73.2600098, -44.350293 ], [ -73.271582, -44.3941406 ], [ -73.2660156, -44.4402344 ], [ -73.2819824, -44.489550799999989 ], [ -73.3149414, -44.5313477 ], [ -73.4036621, -44.5960938 ], [ -73.4450684, -44.6410156 ], [ -73.4200684, -44.7248047 ], [ -73.3970703, -44.7743164 ], [ -73.35, -44.8332031 ], [ -73.2284668, -44.8599609 ], [ -72.9861328, -44.7800781 ], [ -72.897168, -44.7120117 ] ] ], [ [ [ -75.0322266, -44.8705078 ], [ -75.0484375, -44.8239258 ], [ -75.0794922, -44.7951172 ], [ -75.1074219, -44.7951172 ], [ -75.1421387, -44.815625 ], [ -75.1242188, -44.8699219 ], [ -75.0987305, -44.9017578 ], [ -75.0674805, -44.906543 ], [ -75.0424805, -44.8901367 ], [ -75.0322266, -44.8705078 ] ] ], [ [ [ -75.292334, -50.596875 ], [ -75.203418, -50.5806641 ], [ -75.160449200000016, -50.5543945 ], [ -75.115332, -50.5104492 ], [ -75.1561523, -50.4967773 ], [ -75.3037109, -50.4839844 ], [ -75.4276367, -50.4805664 ], [ -75.4197754, -50.5303711 ], [ -75.4426758, -50.5955078 ], [ -75.4773926, -50.6541992 ], [ -75.4526367, -50.6825195 ], [ -75.4385254, -50.7411133 ], [ -75.411377, -50.7643555 ], [ -75.3304688, -50.7723633 ], [ -75.302002, -50.6799805 ], [ -75.292334, -50.596875 ] ] ], [ [ [ -75.1186035, -48.7729492 ], [ -75.2361816, -48.7786133 ], [ -75.297265600000017, -48.810644499999988 ], [ -75.4904785, -48.8504883 ], [ -75.5352539, -48.8381836 ], [ -75.5831055, -48.8588867 ], [ -75.6191406, -48.8859375 ], [ -75.6378418, -48.9425781 ], [ -75.5761719, -48.9807617 ], [ -75.5401367, -48.9884766 ], [ -75.5145508, -49.0095703 ], [ -75.4876465, -49.0824219 ], [ -75.5728516, -49.1388672 ], [ -75.6411621, -49.1954102 ], [ -75.5803711, -49.2299805 ], [ -75.5061035, -49.2306641 ], [ -75.3899414, -49.1591797 ], [ -75.2626953, -49.0689453 ], [ -75.1150879, -48.9160156 ], [ -75.1066895, -48.8365234 ], [ -75.1186035, -48.7729492 ] ] ], [ [ [ -75.0844727, -47.824511699999988 ], [ -75.0512695, -47.8004883 ], [ -74.9160156, -47.7566406 ], [ -74.9264648, -47.7231445 ], [ -75.0039551, -47.6947266 ], [ -75.0898438, -47.690625 ], [ -75.203125, -47.7280273 ], [ -75.2610352, -47.7638672 ], [ -75.1943359, -47.8180664 ], [ -75.1858398, -47.8506836 ], [ -75.112207, -47.8376953 ], [ -75.0844727, -47.824511699999988 ] ] ], [ [ [ -74.6647949, -43.5996094 ], [ -74.6726562, -43.5774414 ], [ -74.6974609, -43.5530273 ], [ -74.7450195, -43.535937499999989 ], [ -74.8176758, -43.5494141 ], [ -74.8419922, -43.5703125 ], [ -74.8426758, -43.5955078 ], [ -74.8104492, -43.6253906 ], [ -74.66875, -43.6078125 ], [ -74.6647949, -43.5996094 ] ] ], [ [ [ -73.6166016, -44.7529297 ], [ -73.6282227, -44.6807617 ], [ -73.6412109, -44.6108398 ], [ -73.6864746, -44.5462891 ], [ -73.7239258, -44.5442383 ], [ -73.7794922, -44.5591797 ], [ -73.8169922, -44.6139648 ], [ -73.818457, -44.6521484 ], [ -73.8001465, -44.684082 ], [ -73.7348633, -44.7516602 ], [ -73.7247559, -44.796875 ], [ -73.6945801, -44.8311523 ], [ -73.6648437, -44.8329102 ], [ -73.6321777, -44.8214844 ], [ -73.6166016, -44.7529297 ] ] ], [ [ [ -74.5705078, -51.245410199999988 ], [ -74.6115723, -51.2071289 ], [ -74.7366699, -51.2076172 ], [ -74.8814453, -51.2794922 ], [ -75.040332, -51.3181641 ], [ -75.1536621, -51.2788086 ], [ -75.2100098, -51.3833008 ], [ -75.238476600000013, -51.4535156 ], [ -75.3000488, -51.5564453 ], [ -75.2891113, -51.6253906 ], [ -75.1924316, -51.5666992 ], [ -75.1462891, -51.5243164 ], [ -75.0473633, -51.3983398 ], [ -74.9366699, -51.4283203 ], [ -74.8533203, -51.4341797 ], [ -74.7973633, -51.411718799999989 ], [ -74.7309082, -51.3673828 ], [ -74.6907227, -51.3702148 ], [ -74.6203613, -51.3957031 ], [ -74.592578100000011, -51.3875 ], [ -74.5608887, -51.3608398 ], [ -74.5586426, -51.2770508 ], [ -74.5705078, -51.245410199999988 ] ] ], [ [ [ -74.9633789, -50.2373047 ], [ -74.8385742, -50.1972656 ], [ -74.8759766, -50.1099609 ], [ -75.004248, -50.0886719 ], [ -75.1225586, -50.0552734 ], [ -75.209668, -50.0454102 ], [ -75.3266602, -50.0118164 ], [ -75.3688477, -50.1126953 ], [ -75.376709, -50.1679687 ], [ -75.3978516, -50.1926758 ], [ -75.4121094, -50.2566406 ], [ -75.4491211, -50.3433594 ], [ -75.307861300000013, -50.3430664 ], [ -75.2503906, -50.3762695 ], [ -75.0547852, -50.2960938 ], [ -74.9633789, -50.2373047 ] ] ], [ [ [ -73.8414062, -43.7889648 ], [ -73.8569336, -43.7837891 ], [ -73.9671875, -43.8165039 ], [ -74.1399414, -43.8209961 ], [ -74.1429688, -43.872168 ], [ -74.1177734, -43.8875 ], [ -73.9556641, -43.9219727 ], [ -73.9382812, -43.9142578 ], [ -73.9041504, -43.8753906 ], [ -73.8336426, -43.8832031 ], [ -73.7896484, -43.8764648 ], [ -73.8106445, -43.8272461 ], [ -73.8414062, -43.7889648 ] ] ], [ [ [ -74.1188965, -51.9111328 ], [ -74.1154297, -51.8884766 ], [ -74.1333984, -51.8708984 ], [ -74.2770508, -51.8116211 ], [ -74.3256836, -51.7702148 ], [ -74.3621094, -51.7506836 ], [ -74.4507812, -51.7249023 ], [ -74.4753906, -51.7256836 ], [ -74.4371094, -51.790625 ], [ -74.4236328, -51.8451172 ], [ -74.3386719, -51.8979492 ], [ -74.2831055, -51.91875 ], [ -74.1720703, -51.9420898 ], [ -74.1421875, -51.9310547 ], [ -74.1188965, -51.9111328 ] ] ], [ [ [ -74.2438965, -45.6536133 ], [ -74.2291992, -45.6113281 ], [ -74.2400391, -45.5745117 ], [ -74.3154297, -45.4640625 ], [ -74.2854004, -45.2772461 ], [ -74.3105469, -45.1726563 ], [ -74.421875, -45.2032227 ], [ -74.45, -45.2529297 ], [ -74.5023438, -45.2851562 ], [ -74.4946777, -45.4258789 ], [ -74.5583984, -45.5255859 ], [ -74.6464355, -45.6 ], [ -74.6898438, -45.6625977 ], [ -74.6777344, -45.7385742 ], [ -74.5616211, -45.7224609 ], [ -74.4655273, -45.7572266 ], [ -74.368457, -45.7358398 ], [ -74.3128906, -45.6915039 ], [ -74.2438965, -45.6536133 ] ] ], [ [ [ -67.5452637, -55.877441399999988 ], [ -67.5098145, -55.8443359 ], [ -67.5172852, -55.8328125 ], [ -67.5448242, -55.8259766 ], [ -67.7620605, -55.8161133 ], [ -67.834082, -55.8275391 ], [ -67.849707, -55.8425781 ], [ -67.846435500000013, -55.8572266 ], [ -67.831543, -55.8648438 ], [ -67.6995117, -55.873144499999988 ], [ -67.6114258, -55.8916992 ], [ -67.5751953, -55.8896484 ], [ -67.5452637, -55.877441399999988 ] ] ], [ [ [ -66.435791, -55.1897461 ], [ -66.5231445, -55.1655273 ], [ -66.5415527, -55.1694336 ], [ -66.599707, -55.1936523 ], [ -66.6247559, -55.2130859 ], [ -66.6366211, -55.234375 ], [ -66.6301758, -55.2541016 ], [ -66.6111328, -55.2699219 ], [ -66.551709, -55.2728516 ], [ -66.4721191, -55.2291016 ], [ -66.435791, -55.1897461 ] ] ], [ [ [ -71.088623, -54.8674805 ], [ -71.1970703, -54.8444336 ], [ -71.3742676, -54.8345703 ], [ -71.4105469, -54.8393555 ], [ -71.437207, -54.8892578 ], [ -71.4269043, -54.9137695 ], [ -71.4066406, -54.9308594 ], [ -71.3885742, -54.9342773 ], [ -71.3253418, -54.9137695 ], [ -71.2993164, -54.8922852 ], [ -71.2736328, -54.8869141 ], [ -71.2033203, -54.8929688 ], [ -71.1203613, -54.937793 ], [ -70.9907227, -54.9904297 ], [ -70.9672852, -55.0068359 ], [ -70.964502, -55.0396484 ], [ -70.9398438, -55.0619141 ], [ -70.8154785, -55.0798828 ], [ -70.7444336, -55.104199199999989 ], [ -70.7109863, -55.1069336 ], [ -70.640918, -55.0848633 ], [ -70.5974609, -55.0820312 ], [ -70.5510742, -55.1119141 ], [ -70.5387207, -55.1349609 ], [ -70.543457, -55.1613281 ], [ -70.4755859, -55.1770508 ], [ -70.4041504, -55.165625 ], [ -70.2978516, -55.1137695 ], [ -70.2830566, -55.065918 ], [ -70.4175293, -54.9088867 ], [ -70.5347656, -54.9212891 ], [ -70.6152832, -54.9456055 ], [ -70.7493164, -54.9527344 ], [ -70.804834, -54.9676758 ], [ -70.9279297, -54.9429688 ], [ -70.9451172, -54.9313477 ], [ -70.9916016, -54.8679688 ], [ -71.088623, -54.8674805 ] ] ], [ [ [ -67.2672852, -55.762793 ], [ -67.2624512, -55.74375 ], [ -67.3104492, -55.6886719 ], [ -67.3505859, -55.6121094 ], [ -67.3740723, -55.589355499999989 ], [ -67.3973633, -55.5851563 ], [ -67.4488281, -55.640625 ], [ -67.512793, -55.6620117 ], [ -67.5461426, -55.6836914 ], [ -67.5634766, -55.7078125 ], [ -67.5599609, -55.7248047 ], [ -67.3933594, -55.7527344 ], [ -67.3522461, -55.7660156 ], [ -67.325293, -55.7847656 ], [ -67.2888672, -55.7768555 ], [ -67.2672852, -55.762793 ] ] ] ] } },
{ "type": "Feature", "properties": { "iso3": "CAN", "territorio": "Canada", "value": 6.6184101104736301, "color": "#BD0026" }, "geometry": { "type": "MultiPolygon", "coordinates": [ [ [ [ -132.893066399999981, 54.1407715 ], [ -132.9914551, 54.1578125 ], [ -133.0483887, 54.1589355 ], [ -133.0638672, 54.144043 ], [ -133.097949199999988, 54.0056152 ], [ -133.097656199999989, 53.9202637 ], [ -133.0794922, 53.8370117 ], [ -133.0522461, 53.778125 ], [ -132.9133789, 53.6291992 ], [ -132.8995605, 53.6053711 ], [ -132.897998, 53.562695299999987 ], [ -132.8450195, 53.5077148 ], [ -132.670166, 53.4585938 ], [ -132.4313477, 53.3504395 ], [ -132.425, 53.3369629 ], [ -132.4624023, 53.3378906 ], [ -132.5462402, 53.3592773 ], [ -132.6547852, 53.3705566 ], [ -132.6925781, 53.3678711 ], [ -132.747509799999989, 53.310498 ], [ -132.674804699999981, 53.2631836 ], [ -132.520459, 53.194043 ], [ -132.347265599999986, 53.189209 ], [ -132.011328099999986, 53.2651855 ], [ -131.957421899999986, 53.3086914 ], [ -131.9280762, 53.3791992 ], [ -131.9223145, 53.5878906 ], [ -131.8891602, 53.7139648 ], [ -131.8211426, 53.8415039 ], [ -131.7025391, 53.986377 ], [ -131.6854004, 54.0228027 ], [ -131.667627, 54.1413574 ], [ -131.6959473, 54.1431641 ], [ -131.8196289, 54.0773438 ], [ -131.940820299999984, 54.0419922 ], [ -132.1344238, 54.0342773 ], [ -132.135888699999981, 53.9958496 ], [ -132.1105957, 53.900293 ], [ -132.114013700000015, 53.8601562 ], [ -132.152246099999985, 53.8069824 ], [ -132.1716797, 53.7068359 ], [ -132.1869629, 53.6848145 ], [ -132.464404299999984, 53.6533203 ], [ -132.534668, 53.651709 ], [ -132.567138699999987, 53.6639648 ], [ -132.574121099999985, 53.6753906 ], [ -132.5648926, 53.6876465 ], [ -132.214502, 53.8147461 ], [ -132.175097699999981, 53.8465332 ], [ -132.155127, 53.8751953 ], [ -132.1661133, 53.9552246 ], [ -132.215918, 54.028418 ], [ -132.261621099999985, 54.0763184 ], [ -132.3033691, 54.098877 ], [ -132.3444336, 54.1060547 ], [ -132.5640625, 54.0686523 ], [ -132.6555176, 54.1274902 ], [ -132.893066399999981, 54.1407715 ] ] ], [ [ [ -131.8534668, 53.2297363 ], [ -131.893115199999983, 53.2314453 ], [ -131.989502, 53.2019531 ], [ -132.035937499999989, 53.1791504 ], [ -132.1539062, 53.160498 ], [ -132.3454102, 53.136084 ], [ -132.5242188, 53.1449219 ], [ -132.5467773, 53.1375 ], [ -132.504834, 53.0867187 ], [ -132.4687012, 53.071875 ], [ -132.14375, 52.9993164 ], [ -132.144921899999986, 52.957470699999988 ], [ -132.229541, 52.9480957 ], [ -132.2581055, 52.9338867 ], [ -132.259960899999982, 52.9069824 ], [ -132.238574199999988, 52.8667969 ], [ -132.1650879, 52.7833008 ], [ -132.0922363, 52.7527832 ], [ -131.809668, 52.5416992 ], [ -131.6236816, 52.4439941 ], [ -131.5620605, 52.3999512 ], [ -131.511132799999984, 52.3220703 ], [ -131.421875, 52.2379883 ], [ -131.221533199999982, 52.1536133 ], [ -131.1161621, 52.2190918 ], [ -131.142627, 52.2911133 ], [ -131.2591797, 52.2916504 ], [ -131.3199219, 52.3030762 ], [ -131.3270508, 52.3175293 ], [ -131.259960899999982, 52.3900391 ], [ -131.2597168, 52.415918 ], [ -131.2736328, 52.4258301 ], [ -131.3830078, 52.4157227 ], [ -131.4299805, 52.4221191 ], [ -131.4438965, 52.4533203 ], [ -131.590576199999987, 52.5782227 ], [ -131.572802699999983, 52.6233398 ], [ -131.4552246, 52.701709 ], [ -131.6105957, 52.7452148 ], [ -131.7272949, 52.7563965 ], [ -131.8100586, 52.8187012 ], [ -131.9043945, 52.8666992 ], [ -131.971777299999985, 52.879834 ], [ -131.916357399999981, 52.9091309 ], [ -131.879687499999989, 52.9146484 ], [ -131.7952637, 52.8850586 ], [ -131.634668, 52.922168 ], [ -131.622168, 53.0200684 ], [ -131.652343799999983, 53.1029785 ], [ -131.753710899999987, 53.1955566 ], [ -131.8534668, 53.2297363 ] ] ], [ [ [ -127.7130371, 50.820752 ], [ -127.918066400000015, 50.8605469 ], [ -128.1013184, 50.8577637 ], [ -128.2415527, 50.828173799999988 ], [ -128.300830099999985, 50.7941406 ], [ -128.346044899999981, 50.7442383 ], [ -128.3499023, 50.696582 ], [ -128.267431599999981, 50.6092773 ], [ -128.135644499999984, 50.5205566 ], [ -128.058349599999985, 50.4984863 ], [ -127.9636719, 50.492627 ], [ -127.8646973, 50.498877 ], [ -127.7311523, 50.5357422 ], [ -127.749707, 50.5777344 ], [ -127.7514648, 50.607373 ], [ -127.52622070000001, 50.5966797 ], [ -127.465918, 50.5831055 ], [ -127.5290039, 50.5367676 ], [ -127.5240234, 50.495752 ], [ -127.489355499999988, 50.4273438 ], [ -127.4865234, 50.4046387 ], [ -127.578125, 50.4649414 ], [ -127.641406199999977, 50.4791016 ], [ -127.831543, 50.4710449 ], [ -127.874023400000013, 50.4639648 ], [ -127.905859400000011, 50.4452148 ], [ -127.9629395, 50.3459961 ], [ -127.9466797, 50.3262207 ], [ -127.85083010000001, 50.3137207 ], [ -127.8391602, 50.2932129 ], [ -127.8281738, 50.2114258 ], [ -127.872998, 50.1500977 ], [ -127.863916, 50.1277344 ], [ -127.816308600000013, 50.1177246 ], [ -127.770459, 50.1211426 ], [ -127.674853499999983, 50.1633301 ], [ -127.4671387, 50.1634277 ], [ -127.4297852, 50.1308594 ], [ -127.3979004, 50.085009799999987 ], [ -127.3494141, 50.0519531 ], [ -127.2900391, 50.0708496 ], [ -127.2715332, 50.0955566 ], [ -127.26840820000001, 50.1293457 ], [ -127.2498047, 50.1379883 ], [ -127.2156738, 50.1214844 ], [ -127.192334, 50.0999023 ], [ -127.179638700000012, 50.0731445 ], [ -127.1791016, 50.050293 ], [ -127.2075195, 49.9924316 ], [ -127.195898399999976, 49.9491699 ], [ -127.1655273, 49.9104492 ], [ -127.1143066, 49.8797363 ], [ -127.0487305, 49.8715332 ], [ -126.977099599999988, 49.8828125 ], [ -126.9479492, 49.9026855 ], [ -126.926074199999988, 49.9347168 ], [ -126.9033203, 49.9441406 ], [ -126.8493652, 49.9228027 ], [ -126.7446289, 49.9049316 ], [ -126.683105500000011, 49.8764648 ], [ -126.5928711, 49.7641113 ], [ -126.558252, 49.7333984 ], [ -126.5252441, 49.7195801 ], [ -126.462793, 49.7202148 ], [ -126.4031738, 49.6777344 ], [ -126.3475586, 49.6608398 ], [ -126.134082, 49.6723145 ], [ -126.1578125, 49.6501465 ], [ -126.4427734, 49.6192871 ], [ -126.541894499999984, 49.5904785 ], [ -126.5574707, 49.5786133 ], [ -126.5637207, 49.5432617 ], [ -126.548535199999989, 49.4189453 ], [ -126.519140600000014, 49.3967773 ], [ -126.499853500000015, 49.3999512 ], [ -126.4445312, 49.451123 ], [ -126.418603499999989, 49.4490234 ], [ -126.3044922, 49.3820312 ], [ -126.2796387, 49.3921875 ], [ -126.269726600000013, 49.4318848 ], [ -126.2436035, 49.4426758 ], [ -126.1688477, 49.4151855 ], [ -126.09985349999998, 49.4212891 ], [ -126.074902299999977, 49.4087891 ], [ -126.0483398, 49.3790039 ], [ -126.0203125, 49.3680176 ], [ -125.9354004, 49.4014648 ], [ -125.937695299999987, 49.3797852 ], [ -125.983837899999983, 49.2878906 ], [ -125.9516602, 49.2480469 ], [ -125.9183594, 49.2495117 ], [ -125.8354492, 49.2766602 ], [ -125.796386700000014, 49.2602051 ], [ -125.7280273, 49.1998535 ], [ -125.6937012, 49.1903809 ], [ -125.6546387, 49.1932129 ], [ -125.6442383, 49.185791 ], [ -125.702294900000012, 49.139209 ], [ -125.811962899999983, 49.1072266 ], [ -125.8285156, 49.0918457 ], [ -125.660498, 49.0291504 ], [ -125.5431152, 48.952832 ], [ -125.4894531, 48.9337891 ], [ -125.460302699999986, 48.9410645 ], [ -125.3627441, 48.9982422 ], [ -125.168212900000015, 48.9910156 ], [ -124.9273438, 49.014209 ], [ -124.9044434, 49.0310059 ], [ -124.8683105, 49.0785156 ], [ -124.83872070000001, 49.1390625 ], [ -124.820752, 49.2071289 ], [ -124.812646499999985, 49.2126465 ], [ -124.8002441, 49.1415527 ], [ -124.817041, 49.083300799999989 ], [ -124.8496582, 49.0282715 ], [ -124.9347656, 48.9563477 ], [ -125.13569339999998, 48.8224121 ], [ -125.1402832, 48.8026367 ], [ -125.120703100000014, 48.760791 ], [ -125.0172363, 48.7114746 ], [ -124.8682617, 48.6536133 ], [ -124.689404299999978, 48.5973145 ], [ -124.3762207, 48.5152344 ], [ -124.1152344, 48.4364258 ], [ -123.9169434, 48.3865723 ], [ -123.594628899999975, 48.3335449 ], [ -123.5731445, 48.3228027 ], [ -123.5364746, 48.3449707 ], [ -123.4845703, 48.400097699999989 ], [ -123.4458984, 48.4272461 ], [ -123.3345215, 48.4064941 ], [ -123.3106445, 48.4110352 ], [ -123.283789099999979, 48.4551758 ], [ -123.366308600000011, 48.6064453 ], [ -123.3898926, 48.6702148 ], [ -123.4154785, 48.6981934 ], [ -123.443066399999978, 48.6904785 ], [ -123.457959, 48.6744141 ], [ -123.4728516, 48.6022949 ], [ -123.497021499999988, 48.5820801 ], [ -123.6265625, 48.8240234 ], [ -123.75229490000001, 48.9512207 ], [ -123.8200195, 49.0834961 ], [ -123.85449220000001, 49.1191895 ], [ -123.9371582, 49.1708008 ], [ -123.995800799999984, 49.2240234 ], [ -124.1858887, 49.3005859 ], [ -124.495947299999983, 49.3802734 ], [ -124.642871099999979, 49.4286621 ], [ -124.830615200000011, 49.5300781 ], [ -124.930664099999987, 49.6431641 ], [ -124.9324219, 49.670459 ], [ -124.9046387, 49.6853516 ], [ -124.934668, 49.7316406 ], [ -125.066406299999983, 49.8481934 ], [ -125.233203099999983, 50.012207 ], [ -125.3139648, 50.1066895 ], [ -125.420459, 50.2546387 ], [ -125.4820801, 50.3167969 ], [ -125.53432620000001, 50.3424805 ], [ -125.6152344, 50.3585449 ], [ -125.8391602, 50.3808105 ], [ -126.2038574, 50.4538574 ], [ -126.7009277, 50.5155273 ], [ -127.197314499999976, 50.6403809 ], [ -127.7130371, 50.820752 ] ] ], [ [ [ -130.020312499999989, 55.8807617 ], [ -130.0603516, 55.8137207 ], [ -130.0851074, 55.751709 ], [ -130.0946777, 55.6947754 ], [ -130.0929688, 55.6318359 ], [ -130.0799805, 55.5628906 ], [ -130.044043, 55.4719238 ], [ -129.9851562, 55.3588379 ], [ -129.995849599999985, 55.2640625 ], [ -130.058398399999987, 55.1947754 ], [ -130.0917969, 55.1077637 ], [ -130.0484863, 55.0572754 ], [ -129.9852051, 55.1114746 ], [ -129.877148399999982, 55.2506348 ], [ -129.837744099999981, 55.319091799999988 ], [ -129.815625, 55.4175781 ], [ -129.8119141, 55.5326172 ], [ -129.795166, 55.5595703 ], [ -129.7654785, 55.4982422 ], [ -129.7341797, 55.4580078 ], [ -129.7013184, 55.4385742 ], [ -129.66665039999998, 55.4366699 ], [ -129.630127, 55.4522461 ], [ -129.5606445, 55.4625488 ], [ -129.7807617, 55.2804688 ], [ -129.8901367, 55.1646484 ], [ -129.948535199999981, 55.0810547 ], [ -130.1086426, 54.8872559 ], [ -130.1408691, 54.8227539 ], [ -130.2189453, 54.7302734 ], [ -130.307226600000035, 54.700293 ], [ -130.3504883, 54.6553223 ], [ -130.370019499999984, 54.6200195 ], [ -130.388623, 54.5393555 ], [ -130.393457, 54.4796387 ], [ -130.4302734, 54.4209961 ], [ -130.3967773, 54.3516602 ], [ -130.290332, 54.2703613 ], [ -130.0842285, 54.1813965 ], [ -129.8984375, 54.2263672 ], [ -129.7949707, 54.2361328 ], [ -129.6260254, 54.2302734 ], [ -129.7907715, 54.1657715 ], [ -130.0433105, 54.1335449 ], [ -130.0635254, 54.1056641 ], [ -130.0859375, 53.9757813 ], [ -130.2328613, 53.8674316 ], [ -130.3352539, 53.7239258 ], [ -130.2632812, 53.6541504 ], [ -130.074365199999988, 53.5756348 ], [ -129.9118652, 53.5513672 ], [ -129.8217773, 53.4127441 ], [ -129.6867188, 53.3335449 ], [ -129.563720700000033, 53.2514648 ], [ -129.4624023, 53.346582 ], [ -129.284277299999985, 53.3931641 ], [ -129.2578613, 53.4179688 ], [ -129.240332, 53.4790527 ], [ -129.231738299999989, 53.576416 ], [ -129.208105499999988, 53.6416016 ], [ -129.0563965, 53.7777832 ], [ -129.0139648, 53.7974609 ], [ -128.959375, 53.8414551 ], [ -128.9439941, 53.8400391 ], [ -128.927832, 53.8228027 ], [ -128.8901855, 53.8297852 ], [ -128.7047852, 53.9186035 ], [ -128.650878899999981, 53.9188477 ], [ -128.532128900000032, 53.8581055 ], [ -128.560449200000022, 53.8450684 ], [ -128.652880899999985, 53.8316406 ], [ -128.714746099999985, 53.8100098 ], [ -128.745947299999983, 53.7801758 ], [ -128.7636719, 53.746875 ], [ -128.7678711, 53.7102051 ], [ -128.7507812, 53.6608398 ], [ -128.675537099999985, 53.5545898 ], [ -128.6003418, 53.5061035 ], [ -128.511767599999985, 53.4765625 ], [ -128.4696289, 53.4708984 ], [ -128.36914059999998, 53.4903809 ], [ -128.207226599999984, 53.4832031 ], [ -128.1151367, 53.4459473 ], [ -127.9500488, 53.329834 ], [ -127.927832, 53.274707 ], [ -128.0791992, 53.3694336 ], [ -128.1327148, 53.4177734 ], [ -128.2910645, 53.4578613 ], [ -128.3580566, 53.4598145 ], [ -128.4786133, 53.4103027 ], [ -128.542138699999981, 53.4206543 ], [ -128.8330566, 53.5494141 ], [ -128.9056152, 53.5593262 ], [ -128.8504395, 53.6651855 ], [ -128.854589799999985, 53.704541 ], [ -128.9355957, 53.7151855 ], [ -129.0214355, 53.6921387 ], [ -129.1144531, 53.6411133 ], [ -129.171582, 53.5335938 ], [ -129.129541, 53.4422852 ], [ -129.080908199999982, 53.3672852 ], [ -128.8685547, 53.328125 ], [ -128.652343699999989, 53.2438477 ], [ -128.524707, 53.1406738 ], [ -128.4519531, 52.8766113 ], [ -128.365039100000018, 52.8257813 ], [ -128.105957, 52.9068848 ], [ -128.0532715, 52.9106934 ], [ -128.1087891, 52.8580566 ], [ -128.132373, 52.8058105 ], [ -128.1967773, 52.623291 ], [ -128.2751465, 52.435498 ], [ -128.2715332, 52.3629883 ], [ -128.2409668, 52.3682617 ], [ -128.183984399999986, 52.4079102 ], [ -128.0382324, 52.531152299999988 ], [ -127.9433594, 52.5507324 ], [ -127.9402344, 52.545166 ], [ -128.0212891, 52.4906738 ], [ -128.051562499999989, 52.4533203 ], [ -128.0603027, 52.4275391 ], [ -128.0291504, 52.3424805 ], [ -128.0375, 52.3181641 ], [ -128.3576172, 52.1588867 ], [ -128.1935547, 51.998291 ], [ -128.1022461, 51.7884277 ], [ -127.9954102, 51.9505371 ], [ -127.902197299999983, 52.1508789 ], [ -127.8343262, 52.2509766 ], [ -127.791894500000012, 52.2893555 ], [ -127.7133789, 52.3185059 ], [ -127.5603027, 52.3432129 ], [ -127.519238299999984, 52.3592773 ], [ -127.1070801, 52.6328125 ], [ -127.066210899999987, 52.6526855 ], [ -127.0348633, 52.6817383 ], [ -127.013232399999978, 52.7199707 ], [ -127.0063965, 52.7545898 ], [ -127.019335899999987, 52.8424805 ], [ -127.008252, 52.8425781 ], [ -126.9664062, 52.784668 ], [ -126.9513672, 52.7510254 ], [ -126.9513184, 52.7212402 ], [ -126.9952148, 52.6579102 ], [ -127.187109399999983, 52.5376953 ], [ -127.208252, 52.4982422 ], [ -127.1939941, 52.457666 ], [ -127.1605957, 52.394873 ], [ -127.1270508, 52.3709473 ], [ -126.9381836, 52.3085938 ], [ -126.901416, 52.265332 ], [ -126.8952148, 52.2254883 ], [ -126.752636700000011, 52.1123535 ], [ -126.713964800000014, 52.0606934 ], [ -126.738574199999988, 52.0649414 ], [ -126.8263184, 52.1251465 ], [ -126.9, 52.1883301 ], [ -126.9594727, 52.254541 ], [ -127.007959, 52.2906738 ], [ -127.175732400000015, 52.3148438 ], [ -127.242236299999973, 52.3951172 ], [ -127.4379395, 52.3561523 ], [ -127.549707, 52.2976074 ], [ -127.6733398, 52.2529297 ], [ -127.79536130000001, 52.1910156 ], [ -127.843310500000015, 52.0864746 ], [ -127.85878910000001, 51.9902832 ], [ -127.7276367, 51.9932129 ], [ -127.8299805, 51.8790039 ], [ -127.863232400000015, 51.8208008 ], [ -127.8691406, 51.7752441 ], [ -127.8505371, 51.6731934 ], [ -127.81894530000001, 51.6039063 ], [ -127.7475098, 51.5435547 ], [ -127.728710899999982, 51.5055176 ], [ -127.714062499999983, 51.4901855 ], [ -127.6687012, 51.4775879 ], [ -127.644873, 51.4784668 ], [ -127.6095703, 51.5140625 ], [ -127.5757324, 51.5629395 ], [ -127.442724599999977, 51.6789551 ], [ -127.33872070000001, 51.707373 ], [ -127.034082, 51.7166992 ], [ -126.691455100000013, 51.703418 ], [ -126.7354004, 51.692627 ], [ -126.968115200000014, 51.6699219 ], [ -127.2806641, 51.6541016 ], [ -127.346582, 51.6423828 ], [ -127.4196777, 51.6080566 ], [ -127.6327148, 51.4272949 ], [ -127.6891602, 51.343457 ], [ -127.714306600000015, 51.2686523 ], [ -127.7081055, 51.1511719 ], [ -127.5908691, 51.0875488 ], [ -127.441210899999987, 50.9894043 ], [ -127.3569336, 50.9455566 ], [ -127.2674805, 50.9160645 ], [ -127.0575684, 50.8675293 ], [ -127.0140625, 50.8667969 ], [ -126.960400400000012, 50.8937012 ], [ -126.6317871, 50.9151367 ], [ -126.562890599999974, 50.9654785 ], [ -126.517334, 51.056835899999989 ], [ -126.484619099999989, 50.960498 ], [ -126.5217773, 50.8660645 ], [ -126.4881836, 50.8418457 ], [ -126.418212900000015, 50.8501953 ], [ -126.3746094, 50.8373535 ], [ -126.397119100000012, 50.8070801 ], [ -126.472216800000012, 50.7672852 ], [ -126.517334, 50.7244629 ], [ -126.5143555, 50.6793945 ], [ -126.4929687, 50.6721191 ], [ -126.3703125, 50.666748 ], [ -125.9807129, 50.711377 ], [ -125.9041016, 50.7049316 ], [ -125.8976074, 50.684375 ], [ -126.0672363, 50.6643066 ], [ -126.238916, 50.6238281 ], [ -126.4161133, 50.6069824 ], [ -126.44746090000001, 50.5877441 ], [ -126.4499512, 50.549707 ], [ -126.4044922, 50.5298828 ], [ -126.2365723, 50.523291 ], [ -126.0943359, 50.4976074 ], [ -126.024121099999974, 50.496728499999989 ], [ -125.9650391, 50.4873535 ], [ -125.839599600000014, 50.5106445 ], [ -125.772412100000011, 50.5082031 ], [ -125.7412109, 50.4785645 ], [ -125.6975586, 50.4645508 ], [ -125.641308599999988, 50.4662109 ], [ -125.6101562, 50.4860352 ], [ -125.585839799999988, 50.5736328 ], [ -125.555566399999989, 50.6348633 ], [ -125.539355500000013, 50.6490234 ], [ -125.5259766, 50.5341309 ], [ -125.5071777, 50.5072754 ], [ -125.4763184, 50.497168 ], [ -125.2098633, 50.4763184 ], [ -125.0587891, 50.5138672 ], [ -124.985400399999975, 50.5919434 ], [ -124.9425293, 50.6656738 ], [ -124.9310547, 50.7184082 ], [ -124.9492676, 50.7646973 ], [ -124.933593699999989, 50.8105957 ], [ -124.8598633, 50.8724121 ], [ -124.875439500000013, 50.8256348 ], [ -124.8575195, 50.717334 ], [ -124.854248, 50.6686523 ], [ -124.862646499999983, 50.6373047 ], [ -124.936816400000012, 50.5374023 ], [ -125.056689499999976, 50.4186523 ], [ -125.043603499999989, 50.3637695 ], [ -124.985595699999976, 50.355615199999988 ], [ -124.933349600000014, 50.2979004 ], [ -124.934179700000016, 50.2580566 ], [ -124.784277300000014, 50.0728027 ], [ -124.782373, 50.0201172 ], [ -124.7022949, 49.957666 ], [ -124.483252, 49.8082031 ], [ -124.4125977, 49.778125 ], [ -124.28125, 49.7721191 ], [ -124.1416016, 49.7926758 ], [ -124.058789100000013, 49.8536621 ], [ -123.984912099999974, 49.8755859 ], [ -123.9721191, 49.892041 ], [ -123.9713867, 49.9695313 ], [ -123.957421900000014, 49.9927734 ], [ -123.8657227, 50.0720703 ], [ -123.8630371, 50.1025879 ], [ -123.945898399999976, 50.1839355 ], [ -123.9335938, 50.1882813 ], [ -123.880127, 50.1736328 ], [ -123.8254395, 50.1442383 ], [ -123.7876953, 50.1067383 ], [ -123.784668, 50.0879883 ], [ -123.8238281, 50.0437012 ], [ -123.88496090000001, 50.017041 ], [ -123.904248, 49.9811523 ], [ -123.9038086, 49.795459 ], [ -123.8744141, 49.7368164 ], [ -123.8180176, 49.685156299999989 ], [ -123.7626953, 49.6584961 ], [ -123.708300799999989, 49.6569336 ], [ -123.582470699999973, 49.68125 ], [ -123.6127441, 49.6575684 ], [ -123.739062499999989, 49.5935547 ], [ -123.817187499999989, 49.5865723 ], [ -123.847119100000015, 49.6366699 ], [ -123.9227539, 49.7175293 ], [ -123.9595215, 49.7361816 ], [ -123.992627, 49.7361816 ], [ -124.0240234, 49.7113281 ], [ -124.0538086, 49.6617188 ], [ -124.0286133, 49.6028809 ], [ -123.9483887, 49.5347168 ], [ -123.891845699999976, 49.4947266 ], [ -123.8589355, 49.4828613 ], [ -123.530566399999984, 49.3973145 ], [ -123.508203099999989, 49.4024414 ], [ -123.436962900000012, 49.4513184 ], [ -123.398974599999988, 49.4418945 ], [ -123.3356445, 49.4591797 ], [ -123.3224121, 49.5169922 ], [ -123.3366699, 49.5451172 ], [ -123.325, 49.5776855 ], [ -123.1875, 49.6803223 ], [ -123.179589799999988, 49.6735352 ], [ -123.1906738, 49.6442871 ], [ -123.222998, 49.5904785 ], [ -123.2477051, 49.4430176 ], [ -123.26406249999998, 49.3904785 ], [ -123.2862793, 49.3749512 ], [ -123.2905273, 49.3594727 ], [ -123.2767578, 49.3439453 ], [ -123.1742676, 49.3481934 ], [ -123.0155273, 49.322168 ], [ -122.964453100000014, 49.3293457 ], [ -122.879101600000013, 49.3989258 ], [ -122.9129883, 49.3231934 ], [ -122.9476563, 49.2932617 ], [ -123.0672852, 49.2915527 ], [ -123.1839355, 49.2777344 ], [ -123.2294434, 49.260498 ], [ -123.1910645, 49.2195313 ], [ -123.196337899999989, 49.1477051 ], [ -123.1818848, 49.1294922 ], [ -123.1501465, 49.1210449 ], [ -123.079541, 49.1306152 ], [ -123.0772949, 49.1183594 ], [ -123.1093262, 49.0846191 ], [ -123.117627, 49.0563477 ], [ -123.0864258, 48.9930176 ], [ -123.0772949, 48.9802246 ], [ -123.0632812, 48.9777344 ], [ -123.0492188, 48.9930176 ], [ -123.0272461, 49.0385254 ], [ -123.0022949, 49.0608887 ], [ -122.9626953, 49.0746094 ], [ -122.9241699, 49.074658199999988 ], [ -122.826709, 49.028418 ], [ -122.7887695, 48.9930176 ], [ -122.686377, 48.9930176 ], [ -122.2600098, 48.9930176 ], [ -121.8335938, 48.9930176 ], [ -121.407226600000016, 48.9930176 ], [ -120.980859400000014, 48.9930176 ], [ -120.5544922, 48.9930176 ], [ -120.12807620000001, 48.9930176 ], [ -119.701709, 48.9930176 ], [ -119.2753418, 48.9930664 ], [ -118.848925799999989, 48.9930664 ], [ -118.422558599999988, 48.9930664 ], [ -117.9961914, 48.9930664 ], [ -117.569775400000012, 48.9930664 ], [ -117.1434082, 48.9930664 ], [ -116.717041, 48.9930664 ], [ -116.290625, 48.9930664 ], [ -115.8642578, 48.9930664 ], [ -115.437890599999989, 48.9930664 ], [ -115.0115234, 48.9930664 ], [ -114.5851074, 48.9930664 ], [ -114.1587402, 48.9930664 ], [ -113.732373, 48.9930664 ], [ -113.305957, 48.9930664 ], [ -112.8795898, 48.9930664 ], [ -112.453222700000012, 48.9930664 ], [ -112.0268066, 48.9930664 ], [ -111.6004395, 48.9930664 ], [ -111.1740723, 48.9930664 ], [ -110.7476562, 48.9930664 ], [ -110.3212891, 48.9930664 ], [ -109.894921900000014, 48.993066399999989 ], [ -109.4685547, 48.9930664 ], [ -109.0421387, 48.9931152 ], [ -108.6157715, 48.9931152 ], [ -108.1894043, 48.9931152 ], [ -107.762988299999989, 48.9931152 ], [ -107.3366211, 48.9931152 ], [ -106.9102539, 48.9931152 ], [ -106.483837900000012, 48.9931152 ], [ -106.0574707, 48.9931152 ], [ -105.6311035, 48.9931152 ], [ -105.2046875, 48.9931152 ], [ -104.7783203, 48.9931152 ], [ -104.351953099999989, 48.9931152 ], [ -103.9255859, 48.9931152 ], [ -103.4991699, 48.9931152 ], [ -103.0728027, 48.9931152 ], [ -102.6464355, 48.9931152 ], [ -102.2200195, 48.9931152 ], [ -101.7936523, 48.9931152 ], [ -101.3672852, 48.9931152 ], [ -100.9408691, 48.9931152 ], [ -100.514502, 48.9931152 ], [ -100.0881348, 48.9931152 ], [ -99.6617187, 48.9931152 ], [ -99.2353516, 48.9931152 ], [ -98.8089844, 48.9931641 ], [ -98.3826172, 48.9931641 ], [ -97.9562012, 48.9931641 ], [ -97.529834, 48.9931641 ], [ -97.1034668, 48.9931641 ], [ -96.677050799999989, 48.9931641 ], [ -96.2506836, 48.9931641 ], [ -95.8243164, 48.9931641 ], [ -95.3979004, 48.9931641 ], [ -95.1620605, 48.991748 ], [ -95.158252, 49.2030762 ], [ -95.1552734, 49.3696777 ], [ -94.9393555, 49.3494141 ], [ -94.8748047, 49.319043 ], [ -94.8543457, 49.3045898 ], [ -94.860400399999989, 49.2585937 ], [ -94.842578100000011, 49.1191895 ], [ -94.8034668, 49.0029297 ], [ -94.712793, 48.8634277 ], [ -94.7125488, 48.8629883 ], [ -94.7050781, 48.8084961 ], [ -94.6753418, 48.7744141 ], [ -94.6208984, 48.742627 ], [ -94.4141602, 48.7041016 ], [ -94.0551758, 48.6590332 ], [ -93.8516113, 48.6072754 ], [ -93.8035645, 48.5489258 ], [ -93.7077148, 48.5254395 ], [ -93.5642578, 48.5369141 ], [ -93.463623, 48.5612793 ], [ -93.3778809, 48.6165527 ], [ -93.257959, 48.6288574 ], [ -93.1552246, 48.6253418 ], [ -93.051709, 48.619873 ], [ -92.9962402, 48.6118164 ], [ -92.8367187, 48.5677734 ], [ -92.732666, 48.5318359 ], [ -92.583252, 48.4650879 ], [ -92.5005859, 48.4353516 ], [ -92.4608887, 48.3658691 ], [ -92.4145996, 48.2766113 ], [ -92.3484375, 48.2766113 ], [ -92.2986816, 48.3289062 ], [ -92.1717773, 48.3383789 ], [ -92.005175799999989, 48.3018555 ], [ -91.8583984, 48.1975586 ], [ -91.6473145, 48.1045898 ], [ -91.518310500000013, 48.0583008 ], [ -91.387207, 48.0585449 ], [ -91.2206543, 48.1045898 ], [ -91.043457, 48.1937012 ], [ -90.9160645, 48.2091309 ], [ -90.840332, 48.2005371 ], [ -90.7973145, 48.1310547 ], [ -90.7443848, 48.1045898 ], [ -90.6070801, 48.1125977 ], [ -90.3201172, 48.0991699 ], [ -90.0917969, 48.1181152 ], [ -90.0399414, 48.0781738 ], [ -89.9936523, 48.015332 ], [ -89.9010254, 47.995459 ], [ -89.7753906, 48.015332 ], [ -89.5505859, 47.9999023 ], [ -89.4556641, 47.9962402 ], [ -89.2731934, 48.0199707 ], [ -89.1856445, 48.0474121 ], [ -89.0625977, 48.0937988 ], [ -88.898681599999989, 48.1557129 ], [ -88.6117676, 48.2640137 ], [ -88.3781738, 48.3030762 ], [ -88.160644499999989, 48.2253906 ], [ -87.98745120000001, 48.1568848 ], [ -87.9205078, 48.1303711 ], [ -87.7438965, 48.0605469 ], [ -87.4942383, 47.9617676 ], [ -87.2080078, 47.8484863 ], [ -86.9218262, 47.7352051 ], [ -86.672168, 47.6364258 ], [ -86.4955566, 47.5666016 ], [ -86.4285645, 47.5400879 ], [ -86.2344727, 47.4600586 ], [ -86.0403809, 47.3800293 ], [ -85.8463379, 47.3 ], [ -85.6522461, 47.2199707 ], [ -85.4582031, 47.1399414 ], [ -85.26411130000001, 47.0599609 ], [ -85.0700684, 46.9799316 ], [ -84.8759766, 46.8999023 ], [ -84.8270508, 46.7668457 ], [ -84.7793945, 46.6373047 ], [ -84.6657715, 46.5432617 ], [ -84.5617676, 46.457373 ], [ -84.5015625, 46.4618652 ], [ -84.4404785, 46.4981445 ], [ -84.401709, 46.515625 ], [ -84.3367187, 46.5185059 ], [ -84.1921875, 46.5495605 ], [ -84.149462900000017, 46.5427734 ], [ -84.1251953, 46.5272461 ], [ -84.1231934, 46.5029297 ], [ -84.128125, 46.4835938 ], [ -84.1504883, 46.4447754 ], [ -84.1151855, 46.3708008 ], [ -84.1077637, 46.288623 ], [ -84.0883789, 46.2265137 ], [ -84.0291992, 46.1470215 ], [ -83.9777832, 46.0849121 ], [ -83.9130371, 46.0729004 ], [ -83.7631836, 46.109082 ], [ -83.6692871, 46.1227539 ], [ -83.6159668, 46.1168457 ], [ -83.5247559, 46.0586914 ], [ -83.480127, 46.0237305 ], [ -83.4694824, 45.9946777 ], [ -83.5926758, 45.8171387 ], [ -83.3973145, 45.7290527 ], [ -83.1792969, 45.6327637 ], [ -82.9193359, 45.5179687 ], [ -82.7604004, 45.4477051 ], [ -82.5510742, 45.3473633 ], [ -82.5152344, 45.2043945 ], [ -82.4850586, 45.0837402 ], [ -82.446582, 44.9155273 ], [ -82.407373, 44.7439453 ], [ -82.3682617, 44.572998 ], [ -82.3268066, 44.3915527 ], [ -82.28125, 44.1922363 ], [ -82.2407715, 44.015332 ], [ -82.196582, 43.8222168 ], [ -82.1378418, 43.5708984 ], [ -82.1903809, 43.474072299999989 ], [ -82.304785200000012, 43.2632324 ], [ -82.4082031, 43.0726562 ], [ -82.417236300000013, 43.0173828 ], [ -82.488330100000013, 42.739502 ], [ -82.5453125, 42.624707 ], [ -82.6451172, 42.5580566 ], [ -82.7441895, 42.493457 ], [ -82.8677734, 42.3852051 ], [ -83.003710900000016, 42.3317383 ], [ -83.0731445, 42.300293 ], [ -83.1095215, 42.2506836 ], [ -83.1496582, 42.1419434 ], [ -83.1419434, 41.9758789 ], [ -83.0299805, 41.832959 ], [ -82.8662109, 41.7530273 ], [ -82.6900391, 41.6751953 ], [ -82.4390625, 41.6748535 ], [ -82.2133301, 41.7787109 ], [ -81.9741699, 41.8887207 ], [ -81.7609375, 41.9868164 ], [ -81.5073242, 42.1034668 ], [ -81.2776367, 42.2091797 ], [ -81.0282227, 42.247168 ], [ -80.6826172, 42.2997559 ], [ -80.2475586, 42.3660156 ], [ -80.0357422, 42.4414551 ], [ -79.7620117, 42.5389648 ], [ -79.4462402, 42.6514648 ], [ -79.1737305, 42.7485352 ], [ -79.0367187, 42.8023438 ], [ -78.9392578, 42.8637207 ], [ -78.9150879, 42.9091309 ], [ -78.9208496, 42.9352051 ], [ -78.9459961, 42.961328099999989 ], [ -78.9807617, 42.9806152 ], [ -79.0116699, 42.9970215 ], [ -79.0261719, 43.017334 ], [ -79.0290527, 43.0617676 ], [ -79.047998, 43.0873047 ], [ -79.06606450000001, 43.1061035 ], [ -79.0592285, 43.2780762 ], [ -79.0830566, 43.3313965 ], [ -79.171875, 43.4665527 ], [ -79.0024902, 43.5271484 ], [ -78.8455566, 43.5833496 ], [ -78.7204102, 43.6249512 ], [ -78.458252, 43.6314941 ], [ -78.2147949, 43.6306641 ], [ -77.879248, 43.629541 ], [ -77.5965332, 43.6286133 ], [ -77.2666992, 43.6274902 ], [ -77.0733398, 43.6268555 ], [ -76.8199707, 43.6288086 ], [ -76.6964844, 43.784814499999989 ], [ -76.5861328, 43.9243164 ], [ -76.4645996, 44.0576172 ], [ -76.2485352, 44.2141113 ], [ -76.185791, 44.2422363 ], [ -76.1511719, 44.3039551 ], [ -76.0202148, 44.362597699999988 ], [ -75.8759277, 44.4169922 ], [ -75.8193359, 44.4680176 ], [ -75.7919434, 44.4970703 ], [ -75.4012695, 44.7722656 ], [ -75.1793945, 44.8993652 ], [ -74.9961426, 44.9701172 ], [ -74.8566406, 45.0039063 ], [ -74.7624512, 44.9990723 ], [ -74.7088867, 45.0038574 ], [ -74.3583008, 45.2063965 ], [ -74.0980957, 45.3240234 ], [ -73.9738281, 45.3451172 ], [ -73.9996094, 45.4333496 ], [ -74.2476562, 45.492871099999988 ], [ -74.3150879, 45.5310547 ], [ -74.0378418, 45.5018555 ], [ -73.8974121, 45.5641602 ], [ -73.7978516, 45.6549316 ], [ -73.7118652, 45.7111816 ], [ -73.4766113, 45.7382324 ], [ -73.2835449, 45.8998535 ], [ -73.1796875, 46.025 ], [ -73.1454102, 46.0663086 ], [ -73.02192380000001, 46.1202637 ], [ -72.9810059, 46.2097168 ], [ -72.8426758, 46.2624023 ], [ -72.680127, 46.2873047 ], [ -72.2566406, 46.4850586 ], [ -72.2046387, 46.5588867 ], [ -72.0284668, 46.6074219 ], [ -71.8795898, 46.6868164 ], [ -71.7572754, 46.673584 ], [ -71.6247559, 46.6983887 ], [ -71.2677734, 46.795947299999987 ], [ -71.115625, 46.9249512 ], [ -70.9727051, 47.0066895 ], [ -70.7058594, 47.1397949 ], [ -70.4480469, 47.4234375 ], [ -70.3000977, 47.5030273 ], [ -69.9944336, 47.7398926 ], [ -69.9055664, 47.8322266 ], [ -69.8398437, 47.9525879 ], [ -69.775, 48.0980957 ], [ -69.8655273, 48.1722656 ], [ -69.9711914, 48.2057617 ], [ -70.1453125, 48.2435547 ], [ -70.5006348, 48.3543457 ], [ -70.6710938, 48.3532227 ], [ -70.8387695, 48.3673828 ], [ -70.9226074, 48.4223145 ], [ -71.0182617, 48.4556152 ], [ -70.3836914, 48.3665039 ], [ -70.1106445, 48.2779785 ], [ -70.0010254, 48.2709473 ], [ -69.851709, 48.207373 ], [ -69.7619141, 48.1911621 ], [ -69.673877, 48.1991699 ], [ -69.5500977, 48.2507813 ], [ -69.3749512, 48.3864258 ], [ -69.2307617, 48.5736328 ], [ -68.9290527, 48.8289551 ], [ -68.669043, 48.939502 ], [ -68.6278809, 49.0071777 ], [ -68.5438477, 49.0561523 ], [ -68.4144043, 49.0995117 ], [ -68.2945312, 49.1143555 ], [ -68.2206055, 49.1496582 ], [ -68.2819336, 49.197168 ], [ -68.05625, 49.2567871 ], [ -67.5492676, 49.3322754 ], [ -67.4692383, 49.3346191 ], [ -67.3720215, 49.3484375 ], [ -67.2619141, 49.4511719 ], [ -67.234375, 49.6017578 ], [ -66.9411621, 49.9937012 ], [ -66.7408691, 50.0655273 ], [ -66.6217285, 50.1554199 ], [ -66.5500488, 50.1611816 ], [ -66.4955078, 50.2118652 ], [ -66.411084, 50.2242676 ], [ -66.3688477, 50.2066406 ], [ -66.2421875, 50.2203613 ], [ -66.1255371, 50.2010254 ], [ -65.9553711, 50.2941406 ], [ -65.7624512, 50.2592773 ], [ -65.2686035, 50.3200195 ], [ -65.1809082, 50.2979004 ], [ -64.8678711, 50.2754883 ], [ -64.5089355, 50.3089355 ], [ -64.1704102, 50.2694336 ], [ -64.0158203, 50.3039551 ], [ -63.8539551, 50.3143555 ], [ -63.7335938, 50.3046387 ], [ -63.5866699, 50.2582031 ], [ -63.238623, 50.2425781 ], [ -63.1356445, 50.2937988 ], [ -62.9497559, 50.2913574 ], [ -62.8302246, 50.3014648 ], [ -62.7154297, 50.3016602 ], [ -62.540918, 50.2845215 ], [ -62.361669899999988, 50.2772949 ], [ -62.1652344, 50.238916 ], [ -61.919531199999987, 50.2328613 ], [ -61.8353516, 50.1969727 ], [ -61.7248535, 50.1040527 ], [ -61.289746099999988, 50.2019531 ], [ -61.1807129, 50.1915039 ], [ -60.9562988, 50.205419899999988 ], [ -60.8072266, 50.2498047 ], [ -60.6082031, 50.2211426 ], [ -60.4380859, 50.2388672 ], [ -60.0801758, 50.2545898 ], [ -59.8863281, 50.3164063 ], [ -59.815332, 50.4182617 ], [ -59.6119141, 50.4920898 ], [ -59.3780273, 50.6754395 ], [ -59.165380899999988, 50.7798828 ], [ -59.0549316, 50.8791016 ], [ -58.6375977, 51.1716797 ], [ -58.6147461, 51.2370605 ], [ -58.5932617, 51.2571289 ], [ -58.5103516, 51.2950684 ], [ -58.4422852, 51.3059082 ], [ -58.270459, 51.2952148 ], [ -58.0894043, 51.3109863 ], [ -58.0226563, 51.3220703 ], [ -57.8537598, 51.3995117 ], [ -57.7695801, 51.4259277 ], [ -57.4616699, 51.4690918 ], [ -57.2992188, 51.4782715 ], [ -57.0956055, 51.4425293 ], [ -57.0182617, 51.4467773 ], [ -56.9759766, 51.457666 ], [ -56.548584, 51.681005899999988 ], [ -56.2825684, 51.7970703 ], [ -56.0174805, 51.9292969 ], [ -55.6952148, 52.137793 ], [ -55.6728027, 52.1901367 ], [ -55.6910645, 52.2416016 ], [ -55.7834961, 52.2799316 ], [ -55.8336426, 52.3104004 ], [ -56.0046387, 52.3704102 ], [ -56.0117187, 52.3944824 ], [ -55.8966797, 52.3695801 ], [ -55.7771484, 52.3642578 ], [ -55.7162109, 52.3915039 ], [ -55.705957, 52.4282715 ], [ -55.7464844, 52.4745605 ], [ -55.8401855, 52.5076172 ], [ -56.0525879, 52.5374023 ], [ -56.228418, 52.5359863 ], [ -56.3249023, 52.5445312 ], [ -56.2923828, 52.5737793 ], [ -56.1669922, 52.5747559 ], [ -55.8484375, 52.6233398 ], [ -55.802832, 52.6431641 ], [ -55.818652299999989, 52.6771484 ], [ -55.872509799999989, 52.7356934 ], [ -55.8579102, 52.8233887 ], [ -55.8298828, 52.878418 ], [ -55.892334, 53.0004395 ], [ -55.8082031, 53.134668 ], [ -55.7979492, 53.2119629 ], [ -55.8168945, 53.245752 ], [ -55.8547852, 53.2858398 ], [ -55.8633789, 53.3122559 ], [ -55.859375, 53.3438965 ], [ -55.9112305, 53.3908203 ], [ -55.966113299999989, 53.4711426 ], [ -56.1101562, 53.5875977 ], [ -56.2702148, 53.6000977 ], [ -56.3540039, 53.6244629 ], [ -56.4443359, 53.7183105 ], [ -56.4649902, 53.765039099999989 ], [ -56.5243164, 53.7664551 ], [ -56.696582, 53.757666 ], [ -56.8408691, 53.7394531 ], [ -57.012158199999988, 53.6726074 ], [ -57.2213867, 53.5285156 ], [ -57.3317383, 53.4690918 ], [ -57.3861328, 53.5605469 ], [ -57.420214799999989, 53.583252 ], [ -57.5273437, 53.5999023 ], [ -57.5240723, 53.6114258 ], [ -57.4894531, 53.6331055 ], [ -57.2439941, 53.7154785 ], [ -57.1569336, 53.7568848 ], [ -57.1349609, 53.7918457 ], [ -57.1489746, 53.8477051 ], [ -57.198877, 53.9243652 ], [ -57.4160645, 54.1627441 ], [ -57.6149414, 54.1911133 ], [ -58.1920898, 54.2281738 ], [ -58.3099609, 54.2016602 ], [ -58.3561523, 54.171923799999988 ], [ -58.360791, 54.1544922 ], [ -58.3174805, 54.1144531 ], [ -58.1774414, 54.1312988 ], [ -58.0648437, 54.1267578 ], [ -57.9282715, 54.1035645 ], [ -57.9359863, 54.0911621 ], [ -58.088085899999989, 54.089502 ], [ -58.326709, 54.0518066 ], [ -58.6520508, 53.9778809 ], [ -58.9195801, 53.875293 ], [ -59.1293945, 53.7439453 ], [ -59.3222656, 53.64375 ], [ -59.4981445, 53.5747559 ], [ -59.6210937, 53.5368164 ], [ -59.8290527, 53.504541 ], [ -59.8817383, 53.4800781 ], [ -59.9871094, 53.3928223 ], [ -60.148339799999988, 53.306543 ], [ -60.3294922, 53.2661133 ], [ -60.3375, 53.2774414 ], [ -60.3457031, 53.2890137 ], [ -60.2727051, 53.3170898 ], [ -60.2511719, 53.3435547 ], [ -60.3057617, 53.3601074 ], [ -60.2902832, 53.3914551 ], [ -60.1571289, 53.4498047 ], [ -60.100293, 53.4869629 ], [ -60.1602539, 53.5299805 ], [ -60.3695313, 53.6074707 ], [ -60.3954102, 53.6533203 ], [ -60.2633301, 53.6100586 ], [ -60.1449219, 53.5961426 ], [ -60.1172852, 53.6101074 ], [ -60.100488299999988, 53.6342285 ], [ -60.0813477, 53.7010254 ], [ -60.056543, 53.7333496 ], [ -60.0141602, 53.7615723 ], [ -59.8733398, 53.8077637 ], [ -59.8230469, 53.8344238 ], [ -59.7494629, 53.8422852 ], [ -59.6526855, 53.83125 ], [ -59.496533199999988, 53.8341797 ], [ -59.201416, 53.9291016 ], [ -59.0388184, 53.963623 ], [ -59.0126465, 53.9762695 ], [ -58.9784668, 54.010253899999988 ], [ -58.9202148, 54.0331055 ], [ -58.8408203, 54.0444824 ], [ -58.7194336, 54.0394043 ], [ -58.633203099999982, 54.0495605 ], [ -58.5583984, 54.1029785 ], [ -58.4352051, 54.228125 ], [ -58.3591309, 54.2533203 ], [ -58.219726599999987, 54.2864746 ], [ -58.1619141, 54.3199707 ], [ -58.1513672, 54.3504395 ], [ -57.8891113, 54.384082 ], [ -57.6992676, 54.3865723 ], [ -57.5632324, 54.4404297 ], [ -57.4853516, 54.5174805 ], [ -57.4044434, 54.5704102 ], [ -57.4044922, 54.5908691 ], [ -57.4830078, 54.6402832 ], [ -57.6266113, 54.6503418 ], [ -57.7249023, 54.6737305 ], [ -57.8268555, 54.7186523 ], [ -57.9292969, 54.7731445 ], [ -57.9624512, 54.8757324 ], [ -58.0584961, 54.882226599999989 ], [ -58.1952637, 54.865918 ], [ -58.2228516, 54.8126953 ], [ -58.3981445, 54.7741211 ], [ -58.4999023, 54.7831055 ], [ -58.7801758, 54.838378899999988 ], [ -58.885791, 54.9522461 ], [ -58.9558105, 55.0550781 ], [ -58.9971191, 55.1494629 ], [ -59.0863281, 55.183252 ], [ -59.2595703, 55.1999512 ], [ -59.324169899999987, 55.152832 ], [ -59.3941895, 55.080712899999988 ], [ -59.4285645, 55.0555176 ], [ -59.7499023, 54.8870117 ], [ -59.837793, 54.8139648 ], [ -59.8164062, 54.8672363 ], [ -59.7416992, 54.9425781 ], [ -59.4858398, 55.1301758 ], [ -59.4378906, 55.1759277 ], [ -59.5176758, 55.1973633 ], [ -59.6054687, 55.1733398 ], [ -59.6890625, 55.1963379 ], [ -59.6955078, 55.2691406 ], [ -59.7587891, 55.3095703 ], [ -59.8621094, 55.294873 ], [ -59.9303223, 55.2594238 ], [ -60.2125488, 55.2364258 ], [ -60.3407715, 55.1939453 ], [ -60.556543, 55.0674805 ], [ -60.6171387, 55.0602051 ], [ -60.5205078, 55.1290039 ], [ -60.4500977, 55.1999512 ], [ -60.4331055, 55.2427734 ], [ -60.3609375, 55.3663086 ], [ -60.2240234, 55.4443848 ], [ -60.1923828, 55.4809082 ], [ -60.3083008, 55.5569824 ], [ -60.3519531, 55.6123535 ], [ -60.4083008, 55.6495605 ], [ -60.3654297, 55.709082 ], [ -60.3410156, 55.784668 ], [ -60.4125977, 55.7885742 ], [ -60.4758301, 55.805127 ], [ -60.5621094, 55.727002 ], [ -60.5925781, 55.8148438 ], [ -60.630957, 55.825 ], [ -60.7366211, 55.8869629 ], [ -60.7432617, 55.9414551 ], [ -60.8318359, 55.9578613 ], [ -60.8926758, 55.914209 ], [ -60.995752, 55.8623535 ], [ -61.0893555, 55.8663574 ], [ -61.122998, 55.8885742 ], [ -61.1338867, 55.9302734 ], [ -61.1878906, 55.9553711 ], [ -61.3512695, 55.9736816 ], [ -61.4495117, 55.9957031 ], [ -61.4489258, 56.0223633 ], [ -61.301123, 56.047168 ], [ -61.3244141, 56.0762207 ], [ -61.364697299999989, 56.2160156 ], [ -61.4210938, 56.2218262 ], [ -61.5585937, 56.2078125 ], [ -61.7130859, 56.230957 ], [ -61.7071289, 56.2887207 ], [ -61.4986816, 56.3275879 ], [ -61.425293, 56.3606445 ], [ -61.5145996, 56.390332 ], [ -61.692480499999988, 56.3970703 ], [ -61.940429699999989, 56.423584 ], [ -62.009668, 56.4538574 ], [ -61.8994141, 56.5054199 ], [ -61.7600586, 56.5107422 ], [ -61.7377441, 56.5260254 ], [ -61.8133789, 56.5705078 ], [ -61.8549316, 56.5842773 ], [ -61.9916016, 56.5908203 ], [ -62.1165039, 56.6668457 ], [ -62.3955078, 56.7300293 ], [ -62.4972656, 56.801709 ], [ -62.4602051, 56.818457 ], [ -62.372021499999988, 56.8361816 ], [ -62.2958008, 56.8328125 ], [ -62.3817383, 56.7876953 ], [ -62.3661133, 56.7669922 ], [ -62.0625, 56.6990723 ], [ -61.5316895, 56.6545898 ], [ -61.3716309, 56.6808105 ], [ -61.3728027, 56.7758301 ], [ -61.3904785, 56.8529785 ], [ -61.345752, 56.921582 ], [ -61.333740199999987, 57.0105957 ], [ -61.6285156, 57.1831543 ], [ -61.7163086, 57.1961914 ], [ -61.7983398, 57.1862305 ], [ -61.8608398, 57.1975586 ], [ -61.9445312, 57.228125 ], [ -61.9774414, 57.2479492 ], [ -61.9388672, 57.2743652 ], [ -61.8858398, 57.3478516 ], [ -61.8498047, 57.3704102 ], [ -61.8510742, 57.3812988 ], [ -61.9211426, 57.4208008 ], [ -62.0880859, 57.452832 ], [ -62.1942383, 57.4545898 ], [ -62.3032227, 57.4406738 ], [ -62.3964844, 57.4481934 ], [ -62.4549805, 57.461962899999989 ], [ -62.4955566, 57.489209 ], [ -62.3771484, 57.4779785 ], [ -62.3385742, 57.4845215 ], [ -62.2536133, 57.5287598 ], [ -62.1668945, 57.5365723 ], [ -62.0839844, 57.561914099999989 ], [ -61.9679687, 57.6119141 ], [ -61.93125, 57.6685547 ], [ -61.9949219, 57.7694336 ], [ -61.9677734, 57.8033203 ], [ -61.9140625, 57.8250488 ], [ -61.8990723, 57.8613281 ], [ -61.9586426, 57.9117676 ], [ -62.1174316, 57.9641113 ], [ -62.2015137, 57.9546387 ], [ -62.3056641, 57.9722656 ], [ -62.4862305, 58.1540527 ], [ -62.588085899999989, 58.1581055 ], [ -62.8175293, 58.129248 ], [ -62.9809082, 58.0933105 ], [ -63.2200195, 58.002148399999989 ], [ -63.2615234, 58.0146973 ], [ -63.1516602, 58.0841797 ], [ -63.062793, 58.127099599999987 ], [ -62.8120605, 58.2003906 ], [ -62.674316399999988, 58.319189500000014 ], [ -62.5938477, 58.4740234 ], [ -62.6078613, 58.4963867 ], [ -62.7373047, 58.4921875 ], [ -62.8374023, 58.4793945 ], [ -63.0756836, 58.4147949 ], [ -63.1321289, 58.4108398 ], [ -63.1195312, 58.441748 ], [ -63.1455078, 58.4604492 ], [ -63.2099609, 58.4669434 ], [ -63.2964844, 58.4412109 ], [ -63.4736328, 58.3306641 ], [ -63.5370605, 58.3299316 ], [ -63.4379395, 58.3988281 ], [ -63.3899414, 58.4525391 ], [ -63.2186523, 58.5195313 ], [ -63.1023437, 58.545752 ], [ -62.873877, 58.6724609 ], [ -62.9260742, 58.7650391 ], [ -63.0083496, 58.8554199 ], [ -63.050293, 58.8781738 ], [ -63.1853516, 58.8577637 ], [ -63.2821289, 58.867382799999987 ], [ -63.2219238, 58.9110352 ], [ -63.2164062, 58.9279785 ], [ -63.2794434, 59.0031738 ], [ -63.309863299999989, 59.0264648 ], [ -63.3037109, 59.0344238 ], [ -63.2225098, 59.0571777 ], [ -63.2484375, 59.0683105 ], [ -63.3255371, 59.0815918 ], [ -63.3989746, 59.0796387 ], [ -63.5678711, 59.0470215 ], [ -63.7936523, 59.027002 ], [ -63.9410156, 59.0273926 ], [ -63.9711426, 59.0538086 ], [ -63.910498, 59.0655762 ], [ -63.7563965, 59.0634766 ], [ -63.6455078, 59.0789062 ], [ -63.5062012, 59.1151855 ], [ -63.4151367, 59.1943848 ], [ -63.5398926, 59.3328613 ], [ -63.6375, 59.3414551 ], [ -63.752002, 59.2773438 ], [ -63.7758789, 59.2771484 ], [ -63.7585937, 59.3186523 ], [ -63.7808594, 59.3492676 ], [ -63.945459, 59.3801758 ], [ -63.9707031, 59.409082 ], [ -63.8503906, 59.4478027 ], [ -63.7501953, 59.5125977 ], [ -63.8412598, 59.5744141 ], [ -63.9288086, 59.6449219 ], [ -63.9694824, 59.6976074 ], [ -63.9787109, 59.7537109 ], [ -64.0560547, 59.8225586 ], [ -64.1506836, 59.7936035 ], [ -64.2263184, 59.7412109 ], [ -64.1687988, 59.8465332 ], [ -64.1828613, 59.9729492 ], [ -64.2834961, 60.0640625 ], [ -64.4077148, 60.0647949 ], [ -64.5591797, 60.0434082 ], [ -64.7325684, 59.9975586 ], [ -64.768457, 60.0121094 ], [ -64.7132812, 60.0371582 ], [ -64.527734400000014, 60.0945312 ], [ -64.4195801, 60.1713867 ], [ -64.4363281, 60.228125 ], [ -64.4994141, 60.2682617 ], [ -64.7058594, 60.3361328 ], [ -64.817334, 60.3310547 ], [ -64.8450195, 60.3083008 ], [ -64.8895508, 60.2865234 ], [ -64.93125, 60.252002 ], [ -65.0733887, 60.062207 ], [ -65.1048828, 59.9934082 ], [ -65.1717285, 59.9080078 ], [ -65.1813965, 59.8666504 ], [ -65.1592285, 59.830127 ], [ -65.1132812, 59.8016113 ], [ -65.0281738, 59.7707031 ], [ -65.0544922, 59.7527832 ], [ -65.2122559, 59.8095215 ], [ -65.2887695, 59.8180664 ], [ -65.3579102, 59.809082 ], [ -65.406152300000016, 59.7952148 ], [ -65.4333984, 59.7765137 ], [ -65.4808594, 59.690234399999987 ], [ -65.4864746, 59.648681599999989 ], [ -65.4751953, 59.6167969 ], [ -65.4074219, 59.5393555 ], [ -65.3455078, 59.5110352 ], [ -65.2631836, 59.495459 ], [ -65.1709473, 59.4622559 ], [ -65.0688477, 59.4114746 ], [ -65.0382324, 59.3878906 ], [ -65.0743164, 59.3780273 ], [ -65.2737793, 59.4641602 ], [ -65.349707, 59.4788086 ], [ -65.4750977, 59.4703125 ], [ -65.4893555, 59.4477539 ], [ -65.4072754, 59.3302246 ], [ -65.4117187, 59.3149902 ], [ -65.512793, 59.3503906 ], [ -65.5453125, 59.3197266 ], [ -65.5780273, 59.2449707 ], [ -65.6071289, 59.2131348 ], [ -65.6607422, 59.2296875 ], [ -65.6916992, 59.2293945 ], [ -65.7, 59.2133301 ], [ -65.665625, 59.1527832 ], [ -65.6398438, 59.1277344 ], [ -65.60625, 59.1107422 ], [ -65.4959961, 59.0913086 ], [ -65.3835449, 59.0602051 ], [ -65.3962402, 59.0384277 ], [ -65.5263184, 59.0362305 ], [ -65.5439941, 59.0118652 ], [ -65.6952637, 59.0320313 ], [ -65.7209961, 59.0237793 ], [ -65.7219238, 59.0025879 ], [ -65.7035645, 58.970605500000012 ], [ -65.7948242, 58.9804688 ], [ -65.8414062, 58.9770508 ], [ -65.9207031, 58.9146484 ], [ -65.9184082, 58.895605499999988 ], [ -65.8359375, 58.860498 ], [ -65.854834, 58.8466309 ], [ -65.967041, 58.839209 ], [ -66.0430664, 58.820654299999987 ], [ -66.0493652, 58.7878906 ], [ -66.0212891, 58.7347656 ], [ -65.9496582, 58.6498535 ], [ -65.9279297, 58.6109375 ], [ -65.9229004, 58.571972699999989 ], [ -65.93125, 58.5350586 ], [ -66.0023926, 58.4312012 ], [ -66.017041, 58.4308105 ], [ -66.029541, 58.5667969 ], [ -66.0446289, 58.605615199999988 ], [ -66.090918, 58.659033199999989 ], [ -66.1682129, 58.727099599999988 ], [ -66.2374023, 58.7722656 ], [ -66.2985352, 58.7945312 ], [ -66.3624023, 58.7911621 ], [ -66.4799805, 58.7309082 ], [ -66.5150391, 58.6973145 ], [ -66.5577148, 58.6366211 ], [ -66.6079102, 58.5489258 ], [ -66.722168, 58.4910156 ], [ -66.9003906, 58.462793 ], [ -67.0194336, 58.4329102 ], [ -67.1628418, 58.3703613 ], [ -67.3819824, 58.3 ], [ -67.5696289, 58.2134766 ], [ -67.5963379, 58.1861328 ], [ -67.6171875, 58.140332 ], [ -67.6322266, 58.076123 ], [ -67.6782715, 57.9911133 ], [ -67.6976563, 58.0087402 ], [ -67.6805664, 58.1070313 ], [ -67.6881836, 58.1402344 ], [ -67.6896973, 58.2437988 ], [ -67.7370605, 58.3854492 ], [ -67.755957, 58.404589799999989 ], [ -67.8052246, 58.3654785 ], [ -67.8233398, 58.3102539 ], [ -67.8558594, 58.2726074 ], [ -68.0089844, 58.1520508 ], [ -68.0638672, 58.138964799999989 ], [ -67.9114258, 58.2672363 ], [ -67.8882812, 58.295752 ], [ -67.887793, 58.3293945 ], [ -67.9811523, 58.4612305 ], [ -68.0210449, 58.4853027 ], [ -68.1110352, 58.4733398 ], [ -68.1755371, 58.4025879 ], [ -68.2891113, 58.1776855 ], [ -68.351855500000013, 58.0907227 ], [ -68.4135742, 58.0517578 ], [ -68.4950684, 58.0116699 ], [ -68.780957, 57.975830099999989 ], [ -69.0408203, 57.9024902 ], [ -69.0354492, 57.9260254 ], [ -68.9453125, 57.9687988 ], [ -68.8257812, 57.9998535 ], [ -68.596875, 58.0368652 ], [ -68.4681641, 58.0763184 ], [ -68.356543, 58.1632324 ], [ -68.3146973, 58.2269043 ], [ -68.2338867, 58.3992188 ], [ -68.2293945, 58.4845703 ], [ -68.2351562, 58.5281738 ], [ -68.2529785, 58.5566406 ], [ -68.3264648, 58.5954102 ], [ -68.3811523, 58.7435059 ], [ -68.4143066, 58.7827148 ], [ -68.4749023, 58.8234863 ], [ -68.5628906, 58.865918 ], [ -68.6373047, 58.8928711 ], [ -68.6981934, 58.904541 ], [ -68.9415039, 58.888916 ], [ -69.063623, 58.8982422 ], [ -69.1734863, 58.8966309 ], [ -69.2710937, 58.8839355 ], [ -69.3818359, 58.8507324 ], [ -69.6505371, 58.7282715 ], [ -69.7898926, 58.6893066 ], [ -69.8785645, 58.6969727 ], [ -70.0330078, 58.745166 ], [ -70.1543457, 58.7605957 ], [ -70.1599609, 58.7894043 ], [ -69.9791504, 58.8163574 ], [ -69.8675781, 58.8561523 ], [ -69.8416016, 58.8811523 ], [ -69.8286133, 58.9053711 ], [ -69.8285156, 58.9287598 ], [ -69.8136719, 58.9455566 ], [ -69.7841797, 58.9557129 ], [ -69.7530273, 58.939599599999987 ], [ -69.6773437, 58.8313477 ], [ -69.6483887, 58.8208008 ], [ -69.6082031, 58.8294922 ], [ -69.5316406, 58.8692383 ], [ -69.5000977, 58.9206543 ], [ -69.4746582, 59.0 ], [ -69.4480957, 59.0491699 ], [ -69.4203125, 59.0682129 ], [ -69.4141113, 59.0868652 ], [ -69.459765600000011, 59.1524414 ], [ -69.4504883, 59.180029299999987 ], [ -69.3504395, 59.2771973 ], [ -69.344043, 59.3030762 ], [ -69.4, 59.337793 ], [ -69.6818848, 59.341748 ], [ -69.7108887, 59.3925293 ], [ -69.6923828, 59.4884277 ], [ -69.6562012, 59.565087899999988 ], [ -69.6023437, 59.6227051 ], [ -69.5793945, 59.675097699999988 ], [ -69.5874023, 59.722314499999989 ], [ -69.6302246, 59.8218262 ], [ -69.6734375, 59.870752 ], [ -69.7339355, 59.9180176 ], [ -69.8056641, 59.944873 ], [ -70.3268555, 59.971386699999989 ], [ -70.4666504, 59.9708496 ], [ -70.6197266, 59.9842773 ], [ -70.654834, 60.0262207 ], [ -70.5093262, 60.015185499999987 ], [ -69.9628418, 60.0178223 ], [ -69.7956543, 60.0297363 ], [ -69.6737305, 60.0758789 ], [ -69.6297852, 60.1221191 ], [ -69.6231445, 60.145459 ], [ -69.6287598, 60.198584 ], [ -69.6331055, 60.2203613 ], [ -69.7084961, 60.2859375 ], [ -69.7405762, 60.3322754 ], [ -69.7559082, 60.3885254 ], [ -69.7594727, 60.4402344 ], [ -69.7512695, 60.4874512 ], [ -69.7213867, 60.5674316 ], [ -69.6404785, 60.6897949 ], [ -69.5742187, 60.7427246 ], [ -69.4899414, 60.7795898 ], [ -69.4334473, 60.8142578 ], [ -69.4047363, 60.8467773 ], [ -69.3983398, 60.8828613 ], [ -69.4143555, 60.9224609 ], [ -69.4719238, 61.0109375 ], [ -69.5033203, 61.0404297 ], [ -69.5569824, 61.059668 ], [ -69.6236328, 61.049511699999989 ], [ -69.6504395, 61.0141602 ], [ -69.6775879, 60.9495605 ], [ -69.7083984, 60.9146484 ], [ -69.8004395, 60.9066895 ], [ -69.9092285, 60.8601074 ], [ -69.9924316, 60.8564941 ], [ -70.0953125, 60.8802734 ], [ -70.1458984, 60.9218262 ], [ -70.1441406, 60.9811035 ], [ -70.157959, 61.0206543 ], [ -70.187207, 61.0405273 ], [ -70.2792969, 61.0686523 ], [ -70.3836426, 61.063964799999987 ], [ -70.5407715, 61.0424805 ], [ -70.7232422, 61.0551758 ], [ -71.0349609, 61.1255371 ], [ -71.1751465, 61.1465332 ], [ -71.3484375, 61.1489746 ], [ -71.4227051, 61.1589355 ], [ -71.5515137, 61.2132813 ], [ -71.743457, 61.3372559 ], [ -71.7321289, 61.3720703 ], [ -71.6464355, 61.3987305 ], [ -71.6453125, 61.4131348 ], [ -71.7936523, 61.4211914 ], [ -71.8543945, 61.4397949 ], [ -71.8410156, 61.4660156 ], [ -71.7557617, 61.5267578 ], [ -71.6562012, 61.5509277 ], [ -71.6194336, 61.5729004 ], [ -71.6047852, 61.5923828 ], [ -71.6382812, 61.6171875 ], [ -71.8661133, 61.688525399999989 ], [ -71.9222656, 61.6769531 ], [ -71.9644043, 61.6362793 ], [ -72.0230957, 61.6119629 ], [ -72.2158691, 61.587255899999988 ], [ -72.2470703, 61.6020508 ], [ -72.0820312, 61.6414062 ], [ -72.0429688, 61.6646973 ], [ -72.0400391, 61.6802734 ], [ -72.0814453, 61.7282715 ], [ -72.126123, 61.753222699999988 ], [ -72.1784668, 61.8018066 ], [ -72.226123, 61.8315918 ], [ -72.3607422, 61.887793 ], [ -72.5055664, 61.9226563 ], [ -72.573877, 61.9071289 ], [ -72.6606445, 61.8632324 ], [ -72.7273926, 61.838623 ], [ -72.7716309, 61.8404297 ], [ -72.6660156, 61.9553223 ], [ -72.6321289, 62.0272461 ], [ -72.6331055, 62.0527832 ], [ -72.6459961, 62.0766113 ], [ -72.6708008, 62.1138672 ], [ -72.6869629, 62.1245605 ], [ -72.7349609, 62.131103499999988 ], [ -72.881835900000013, 62.1253906 ], [ -72.9923828, 62.1804199 ], [ -73.0493652, 62.1982422 ], [ -73.195166, 62.2791504 ], [ -73.2989746, 62.3250488 ], [ -73.4283691, 62.3688477 ], [ -73.6299805, 62.4541992 ], [ -73.7050781, 62.4731445 ], [ -73.7639648, 62.46875 ], [ -73.877832, 62.434375 ], [ -74.0464844, 62.3700195 ], [ -74.2054688, 62.3213867 ], [ -74.4291992, 62.2718262 ], [ -74.6458008, 62.2111328 ], [ -74.6898926, 62.1834473 ], [ -74.6128906, 62.1251953 ], [ -74.6325684, 62.1156738 ], [ -74.9075684, 62.2300293 ], [ -75.0227539, 62.2644531 ], [ -75.1140137, 62.270752 ], [ -75.3412109, 62.3121094 ], [ -75.4092285, 62.3070801 ], [ -75.4888184, 62.2864258 ], [ -75.7898437, 62.1795898 ], [ -75.8092285, 62.1934082 ], [ -75.6755371, 62.2495117 ], [ -75.8168945, 62.3158691 ], [ -76.6163574, 62.4656738 ], [ -76.879394499999989, 62.5253906 ], [ -77.2052734, 62.5499512 ], [ -77.3724121, 62.5725098 ], [ -77.6039551, 62.5313965 ], [ -77.8999023, 62.4265625 ], [ -78.0681152, 62.3554199 ], [ -78.1085938, 62.3181152 ], [ -78.1333984, 62.2822754 ], [ -78.1469727, 62.2086914 ], [ -78.1371582, 62.107373 ], [ -78.0774902, 61.9233887 ], [ -78.0213867, 61.8320801 ], [ -77.9475586, 61.761865199999988 ], [ -77.8898926, 61.7287109 ], [ -77.8137695, 61.6947754 ], [ -77.6984375, 61.626416 ], [ -77.5143555, 61.5562988 ], [ -77.648877, 61.4786621 ], [ -77.7361816, 61.4373535 ], [ -77.7496094, 61.3930176 ], [ -77.7268066, 61.2306641 ], [ -77.730615200000017, 61.2063965 ], [ -77.7650391, 61.1575195 ], [ -77.830127, 61.0840332 ], [ -77.9341797, 61.0026367 ], [ -78.159668, 60.8521973 ], [ -78.1813477, 60.8191406 ], [ -78.1224609, 60.8096191 ], [ -77.9981445, 60.8182129 ], [ -77.8715332, 60.7858398 ], [ -77.6030273, 60.8251953 ], [ -77.589550800000012, 60.8085938 ], [ -77.660644499999989, 60.789502 ], [ -77.7342285, 60.6969727 ], [ -77.7612305, 60.6790527 ], [ -77.7908203, 60.6398438 ], [ -77.7149902, 60.5777832 ], [ -77.6394531, 60.5668945 ], [ -77.5155762, 60.5631836 ], [ -77.5035645, 60.5427246 ], [ -77.598144499999989, 60.5067383 ], [ -77.6814453, 60.4270996 ], [ -77.6486328, 60.3625 ], [ -77.4528809, 60.1458008 ], [ -77.461377, 60.1334961 ], [ -77.572168, 60.1009766 ], [ -77.5858887, 60.0881836 ], [ -77.547168, 60.0611328 ], [ -77.3118164, 60.0423828 ], [ -77.289209, 60.0220215 ], [ -77.3729492, 59.9250977 ], [ -77.3684082, 59.884375 ], [ -77.3276367, 59.8333984 ], [ -77.331640600000014, 59.7966309 ], [ -77.4745605, 59.7156738 ], [ -77.4853027, 59.6845703 ], [ -77.4110352, 59.6096191 ], [ -77.3490723, 59.5789551 ], [ -77.3966797, 59.5692383 ], [ -77.5904297, 59.6805176 ], [ -77.7261719, 59.6758789 ], [ -77.7475098, 59.6584961 ], [ -77.7334961, 59.580957 ], [ -77.7490234, 59.5581543 ], [ -77.8590332, 59.4757812 ], [ -77.8446777, 59.4435059 ], [ -77.7794434, 59.4104004 ], [ -77.7606934, 59.3800293 ], [ -77.8428223, 59.3050293 ], [ -77.9876465, 59.2455078 ], [ -78.0676758, 59.2001953 ], [ -78.1402344, 59.141748 ], [ -78.2444336, 59.0350586 ], [ -78.4305176, 58.9017578 ], [ -78.4586914, 58.873291 ], [ -78.4826172, 58.8291016 ], [ -78.5022949, 58.7690918 ], [ -78.5150879, 58.682373 ], [ -78.5059082, 58.6491211 ], [ -78.4629883, 58.6024414 ], [ -78.351709, 58.5806641 ], [ -78.0135742, 58.3991699 ], [ -77.8841309, 58.3507324 ], [ -77.684082, 58.2913574 ], [ -77.5524414, 58.2395996 ], [ -77.4891602, 58.1953125 ], [ -77.1567871, 58.0188965 ], [ -76.890918, 57.7581055 ], [ -76.8098145, 57.657959 ], [ -76.7862793, 57.598584 ], [ -76.6554199, 57.380566399999985 ], [ -76.601416, 57.2722656 ], [ -76.5728516, 57.1812012 ], [ -76.5255859, 56.8917969 ], [ -76.5196289, 56.7069824 ], [ -76.529834, 56.4999512 ], [ -76.5463867, 56.3587891 ], [ -76.6040527, 56.1995605 ], [ -76.6504883, 56.1072266 ], [ -76.7618164, 55.9964355 ], [ -76.9380859, 55.8672363 ], [ -77.0725586, 55.7562988 ], [ -77.1650879, 55.6635254 ], [ -77.3249512, 55.5555176 ], [ -77.7021484, 55.3441895 ], [ -77.775293, 55.2912598 ], [ -77.8911133, 55.2364258 ], [ -78.1288574, 55.1513184 ], [ -78.3036133, 55.0685547 ], [ -78.4750488, 55.0110352 ], [ -78.8462402, 54.9080078 ], [ -78.909228500000012, 54.8814941 ], [ -79.6655273, 54.6974609 ], [ -79.7123535, 54.6718262 ], [ -79.7139648, 54.6549805 ], [ -79.6704102, 54.6468262 ], [ -79.6317383, 54.6291016 ], [ -79.5979492, 54.6016602 ], [ -79.5206543, 54.4915527 ], [ -79.4759766, 54.3947754 ], [ -79.430566399999989, 54.3366211 ], [ -79.3561523, 54.2633789 ], [ -79.2956543, 54.2168457 ], [ -79.2159668, 54.1856934 ], [ -79.1467285, 54.1692383 ], [ -79.1388184, 54.1572266 ], [ -79.1788086, 54.1169434 ], [ -79.2417969, 54.098877 ], [ -79.0671387, 54.0519531 ], [ -79.0099121, 54.0239746 ], [ -78.9960449, 54.0024902 ], [ -79.073291, 53.951416 ], [ -79.0751465, 53.932373 ], [ -79.0320312, 53.8810547 ], [ -78.9443848, 53.8402344 ], [ -78.9457031, 53.8315918 ], [ -79.0031738, 53.8365723 ], [ -79.040332, 53.8179688 ], [ -79.0814453, 53.7422852 ], [ -79.1131348, 53.7171875 ], [ -79.1003418, 53.6566406 ], [ -79.0431152, 53.560498 ], [ -78.992041, 53.4103516 ], [ -78.9471191, 53.2062012 ], [ -78.8982422, 53.0433594 ], [ -78.8541016, 52.9760742 ], [ -78.7398437, 52.8989746 ], [ -78.7216797, 52.8564453 ], [ -78.7536133, 52.8124023 ], [ -78.7657715, 52.7600586 ], [ -78.7441406, 52.6553711 ], [ -78.7237793, 52.6277344 ], [ -78.6005859, 52.5351074 ], [ -78.5570801, 52.4918945 ], [ -78.5291016, 52.3991699 ], [ -78.5260742, 52.3106934 ], [ -78.5130859, 52.2911133 ], [ -78.4480957, 52.261377 ], [ -78.491650400000012, 52.2520996 ], [ -78.5373535, 52.2132812 ], [ -78.5933105, 52.1396973 ], [ -78.702002, 52.0327148 ], [ -78.8282227, 51.9629883 ], [ -78.8712402, 51.9134277 ], [ -78.8911133, 51.8451172 ], [ -78.9278809, 51.7988281 ], [ -78.9816406, 51.7745605 ], [ -78.9777344, 51.7337891 ], [ -78.7763184, 51.5657715 ], [ -78.7364258, 51.5266113 ], [ -78.7313477, 51.4974609 ], [ -78.8274414, 51.4299805 ], [ -78.8580078, 51.3839355 ], [ -78.8975098, 51.2716797 ], [ -78.9031738, 51.200293 ], [ -78.9369141, 51.2591309 ], [ -78.9843262, 51.386377 ], [ -79.0050293, 51.4253418 ], [ -79.0405273, 51.4637695 ], [ -79.0908691, 51.501709 ], [ -79.1527344, 51.5262207 ], [ -79.226123, 51.5373047 ], [ -79.2642578, 51.552002 ], [ -79.2969727, 51.6228027 ], [ -79.3386719, 51.6281738 ], [ -79.4975586, 51.5699219 ], [ -79.5280273, 51.5376953 ], [ -79.5474609, 51.4938477 ], [ -79.5857422, 51.4524414 ], [ -79.6429687, 51.4135254 ], [ -79.6888184, 51.346582 ], [ -79.7232422, 51.2516602 ], [ -79.7374512, 51.1862793 ], [ -79.7313965, 51.1504883 ], [ -79.7144531, 51.1175781 ], [ -79.6361816, 51.0490234 ], [ -79.4526367, 50.9172852 ], [ -79.3807129, 50.8345215 ], [ -79.3479004, 50.762646499999988 ], [ -79.4561523, 50.8755859 ], [ -79.6515137, 51.0078125 ], [ -79.8362305, 51.1733398 ], [ -79.9604004, 51.2351563 ], [ -80.1035645, 51.2828613 ], [ -80.2656738, 51.3163574 ], [ -80.3679687, 51.3298828 ], [ -80.4783203, 51.307324199999989 ], [ -80.6772461, 51.1908691 ], [ -80.7949707, 51.1318359 ], [ -80.8512207, 51.125 ], [ -80.6727051, 51.2647461 ], [ -80.4955078, 51.3446777 ], [ -80.4433105, 51.3885742 ], [ -80.44760740000001, 51.4322266 ], [ -80.4958496, 51.5250977 ], [ -80.5880371, 51.6672363 ], [ -80.657959, 51.7583496 ], [ -80.7055176, 51.7983398 ], [ -80.9685059, 51.9722168 ], [ -81.1271973, 52.0454102 ], [ -81.2850586, 52.089209 ], [ -81.3980957, 52.1422363 ], [ -81.4662109, 52.2044922 ], [ -81.5495117, 52.2367676 ], [ -81.647998, 52.239062499999989 ], [ -81.8145508, 52.2171875 ], [ -81.8278809, 52.2242188 ], [ -81.7763672, 52.2536133 ], [ -81.6612305, 52.2938965 ], [ -81.6115234, 52.3240723 ], [ -81.5716797, 52.3672852 ], [ -81.5994141, 52.4326172 ], [ -81.742334, 52.563623 ], [ -81.8592773, 52.651416 ], [ -82.020019499999989, 52.8116211 ], [ -82.107959, 52.8773926 ], [ -82.2026855, 52.9216797 ], [ -82.2604492, 52.961132799999987 ], [ -82.2915527, 53.0307129 ], [ -82.2916016, 53.0661133 ], [ -82.2599121, 53.1598145 ], [ -82.2192383, 53.2114746 ], [ -82.1591797, 53.2641602 ], [ -82.1461914, 53.3645996 ], [ -82.1803711, 53.5128418 ], [ -82.190625, 53.6109375 ], [ -82.15, 53.7395508 ], [ -82.1414551, 53.817627 ], [ -82.1626465, 53.8856934 ], [ -82.2398926, 54.0448242 ], [ -82.2635742, 54.072998 ], [ -82.3941406, 54.1804687 ], [ -82.42416990000001, 54.2445801 ], [ -82.4180664, 54.3558105 ], [ -82.3706055, 54.4834961 ], [ -82.2193848, 54.8134766 ], [ -82.2266113, 54.8559082 ], [ -82.308252, 54.9981445 ], [ -82.3932617, 55.0678223 ], [ -82.5774414, 55.1487305 ], [ -82.6875, 55.1655273 ], [ -82.8006836, 55.1559082 ], [ -82.8677734, 55.1606934 ], [ -82.9470215, 55.2222168 ], [ -82.9862793, 55.2313965 ], [ -83.2143555, 55.2145996 ], [ -83.5694824, 55.2618164 ], [ -83.6676758, 55.264502 ], [ -83.9105957, 55.3146484 ], [ -83.9717773, 55.3141602 ], [ -84.022998, 55.2978027 ], [ -84.1053711, 55.2908203 ], [ -84.2189453, 55.2931152 ], [ -84.3564941, 55.2825195 ], [ -84.5179687, 55.2588867 ], [ -84.7057617, 55.2592285 ], [ -84.9199219, 55.2833496 ], [ -85.0609375, 55.2856445 ], [ -85.1288574, 55.2662109 ], [ -85.2135742, 55.2243652 ], [ -85.3652832, 55.0792969 ], [ -85.3620117, 55.095459 ], [ -85.2120117, 55.2974609 ], [ -85.2180176, 55.3489746 ], [ -85.2827148, 55.3833008 ], [ -85.407275400000017, 55.4311523 ], [ -85.4784668, 55.4742676 ], [ -85.5593262, 55.5401855 ], [ -85.6766602, 55.6010742 ], [ -85.8305176, 55.656933599999988 ], [ -85.9844727, 55.6958984 ], [ -86.1386719, 55.7178711 ], [ -86.3769531, 55.7732422 ], [ -86.9193848, 55.9145508 ], [ -87.2868652, 55.9746582 ], [ -87.4824219, 56.0212891 ], [ -87.5608887, 56.0563477 ], [ -87.878125, 56.3416016 ], [ -88.0750977, 56.4672852 ], [ -88.2713379, 56.5356934 ], [ -88.4470703, 56.6086914 ], [ -88.6798828, 56.7250488 ], [ -88.8264648, 56.8142578 ], [ -88.9484863, 56.8513184 ], [ -89.2115723, 56.883837899999989 ], [ -89.342334, 56.9154297 ], [ -89.7908203, 56.9813477 ], [ -90.0751953, 57.0519043 ], [ -90.3448242, 57.1490723 ], [ -90.5921875, 57.2244629 ], [ -90.8974609, 57.2569336 ], [ -91.1112793, 57.2412109 ], [ -92.0180176, 57.0637695 ], [ -92.2490234, 57.0089844 ], [ -92.3557129, 56.9706055 ], [ -92.3721191, 56.9751465 ], [ -92.298291, 57.0227539 ], [ -92.3033691, 57.0458496 ], [ -92.4562988, 57.0367187 ], [ -92.510302700000011, 57.0223145 ], [ -92.6509766, 56.9583008 ], [ -92.725293, 56.9335449 ], [ -92.7981445, 56.9219727 ], [ -92.8023926, 56.9283203 ], [ -92.7379883, 56.9526367 ], [ -92.6752441, 56.9895508 ], [ -92.6141113, 57.0390137 ], [ -92.5484863, 57.1109375 ], [ -92.4783691, 57.2052734 ], [ -92.4397949, 57.2750488 ], [ -92.4328125, 57.3203125 ], [ -92.4494141, 57.384863300000021 ], [ -92.4896484, 57.4686035 ], [ -92.7016602, 57.7777832 ], [ -92.7398437, 57.844043 ], [ -92.841748, 58.0758789 ], [ -92.9251465, 58.2245117 ], [ -93.1001953, 58.4898438 ], [ -93.1265137, 58.5644043 ], [ -93.1545898, 58.694580099999989 ], [ -93.1787598, 58.7256348 ], [ -93.278125, 58.7563965 ], [ -93.3750488, 58.7410156 ], [ -93.4861816, 58.7444824 ], [ -93.7800293, 58.7725586 ], [ -94.0557617, 58.7600098 ], [ -94.1231934, 58.7367188 ], [ -94.2089355, 58.6263672 ], [ -94.272168, 58.3780273 ], [ -94.3322266, 58.2973633 ], [ -94.3326172, 58.3391113 ], [ -94.2808105, 58.6589355 ], [ -94.2870605, 58.7160156 ], [ -94.419238299999989, 58.7455078 ], [ -94.5396973, 58.8483887 ], [ -94.5791992, 58.868457 ], [ -94.6237305, 58.8757324 ], [ -94.6733887, 58.8701172 ], [ -94.7133789, 58.9033203 ], [ -94.74375, 58.9754395 ], [ -94.7761719, 59.0206055 ], [ -94.846582, 59.0503418 ], [ -94.9573242, 59.0688477 ], [ -94.8702637, 59.0879883 ], [ -94.8195313, 59.1513184 ], [ -94.7882813, 59.2678711 ], [ -94.7766602, 59.478125 ], [ -94.785791, 59.953320299999987 ], [ -94.7416016, 60.107373 ], [ -94.6704102, 60.3010742 ], [ -94.6467773, 60.4164062 ], [ -94.6706543, 60.4533203 ], [ -94.7052734, 60.477539099999987 ], [ -94.761718699999989, 60.4982422 ], [ -94.6787598, 60.5376953 ], [ -94.5688965, 60.5419922 ], [ -94.509375, 60.604541 ], [ -94.427197299999989, 60.7307129 ], [ -94.3086914, 60.8709961 ], [ -94.1540527, 61.0254395 ], [ -94.0677734, 61.1388672 ], [ -94.0499512, 61.2112793 ], [ -94.0552246, 61.2661621 ], [ -94.083447299999989, 61.3036621 ], [ -94.0607422, 61.3178223 ], [ -93.9419922, 61.3080078 ], [ -93.8888184, 61.344043 ], [ -93.8892578, 61.3640625 ], [ -93.940869100000015, 61.4436523 ], [ -93.9127441, 61.4814453 ], [ -93.709668, 61.6025391 ], [ -93.4206055, 61.7058105 ], [ -93.3523437, 61.7395508 ], [ -93.3120117, 61.7672852 ], [ -93.3144043, 61.7797852 ], [ -93.4299316, 61.8121094 ], [ -93.4942383, 61.8469238 ], [ -93.526709, 61.8716309 ], [ -93.5817871, 61.942041 ], [ -93.372021500000017, 61.9289551 ], [ -93.3330566, 61.932910199999988 ], [ -93.2734375, 61.961084 ], [ -93.296875, 61.9815918 ], [ -93.3663574, 62.0145508 ], [ -93.3497559, 62.0297852 ], [ -93.1674805, 62.0336426 ], [ -93.0733887, 62.0605469 ], [ -93.0162598, 62.0926758 ], [ -93.0277344, 62.1086426 ], [ -93.0702637, 62.127832 ], [ -93.0658691, 62.1497559 ], [ -92.9055176, 62.2151367 ], [ -92.914453099999989, 62.2449707 ], [ -92.987793, 62.2859375 ], [ -93.179248, 62.3495605 ], [ -93.2053711, 62.3649414 ], [ -93.1544434, 62.3668457 ], [ -92.8658203, 62.3062012 ], [ -92.7347656, 62.2597168 ], [ -92.6480957, 62.2077637 ], [ -92.5791992, 62.1773438 ], [ -92.527978499999989, 62.1684082 ], [ -92.544043, 62.2022949 ], [ -92.6274414, 62.2790527 ], [ -92.7014648, 62.3282227 ], [ -92.7659668, 62.3499512 ], [ -92.7679688, 62.3799805 ], [ -92.7074219, 62.4182129 ], [ -92.5949707, 62.4700684 ], [ -92.562207, 62.5028809 ], [ -92.551416, 62.5467285 ], [ -92.497363299999989, 62.5648437 ], [ -92.4, 62.5572266 ], [ -92.3240723, 62.5645996 ], [ -92.269531199999989, 62.5869629 ], [ -92.2072266, 62.5853516 ], [ -92.0811523, 62.5440918 ], [ -92.0078613, 62.5405273 ], [ -91.9444336, 62.5754883 ], [ -91.9358398, 62.5923828 ], [ -91.9558594, 62.6447754 ], [ -92.1491211, 62.6652832 ], [ -92.2431641, 62.6836426 ], [ -92.3051758, 62.7116699 ], [ -92.3452637, 62.7338379 ], [ -92.3777344, 62.7724121 ], [ -92.388134799999989, 62.8008789 ], [ -92.3612793, 62.8193848 ], [ -92.1961426, 62.8288086 ], [ -92.1520996, 62.8390625 ], [ -92.1100586, 62.8617188 ], [ -92.0342285, 62.8634277 ], [ -91.8696289, 62.8347168 ], [ -91.4489746, 62.8040527 ], [ -91.3494629, 62.8188965 ], [ -91.1148926, 62.921582 ], [ -91.0077148, 62.9404297 ], [ -90.8711914, 62.9459473 ], [ -90.7778809, 62.971630899999987 ], [ -90.7276367, 63.0174805 ], [ -90.698584, 63.0638672 ], [ -90.6907227, 63.1105469 ], [ -90.7112793, 63.3040527 ], [ -90.746582, 63.3515625 ], [ -90.9700684, 63.4427734 ], [ -91.1030762, 63.4758789 ], [ -91.3300781, 63.5068359 ], [ -91.4893066, 63.562207 ], [ -91.6860352, 63.6597168 ], [ -91.8418457, 63.6975586 ], [ -91.9568359, 63.6756348 ], [ -92.0766113, 63.6399902 ], [ -92.2895508, 63.5629883 ], [ -92.4650879, 63.555078099999989 ], [ -92.4610352, 63.5694336 ], [ -92.2050293, 63.6567871 ], [ -92.156884800000014, 63.691699199999988 ], [ -92.196484400000017, 63.7078125 ], [ -92.339209, 63.7349121 ], [ -92.529248, 63.7612305 ], [ -93.165918, 63.9017578 ], [ -93.2504395, 63.9269043 ], [ -93.3785156, 63.9484863 ], [ -93.4058594, 63.9412109 ], [ -93.3802734, 63.9000488 ], [ -93.3268555, 63.8722656 ], [ -93.2662109, 63.8533203 ], [ -93.2702148, 63.8408691 ], [ -93.4155762, 63.8379883 ], [ -93.5598145, 63.8652832 ], [ -93.6641602, 63.9414063 ], [ -93.6558105, 63.9728027 ], [ -93.6048828, 64.0044922 ], [ -93.5967285, 64.0405762 ], [ -93.696337899999989, 64.147168 ], [ -93.4296875, 64.0288086 ], [ -92.9702148, 63.9376465 ], [ -92.5500977, 63.829541 ], [ -92.3384277, 63.7876465 ], [ -92.1952148, 63.7759766 ], [ -92.094873, 63.7844238 ], [ -92.0375977, 63.8130371 ], [ -91.9822266, 63.8224121 ], [ -91.9289062, 63.8124512 ], [ -91.9194336, 63.8005859 ], [ -91.9538086, 63.7868164 ], [ -91.9560059, 63.7723145 ], [ -91.9260254, 63.7570801 ], [ -91.6746582, 63.7422363 ], [ -91.5388184, 63.7255859 ], [ -91.1080566, 63.6178223 ], [ -90.9456543, 63.5878418 ], [ -90.8119141, 63.5809082 ], [ -90.7068359, 63.5969238 ], [ -90.6350098, 63.6237793 ], [ -90.5963867, 63.6612793 ], [ -90.5334961, 63.6654297 ], [ -90.4462402, 63.6361816 ], [ -90.368847699999989, 63.6244141 ], [ -90.2453125, 63.6418945 ], [ -90.1547363, 63.6896484 ], [ -90.0134277, 63.8042969 ], [ -90.0179688, 63.8293457 ], [ -90.0596191, 63.8774902 ], [ -90.1681641, 63.9787598 ], [ -90.1418945, 63.9819824 ], [ -89.921875, 63.9435547 ], [ -89.8557129, 63.9569824 ], [ -89.8605957, 63.9788086 ], [ -89.9535645, 64.0806152 ], [ -89.9855957, 64.1001953 ], [ -90.0800293, 64.1277344 ], [ -90.0416504, 64.1408691 ], [ -89.8113281, 64.1805664 ], [ -89.7920898, 64.1682617 ], [ -89.7638184, 64.0995117 ], [ -89.7327148, 64.0769531 ], [ -89.6158203, 64.0306152 ], [ -89.5513184, 64.0147949 ], [ -89.5009277, 64.014502 ], [ -89.4647461, 64.0296875 ], [ -89.4035156, 64.0399902 ], [ -89.2145508, 63.9841309 ], [ -89.131543, 63.9685059 ], [ -89.107666, 63.9811035 ], [ -89.2094238, 64.1054199 ], [ -89.200634799999989, 64.1137695 ], [ -89.0596191, 64.0344238 ], [ -88.9644043, 64.0112305 ], [ -88.8177246, 63.9922363 ], [ -88.6530273, 64.009375 ], [ -88.3789551, 64.0892578 ], [ -88.1056152, 64.1833008 ], [ -87.9975586, 64.2439453 ], [ -87.9635742, 64.3024902 ], [ -87.8850098, 64.4004395 ], [ -87.2805176, 64.8261719 ], [ -87.1829102, 64.9268066 ], [ -87.0285156, 65.063623 ], [ -87.0026855, 65.1085938 ], [ -87.027539100000013, 65.1980957 ], [ -87.1080078, 65.2248047 ], [ -87.3919434, 65.2605469 ], [ -87.929541, 65.2803223 ], [ -88.1978027, 65.2798828 ], [ -88.9740234, 65.348291 ], [ -89.1265625, 65.3956055 ], [ -89.241748, 65.4463867 ], [ -89.6003906, 65.6477539 ], [ -89.7879883, 65.7367188 ], [ -89.9240723, 65.7802734 ], [ -90.047558600000016, 65.8056152 ], [ -90.1586426, 65.8126953 ], [ -90.59682620000001, 65.8848145 ], [ -90.9834473, 65.9192383 ], [ -91.0649414, 65.8999023 ], [ -91.0736328, 65.8855469 ], [ -91.0411133, 65.829834 ], [ -91.285156200000017, 65.8944336 ], [ -91.4272461, 65.9479004 ], [ -91.4115234, 65.959375 ], [ -91.3054687, 65.9645508 ], [ -91.0095215, 65.9657227 ], [ -90.8257324, 65.9538574 ], [ -90.6554687, 65.9293457 ], [ -90.5132812, 65.9205078 ], [ -90.316259800000012, 65.9263672 ], [ -90.1166016, 65.8824219 ], [ -90.0038086, 65.8825684 ], [ -89.8896973, 65.8685547 ], [ -89.8477539, 65.8722656 ], [ -89.943994100000012, 65.9335938 ], [ -89.8904785, 65.9408203 ], [ -89.7494141, 65.9360352 ], [ -89.5926758, 65.9093262 ], [ -89.4203613, 65.860791 ], [ -89.0877441, 65.7389648 ], [ -88.9461426, 65.7030273 ], [ -88.8084961, 65.6916504 ], [ -88.7439453, 65.6787598 ], [ -88.6724609, 65.6115723 ], [ -88.5867187, 65.5876465 ], [ -88.394873, 65.5162109 ], [ -88.120996100000013, 65.3945801 ], [ -87.9699707, 65.3489258 ], [ -87.678125, 65.3353516 ], [ -87.4528809, 65.3389648 ], [ -87.2914551, 65.354834 ], [ -87.1937988, 65.3830566 ], [ -87.0811035, 65.4408203 ], [ -86.9531738, 65.5282715 ], [ -86.7019531, 65.6705566 ], [ -86.0428711, 66.0225586 ], [ -86.0122559, 66.0484863 ], [ -85.9587402, 66.119043 ], [ -85.9642578, 66.1544434 ], [ -86.0008301, 66.1868164 ], [ -86.1130859, 66.225293 ], [ -86.3010254, 66.2699219 ], [ -86.5847656, 66.3219238 ], [ -86.6851074, 66.3604004 ], [ -86.7469727, 66.4170898 ], [ -86.7383789, 66.4328613 ], [ -86.7001465, 66.4427734 ], [ -86.688623, 66.4574707 ], [ -86.7371094, 66.5108887 ], [ -86.7081543, 66.5230469 ], [ -86.6332031, 66.5313477 ], [ -86.0632324, 66.5203613 ], [ -85.791748, 66.532959 ], [ -85.6038574, 66.5682617 ], [ -85.4422363, 66.5373535 ], [ -85.3068359, 66.440332 ], [ -85.1915039, 66.3696777 ], [ -85.0961914, 66.3253418 ], [ -84.90839840000001, 66.2713379 ], [ -84.6280762, 66.2077148 ], [ -84.478418, 66.1792969 ], [ -84.459375, 66.1862305 ], [ -84.3984375, 66.2587402 ], [ -84.3242676, 66.2906738 ], [ -84.2930664, 66.2917969 ], [ -84.0116699, 66.2312012 ], [ -83.9050781, 66.2117676 ], [ -83.869043, 66.2135742 ], [ -83.7975586, 66.238476600000013 ], [ -83.8258301, 66.2899902 ], [ -83.964209, 66.4205566 ], [ -84.0942383, 66.5262207 ], [ -84.152734400000014, 66.5902344 ], [ -84.1831055, 66.64785160000001 ], [ -84.2230469, 66.6824707 ], [ -84.3189453, 66.7118164 ], [ -84.589502, 66.8566406 ], [ -84.6025391, 66.8751465 ], [ -84.6385742, 66.9023438 ], [ -84.7377441, 66.9335938 ], [ -84.857373, 66.9406738 ], [ -84.8990234, 66.9265625 ], [ -84.9779785, 66.88125 ], [ -85.0182617, 66.8720703 ], [ -85.1112793, 66.890918 ], [ -85.1137207, 66.9069336 ], [ -85.0400391, 66.9560547 ], [ -84.845752, 67.0287109 ], [ -84.6925781, 67.0166016 ], [ -84.5384766, 66.9728027 ], [ -84.5306641, 66.9613281 ], [ -84.4660645, 66.9274414 ], [ -84.3103516, 66.8627441 ], [ -84.2725586, 66.839209 ], [ -84.361084, 66.8225586 ], [ -84.3662598, 66.8111328 ], [ -84.3243652, 66.7817871 ], [ -84.2080078, 66.7363281 ], [ -84.1544434, 66.7316895 ], [ -84.05, 66.739502 ], [ -83.9980469, 66.7285156 ], [ -83.9202148, 66.6790527 ], [ -83.739209, 66.534375 ], [ -83.6510742, 66.4846191 ], [ -83.6283691, 66.4606934 ], [ -83.5902832, 66.3878418 ], [ -83.5230957, 66.36875 ], [ -83.4064453, 66.3712402 ], [ -83.2983887, 66.3921387 ], [ -83.1987793, 66.4314941 ], [ -82.948877, 66.5508301 ], [ -82.641503899999989, 66.5875 ], [ -82.553662100000011, 66.6213867 ], [ -82.3747559, 66.7094238 ], [ -82.2605469, 66.7391113 ], [ -82.198339800000014, 66.7646484 ], [ -82.1131836, 66.8250977 ], [ -82.0050781, 66.9204102 ], [ -81.9255371, 66.974707 ], [ -81.8744629, 66.9879395 ], [ -81.7223633, 66.986084 ], [ -81.6300781, 67.002002 ], [ -81.4675781, 67.069873 ], [ -81.4427246, 67.0928711 ], [ -81.387207, 67.1885742 ], [ -81.3010742, 67.3569824 ], [ -81.270117200000016, 67.4599121 ], [ -81.2943359, 67.4974121 ], [ -81.4123047, 67.5953613 ], [ -81.4927734, 67.6369141 ], [ -81.7085937, 67.7223633 ], [ -81.8693359, 67.8024902 ], [ -81.9764648, 67.8620117 ], [ -82.0625488, 67.9281738 ], [ -82.1004883, 67.9898437 ], [ -82.1021484, 68.0188965 ], [ -82.0918945, 68.0514648 ], [ -82.0133789, 68.1733887 ], [ -82.0125, 68.1938965 ], [ -82.0338867, 68.1959473 ], [ -82.0776367, 68.1796875 ], [ -82.1513184, 68.1396973 ], [ -82.1865723, 68.1344238 ], [ -82.2224121, 68.1452637 ], [ -82.3925293, 68.2852539 ], [ -82.4227051, 68.296582 ], [ -82.4306641, 68.3065918 ], [ -82.3928711, 68.3383301 ], [ -82.4129883, 68.3571777 ], [ -82.4641602, 68.3824219 ], [ -82.5526855, 68.4464844 ], [ -82.5486328, 68.4686035 ], [ -82.4987305, 68.4786133 ], [ -82.3972168, 68.4775879 ], [ -82.2101563, 68.50625 ], [ -82.1063477, 68.4985352 ], [ -82.0064941, 68.4626465 ], [ -81.9148437, 68.4587891 ], [ -81.8313965, 68.4868652 ], [ -81.639502, 68.5243652 ], [ -81.5268555, 68.555957 ], [ -81.281543, 68.6572266 ], [ -81.259130900000017, 68.6924316 ], [ -81.2524902, 68.7431641 ], [ -81.2635254, 68.7806152 ], [ -81.3312988, 68.8279785 ], [ -81.3809082, 68.8500488 ], [ -81.4760254, 68.8655762 ], [ -81.6869141, 68.8789551 ], [ -81.9579102, 68.8836426 ], [ -81.9516602, 68.909082 ], [ -81.7583496, 68.9567383 ], [ -81.6114258, 69.0030273 ], [ -81.3286621, 69.1199219 ], [ -81.321582, 69.138916 ], [ -81.377832, 69.1856445 ], [ -81.4123047, 69.1981445 ], [ -81.7321777, 69.2581055 ], [ -81.9518066, 69.2760742 ], [ -82.1505371, 69.248877 ], [ -82.2275391, 69.248877 ], [ -82.2467773, 69.2649902 ], [ -82.2081543, 69.2970215 ], [ -82.2318359, 69.3325684 ], [ -82.309863299999989, 69.4100098 ], [ -82.642041, 69.4583984 ], [ -82.754834, 69.4943848 ], [ -82.6333008, 69.5181152 ], [ -82.4957031, 69.5322266 ], [ -82.3902344, 69.6008789 ], [ -82.374169900000012, 69.6417969 ], [ -82.6183594, 69.6910645 ], [ -82.7456055, 69.6951172 ], [ -82.9913574, 69.6858887 ], [ -83.551709, 69.7039551 ], [ -83.665332, 69.699707 ], [ -83.9171875, 69.7453613 ], [ -84.2416504, 69.8350098 ], [ -84.3187988, 69.843701200000012 ], [ -84.6451172, 69.849707 ], [ -84.8339844, 69.8350586 ], [ -85.0198242, 69.8047852 ], [ -85.1768066, 69.805127 ], [ -85.3049805, 69.8361328 ], [ -85.4151367, 69.8495117 ], [ -85.507373, 69.8452637 ], [ -85.5348145, 69.8350586 ], [ -85.4974609, 69.819043 ], [ -85.446093800000014, 69.7777832 ], [ -85.4479004, 69.7481445 ], [ -85.5024414, 69.6515137 ], [ -85.4820312, 69.61875 ], [ -85.430127, 69.5806641 ], [ -85.4159668, 69.5477539 ], [ -85.439502, 69.5199219 ], [ -85.437207, 69.4882324 ], [ -85.4091797, 69.4524902 ], [ -85.4022461, 69.4267578 ], [ -85.4164062, 69.4108887 ], [ -85.4319336, 69.3538574 ], [ -85.4275391, 69.3184082 ], [ -85.3867676, 69.2318848 ], [ -85.2754883, 69.1723145 ], [ -85.242627, 69.1627441 ], [ -85.1135254, 69.1658691 ], [ -84.8900391, 69.0927734 ], [ -84.862207, 69.0739746 ], [ -84.8927246, 69.0209961 ], [ -84.8953125, 68.988525400000015 ], [ -84.9160645, 68.9622559 ], [ -85.008300800000015, 68.9492188 ], [ -85.0833984, 68.9079102 ], [ -85.1043457, 68.8709473 ], [ -85.1066406, 68.844043 ], [ -84.8674805, 68.7903809 ], [ -84.8675781, 68.7733398 ], [ -85.275097699999989, 68.7413574 ], [ -85.3380859, 68.7462891 ], [ -85.4250488, 68.7742676 ], [ -85.4910645, 68.7739746 ], [ -85.5177734, 68.769824200000016 ], [ -85.5624512, 68.7288086 ], [ -85.6431641, 68.699707 ], [ -85.6897949, 68.6709473 ], [ -85.7338379, 68.630127 ], [ -85.744873, 68.5782715 ], [ -85.7228027, 68.5154785 ], [ -85.731103499999989, 68.4450195 ], [ -85.7888672, 68.3280273 ], [ -85.9525879, 68.0724609 ], [ -85.9844727, 68.0453613 ], [ -86.3696777, 67.8248047 ], [ -86.3980469, 67.8000977 ], [ -86.4755371, 67.7131348 ], [ -86.5035156, 67.6494629 ], [ -86.536425799999989, 67.5161621 ], [ -86.560791, 67.4821289 ], [ -86.609375, 67.4508301 ], [ -86.6820312, 67.4223145 ], [ -86.7498535, 67.4061035 ], [ -86.812793, 67.4023926 ], [ -86.9239258, 67.35625 ], [ -87.0832031, 67.2677734 ], [ -87.2662598, 67.1838379 ], [ -87.3202637, 67.1728516 ], [ -87.359375, 67.1772461 ], [ -87.3919434, 67.1910645 ], [ -87.4179199, 67.2141602 ], [ -87.4708008, 67.3246094 ], [ -87.4991211, 67.3553223 ], [ -87.997168, 67.6256836 ], [ -88.1958984, 67.7658203 ], [ -88.3138184, 67.9503418 ], [ -88.3250977, 67.9887695 ], [ -88.3196289, 68.1657715 ], [ -88.3606934, 68.2598633 ], [ -88.3469727, 68.2882813 ], [ -88.235253899999989, 68.3390625 ], [ -88.209082, 68.3348633 ], [ -88.145800799999989, 68.2660156 ], [ -88.1111328, 68.2511719 ], [ -87.9909668, 68.242041 ], [ -87.8926758, 68.2481445 ], [ -87.8532715, 68.2668945 ], [ -87.8279297, 68.2999512 ], [ -87.8135742, 68.3457031 ], [ -87.8103027, 68.4041504 ], [ -87.8277344, 68.4480957 ], [ -87.8659668, 68.4776367 ], [ -87.9115234, 68.5646973 ], [ -87.9643555, 68.7092773 ], [ -88.0413574, 68.8117188 ], [ -88.2235352, 68.9150391 ], [ -88.3155273, 68.9544434 ], [ -88.6377441, 69.0588379 ], [ -88.8145508, 69.1358887 ], [ -88.9535156, 69.2204102 ], [ -89.0567383, 69.2661133 ], [ -89.1984863, 69.269482400000015 ], [ -89.279541, 69.2554688 ], [ -89.3519043, 69.227002 ], [ -89.552002, 69.0849121 ], [ -89.6666016, 69.0145996 ], [ -89.720166, 68.9315918 ], [ -89.7508301, 68.8124512 ], [ -89.7831055, 68.7359375 ], [ -89.8842285, 68.6255859 ], [ -89.896582, 68.5943848 ], [ -89.8794922, 68.5215332 ], [ -89.8977051, 68.4907715 ], [ -90.005322299999989, 68.3980469 ], [ -90.1164063, 68.3385742 ], [ -90.1568359, 68.305517600000016 ], [ -90.1744141, 68.2702148 ], [ -90.204785199999989, 68.2574707 ], [ -90.2477539, 68.2674316 ], [ -90.2852539, 68.2916504 ], [ -90.3172363, 68.3303223 ], [ -90.3600586, 68.3467285 ], [ -90.4230469, 68.3947266 ], [ -90.5283203, 68.4322266 ], [ -90.5736328, 68.474707 ], [ -90.5252441, 68.6112793 ], [ -90.5101563, 68.6888672 ], [ -90.5425293, 68.7859863 ], [ -90.5389648, 68.8195801 ], [ -90.4683594, 68.863769500000018 ], [ -90.4790039, 68.8811523 ], [ -90.5873047, 68.946875 ], [ -90.7447754, 69.1059082 ], [ -91.237207, 69.2855469 ], [ -91.2179688, 69.3020996 ], [ -91.1478516, 69.3025879 ], [ -91.0577637, 69.3184082 ], [ -91.0248535, 69.3152344 ], [ -91.0492187, 69.2930176 ], [ -91.0049805, 69.2770996 ], [ -90.892285199999989, 69.2672852 ], [ -90.8221191, 69.2904785 ], [ -90.7945801, 69.3467285 ], [ -90.7485352, 69.3924805 ], [ -90.6839844, 69.4277344 ], [ -90.6055664, 69.445312500000014 ], [ -90.5132812, 69.4451172 ], [ -90.4155762, 69.4569824 ], [ -90.4505371, 69.4754395 ], [ -90.554931599999989, 69.5044922 ], [ -90.6666504, 69.5155273 ], [ -90.7857422, 69.5085938 ], [ -90.9501953, 69.5154785 ], [ -91.2881348, 69.5432129 ], [ -91.4399414, 69.5256836 ], [ -91.4268555, 69.5379395 ], [ -91.3050293, 69.5812988 ], [ -91.1703125, 69.6203125 ], [ -91.1508789, 69.6371582 ], [ -91.201806600000012, 69.6447754 ], [ -91.3842285, 69.6494629 ], [ -91.532373, 69.6150391 ], [ -91.7241211, 69.5456055 ], [ -91.9119629, 69.53125 ], [ -92.209082, 69.6033203 ], [ -92.2583008, 69.6343262 ], [ -92.2307617, 69.6533691 ], [ -92.3116699, 69.6729004 ], [ -92.493457, 69.6832031 ], [ -92.6428223, 69.6592773 ], [ -92.8026367, 69.6514648 ], [ -92.854541, 69.6548828 ], [ -92.887793, 69.6682129 ], [ -92.7509277, 69.713916 ], [ -92.2847656, 69.8921387 ], [ -92.069043, 69.9839844 ], [ -91.976709, 70.0386719 ], [ -92.0577148, 70.0714355 ], [ -92.127002, 70.0845215 ], [ -92.445752, 70.0831543 ], [ -92.5118652, 70.1038574 ], [ -92.4546875, 70.1504395 ], [ -92.363281199999989, 70.2008301 ], [ -92.3205078, 70.235351600000016 ], [ -92.290332, 70.2398438 ], [ -92.2086426, 70.1975098 ], [ -92.1210449, 70.1699219 ], [ -91.9949707, 70.1432129 ], [ -91.8585938, 70.132666 ], [ -91.6161133, 70.1478516 ], [ -91.5716309, 70.1615723 ], [ -91.5640625, 70.1782715 ], [ -91.6540527, 70.232959 ], [ -91.715625, 70.2992188 ], [ -91.7608398, 70.3262695 ], [ -91.8204102, 70.3416504 ], [ -91.8755371, 70.3311523 ], [ -91.9262207, 70.2947754 ], [ -91.9835449, 70.2855469 ], [ -92.0473633, 70.3033203 ], [ -92.0726074, 70.31875 ], [ -92.037207, 70.3673828 ], [ -92.0491211, 70.3896484 ], [ -92.2144531, 70.4929199 ], [ -92.3153809, 70.6075195 ], [ -92.3558105, 70.6342773 ], [ -92.3884766, 70.6504395 ], [ -92.5674805, 70.6932129 ], [ -92.6416992, 70.7187988 ], [ -92.7830078, 70.7981445 ], [ -92.9608887, 70.8381348 ], [ -92.9814453, 70.8522461 ], [ -92.921972700000012, 70.8871094 ], [ -92.9041992, 70.9160645 ], [ -92.8827148, 71.0693359 ], [ -92.8901855, 71.1223633 ], [ -92.9486816, 71.2621094 ], [ -92.9825684, 71.3003418 ], [ -93.0312988, 71.3356934 ], [ -93.2563477, 71.4608398 ], [ -93.4074707, 71.5207031 ], [ -93.5758789, 71.5687012 ], [ -93.7628418, 71.6380371 ], [ -93.781640599999989, 71.6743164 ], [ -93.750878899999989, 71.7166504 ], [ -93.7462891, 71.7428223 ], [ -93.8102051, 71.7662598 ], [ -94.0859863, 71.7711426 ], [ -94.1712402, 71.7584473 ], [ -94.3083496, 71.7648926 ], [ -94.4788086, 71.848584 ], [ -94.4910645, 71.9155273 ], [ -94.5570801, 71.9789551 ], [ -94.6111328, 71.986865200000011 ], [ -94.7348633, 71.982959 ], [ -94.8869629, 71.9633789 ], [ -95.2012207, 71.9037109 ], [ -95.5116699, 71.7768066 ], [ -95.615918, 71.6854004 ], [ -95.8377441, 71.5982422 ], [ -95.8723145, 71.5731445 ], [ -95.8303711, 71.5260742 ], [ -95.7733887, 71.5142578 ], [ -95.6742188, 71.5040527 ], [ -95.445410200000012, 71.5053711 ], [ -95.40625, 71.4916504 ], [ -95.4475098, 71.4600586 ], [ -95.5642578, 71.3367676 ], [ -95.6325684, 71.3187988 ], [ -95.7253906, 71.3281738 ], [ -95.8508789, 71.361084 ], [ -95.9240723, 71.3930664 ], [ -95.9944336, 71.4106445 ], [ -96.0620117, 71.4138672 ], [ -96.1396484, 71.3963867 ], [ -96.2713379, 71.3391113 ], [ -96.4056641, 71.2736328 ], [ -96.446582, 71.2398926 ], [ -96.420752, 71.1764648 ], [ -96.445459, 71.1592285 ], [ -96.5044434, 71.1431641 ], [ -96.5247559, 71.1270508 ], [ -96.470410199999989, 71.0697266 ], [ -96.4913086, 71.0023438 ], [ -96.5510742, 70.889746100000011 ], [ -96.5489258, 70.8087402 ], [ -96.3588867, 70.6786621 ], [ -96.2580078, 70.6422852 ], [ -96.1864258, 70.6382813 ], [ -95.9063965, 70.6977539 ], [ -95.8863281, 70.6942871 ], [ -95.9881836, 70.6168457 ], [ -95.9801758, 70.5932129 ], [ -95.8786133, 70.5489746 ], [ -96.0481445, 70.5670898 ], [ -96.1227539, 70.5612305 ], [ -96.226416, 70.5416992 ], [ -96.297705100000016, 70.511377 ], [ -96.3365723, 70.470166 ], [ -96.5456055, 70.3272461 ], [ -96.5595703, 70.2430176 ], [ -96.5513672, 70.2103027 ], [ -96.4923828, 70.1249023 ], [ -96.2693848, 69.9917969 ], [ -96.1717773, 69.9249512 ], [ -96.1190918, 69.871875 ], [ -96.0501465, 69.8311523 ], [ -95.9649414, 69.8027832 ], [ -95.8506836, 69.7851074 ], [ -95.7074219, 69.7782227 ], [ -95.587597699999989, 69.7557129 ], [ -95.4912598, 69.717627 ], [ -95.2920898, 69.6673828 ], [ -94.8225098, 69.5777832 ], [ -94.7892578, 69.5854492 ], [ -94.7126953, 69.6494141 ], [ -94.676269499999989, 69.6568848 ], [ -94.633837899999989, 69.6496582 ], [ -94.513916, 69.5834473 ], [ -94.4191895, 69.517041 ], [ -94.3381348, 69.4742676 ], [ -94.270800799999989, 69.455127 ], [ -94.1631836, 69.4459473 ], [ -94.0152832, 69.4467285 ], [ -93.915087899999989, 69.457666 ], [ -93.794384799999989, 69.4978516 ], [ -93.6498047, 69.519043 ], [ -93.532275399999989, 69.4809082 ], [ -93.5224121, 69.4506836 ], [ -93.5428711, 69.4064453 ], [ -93.5370605, 69.3823242 ], [ -93.430957, 69.3750488 ], [ -93.4505859, 69.3551758 ], [ -93.5674805, 69.296875 ], [ -93.7485352, 69.226123 ], [ -93.820459, 69.2526367 ], [ -93.8009766, 69.2809082 ], [ -93.6126465, 69.402832 ], [ -93.6194824, 69.4169922 ], [ -93.8543945, 69.3763672 ], [ -94.1563477, 69.341748 ], [ -94.2547363, 69.3137695 ], [ -94.2767578, 69.2752441 ], [ -94.2849609, 69.2416016 ], [ -94.2553711, 69.1514648 ], [ -94.2218262, 69.136377 ], [ -94.081152300000014, 69.1358398 ], [ -94.0836426, 69.1230957 ], [ -94.2366211, 69.0497559 ], [ -94.4756348, 68.9581543 ], [ -94.5625488, 68.9116699 ], [ -94.6004395, 68.8032227 ], [ -94.586767600000016, 68.7755371 ], [ -94.4783203, 68.7427734 ], [ -94.2169434, 68.7605469 ], [ -94.0648926, 68.7847656 ], [ -93.9915527, 68.8206055 ], [ -93.9380859, 68.8890625 ], [ -93.8960937, 68.9821777 ], [ -93.8807129, 68.9968262 ], [ -93.852441399999989, 69.0003418 ], [ -93.8113281, 68.9926758 ], [ -93.7657227, 68.9695801 ], [ -93.7157715, 68.9310547 ], [ -93.6814453, 68.887255900000014 ], [ -93.662793, 68.8381836 ], [ -93.6598633, 68.7837402 ], [ -93.6761719, 68.6859863 ], [ -93.6439453, 68.6331055 ], [ -93.6058105, 68.6236816 ], [ -93.4489258, 68.6188965 ], [ -93.4830078, 68.598877 ], [ -93.651709, 68.5431152 ], [ -93.9277344, 68.4738281 ], [ -94.098144499999989, 68.3994141 ], [ -94.2547852, 68.2968262 ], [ -94.383837899999989, 68.227002 ], [ -94.4853027, 68.1900879 ], [ -94.7444336, 68.0708984 ], [ -94.861035199999989, 68.0416504 ], [ -94.9552246, 68.050293 ], [ -95.125878899999989, 68.0833008 ], [ -95.2347168, 68.0597168 ], [ -95.384082, 68.0555664 ], [ -95.4265137, 68.0452637 ], [ -95.4606934, 68.0213867 ], [ -95.6504883, 67.7374512 ], [ -95.633691399999989, 67.7038574 ], [ -95.4633789, 67.6102051 ], [ -95.3895508, 67.5178223 ], [ -95.2956055, 67.3610352 ], [ -95.2587402, 67.2625488 ], [ -95.3210937, 67.1524902 ], [ -95.3541016, 66.9807129 ], [ -95.3996582, 66.9494629 ], [ -95.4903809, 66.9241211 ], [ -95.6250488, 66.9162598 ], [ -95.9723633, 66.9522461 ], [ -96.0368652, 66.9375 ], [ -96.0453613, 66.9231445 ], [ -96.0161133, 66.870459 ], [ -95.7721191, 66.7260742 ], [ -95.7431641, 66.6904297 ], [ -95.7875488, 66.6167969 ], [ -95.7973633, 66.6165527 ], [ -95.8132812, 66.6901367 ], [ -95.8853027, 66.7413574 ], [ -96.3595215, 66.9894043 ], [ -96.4202637, 67.0361816 ], [ -96.4225586, 67.0517578 ], [ -96.404248, 67.0632324 ], [ -96.3504395, 67.0700195 ], [ -96.2155762, 66.9977051 ], [ -96.095459, 66.9935547 ], [ -96.019531199999989, 67.01875 ], [ -95.9540527, 67.0108887 ], [ -95.8618164, 66.9781738 ], [ -95.7686523, 66.9666992 ], [ -95.6106445, 66.9756836 ], [ -95.559375, 66.9727539 ], [ -95.5022461, 66.9798828 ], [ -95.4569824, 66.9894531 ], [ -95.4188965, 67.0132324 ], [ -95.4069824, 67.0561035 ], [ -95.4045898, 67.1155762 ], [ -95.415918, 67.1555664 ], [ -95.5287109, 67.2091797 ], [ -95.5570312, 67.2152832 ], [ -95.626416, 67.2115723 ], [ -95.7776855, 67.1846191 ], [ -95.7825195, 67.1937988 ], [ -95.695166, 67.2987305 ], [ -95.719921899999989, 67.3167969 ], [ -95.8791016, 67.2984863 ], [ -96.0125977, 67.2708984 ], [ -96.1414551, 67.2718262 ], [ -96.169238299999989, 67.2889648 ], [ -96.185009799999989, 67.3755859 ], [ -96.2128418, 67.4042969 ], [ -96.3691406, 67.5097656 ], [ -96.3713867, 67.5538574 ], [ -96.2284668, 67.6791992 ], [ -96.1988281, 67.7178223 ], [ -96.1713379, 67.8316895 ], [ -96.0360352, 68.1577637 ], [ -95.9703125, 68.2491211 ], [ -96.0755859, 68.2365234 ], [ -96.4393555, 68.1508789 ], [ -96.461181599999989, 68.1358398 ], [ -96.4937012, 68.0849609 ], [ -96.5312988, 68.0631348 ], [ -96.5921875, 68.0484375 ], [ -96.7220703, 68.0387695 ], [ -96.7251465, 68.0612305 ], [ -96.4802246, 68.2428223 ], [ -96.4349609, 68.2900879 ], [ -96.430664100000016, 68.3105957 ], [ -96.6281738, 68.250293 ], [ -96.976709, 68.2554199 ], [ -96.9995605, 68.2649414 ], [ -97.0717773, 68.3328613 ], [ -97.1359863, 68.377978500000012 ], [ -97.265918, 68.452929700000013 ], [ -97.335791, 68.4791504 ], [ -97.4103516, 68.4965332 ], [ -97.481103499999989, 68.495166 ], [ -97.548046899999989, 68.4749512 ], [ -97.6395508, 68.4819824 ], [ -97.828564500000013, 68.5327637 ], [ -97.9250977, 68.5236816 ], [ -97.9388672, 68.5104492 ], [ -97.911035200000015, 68.4495117 ], [ -97.794238299999989, 68.3875977 ], [ -98.0905273, 68.3463379 ], [ -98.2185547, 68.3174316 ], [ -98.4685547, 68.3821289 ], [ -98.5222168, 68.3833984 ], [ -98.5622559, 68.3708496 ], [ -98.6504883, 68.3635254 ], [ -98.6330078, 68.3311523 ], [ -98.4912598, 68.2236328 ], [ -98.4491699, 68.2007812 ], [ -98.3808594, 68.1324707 ], [ -98.386084, 68.115332 ], [ -98.500244099999989, 68.1322754 ], [ -98.500293, 68.1176758 ], [ -98.438378899999989, 68.0646973 ], [ -98.1925293, 67.922998 ], [ -98.110498, 67.9030273 ], [ -97.9133301, 67.9535645 ], [ -97.7391113, 67.9781738 ], [ -97.5466309, 67.9607422 ], [ -97.3361328, 67.9013672 ], [ -97.206543, 67.8550781 ], [ -97.1580566, 67.8219238 ], [ -97.1398438, 67.7962402 ], [ -97.1571777, 67.754834 ], [ -97.1554199, 67.726416 ], [ -97.1944336, 67.6969238 ], [ -97.2742676, 67.6662598 ], [ -97.4549316, 67.6169922 ], [ -97.6074219, 67.6310547 ], [ -97.9307617, 67.710791 ], [ -97.9776367, 67.738623 ], [ -98.0625488, 67.7696777 ], [ -98.4147949, 67.9884277 ], [ -98.5398437, 68.0466309 ], [ -98.631543, 68.0725586 ], [ -98.6898437, 68.0661133 ], [ -98.720068400000017, 68.0419922 ], [ -98.7222168, 68.0001953 ], [ -98.7035645, 67.9657227 ], [ -98.6064941, 67.9114258 ], [ -98.4678223, 67.8558105 ], [ -98.4171387, 67.8264648 ], [ -98.4121094, 67.8071777 ], [ -98.4527832, 67.7979004 ], [ -98.6972656, 67.7797363 ], [ -98.8117188, 67.7444336 ], [ -98.920459, 67.7257813 ], [ -99.0321777, 67.7188477 ], [ -99.146875, 67.7236328 ], [ -99.2935547, 67.7453125 ], [ -99.472265600000014, 67.784082 ], [ -99.7729492, 67.8148438 ], [ -100.2129395, 67.8385742 ], [ -100.4561035, 67.8394531 ], [ -100.5196289, 67.8184082 ], [ -100.6161133, 67.808252 ], [ -100.7456055, 67.809082 ], [ -100.8556152, 67.7989746 ], [ -101.026416, 67.7656738 ], [ -101.096386700000011, 67.7623535 ], [ -101.5549805, 67.6931641 ], [ -101.6888672, 67.7086426 ], [ -101.8836426, 67.7453125 ], [ -102.0572266, 67.7533203 ], [ -102.2097656, 67.7327148 ], [ -102.3203613, 67.7356445 ], [ -102.3891113, 67.762207 ], [ -102.691992200000016, 67.8115723 ], [ -102.8415527, 67.8527344 ], [ -103.0217773, 67.9402344 ], [ -103.3232422, 68.0638184 ], [ -103.4741211, 68.1150391 ], [ -103.6572266, 68.0690918 ], [ -103.9015625, 68.0410645 ], [ -104.1935547, 68.0312012 ], [ -104.3507324, 68.0412109 ], [ -104.4868164, 68.0631836 ], [ -104.6281738, 68.1214844 ], [ -104.6611328, 68.1487793 ], [ -104.636377, 68.213916 ], [ -104.6531738, 68.2300781 ], [ -104.769628900000015, 68.2517578 ], [ -104.8794434, 68.2452637 ], [ -104.9119629, 68.2504883 ], [ -104.9367187, 68.3030273 ], [ -104.9598145, 68.3105469 ], [ -104.9937988, 68.3074219 ], [ -105.043603499999989, 68.2878906 ], [ -105.1013184, 68.297998 ], [ -105.1949707, 68.3303711 ], [ -105.3774414, 68.4138184 ], [ -105.4286133, 68.458252 ], [ -105.4569336, 68.5780762 ], [ -105.5398437, 68.7186523 ], [ -105.6060547, 68.7824219 ], [ -105.6855957, 68.8281738 ], [ -105.7979492, 68.8647949 ], [ -106.0156738, 68.9060547 ], [ -106.164453099999989, 68.919873 ], [ -106.3242676, 68.8994629 ], [ -106.7134766, 68.8194824 ], [ -106.8306641, 68.8094727 ], [ -107.4359375, 68.6888672 ], [ -107.7663574, 68.6489258 ], [ -108.3134766, 68.610791 ], [ -108.345752, 68.5978027 ], [ -108.640918, 68.3785156 ], [ -108.7181152, 68.2974609 ], [ -108.6865723, 68.2773438 ], [ -108.3679199, 68.1775391 ], [ -108.3228027, 68.1541016 ], [ -108.2610352, 68.1499023 ], [ -108.1045898, 68.1692871 ], [ -108.0271973, 68.1629395 ], [ -107.7341797, 68.1737305 ], [ -107.6776367, 68.2029297 ], [ -107.7342285, 68.2520508 ], [ -107.7415039, 68.2857422 ], [ -107.6193359, 68.3310547 ], [ -107.4991211, 68.3235352 ], [ -107.2981445, 68.2964355 ], [ -107.1461914, 68.3041992 ], [ -107.0433105, 68.3468262 ], [ -106.9458008, 68.3743652 ], [ -106.8537109, 68.3868164 ], [ -106.7804199, 68.3873047 ], [ -106.6084961, 68.357373 ], [ -106.5666504, 68.388964800000011 ], [ -106.5433105, 68.4605957 ], [ -106.4580566, 68.5164551 ], [ -106.2373047, 68.5765625 ], [ -106.0271484, 68.6233398 ], [ -105.9322266, 68.6365234 ], [ -105.774316399999989, 68.6111328 ], [ -105.7501953, 68.5922852 ], [ -105.7812012, 68.5265625 ], [ -105.8569336, 68.4751465 ], [ -105.9330566, 68.4431152 ], [ -106.039306599999989, 68.4073242 ], [ -106.1321289, 68.3898926 ], [ -106.2712402, 68.3832031 ], [ -106.4043945, 68.3193359 ], [ -106.4294922, 68.2884766 ], [ -106.4242676, 68.2005859 ], [ -106.4594727, 68.1956543 ], [ -106.5348633, 68.209277300000011 ], [ -106.6684082, 68.2160156 ], [ -106.7109863, 68.2067871 ], [ -106.790722699999989, 68.1448242 ], [ -106.8356445, 68.1286133 ], [ -106.9225586, 68.1141602 ], [ -106.9936523, 68.1062988 ], [ -107.1248047, 68.1084473 ], [ -107.2241211, 68.0937988 ], [ -107.351123, 68.0611816 ], [ -107.446191399999989, 68.0496582 ], [ -107.509375, 68.0591309 ], [ -107.7610352, 68.0321777 ], [ -107.798291, 68.0369141 ], [ -107.7874512, 68.0125 ], [ -107.7286133, 67.9588379 ], [ -107.7630859, 67.9068359 ], [ -107.890918, 67.8563477 ], [ -107.9583984, 67.8186035 ], [ -107.9721191, 67.7320313 ], [ -107.9540527, 67.7 ], [ -107.8650879, 67.639209 ], [ -107.7530273, 67.5868652 ], [ -107.6499023, 67.5112793 ], [ -107.6383789, 67.4742188 ], [ -107.6509277, 67.4282227 ], [ -107.644043, 67.3847656 ], [ -107.5674805, 67.2730469 ], [ -107.482373, 67.1991211 ], [ -107.318457, 67.1277832 ], [ -107.2831543, 67.1032715 ], [ -107.3478516, 67.0547852 ], [ -107.3233398, 67.0225586 ], [ -107.2537598, 66.9763672 ], [ -107.156494099999989, 66.8817383 ], [ -107.2001953, 66.8825684 ], [ -107.3291992, 66.9319824 ], [ -107.4020996, 66.947998 ], [ -107.4188477, 66.9307129 ], [ -107.4512695, 66.9267578 ], [ -107.4992188, 66.9361816 ], [ -107.626171899999989, 67.003125 ], [ -107.7250977, 66.9841309 ], [ -107.745996100000013, 66.9614746 ], [ -107.7402344, 66.8137695 ], [ -107.730859400000014, 66.7691895 ], [ -107.7103516, 66.7400391 ], [ -107.5644531, 66.6185059 ], [ -107.2780762, 66.4249023 ], [ -107.259472699999989, 66.3985352 ], [ -107.2913574, 66.4018066 ], [ -107.3736816, 66.434668 ], [ -107.4803223, 66.4917969 ], [ -107.7048828, 66.6371094 ], [ -107.7609375, 66.6836914 ], [ -107.957959, 66.7812988 ], [ -108.0017578, 66.8180176 ], [ -108.0496094, 66.8443359 ], [ -108.101464799999988, 66.8603516 ], [ -108.157666, 66.892627 ], [ -108.2181641, 66.9412598 ], [ -108.4552734, 67.0629883 ], [ -108.4960449, 67.0922852 ], [ -108.459082, 67.0904297 ], [ -108.3443359, 67.0575195 ], [ -108.2208008, 67.0505859 ], [ -108.0884277, 67.0697754 ], [ -107.9913086, 67.095166 ], [ -107.9294434, 67.1268066 ], [ -107.9091797, 67.1625488 ], [ -107.9305176, 67.2024902 ], [ -107.9887207, 67.2563965 ], [ -108.3469727, 67.403418 ], [ -108.4915039, 67.4833008 ], [ -108.5929199, 67.5908691 ], [ -108.6133301, 67.5980469 ], [ -108.680224599999988, 67.6062012 ], [ -108.7151367, 67.5828125 ], [ -108.8151855, 67.4375 ], [ -108.852002, 67.4219727 ], [ -108.8909668, 67.4380859 ], [ -108.9499023, 67.4939453 ], [ -108.9676758, 67.532373 ], [ -108.9944824, 67.6371094 ], [ -109.0380371, 67.6911621 ], [ -109.08125, 67.7107422 ], [ -109.2243164, 67.7297852 ], [ -109.6303711, 67.7327148 ], [ -109.6860352, 67.7517578 ], [ -109.7601563, 67.8201172 ], [ -109.8313477, 67.8658203 ], [ -109.904248, 67.8735352 ], [ -109.9365234, 67.8878906 ], [ -110.0424805, 67.9771973 ], [ -110.0739258, 67.9929199 ], [ -110.101953099999989, 67.9922363 ], [ -110.216259799999989, 67.9540039 ], [ -110.3719727, 67.9541992 ], [ -110.8048828, 67.8323242 ], [ -110.9900391, 67.7908203 ], [ -111.0874023, 67.7876465 ], [ -111.1547852, 67.7982422 ], [ -111.192187499999989, 67.8225586 ], [ -111.2908203, 67.8152344 ], [ -111.4506836, 67.7761719 ], [ -111.5757324, 67.7568359 ], [ -111.7108887, 67.7573242 ], [ -112.1013184, 67.7317383 ], [ -112.2367187, 67.731103500000017 ], [ -112.3145508, 67.7195801 ], [ -112.4351562, 67.6847656 ], [ -112.5030273, 67.6819336 ], [ -112.8794434, 67.6798828 ], [ -113.0749512, 67.6866699 ], [ -113.214990199999988, 67.7017578 ], [ -113.6819336, 67.6999512 ], [ -113.8932129, 67.7068848 ], [ -114.051074199999988, 67.7269043 ], [ -114.1757324, 67.7350098 ], [ -114.267041, 67.7311523 ], [ -114.4293945, 67.7512207 ], [ -114.662890600000011, 67.7952148 ], [ -114.8567383, 67.8135742 ], [ -115.0111816, 67.8063965 ], [ -115.133203099999974, 67.8191895 ], [ -115.2884766, 67.8716797 ], [ -115.4344727, 67.9023438 ], [ -115.426855499999988, 67.9235352 ], [ -115.2018555, 67.9984375 ], [ -115.167089800000014, 68.0185547 ], [ -115.186767599999982, 68.0841797 ], [ -115.1759277, 68.1043945 ], [ -115.1270508, 68.1320312 ], [ -114.852197300000014, 68.1952637 ], [ -114.765283200000013, 68.2702148 ], [ -114.274755899999988, 68.2478516 ], [ -114.0959473, 68.2667969 ], [ -114.0532227, 68.2833984 ], [ -114.0208008, 68.3064941 ], [ -113.9644043, 68.3990723 ], [ -113.9881836, 68.4149902 ], [ -114.051123, 68.4146484 ], [ -114.092041, 68.4354004 ], [ -114.1108398, 68.4773437 ], [ -114.2181641, 68.5520508 ], [ -114.4138672, 68.6595703 ], [ -114.620166, 68.7460938 ], [ -114.99375, 68.8500488 ], [ -115.2398437, 68.8918457 ], [ -115.442285199999986, 68.940918 ], [ -115.6311523, 68.9725586 ], [ -115.806347699999989, 68.9866211 ], [ -115.883252, 68.9873047 ], [ -115.936084, 68.9581055 ], [ -116.166748, 68.9753418 ], [ -116.243408199999976, 68.9740723 ], [ -116.2516113, 68.9579102 ], [ -116.0652344, 68.8554199 ], [ -116.059472699999986, 68.8370117 ], [ -116.2227051, 68.8468262 ], [ -116.334082, 68.8736328 ], [ -116.424560499999984, 68.8806152 ], [ -116.54995120000001, 68.8788086 ], [ -117.02573240000001, 68.9159668 ], [ -117.131738299999981, 68.9071289 ], [ -117.2269531, 68.9134277 ], [ -117.3112793, 68.9349121 ], [ -117.8303223, 68.9999023 ], [ -118.0952148, 69.0429199 ], [ -118.306982399999981, 69.0927246 ], [ -118.485595699999976, 69.144873 ], [ -118.744873, 69.2342773 ], [ -118.8687012, 69.2571777 ], [ -119.852832, 69.342334 ], [ -120.139990199999986, 69.3805664 ], [ -120.2925293, 69.420556600000012 ], [ -120.8146484, 69.6168457 ], [ -120.9624512, 69.6604004 ], [ -121.3362305, 69.7415527 ], [ -121.5311035, 69.7757813 ], [ -121.741845700000013, 69.7975098 ], [ -122.0700684, 69.8161621 ], [ -122.3875, 69.8084473 ], [ -122.7048828, 69.8173828 ], [ -122.785400399999986, 69.8084473 ], [ -122.956689499999982, 69.8188477 ], [ -123.025781299999977, 69.8100098 ], [ -123.07661130000001, 69.7824707 ], [ -123.1104004, 69.7381348 ], [ -123.1444824, 69.6324707 ], [ -123.2136719, 69.5415039 ], [ -123.2489746, 69.5200195 ], [ -123.3614746, 69.4966309 ], [ -123.4604492, 69.4200195 ], [ -123.528418, 69.3893555 ], [ -123.6091309, 69.3774414 ], [ -124.04965820000001, 69.3728516 ], [ -124.1117188, 69.3588867 ], [ -124.3380859, 69.3648437 ], [ -124.4261719, 69.3794434 ], [ -124.4720703, 69.4000488 ], [ -124.481347700000015, 69.4251465 ], [ -124.4539062, 69.454834 ], [ -124.3983887, 69.4938477 ], [ -124.138476599999976, 69.6531738 ], [ -124.124609400000011, 69.6899902 ], [ -124.3493652, 69.7345215 ], [ -124.406933599999988, 69.7674316 ], [ -124.4719238, 69.9185059 ], [ -124.4671875, 69.9825684 ], [ -124.441503900000015, 70.0619141 ], [ -124.4444824, 70.1105957 ], [ -124.5025879, 70.1411133 ], [ -124.5550293, 70.1512207 ], [ -124.6399414, 70.1414551 ], [ -124.7063477, 70.1169922 ], [ -124.7451172, 70.0801758 ], [ -124.952441399999984, 70.041748 ], [ -124.9903809, 70.0266113 ], [ -124.962597699999989, 70.0125977 ], [ -124.9200195, 70.0055664 ], [ -124.8625977, 70.0055176 ], [ -124.7679199, 69.9900391 ], [ -124.7936523, 69.9685059 ], [ -124.8891602, 69.935791 ], [ -124.968261699999985, 69.8943848 ], [ -125.0310059, 69.8442871 ], [ -125.0795898, 69.8178223 ], [ -125.1140137, 69.8150391 ], [ -125.2011719, 69.8288086 ], [ -125.227880899999988, 69.7567383 ], [ -125.219384800000014, 69.732373 ], [ -125.3455078, 69.6624512 ], [ -125.3569336, 69.6259766 ], [ -125.2615723, 69.5661621 ], [ -125.16684570000001, 69.4797852 ], [ -125.171875, 69.4279785 ], [ -125.386767599999985, 69.3492187 ], [ -125.5249512, 69.3515625 ], [ -125.7277832, 69.379980500000016 ], [ -125.907421899999989, 69.4185547 ], [ -126.063818399999988, 69.4670898 ], [ -126.2504395, 69.5452637 ], [ -126.6121582, 69.7303223 ], [ -126.6849121, 69.7770996 ], [ -126.758691399999989, 69.8533691 ], [ -126.8334961, 69.959082 ], [ -126.9268066, 70.0617188 ], [ -127.1384766, 70.2393555 ], [ -127.22597660000001, 70.2961426 ], [ -127.3768555, 70.36875 ], [ -127.752832, 70.5171387 ], [ -127.8616211, 70.5490723 ], [ -127.991015600000011, 70.5738281 ], [ -128.0404785, 70.5664062 ], [ -128.127294899999981, 70.5238281 ], [ -128.168066399999987, 70.4797852 ], [ -128.1701172, 70.418457 ], [ -128.121484399999986, 70.3973633 ], [ -127.988916, 70.3631348 ], [ -128.0436523, 70.3287598 ], [ -128.03417970000001, 70.315332 ], [ -127.9740234, 70.2929199 ], [ -127.683789099999984, 70.2603516 ], [ -127.7649414, 70.221875 ], [ -128.0958496, 70.1613281 ], [ -128.278613299999989, 70.1081055 ], [ -128.3591797, 69.9875977 ], [ -128.386718799999983, 69.9601563 ], [ -128.7055176, 69.8101563 ], [ -128.8530273, 69.7510254 ], [ -128.971435499999984, 69.7124023 ], [ -129.0543457, 69.7010742 ], [ -129.101709, 69.717041 ], [ -129.136230499999982, 69.7500488 ], [ -129.1579102, 69.8000977 ], [ -129.1383301, 69.8325195 ], [ -128.938623, 69.875 ], [ -128.91679689999998, 69.894873 ], [ -128.8836914, 69.9634766 ], [ -128.8989258, 69.9661621 ], [ -128.9843262, 69.9334473 ], [ -129.0329102, 69.9049805 ], [ -129.1091309, 69.8819336 ], [ -129.2648438, 69.8554199 ], [ -129.572119099999981, 69.826709 ], [ -130.117627, 69.7200684 ], [ -130.3536133, 69.6558105 ], [ -130.5159668, 69.5696777 ], [ -130.660693399999985, 69.4812988 ], [ -130.8750488, 69.3200195 ], [ -130.9143066, 69.2848633 ], [ -130.9706543, 69.209082 ], [ -130.9819824, 69.2532715 ], [ -130.9862793, 69.3628906 ], [ -131.0134277, 69.4287109 ], [ -131.0634277, 69.4506836 ], [ -131.112841799999984, 69.4594727 ], [ -131.1617187, 69.4549805 ], [ -131.2090332, 69.4321777 ], [ -131.293896499999988, 69.3637207 ], [ -131.324707, 69.3611816 ], [ -131.3030273, 69.4150879 ], [ -131.3429199, 69.4354004 ], [ -131.5629395, 69.461377 ], [ -131.6317871, 69.459082 ], [ -131.7883789, 69.4319824 ], [ -131.820166, 69.4016113 ], [ -131.7810547, 69.3888672 ], [ -131.786914100000018, 69.3712891 ], [ -131.8333984, 69.3359863 ], [ -131.9196289, 69.2905273 ], [ -132.134375, 69.2344727 ], [ -132.213964799999985, 69.2016602 ], [ -132.3580566, 69.1669434 ], [ -132.545166, 69.140625 ], [ -132.7189453, 69.0791992 ], [ -132.7554687, 69.0416016 ], [ -132.770117199999987, 69.0121582 ], [ -132.7646973, 68.9724609 ], [ -132.7391113, 68.9224609 ], [ -132.7043457, 68.8958984 ], [ -132.542236299999985, 68.8899414 ], [ -132.532666, 68.8756348 ], [ -132.5776367, 68.8478027 ], [ -132.7060059, 68.8148926 ], [ -133.3040039, 68.8474121 ], [ -133.3366699, 68.8352539 ], [ -133.3195312, 68.8197266 ], [ -133.192187499999989, 68.7765137 ], [ -133.1380371, 68.746582 ], [ -133.1968262, 68.7398437 ], [ -133.348388699999987, 68.769873 ], [ -133.3733887, 68.7884766 ], [ -133.4183105, 68.8442871 ], [ -133.378955099999985, 68.8866699 ], [ -133.2282227, 68.9671387 ], [ -133.089453099999986, 69.0287598 ], [ -132.967968700000029, 69.101416 ], [ -132.817480499999988, 69.2057617 ], [ -132.6867188, 69.2598633 ], [ -132.481201199999987, 69.2731445 ], [ -132.330761699999982, 69.307959 ], [ -132.1968262, 69.3646973 ], [ -132.128759799999983, 69.4023438 ], [ -131.988769499999989, 69.517627 ], [ -131.937793, 69.5347168 ], [ -131.862793, 69.5493652 ], [ -131.472949199999988, 69.5794922 ], [ -131.3063477, 69.5966309 ], [ -131.207959, 69.6157715 ], [ -130.9601074, 69.6320313 ], [ -130.832080099999985, 69.6514648 ], [ -130.7085449, 69.6859863 ], [ -130.4588379, 69.7799805 ], [ -129.648291, 69.9977539 ], [ -129.5381836, 70.0739258 ], [ -129.5384277, 70.1051758 ], [ -129.622998, 70.167627 ], [ -129.675634799999983, 70.1929688 ], [ -129.730078099999986, 70.1920898 ], [ -129.8980469, 70.1061523 ], [ -129.9449707, 70.090918 ], [ -130.0433105, 70.095068400000017 ], [ -130.174951199999981, 70.0858887 ], [ -130.2749512, 70.097998 ], [ -130.3963867, 70.129248 ], [ -130.4984375, 70.1431641 ], [ -130.6654785, 70.1270508 ], [ -130.926171899999986, 70.0516113 ], [ -130.990625, 70.0181152 ], [ -131.0318359, 69.9794922 ], [ -131.136377, 69.9068848 ], [ -131.2158691, 69.9007813 ], [ -131.3189453, 69.9241699 ], [ -131.440918, 69.9179199 ], [ -131.581835899999987, 69.8821289 ], [ -131.934130899999985, 69.7534668 ], [ -132.1634277, 69.7049805 ], [ -132.2324219, 69.7081543 ], [ -132.3339844, 69.7518066 ], [ -132.488476599999984, 69.7380859 ], [ -132.5375488, 69.7265625 ], [ -132.5706055, 69.7066895 ], [ -132.5683594, 69.6981445 ], [ -132.4789551, 69.6928711 ], [ -132.4127441, 69.6740723 ], [ -132.4039062, 69.6587402 ], [ -132.4523437, 69.6469238 ], [ -132.526806599999986, 69.6432617 ], [ -132.840332, 69.6506836 ], [ -132.915332, 69.6296387 ], [ -133.028271499999988, 69.508252 ], [ -133.0844238, 69.4706543 ], [ -133.1631348, 69.4338867 ], [ -133.2936523, 69.4121582 ], [ -133.4759277, 69.4053711 ], [ -133.694043, 69.3684082 ], [ -133.94804689999998, 69.3013184 ], [ -134.174316399999981, 69.252832 ], [ -134.1650391, 69.2805664 ], [ -134.018408199999982, 69.3884766 ], [ -133.947460899999982, 69.4294922 ], [ -133.879785199999986, 69.5077148 ], [ -133.8999512, 69.5282227 ], [ -134.0774902, 69.5578613 ], [ -134.1340332, 69.5872559 ], [ -134.1898926, 69.6388184 ], [ -134.242041, 69.6688477 ], [ -134.408935499999984, 69.6817871 ], [ -134.4514648, 69.6654785 ], [ -134.4736816, 69.6328125 ], [ -134.495361299999985, 69.5719238 ], [ -134.4912109, 69.5453125 ], [ -134.456835899999987, 69.4776367 ], [ -134.4938477, 69.4679199 ], [ -134.8528809, 69.4858887 ], [ -135.1408203, 69.4678223 ], [ -135.199023399999987, 69.4496094 ], [ -135.2297852, 69.4251953 ], [ -135.254980499999988, 69.3238281 ], [ -135.292822299999983, 69.3078613 ], [ -135.4995605, 69.3371582 ], [ -135.6149414, 69.2910156 ], [ -135.691455099999985, 69.3111816 ], [ -135.910205099999985, 69.1114746 ], [ -135.849707, 69.0813965 ], [ -135.742627, 69.0494141 ], [ -135.651269499999984, 69.0312988 ], [ -135.5755371, 69.0269531 ], [ -135.589990199999988, 69.008252 ], [ -135.6952148, 69.0006348 ], [ -135.8728516, 69.0010254 ], [ -135.92475589999998, 68.992627 ], [ -135.939013700000032, 68.9741699 ], [ -135.894726599999984, 68.926709 ], [ -135.8763184, 68.9169922 ], [ -135.637988299999989, 68.8922363 ], [ -135.4345703, 68.8419922 ], [ -135.4069336, 68.8289551 ], [ -135.231201199999987, 68.6942871 ], [ -135.2588379, 68.6843262 ], [ -135.362158199999982, 68.6964355 ], [ -135.8666504, 68.8326172 ], [ -136.122363299999989, 68.8822266 ], [ -136.4986816, 68.8973145 ], [ -136.717334, 68.8891602 ], [ -137.0704102, 68.9508789 ], [ -137.259960899999982, 68.9641113 ], [ -137.8694336, 69.0928223 ], [ -138.128369099999986, 69.1519531 ], [ -138.29101559999998, 69.219043 ], [ -138.6898926, 69.3167969 ], [ -139.181543, 69.5155273 ], [ -139.9766113, 69.621728500000017 ], [ -140.405127, 69.6024902 ], [ -140.8600098, 69.6352539 ], [ -141.002148399999982, 69.6507812 ], [ -141.002148399999982, 69.3585938 ], [ -141.002148399999982, 69.0663574 ], [ -141.002148399999982, 68.7741699 ], [ -141.002148399999982, 68.4819824 ], [ -141.002148399999982, 68.1897461 ], [ -141.002148399999982, 67.8975586 ], [ -141.002148399999982, 67.6053711 ], [ -141.002148399999982, 67.313134800000014 ], [ -141.002148399999982, 67.0209473 ], [ -141.002148399999982, 66.7287598 ], [ -141.002148399999982, 66.4365234 ], [ -141.002148399999982, 66.1443359 ], [ -141.002148399999982, 65.8521484 ], [ -141.002148399999982, 65.5599121 ], [ -141.002148399999982, 65.2677246 ], [ -141.002148399999982, 64.9755371 ], [ -141.002148399999982, 64.6833008 ], [ -141.002148399999982, 64.3911133 ], [ -141.002148399999982, 64.098877 ], [ -141.002148399999982, 63.8066895 ], [ -141.002148399999982, 63.5144531 ], [ -141.002148399999982, 63.2222656 ], [ -141.002148399999982, 62.9300781 ], [ -141.002148399999982, 62.6378906 ], [ -141.002148399999982, 62.3457031 ], [ -141.002148399999982, 62.0534668 ], [ -141.002148399999982, 61.7612793 ], [ -141.002148399999982, 61.469043 ], [ -141.002148399999982, 61.1768555 ], [ -141.002148399999982, 60.884668 ], [ -141.002148399999982, 60.5924316 ], [ -141.002148399999982, 60.3002441 ], [ -140.7627441, 60.2591309 ], [ -140.5254395, 60.2183594 ], [ -140.452832, 60.299707 ], [ -140.1969238, 60.2375 ], [ -139.973291, 60.1831543 ], [ -139.8306641, 60.2528809 ], [ -139.676318399999985, 60.3283203 ], [ -139.4679688, 60.3336914 ], [ -139.2347656, 60.3397461 ], [ -139.079248, 60.3437012 ], [ -139.079248, 60.2794434 ], [ -139.136962899999986, 60.1727051 ], [ -139.1851562, 60.0835938 ], [ -139.043457, 59.9932617 ], [ -138.86875, 59.945752 ], [ -138.7054688, 59.9013184 ], [ -138.6322754, 59.7782715 ], [ -138.4536133, 59.6833984 ], [ -138.317627, 59.6111328 ], [ -138.1874512, 59.5419434 ], [ -138.001123, 59.4429199 ], [ -137.870556599999986, 59.373584 ], [ -137.6966309, 59.2811523 ], [ -137.5933105, 59.2262695 ], [ -137.543701199999987, 59.1194336 ], [ -137.4841797, 58.9912109 ], [ -137.5208984, 58.9153809 ], [ -137.4385742, 58.903125 ], [ -137.277539099999984, 58.9881836 ], [ -137.126220700000033, 59.0409668 ], [ -136.939306599999981, 59.1061035 ], [ -136.8132812, 59.1500488 ], [ -136.578759800000029, 59.1522461 ], [ -136.466748, 59.2799316 ], [ -136.4663574, 59.459082 ], [ -136.347851599999984, 59.4560547 ], [ -136.277978499999989, 59.4803223 ], [ -136.2471191, 59.5329102 ], [ -136.3218262, 59.604834 ], [ -136.097168, 59.6383789 ], [ -135.934668, 59.6626465 ], [ -135.7025879, 59.7287598 ], [ -135.4759277, 59.7932617 ], [ -135.3678711, 59.7433105 ], [ -135.260791, 59.6950195 ], [ -135.051025399999986, 59.5786621 ], [ -135.0366699, 59.5506836 ], [ -135.050830099999985, 59.4960449 ], [ -135.0712891, 59.4414551 ], [ -134.94375, 59.2882813 ], [ -134.90722660000003, 59.2711914 ], [ -134.8023926, 59.25 ], [ -134.6772461, 59.1992676 ], [ -134.621972699999986, 59.1553223 ], [ -134.440771499999983, 59.0853516 ], [ -134.410205099999985, 59.05625 ], [ -134.393066399999981, 59.0091797 ], [ -134.363525399999986, 58.96875 ], [ -134.3296387, 58.9396973 ], [ -134.2969727, 58.8984863 ], [ -134.2185059, 58.8499023 ], [ -134.0691895, 58.7955078 ], [ -133.965722699999986, 58.7578613 ], [ -133.820752, 58.7050293 ], [ -133.6739258, 58.597168 ], [ -133.5463867, 58.503466800000012 ], [ -133.401123, 58.410888699999987 ], [ -133.4225586, 58.3370605 ], [ -133.275293, 58.2228516 ], [ -133.120410199999981, 58.0777344 ], [ -133.001416, 57.9489746 ], [ -132.916845699999982, 57.877002 ], [ -132.815527299999985, 57.7727051 ], [ -132.691503899999987, 57.645117199999987 ], [ -132.550488299999984, 57.4999023 ], [ -132.442480499999988, 57.4067383 ], [ -132.301660199999986, 57.2763184 ], [ -132.2321777, 57.1985352 ], [ -132.2793945, 57.1453613 ], [ -132.3379883, 57.0794434 ], [ -132.1570312, 57.0481934 ], [ -132.031543, 57.0265625 ], [ -132.0628906, 56.9533691 ], [ -132.10429689999998, 56.8567871 ], [ -131.9625, 56.8187012 ], [ -131.8661621, 56.7928223 ], [ -131.885986299999985, 56.7421387 ], [ -131.833105499999988, 56.6848145 ], [ -131.824267599999985, 56.5899902 ], [ -131.651513699999981, 56.5960938 ], [ -131.575097699999986, 56.5988281 ], [ -131.471875, 56.5567383 ], [ -131.335791, 56.5012207 ], [ -131.199414099999984, 56.4492188 ], [ -131.082910199999986, 56.404834 ], [ -130.9302246, 56.3786133 ], [ -130.7416992, 56.3408203 ], [ -130.6490723, 56.2636719 ], [ -130.4770996, 56.2305664 ], [ -130.4131348, 56.1225098 ], [ -130.214697299999983, 56.0828125 ], [ -130.097851599999984, 56.1092773 ], [ -130.055957, 56.0652344 ], [ -130.022900400000026, 56.014502 ], [ -130.0140625, 55.9505371 ], [ -130.0250977, 55.8882324 ], [ -130.020312499999989, 55.8807617 ] ] ], [ [ [ -109.9408691, 78.67846680000001 ], [ -110.1404785, 78.7044434 ], [ -110.4078125, 78.7566406 ], [ -110.618066399999989, 78.7578125 ], [ -110.8775879, 78.7350586 ], [ -111.071484399999989, 78.7083984 ], [ -111.4003418, 78.644043 ], [ -111.519873, 78.6032227 ], [ -111.7087891, 78.574707 ], [ -112.2140137, 78.5478027 ], [ -112.6408203, 78.4998047 ], [ -112.8558594, 78.4668457 ], [ -113.1499512, 78.4083984 ], [ -113.2816895, 78.3527832 ], [ -113.2925781, 78.334375 ], [ -113.223046900000014, 78.297900400000017 ], [ -113.1725098, 78.2837891 ], [ -112.999902299999988, 78.2929199 ], [ -112.5578125, 78.3415039 ], [ -112.13125, 78.3660645 ], [ -111.7597168, 78.282959 ], [ -111.5174805, 78.274707 ], [ -111.4350586, 78.2873535 ], [ -111.3004883, 78.3365723 ], [ -111.2290039, 78.376318400000017 ], [ -111.1691895, 78.3862793 ], [ -111.0267578, 78.367627 ], [ -110.8400391, 78.3223145 ], [ -110.7550781, 78.3107422 ], [ -110.4183594, 78.2949707 ], [ -110.293457, 78.2981934 ], [ -110.021875, 78.3228027 ], [ -109.7087891, 78.3037598 ], [ -109.484472700000012, 78.3164062 ], [ -109.390527299999988, 78.3366699 ], [ -109.3520996, 78.3686523 ], [ -109.3360352, 78.4084473 ], [ -109.3421387, 78.4560059 ], [ -109.362207, 78.4928711 ], [ -109.4672852, 78.5671875 ], [ -109.5041504, 78.5824707 ], [ -109.5808594, 78.5932617 ], [ -109.6409668, 78.5920898 ], [ -109.8159668, 78.6503906 ], [ -109.9408691, 78.67846680000001 ] ] ], [ [ [ -110.7273438, 78.096582 ], [ -110.8732422, 78.0806152 ], [ -111.2065918, 78.0881348 ], [ -112.304589799999988, 78.0067871 ], [ -112.804541, 77.9416016 ], [ -113.0216309, 77.9191406 ], [ -113.1870605, 77.9123535 ], [ -113.2151855, 77.9035156 ], [ -113.2693359, 77.8600586 ], [ -113.282959, 77.8356445 ], [ -113.2834473, 77.8130371 ], [ -113.2712891, 77.778418 ], [ -113.189502, 77.7183105 ], [ -113.1677734, 77.6764648 ], [ -113.1206543, 77.632617200000013 ], [ -113.1374023, 77.6175293 ], [ -113.188623, 77.5997559 ], [ -113.2085449, 77.5801758 ], [ -113.1971191, 77.5588379 ], [ -113.1643555, 77.5302734 ], [ -113.0460449, 77.5107422 ], [ -112.9256348, 77.4749512 ], [ -112.6437988, 77.4437012 ], [ -112.3726562, 77.3641113 ], [ -112.1765137, 77.34375 ], [ -111.9519531, 77.3441895 ], [ -111.2262207, 77.4285156 ], [ -111.0604492, 77.4331543 ], [ -110.8939941, 77.4259766 ], [ -110.682861300000013, 77.4458984 ], [ -110.3715332, 77.490625 ], [ -110.1984863, 77.5245117 ], [ -110.1394531, 77.5721191 ], [ -110.1168945, 77.624707 ], [ -110.1175781, 77.7155762 ], [ -110.1308594, 77.7423828 ], [ -110.1527344, 77.7629395 ], [ -110.189209, 77.777002 ], [ -110.2921875, 77.786377 ], [ -110.7193848, 77.7814453 ], [ -110.8116211, 77.8031738 ], [ -110.856543, 77.8203613 ], [ -110.865625, 77.8341309 ], [ -110.751123, 77.8572266 ], [ -110.199511699999988, 77.904834 ], [ -109.7717773, 77.9574219 ], [ -109.6793945, 77.9993164 ], [ -109.619043, 78.0568359 ], [ -109.6222656, 78.0747559 ], [ -109.6568848, 78.079248 ], [ -110.4580566, 78.1032227 ], [ -110.7273438, 78.096582 ] ] ], [ [ [ -116.0080078, 77.4606445 ], [ -116.2088867, 77.5160156 ], [ -116.3625977, 77.5428223 ], [ -116.511328100000014, 77.5476074 ], [ -116.8353027, 77.5288574 ], [ -116.947168, 77.5038574 ], [ -117.039746099999988, 77.4651367 ], [ -117.045752, 77.4489746 ], [ -117.029785199999978, 77.4318848 ], [ -116.766259800000014, 77.3982422 ], [ -116.7036133, 77.3799316 ], [ -116.7953125, 77.346582 ], [ -116.8435547, 77.3395508 ], [ -117.061377, 77.3484863 ], [ -117.148974599999988, 77.3608398 ], [ -117.210791, 77.3314453 ], [ -117.2791016, 77.3133789 ], [ -117.418603499999989, 77.3173828 ], [ -118.0051758, 77.3812012 ], [ -118.8200195, 77.3327148 ], [ -119.090185499999976, 77.3050781 ], [ -119.323974600000014, 77.2406738 ], [ -119.494824200000011, 77.1769043 ], [ -119.8311523, 77.073877 ], [ -120.2003418, 76.9313477 ], [ -120.3109375, 76.9045898 ], [ -120.357666, 76.8869141 ], [ -120.437597699999984, 76.816455100000013 ], [ -120.485351600000016, 76.7932129 ], [ -120.9976074, 76.6914551 ], [ -121.102002, 76.6607422 ], [ -121.2039062, 76.622168 ], [ -121.5611328, 76.4534668 ], [ -121.6137695, 76.4414551 ], [ -122.3653809, 76.4012207 ], [ -122.423046899999989, 76.3900879 ], [ -122.5193848, 76.3531738 ], [ -122.7740234, 76.2276855 ], [ -122.878271499999983, 76.1647949 ], [ -122.9027832, 76.1347168 ], [ -122.684668, 76.1624023 ], [ -122.623925799999981, 76.1674805 ], [ -122.5927246, 76.1620605 ], [ -122.5878906, 76.1529785 ], [ -122.609472699999984, 76.1402832 ], [ -122.6086426, 76.1214355 ], [ -122.548193399999988, 76.09731450000001 ], [ -122.5462402, 76.0805176 ], [ -122.607373, 76.0386719 ], [ -122.6459473, 76.0310059 ], [ -122.6404785, 76.009082 ], [ -122.5911133, 75.972998 ], [ -122.5330566, 75.9509277 ], [ -122.400488299999978, 75.9442383 ], [ -122.3027344, 75.9598145 ], [ -122.0574219, 76.0182129 ], [ -121.9082031, 76.0347656 ], [ -121.694531200000014, 76.0203125 ], [ -121.4279785, 75.9811035 ], [ -121.320166, 75.977002 ], [ -121.213476599999979, 75.9836914 ], [ -121.019287100000014, 76.0202637 ], [ -120.9000977, 76.163427700000014 ], [ -120.848388700000015, 76.182666 ], [ -120.813378899999989, 76.1792969 ], [ -120.771582, 76.1663086 ], [ -120.7286621, 76.134082 ], [ -120.637158199999988, 76.0340332 ], [ -120.5632812, 76.0084473 ], [ -120.5138184, 75.9583496 ], [ -120.458300799999989, 75.870166 ], [ -120.4088867, 75.8256348 ], [ -120.3653809, 75.8247559 ], [ -120.160546900000014, 75.8519531 ], [ -119.912890600000011, 75.8588379 ], [ -119.7348145, 75.9154297 ], [ -119.66713870000001, 75.9459961 ], [ -119.607959, 75.9845703 ], [ -119.5377441, 75.9821777 ], [ -119.526123, 75.9972168 ], [ -119.5271484, 76.0305664 ], [ -119.549707, 76.0520508 ], [ -119.72519530000001, 76.0999512 ], [ -119.7396484, 76.1177246 ], [ -119.639648400000013, 76.1566895 ], [ -119.6358398, 76.1898926 ], [ -119.6507812, 76.2437012 ], [ -119.6489258, 76.2798828 ], [ -119.5803711, 76.3265137 ], [ -119.5237305, 76.3402832 ], [ -119.4888184, 76.3203125 ], [ -119.4478027, 76.2753906 ], [ -119.3679199, 76.2217773 ], [ -119.2492676, 76.1594727 ], [ -119.1682129, 76.1265137 ], [ -119.0807129, 76.1240723 ], [ -118.9939453, 76.144873 ], [ -118.955468799999977, 76.1676758 ], [ -118.851123, 76.2578125 ], [ -118.8115723, 76.2770996 ], [ -118.64340820000001, 76.334668 ], [ -118.624511700000014, 76.3658691 ], [ -118.6438965, 76.4175293 ], [ -118.7995605, 76.4637695 ], [ -118.820752, 76.4858398 ], [ -118.7914062, 76.5129883 ], [ -118.731543, 76.5255859 ], [ -118.573681599999986, 76.5251953 ], [ -118.4681641, 76.547363300000015 ], [ -118.4310059, 76.5879883 ], [ -118.4091309, 76.6623047 ], [ -118.369873, 76.7009766 ], [ -118.3005859, 76.7366699 ], [ -118.202783200000013, 76.760498 ], [ -118.076416, 76.7723633 ], [ -117.88081050000001, 76.8050781 ], [ -117.8179199, 76.8041016 ], [ -117.7804688, 76.7842773 ], [ -117.807617199999981, 76.7339355 ], [ -117.8995117, 76.6530762 ], [ -117.965429699999987, 76.5740234 ], [ -118.0054199, 76.4966797 ], [ -118.0202148, 76.4465332 ], [ -117.9929687, 76.4058105 ], [ -117.8414062, 76.3448242 ], [ -117.7324219, 76.316748 ], [ -117.4923828, 76.2727051 ], [ -117.346923800000013, 76.2725586 ], [ -117.2335938, 76.281543 ], [ -117.15390619999998, 76.297998 ], [ -117.1077637, 76.3219238 ], [ -117.0444824, 76.3730957 ], [ -117.0261719, 76.4035156 ], [ -117.013281299999989, 76.4690918 ], [ -117.016796899999989, 76.496093800000011 ], [ -116.9992188, 76.5315918 ], [ -116.467627, 76.5771484 ], [ -116.220459, 76.611084 ], [ -116.0762207, 76.6535156 ], [ -115.9848145, 76.6869141 ], [ -115.9462891, 76.7112793 ], [ -115.94458010000001, 76.7362305 ], [ -116.0162109, 76.7845215 ], [ -116.2339844, 76.8743164 ], [ -116.2527344, 76.901416 ], [ -116.183252, 76.9155762 ], [ -116.1097656, 76.9182129 ], [ -115.912890600000011, 76.9084473 ], [ -115.8100586, 76.9391113 ], [ -115.8568359, 76.9692383 ], [ -116.0730957, 77.0299805 ], [ -116.2857422, 77.1016602 ], [ -116.3291992, 77.1370605 ], [ -116.21372070000001, 77.1782227 ], [ -115.6239258, 77.265918 ], [ -115.5066406, 77.2921387 ], [ -115.4702148, 77.3086426 ], [ -115.4755859, 77.3243164 ], [ -115.551269499999975, 77.3632812 ], [ -116.0080078, 77.4606445 ] ] ], [ [ [ -108.3868164, 76.0665527 ], [ -108.406152299999988, 76.0850586 ], [ -108.3818848, 76.1157227 ], [ -108.3058105, 76.1540527 ], [ -108.1779297, 76.2000488 ], [ -108.1231934, 76.2334473 ], [ -108.1935547, 76.3300781 ], [ -108.345459, 76.3916504 ], [ -108.5125, 76.438916 ], [ -108.5235352, 76.447168 ], [ -108.538623, 76.503125 ], [ -108.559521499999988, 76.5363281 ], [ -108.6276367, 76.5867188 ], [ -108.6351562, 76.6085449 ], [ -108.6118164, 76.6297363 ], [ -108.5124512, 76.6802734 ], [ -108.4777832, 76.708252 ], [ -108.4669922, 76.7375977 ], [ -108.4923828, 76.7541992 ], [ -108.5539062, 76.7580566 ], [ -108.831640600000014, 76.8211426 ], [ -109.0982422, 76.8118652 ], [ -109.2195313, 76.7919922 ], [ -109.3385254, 76.7599609 ], [ -109.5050293, 76.6916504 ], [ -109.8648438, 76.5223633 ], [ -109.9815918, 76.4847656 ], [ -110.270019499999989, 76.4169922 ], [ -110.3094727, 76.3974121 ], [ -110.3144531, 76.3693848 ], [ -110.2848633, 76.332959 ], [ -110.247021499999988, 76.3063477 ], [ -110.2007812, 76.289453100000017 ], [ -109.9078125, 76.2226562 ], [ -109.7101562, 76.2124512 ], [ -109.4868164, 76.1446777 ], [ -109.4303711, 76.1091309 ], [ -109.4166016, 76.0718262 ], [ -109.4247559, 76.0425293 ], [ -109.4546387, 76.0212402 ], [ -109.8705078, 75.9290527 ], [ -109.7960449, 75.8630371 ], [ -108.9447754, 75.6989746 ], [ -108.9182129, 75.6747559 ], [ -108.8995117, 75.6240723 ], [ -108.9125977, 75.5869629 ], [ -108.947168, 75.5417969 ], [ -109.0050293, 75.5149902 ], [ -109.086377, 75.5064941 ], [ -110.459375, 75.5553223 ], [ -110.7255859, 75.5595215 ], [ -110.8895996, 75.5469238 ], [ -111.0526855, 75.5485352 ], [ -111.1632812, 75.5702148 ], [ -111.2756836, 75.6125 ], [ -111.3727539, 75.6764648 ], [ -111.454443399999988, 75.7621582 ], [ -111.5132324, 75.8106934 ], [ -111.5491211, 75.8221191 ], [ -111.709375, 75.8320801 ], [ -111.8773926, 75.8255371 ], [ -112.0566895, 75.8342285 ], [ -112.0809082, 75.8474121 ], [ -112.047168, 75.8664062 ], [ -111.867627, 75.9107422 ], [ -111.8652344, 75.9393066 ], [ -112.3338867, 76.071875 ], [ -112.6976074, 76.201709 ], [ -112.9784668, 76.2446777 ], [ -113.1712891, 76.2577637 ], [ -113.3629883, 76.2484375 ], [ -113.8234863, 76.2068359 ], [ -113.923291, 76.2291504 ], [ -114.0588379, 76.3007324 ], [ -114.101464799999988, 76.3312012 ], [ -114.112793, 76.3494629 ], [ -114.1157715, 76.3958496 ], [ -114.1412598, 76.4226562 ], [ -114.19394530000001, 76.4514648 ], [ -114.2989746, 76.4748047 ], [ -114.5347656, 76.5017578 ], [ -114.7668457, 76.5057129 ], [ -114.99848630000001, 76.4974609 ], [ -115.5806641, 76.4375 ], [ -115.7792969, 76.3646973 ], [ -115.8255859, 76.329834 ], [ -115.8317383, 76.2958008 ], [ -115.822168, 76.2700195 ], [ -115.796875, 76.2525391 ], [ -115.664453099999974, 76.2398438 ], [ -115.0245605, 76.2114746 ], [ -114.880175799999989, 76.194873 ], [ -114.778613299999989, 76.1726074 ], [ -114.9394043, 76.1661133 ], [ -115.768261700000011, 76.1842285 ], [ -116.059130900000014, 76.201709 ], [ -116.2098633, 76.1944336 ], [ -116.454248, 76.1432129 ], [ -116.5913086, 76.0958008 ], [ -116.6097656, 76.0737305 ], [ -116.5496582, 76.0168457 ], [ -116.5804688, 75.9915527 ], [ -116.6645508, 75.9575684 ], [ -116.6542969, 75.9292969 ], [ -116.4442383, 75.890625 ], [ -116.3378906, 75.8810547 ], [ -115.602246099999988, 75.8948242 ], [ -114.9915039, 75.8963379 ], [ -115.1737305, 75.8669922 ], [ -115.476855500000013, 75.8413086 ], [ -115.838085899999982, 75.8405762 ], [ -116.389648400000013, 75.8082031 ], [ -116.8021484, 75.771582 ], [ -116.972656299999983, 75.745752 ], [ -117.0385742, 75.7184082 ], [ -117.163623, 75.644873 ], [ -117.1379395, 75.6171387 ], [ -117.0251953, 75.601513700000012 ], [ -116.425634800000012, 75.5853516 ], [ -116.034326199999981, 75.6066895 ], [ -115.121875, 75.7058105 ], [ -115.1172363, 75.6950195 ], [ -115.1418457, 75.6785156 ], [ -115.2506836, 75.6385742 ], [ -115.3353516, 75.6180664 ], [ -116.0771484, 75.4929688 ], [ -116.2127441, 75.482959 ], [ -116.890771499999985, 75.4805176 ], [ -117.1541992, 75.472998 ], [ -117.2576172, 75.4595215 ], [ -117.335546900000011, 75.442334 ], [ -117.387793, 75.4214844 ], [ -117.5131348, 75.3567871 ], [ -117.5760742, 75.3140625 ], [ -117.5967285, 75.2925293 ], [ -117.6000977, 75.2716797 ], [ -117.5652344, 75.2333496 ], [ -117.5019531, 75.2038574 ], [ -117.004834, 75.1561035 ], [ -116.8410156, 75.1515137 ], [ -116.4760742, 75.1717773 ], [ -116.142627, 75.0415527 ], [ -115.72885740000001, 74.9681152 ], [ -115.6831543, 74.9741699 ], [ -115.6089844, 75.0095703 ], [ -115.5740723, 75.0558594 ], [ -115.5373047, 75.0807129 ], [ -115.4780762, 75.1041016 ], [ -115.4131836, 75.1149902 ], [ -115.342627, 75.1133789 ], [ -115.279638699999978, 75.1015625 ], [ -115.1738281, 75.0488281 ], [ -115.128320300000013, 75.0094727 ], [ -115.0770508, 74.9853027 ], [ -115.0201172, 74.9761719 ], [ -114.8591797, 74.9997559 ], [ -114.4517578, 75.0878906 ], [ -114.356103499999989, 75.1409668 ], [ -114.3577637, 75.1712891 ], [ -114.5039551, 75.2580078 ], [ -114.5138184, 75.2754883 ], [ -114.4828125, 75.2854004 ], [ -114.4290039, 75.2811523 ], [ -114.2849609, 75.2499512 ], [ -114.168457, 75.239502 ], [ -114.1246582, 75.2912109 ], [ -114.0749023, 75.3923828 ], [ -114.053418, 75.4168945 ], [ -114.016503899999989, 75.4342773 ], [ -113.9841309, 75.4300781 ], [ -113.9163574, 75.3881836 ], [ -113.8785156, 75.3754395 ], [ -113.5889648, 75.4121094 ], [ -113.4670898, 75.4161133 ], [ -113.5030273, 75.3966797 ], [ -113.7587891, 75.3217285 ], [ -113.8108887, 75.2963379 ], [ -113.8533203, 75.259375 ], [ -113.8860352, 75.2109375 ], [ -113.8609375, 75.1877441 ], [ -113.8553711, 75.1294922 ], [ -113.8449707, 75.112207 ], [ -113.7946289, 75.0838379 ], [ -113.7117676, 75.0686035 ], [ -113.3396484, 75.0932617 ], [ -112.9513672, 75.1078125 ], [ -112.8553223, 75.1206055 ], [ -112.7996094, 75.1381836 ], [ -112.703125, 75.1871582 ], [ -112.6523926, 75.2046875 ], [ -112.5970703, 75.2116699 ], [ -112.4780762, 75.2 ], [ -112.2555176, 75.1336914 ], [ -112.2141602, 75.1329102 ], [ -112.0004883, 75.1424316 ], [ -111.7808594, 75.1661621 ], [ -111.6208496, 75.1677734 ], [ -111.473925799999989, 75.1911133 ], [ -111.1812012, 75.2604492 ], [ -111.093457, 75.2562988 ], [ -111.0334961, 75.2267578 ], [ -111.0789062, 75.1952148 ], [ -111.257959, 75.1277344 ], [ -111.5032715, 75.0556152 ], [ -111.6710938, 75.0194336 ], [ -111.7842285, 75.0056641 ], [ -111.9557617, 75.0003906 ], [ -112.192822299999989, 75.0097656 ], [ -112.6630371, 74.9944336 ], [ -112.8359863, 74.9755859 ], [ -113.324316400000015, 74.875293 ], [ -113.8628906, 74.8125488 ], [ -114.1324707, 74.7661133 ], [ -114.3126953, 74.7150879 ], [ -114.3769531, 74.6708496 ], [ -114.2682617, 74.6043457 ], [ -114.1747559, 74.5737305 ], [ -113.836816399999989, 74.4889648 ], [ -113.671582, 74.4530273 ], [ -113.5140625, 74.4300781 ], [ -113.0168945, 74.4019043 ], [ -112.5193359, 74.4168457 ], [ -111.72871090000001, 74.5019531 ], [ -111.2875488, 74.5851562 ], [ -110.9408691, 74.6387207 ], [ -110.7493164, 74.6876953 ], [ -110.6247559, 74.7526855 ], [ -110.5434082, 74.7803711 ], [ -110.3867188, 74.8139648 ], [ -110.1757813, 74.8399902 ], [ -109.503125, 74.882763700000012 ], [ -109.0025391, 75.0103027 ], [ -108.8312988, 75.0648926 ], [ -108.6660156, 75.040332 ], [ -108.6333008, 75.023291 ], [ -108.6702637, 75.0067383 ], [ -108.751318399999988, 74.9919434 ], [ -108.5941895, 74.9595703 ], [ -108.4747559, 74.9472168 ], [ -108.3544434, 74.942627 ], [ -108.2266113, 74.9519043 ], [ -108.0236328, 74.9864746 ], [ -107.820068400000011, 75.0000488 ], [ -107.4619141, 74.952148400000013 ], [ -107.153418, 74.9271484 ], [ -107.0556152, 74.9281738 ], [ -106.9611328, 74.9400879 ], [ -106.5882324, 75.0154297 ], [ -106.092627, 75.0894531 ], [ -105.9719727, 75.1314941 ], [ -105.8625977, 75.1915527 ], [ -105.7026367, 75.4125 ], [ -105.678418, 75.5013672 ], [ -105.5194824, 75.632373 ], [ -105.4814453, 75.7022461 ], [ -105.4809082, 75.745654300000012 ], [ -105.5632812, 75.8806641 ], [ -105.6044434, 75.9299316 ], [ -105.632666, 75.9453613 ], [ -105.7113281, 75.9669922 ], [ -105.904834, 76.0089844 ], [ -106.396582, 76.0601074 ], [ -106.528613299999989, 76.0530273 ], [ -106.677002, 76.0237305 ], [ -106.8041016, 75.9746582 ], [ -106.8456543, 75.9515625 ], [ -106.8620605, 75.930078100000017 ], [ -106.8200684, 75.8724121 ], [ -106.759375, 75.8416016 ], [ -106.6880859, 75.819043 ], [ -106.6931152, 75.8099609 ], [ -106.8916992, 75.7824219 ], [ -106.9027832, 75.7416504 ], [ -106.9041992, 75.6892578 ], [ -106.9135254, 75.6796387 ], [ -106.9709473, 75.7730957 ], [ -107.0503906, 75.8454102 ], [ -107.0804199, 75.8631836 ], [ -107.1356934, 75.8785645 ], [ -107.2162109, 75.8915527 ], [ -107.4182617, 75.9065918 ], [ -107.540918, 75.9011719 ], [ -107.7025879, 75.8775879 ], [ -107.9175293, 75.8021484 ], [ -107.9510742, 75.7962891 ], [ -108.0207031, 75.8047852 ], [ -107.970410199999989, 75.839599600000014 ], [ -107.755175799999989, 75.9402832 ], [ -107.7318359, 75.9556152 ], [ -107.7212891, 75.9740234 ], [ -107.7234863, 75.9954102 ], [ -107.7768555, 76.0353027 ], [ -107.8522949, 76.0577148 ], [ -108.01875, 76.0652344 ], [ -108.1663086, 76.0542969 ], [ -108.292382800000013, 76.0571289 ], [ -108.3868164, 76.0665527 ] ] ], [ [ [ -114.4978516, 72.6258789 ], [ -114.2803223, 72.7390625 ], [ -114.1776855, 72.8050781 ], [ -114.1091797, 72.8609863 ], [ -114.074755900000014, 72.9068359 ], [ -114.0537598, 72.9580566 ], [ -114.04614260000001, 73.0145996 ], [ -114.051709, 73.0709961 ], [ -114.095459, 73.1802734 ], [ -114.1270508, 73.2307129 ], [ -114.163964799999988, 73.2698242 ], [ -114.2063965, 73.2978027 ], [ -114.3019043, 73.3307129 ], [ -114.6382324, 73.3726562 ], [ -115.552197299999989, 73.2134766 ], [ -116.5732422, 73.0549316 ], [ -116.97167970000001, 72.9593262 ], [ -117.2564453, 72.9144043 ], [ -117.551709, 72.8311035 ], [ -118.133105500000013, 72.6328125 ], [ -118.3745117, 72.5338867 ], [ -118.4565918, 72.4725098 ], [ -118.4812988, 72.4276855 ], [ -118.4486328, 72.3992188 ], [ -118.390478500000015, 72.3695312 ], [ -118.2458984, 72.3110352 ], [ -118.207470699999988, 72.2869141 ], [ -118.2134766, 72.2628906 ], [ -118.3686523, 72.2054688 ], [ -118.5898438, 72.1674805 ], [ -118.9446289, 71.9855469 ], [ -118.9598145, 71.9722168 ], [ -118.9841797, 71.9130859 ], [ -118.99375, 71.8030273 ], [ -118.9876953, 71.7642578 ], [ -118.9520996, 71.7317383 ], [ -118.8684082, 71.6867676 ], [ -118.5830078, 71.6490234 ], [ -118.371533199999988, 71.6399414 ], [ -117.8875977, 71.6610352 ], [ -117.742334, 71.6593262 ], [ -117.878418, 71.5608398 ], [ -118.148339799999988, 71.5257324 ], [ -118.2264648, 71.4670898 ], [ -118.221875, 71.4490723 ], [ -118.188183599999974, 71.4359375 ], [ -117.9356445, 71.3920898 ], [ -117.7233398, 71.3906738 ], [ -117.337109399999989, 71.4346191 ], [ -116.780273399999984, 71.4441895 ], [ -115.5866699, 71.5463867 ], [ -115.338134799999978, 71.5108887 ], [ -115.303418, 71.4937012 ], [ -115.341015599999977, 71.4724121 ], [ -115.471875, 71.4658203 ], [ -115.7337402, 71.4851074 ], [ -115.980273400000016, 71.4692871 ], [ -116.0439453, 71.4542969 ], [ -116.04531249999998, 71.4230957 ], [ -115.9222656, 71.4010742 ], [ -115.891650399999989, 71.3817871 ], [ -116.042089800000014, 71.3616699 ], [ -116.2282227, 71.3591797 ], [ -116.421533200000013, 71.3379883 ], [ -116.81528320000001, 71.2769531 ], [ -117.3139648, 71.2121094 ], [ -117.8140625, 71.1584473 ], [ -117.9338379, 71.134668 ], [ -118.2690918, 71.0347168 ], [ -118.3525391, 71.0000488 ], [ -118.3765137, 70.9677246 ], [ -118.2640625, 70.8883301 ], [ -117.5870605, 70.629541 ], [ -116.992529299999987, 70.6036621 ], [ -116.327294900000012, 70.6237305 ], [ -116.225878899999984, 70.6164062 ], [ -116.086084, 70.5906738 ], [ -115.990918, 70.5862793 ], [ -115.3112305, 70.6011719 ], [ -114.8407227, 70.6213867 ], [ -114.592627, 70.6422363 ], [ -114.3313965, 70.6752441 ], [ -114.2321777, 70.6742676 ], [ -113.9660645, 70.6961914 ], [ -113.7572754, 70.6907227 ], [ -113.3970215, 70.6523926 ], [ -113.1455078, 70.6163574 ], [ -112.1141602, 70.446875 ], [ -111.7258301, 70.3520508 ], [ -111.6325684, 70.3088379 ], [ -111.7048828, 70.2857422 ], [ -111.7836914, 70.2729004 ], [ -112.1896484, 70.2755859 ], [ -112.2659668, 70.2546875 ], [ -112.5227539, 70.2285645 ], [ -112.6378906, 70.2252441 ], [ -113.2107422, 70.2638184 ], [ -113.6655273, 70.2696777 ], [ -113.9166016, 70.281543 ], [ -114.1669922, 70.3074707 ], [ -114.592334, 70.3124512 ], [ -115.5291016, 70.2571289 ], [ -116.553808600000011, 70.1750488 ], [ -117.135449200000011, 70.1001465 ], [ -117.1627441, 70.0924805 ], [ -117.1954102, 70.0540527 ], [ -117.1840332, 69.9910645 ], [ -117.148632800000016, 69.8881348 ], [ -117.121972700000015, 69.8258789 ], [ -117.1040039, 69.804248 ], [ -116.9927734, 69.7193848 ], [ -116.7120117, 69.5762207 ], [ -116.609472700000012, 69.5120117 ], [ -116.568798799999982, 69.4626953 ], [ -116.5368164, 69.4335449 ], [ -116.5134766, 69.4246094 ], [ -116.101562500000014, 69.3371582 ], [ -115.8607422, 69.3035645 ], [ -115.618115199999977, 69.282959 ], [ -115.1590332, 69.2647461 ], [ -114.6990723, 69.272753900000012 ], [ -114.3229492, 69.2691406 ], [ -114.0734375, 69.2513184 ], [ -113.6941406, 69.1950195 ], [ -113.6806641, 69.1819824 ], [ -113.608544900000012, 69.0301758 ], [ -113.5925293, 68.9598633 ], [ -113.6168457, 68.8384766 ], [ -113.554834, 68.7675781 ], [ -113.3380859, 68.5987793 ], [ -113.231396499999988, 68.5354004 ], [ -113.1277344, 68.4941406 ], [ -113.019531199999989, 68.4813477 ], [ -112.8642578, 68.4770996 ], [ -112.6662109, 68.4852539 ], [ -112.304931599999989, 68.5162109 ], [ -111.5180664, 68.5330566 ], [ -111.3109375, 68.542041 ], [ -111.1275879, 68.5883301 ], [ -110.9572266, 68.5941895 ], [ -110.848095700000016, 68.578418 ], [ -110.467627, 68.6100098 ], [ -109.9585449, 68.6302734 ], [ -109.4721191, 68.676709 ], [ -108.9458984, 68.7598145 ], [ -108.7304199, 68.8274414 ], [ -108.5525391, 68.8974121 ], [ -108.3649902, 68.9347656 ], [ -107.8633789, 68.9543457 ], [ -107.4398926, 69.0021484 ], [ -107.3533691, 69.0316895 ], [ -107.1225098, 69.1522949 ], [ -107.0334473, 69.1807617 ], [ -106.8558105, 69.3473145 ], [ -106.7599609, 69.4071289 ], [ -106.659082, 69.4395996 ], [ -106.5397949, 69.4430664 ], [ -106.4199707, 69.4137695 ], [ -106.361377, 69.3810547 ], [ -106.3442383, 69.3396484 ], [ -106.3557129, 69.2806152 ], [ -106.3539551, 69.2512207 ], [ -106.3411621, 69.2243652 ], [ -106.270166, 69.1945801 ], [ -106.140869099999989, 69.1620117 ], [ -106.0083984, 69.1476074 ], [ -105.8049805, 69.1531738 ], [ -105.5330078, 69.1335449 ], [ -105.262353499999989, 69.0939941 ], [ -105.0195801, 69.08125 ], [ -105.0135742, 69.0680664 ], [ -105.0216309, 69.0524902 ], [ -105.1483398, 68.978125 ], [ -105.1692871, 68.9553711 ], [ -105.1058594, 68.9204102 ], [ -104.5714355, 68.8721191 ], [ -104.4601562, 68.9124023 ], [ -104.3526855, 68.9281738 ], [ -104.067334, 68.8655762 ], [ -103.8203613, 68.847998 ], [ -103.4682129, 68.8085449 ], [ -103.1622559, 68.8287109 ], [ -102.8950684, 68.8236328 ], [ -102.8348633, 68.833252 ], [ -102.738330100000013, 68.8649902 ], [ -102.488427699999988, 68.888916 ], [ -102.3587891, 68.9228516 ], [ -101.980566400000015, 68.988525400000015 ], [ -101.8571289, 69.0239746 ], [ -101.787793, 69.132275400000012 ], [ -101.7892578, 69.1816406 ], [ -101.8225098, 69.2170898 ], [ -101.8728516, 69.2399414 ], [ -101.8991211, 69.2455078 ], [ -101.9929687, 69.236035200000018 ], [ -102.0460938, 69.257666 ], [ -102.0640137, 69.2811523 ], [ -102.0708984, 69.3076172 ], [ -102.0668945, 69.337109400000017 ], [ -102.0528809, 69.3604492 ], [ -101.9755371, 69.4070312 ], [ -101.978222699999989, 69.4250977 ], [ -102.0459473, 69.4648438 ], [ -102.151416, 69.4876953 ], [ -102.4467773, 69.4763184 ], [ -102.5464844, 69.4344727 ], [ -102.7774414, 69.3775879 ], [ -102.884082, 69.3413086 ], [ -103.090332, 69.2120117 ], [ -103.1202148, 69.2045898 ], [ -103.1126953, 69.2359863 ], [ -103.0397949, 69.3675781 ], [ -103.0318359, 69.4334961 ], [ -103.0489258, 69.4717773 ], [ -103.0627441, 69.4849121 ], [ -103.1018555, 69.4833496 ], [ -103.1424316, 69.4972656 ], [ -103.294043, 69.568457 ], [ -103.4180176, 69.6114258 ], [ -103.4648926, 69.6444824 ], [ -103.4347656, 69.667675800000012 ], [ -103.3592773, 69.6853516 ], [ -103.3032227, 69.6743164 ], [ -103.0591797, 69.5946777 ], [ -102.9197754, 69.5646484 ], [ -102.7436035, 69.5477539 ], [ -102.6210938, 69.5515137 ], [ -102.5631348, 69.573584 ], [ -102.540918, 69.5920898 ], [ -102.5348633, 69.6208008 ], [ -102.5449219, 69.6598145 ], [ -102.5652344, 69.6921875 ], [ -102.5958984, 69.7179199 ], [ -102.5234863, 69.7582031 ], [ -102.3480957, 69.8129883 ], [ -102.2343262, 69.8422363 ], [ -102.1821289, 69.8459473 ], [ -102.0979492, 69.8246094 ], [ -101.860253899999989, 69.7380859 ], [ -101.7335938, 69.7041504 ], [ -101.6476562, 69.6985352 ], [ -101.6024902, 69.7212891 ], [ -101.5650879, 69.7556641 ], [ -101.5083984, 69.8331543 ], [ -101.4838379, 69.8501953 ], [ -101.4567383, 69.8338867 ], [ -101.400097699999989, 69.7492676 ], [ -101.3372559, 69.7102539 ], [ -101.2162109, 69.6796387 ], [ -101.0437012, 69.6687012 ], [ -100.982373, 69.6798828 ], [ -100.9351074, 69.715332 ], [ -100.905712900000012, 69.8117188 ], [ -100.909082, 69.8691895 ], [ -100.9733398, 70.0294922 ], [ -101.0426758, 70.110791 ], [ -101.0907715, 70.1356934 ], [ -101.1485352, 70.1476074 ], [ -101.239160200000015, 70.1509766 ], [ -101.5624023, 70.1350098 ], [ -101.618457, 70.1724121 ], [ -101.6268066, 70.2483398 ], [ -101.641162099999988, 70.2655762 ], [ -101.6763184, 70.2782715 ], [ -101.7322266, 70.286377 ], [ -101.937207, 70.2745605 ], [ -101.9898437, 70.2850586 ], [ -102.36875, 70.4132324 ], [ -102.5891602, 70.4688477 ], [ -102.7504883, 70.521875 ], [ -103.0495605, 70.6550781 ], [ -103.0885742, 70.649707 ], [ -103.082812499999989, 70.6190918 ], [ -103.0012207, 70.5409668 ], [ -103.005175799999989, 70.5259277 ], [ -103.0211914, 70.5158203 ], [ -103.0771973, 70.5088379 ], [ -103.1049805, 70.5102539 ], [ -103.197168, 70.5473145 ], [ -103.2946777, 70.5724609 ], [ -103.5845703, 70.6308594 ], [ -103.8534668, 70.7337891 ], [ -103.9534668, 70.7626465 ], [ -104.1668457, 70.9271973 ], [ -104.514794900000012, 71.0642578 ], [ -104.5695801, 71.1040527 ], [ -104.5630859, 71.1324219 ], [ -104.4870605, 71.2479004 ], [ -104.4368164, 71.300293 ], [ -104.3848633, 71.3375488 ], [ -104.3558105, 71.3820801 ], [ -104.34956050000001, 71.4339844 ], [ -104.3553711, 71.4716797 ], [ -104.3731445, 71.4951172 ], [ -104.3859375, 71.5769531 ], [ -104.5183105, 71.6992188 ], [ -104.7669922, 71.8675781 ], [ -104.8103027, 71.9031738 ], [ -104.8783203, 71.9799805 ], [ -105.234082, 72.4150879 ], [ -105.2469238, 72.4635742 ], [ -105.2975586, 72.5604492 ], [ -105.3231934, 72.6348145 ], [ -105.354541, 72.6697266 ], [ -105.411084, 72.7087402 ], [ -105.430078099999989, 72.7403809 ], [ -105.4116699, 72.7646484 ], [ -105.4151367, 72.7883301 ], [ -105.4959473, 72.8489746 ], [ -105.6241699, 72.9274902 ], [ -105.812695300000016, 73.0106445 ], [ -106.0816406, 73.0719238 ], [ -106.4821289, 73.1961914 ], [ -106.828369099999989, 73.265918 ], [ -106.9507812, 73.2760254 ], [ -107.0325195, 73.2453125 ], [ -107.0744141, 73.1974121 ], [ -107.1134766, 73.1921387 ], [ -107.4962891, 73.2883789 ], [ -107.7200195, 73.3290527 ], [ -108.0290527, 73.3487305 ], [ -108.0894043, 73.3037109 ], [ -108.0774902, 73.2813965 ], [ -107.987060500000013, 73.2331055 ], [ -107.9361816, 73.2171387 ], [ -107.979931600000015, 73.2067383 ], [ -108.1183105, 73.2020508 ], [ -108.204150399999989, 73.1830566 ], [ -108.2374023, 73.1499023 ], [ -108.2382324, 73.1058105 ], [ -107.997168, 72.6526855 ], [ -107.934375, 72.5877441 ], [ -107.9236816, 72.5566406 ], [ -107.9325195, 72.5204102 ], [ -107.9098145, 72.4907715 ], [ -107.855615199999988, 72.4678223 ], [ -107.8237305, 72.4427734 ], [ -107.8090332, 72.3474609 ], [ -107.794043, 72.3026367 ], [ -107.695849599999988, 72.1493164 ], [ -107.542627, 72.0253418 ], [ -107.306005899999988, 71.8946777 ], [ -107.3768555, 71.886084 ], [ -107.3817871, 71.8751465 ], [ -107.3694336, 71.8589844 ], [ -107.329296899999989, 71.8352539 ], [ -107.3469238, 71.8192383 ], [ -107.6872559, 71.7161133 ], [ -107.7574707, 71.6630371 ], [ -107.7854492, 71.6296875 ], [ -107.8128418, 71.6261719 ], [ -107.9253418, 71.6386719 ], [ -108.020800799999989, 71.6774902 ], [ -108.1446777, 71.7049316 ], [ -108.1882324, 71.7237793 ], [ -108.2104004, 71.7511719 ], [ -108.276416, 71.9003906 ], [ -108.4695801, 72.1387695 ], [ -108.5663574, 72.317334 ], [ -108.6277344, 72.4120117 ], [ -108.698291, 72.4992676 ], [ -108.7549805, 72.551074200000016 ], [ -108.7978516, 72.5675293 ], [ -108.9507812, 72.5828613 ], [ -108.9944336, 72.5959961 ], [ -108.985400399999989, 72.6368164 ], [ -108.9681641, 72.6541016 ], [ -108.9874023, 72.6708008 ], [ -109.043017600000013, 72.6868652 ], [ -109.1219238, 72.726416 ], [ -109.3571289, 72.7750488 ], [ -109.4690918, 72.8084473 ], [ -109.6099609, 72.8756836 ], [ -110.0084473, 72.9836426 ], [ -110.094628899999989, 72.992138700000012 ], [ -110.5092773, 72.9989258 ], [ -110.6608398, 73.0082031 ], [ -110.6894043, 72.9445312 ], [ -110.5536133, 72.8614258 ], [ -110.2791016, 72.792041 ], [ -110.197168, 72.7588867 ], [ -110.207959, 72.6810547 ], [ -110.205127, 72.6612793 ], [ -110.4393066, 72.6333496 ], [ -110.5125488, 72.599707 ], [ -110.781543, 72.5338867 ], [ -110.9589844, 72.4319824 ], [ -111.1398926, 72.365332 ], [ -111.1846191, 72.3566406 ], [ -111.2680664, 72.3638672 ], [ -111.2837402, 72.3779785 ], [ -111.2872559, 72.401123 ], [ -111.2771484, 72.424853500000012 ], [ -111.253418, 72.4490723 ], [ -111.264794900000012, 72.4590332 ], [ -111.3111816, 72.454834 ], [ -111.4473633, 72.4077148 ], [ -111.5435547, 72.3509277 ], [ -111.6750977, 72.3001465 ], [ -111.7616211, 72.3352539 ], [ -111.895166, 72.3561035 ], [ -111.8160156, 72.3863281 ], [ -111.6108887, 72.4355957 ], [ -111.3555176, 72.5721191 ], [ -111.250390599999989, 72.6685547 ], [ -111.2697266, 72.7137207 ], [ -111.4554199, 72.765918 ], [ -112.0480957, 72.8880371 ], [ -112.4537598, 72.9366211 ], [ -112.7536133, 72.9860352 ], [ -113.0735352, 72.9952637 ], [ -113.2080078, 72.9810059 ], [ -113.2923828, 72.9498047 ], [ -113.4498535, 72.8632324 ], [ -113.4914062, 72.8220703 ], [ -113.4958984, 72.7536621 ], [ -113.4861328, 72.7222656 ], [ -113.5000488, 72.6944336 ], [ -113.5780762, 72.6520996 ], [ -113.622168, 72.6468262 ], [ -113.6924316, 72.6728027 ], [ -113.957812499999989, 72.6514648 ], [ -114.1744629, 72.6240723 ], [ -114.3424316, 72.5907715 ], [ -114.458105499999988, 72.5803711 ], [ -114.5215332, 72.5929199 ], [ -114.4978516, 72.6258789 ] ] ], [ [ [ -119.7369141, 74.1299316 ], [ -119.715380899999985, 74.1536621 ], [ -119.562646500000014, 74.2328125 ], [ -119.9436035, 74.2537109 ], [ -120.5544922, 74.3529297 ], [ -120.8816406, 74.420752 ], [ -121.128710899999987, 74.4902344 ], [ -121.31523439999998, 74.5299805 ], [ -121.504150400000015, 74.5451172 ], [ -121.7479004, 74.540625 ], [ -122.6231445, 74.4641602 ], [ -123.4683105, 74.4361328 ], [ -124.6962402, 74.3481934 ], [ -124.7093262, 74.327002 ], [ -124.645019499999989, 74.3043457 ], [ -124.6291016, 74.2700195 ], [ -124.5753418, 74.2481445 ], [ -124.26074220000001, 73.9532715 ], [ -124.1915039, 73.902002 ], [ -124.0880371, 73.8568848 ], [ -123.8730469, 73.8275879 ], [ -123.7978027, 73.7853027 ], [ -123.7972656, 73.7681641 ], [ -124.0301758, 73.6442383 ], [ -124.1141602, 73.5273926 ], [ -124.4242188, 73.4187012 ], [ -124.5939941, 73.2433105 ], [ -124.646923799999982, 73.2044434 ], [ -124.8040527, 73.125683600000016 ], [ -124.836425800000015, 73.0762695 ], [ -124.8170898, 73.0587891 ], [ -124.7364258, 73.0227051 ], [ -124.643310500000013, 73.0189453 ], [ -124.5882812, 73.0053223 ], [ -124.5702148, 72.9887207 ], [ -124.560839800000011, 72.9650391 ], [ -124.5649414, 72.9441406 ], [ -124.5825684, 72.9259277 ], [ -124.930859399999989, 72.8631836 ], [ -124.9696777, 72.8433105 ], [ -125.000390599999989, 72.8133301 ], [ -125.015429700000013, 72.7760742 ], [ -125.0147461, 72.7314453 ], [ -125.0302246, 72.6447754 ], [ -125.0185547, 72.6169922 ], [ -124.984668, 72.6043945 ], [ -124.9871094, 72.5879883 ], [ -125.0702148, 72.5516113 ], [ -125.1683105, 72.5226074 ], [ -125.3060059, 72.4507324 ], [ -125.382763700000012, 72.4238281 ], [ -125.4380859, 72.3820801 ], [ -125.5124023, 72.3077148 ], [ -125.575488299999989, 72.2652832 ], [ -125.6272949, 72.254834 ], [ -125.6467773, 72.2365234 ], [ -125.633789100000016, 72.2103027 ], [ -125.612793, 72.1925293 ], [ -125.5837891, 72.1830566 ], [ -125.762597700000015, 72.1375 ], [ -125.7686035, 72.1291504 ], [ -125.760498, 72.0829102 ], [ -125.7677246, 72.054248 ], [ -125.7896484, 72.025 ], [ -125.8453125, 71.9786621 ], [ -125.8291016, 71.965625 ], [ -125.7668945, 71.9608398 ], [ -125.2966797, 71.9730469 ], [ -125.2146484, 71.9547852 ], [ -125.126123, 71.9236328 ], [ -124.7599609, 71.8351562 ], [ -124.007763699999984, 71.6774414 ], [ -123.9532715, 71.6524902 ], [ -123.7555664, 71.5280273 ], [ -123.6818359, 71.4931152 ], [ -123.595166, 71.4231934 ], [ -123.3933594, 71.2188477 ], [ -123.3147461, 71.1691895 ], [ -123.210595699999985, 71.1234375 ], [ -123.0956543, 71.0937988 ], [ -122.9365234, 71.0879883 ], [ -122.8399414, 71.0974609 ], [ -122.719775399999989, 71.1281738 ], [ -122.5495117, 71.1935547 ], [ -122.156640599999989, 71.265918 ], [ -121.749365200000014, 71.4447754 ], [ -121.7006836, 71.4511719 ], [ -121.622168, 71.4476074 ], [ -121.546826200000012, 71.4067871 ], [ -121.472168, 71.3890137 ], [ -121.159814499999982, 71.4149902 ], [ -120.9303223, 71.4462402 ], [ -120.6193359, 71.5057617 ], [ -120.519677699999988, 71.5574219 ], [ -120.460937499999986, 71.6050781 ], [ -120.4431641, 71.6308105 ], [ -120.3662598, 71.8880371 ], [ -120.310009799999989, 71.984082 ], [ -120.194433599999982, 72.1267578 ], [ -120.1798828, 72.2126465 ], [ -120.0897461, 72.2291504 ], [ -119.7674805, 72.2438477 ], [ -119.5128418, 72.3026855 ], [ -119.4077637, 72.3604004 ], [ -119.131543, 72.6088379 ], [ -119.0779785, 72.640332 ], [ -118.9615723, 72.6841309 ], [ -117.983203100000011, 72.9021973 ], [ -117.4644531, 73.0377441 ], [ -117.0654297, 73.1072754 ], [ -116.4825195, 73.2532227 ], [ -116.238623, 73.2945801 ], [ -115.992285200000012, 73.3232422 ], [ -115.524462899999975, 73.416748 ], [ -115.446875, 73.4388672 ], [ -115.4115723, 73.4647949 ], [ -115.3928223, 73.5019531 ], [ -115.4075195, 73.5418945 ], [ -115.4556641, 73.584668 ], [ -115.5106934, 73.61875 ], [ -115.6343262, 73.6655273 ], [ -115.9577148, 73.7479492 ], [ -116.722363299999984, 74.0271484 ], [ -116.9503906, 74.101416 ], [ -117.1988281, 74.17114260000001 ], [ -117.5148438, 74.2317383 ], [ -117.707470699999988, 74.2523438 ], [ -117.9658691, 74.2660645 ], [ -118.199658199999988, 74.266748 ], [ -118.5439941, 74.2446289 ], [ -118.625293, 74.2325195 ], [ -118.7441406, 74.1920898 ], [ -119.0256836, 74.0447266 ], [ -119.0825195, 74.0211914 ], [ -119.117968800000014, 74.0155273 ], [ -119.1318848, 74.0278809 ], [ -119.1387695, 74.1275879 ], [ -119.149609399999989, 74.167871100000013 ], [ -119.1714355, 74.1861816 ], [ -119.205957, 74.197998 ], [ -119.314843799999977, 74.20625 ], [ -119.4710938, 74.2012207 ], [ -119.7285645, 74.1084473 ], [ -119.7363281, 74.1126465 ], [ -119.7369141, 74.1299316 ] ] ], [ [ [ -69.5693848, 83.0249023 ], [ -69.7821289, 83.09252930000001 ], [ -69.8676758, 83.1096191 ], [ -69.9699219, 83.1161133 ], [ -70.8705566, 83.098144499999989 ], [ -71.0848145, 83.082666 ], [ -71.4235352, 83.0211426 ], [ -71.4023926, 83.0012695 ], [ -71.1983398, 82.9695801 ], [ -70.9330078, 82.9112793 ], [ -70.9403809, 82.9022461 ], [ -71.1320312, 82.9230469 ], [ -71.405957, 82.9748535 ], [ -71.983203100000011, 83.101416 ], [ -72.0692383, 83.1060547 ], [ -72.8116699, 83.0812012 ], [ -73.3311523, 82.99877930000001 ], [ -73.4038086, 82.9771484 ], [ -73.4407227, 82.9458496 ], [ -73.4418945, 82.904834 ], [ -73.234668, 82.844238300000015 ], [ -72.7759277, 82.7556641 ], [ -72.6586914, 82.7216309 ], [ -73.2720215, 82.771582 ], [ -73.703125, 82.8518555 ], [ -73.9165039, 82.9041992 ], [ -74.0558594, 82.9553711 ], [ -74.1977539, 82.9890137 ], [ -74.4141602, 83.013134800000017 ], [ -75.7449219, 83.047168 ], [ -77.1249023, 83.0085449 ], [ -77.0412109, 82.9675293 ], [ -76.9084473, 82.9194336 ], [ -76.4099609, 82.8158203 ], [ -76.187793, 82.7579102 ], [ -76.0869629, 82.7236328 ], [ -75.6428711, 82.6435059 ], [ -75.565625, 82.6085449 ], [ -75.7443359, 82.5724121 ], [ -76.009375, 82.5351562 ], [ -76.1464844, 82.5498535 ], [ -76.244043, 82.6041016 ], [ -76.3355469, 82.6444336 ], [ -76.4209961, 82.6708984 ], [ -77.2258789, 82.837207 ], [ -77.4795898, 82.8831543 ], [ -77.6180664, 82.8958496 ], [ -77.9686523, 82.9063477 ], [ -78.5249512, 82.8911133 ], [ -79.180566399999989, 82.9332031 ], [ -79.8863281, 82.9385254 ], [ -80.1549316, 82.9111328 ], [ -80.1411621, 82.8942383 ], [ -79.9743164, 82.8589844 ], [ -79.8337891, 82.8165039 ], [ -79.6419922, 82.7849609 ], [ -79.2072266, 82.7327637 ], [ -78.7917969, 82.6938965 ], [ -78.7487793, 82.6793945 ], [ -79.0350586, 82.6746582 ], [ -80.0757812, 82.7062012 ], [ -80.657128899999989, 82.769091800000012 ], [ -81.0101562, 82.7790527 ], [ -81.1281738, 82.7617188 ], [ -81.1780762, 82.7446777 ], [ -81.1466309, 82.7155762 ], [ -80.809668, 82.586377 ], [ -80.8625, 82.5715332 ], [ -81.1888672, 82.5944824 ], [ -81.5796875, 82.6430176 ], [ -81.7853516, 82.6492188 ], [ -82.1168457, 82.6286621 ], [ -82.1225098, 82.6017578 ], [ -81.9585937, 82.5632324 ], [ -81.6811523, 82.5186523 ], [ -81.7177734, 82.50625 ], [ -82.0232422, 82.4943848 ], [ -82.2688965, 82.464648400000016 ], [ -82.4513672, 82.4270996 ], [ -82.4475586, 82.395019499999989 ], [ -82.2536621, 82.3363281 ], [ -81.9976074, 82.2782715 ], [ -81.4682617, 82.1923828 ], [ -80.129834, 82.0283691 ], [ -79.6294922, 81.9323242 ], [ -79.4248535, 81.8544434 ], [ -79.465625, 81.851123 ], [ -79.6855469, 81.8858887 ], [ -79.9086426, 81.9362305 ], [ -80.1533691, 81.9776367 ], [ -80.5499023, 82.0045898 ], [ -81.5844727, 82.1205566 ], [ -82.276562500000011, 82.218457 ], [ -82.5369141, 82.2472656 ], [ -82.6383789, 82.245752 ], [ -82.7085937, 82.2287109 ], [ -82.7474609, 82.1964355 ], [ -82.6570801, 82.1583008 ], [ -82.3274414, 82.0924805 ], [ -82.3560059, 82.0660156 ], [ -82.633691399999989, 82.0772949 ], [ -82.7742187, 82.0949219 ], [ -83.0101562, 82.1416992 ], [ -83.1756836, 82.187207 ], [ -83.5906738, 82.3264648 ], [ -83.8236328, 82.3506836 ], [ -84.3681152, 82.3739258 ], [ -84.5533691, 82.3983398 ], [ -84.7447266, 82.4373535 ], [ -84.8968262, 82.4494141 ], [ -85.2759766, 82.4052246 ], [ -85.4808594, 82.3663086 ], [ -85.7944336, 82.2916016 ], [ -85.9200195, 82.2830566 ], [ -86.1875977, 82.2479492 ], [ -86.615625, 82.2185547 ], [ -86.5806152, 82.187207 ], [ -85.3105957, 82.0439941 ], [ -85.169238299999989, 82.0233887 ], [ -85.0522461, 81.9945312 ], [ -85.0448242, 81.9828125 ], [ -85.4031738, 81.9822266 ], [ -85.5379883, 81.9546387 ], [ -85.6456543, 81.9532715 ], [ -85.8748047, 81.9756836 ], [ -86.1583496, 82.0255371 ], [ -86.3775391, 82.0451172 ], [ -86.6268066, 82.0510254 ], [ -86.8340332, 82.0333496 ], [ -86.9992188, 81.992138700000012 ], [ -87.0182129, 81.9587402 ], [ -87.2181641, 82.0000977 ], [ -87.4043945, 82.054199200000014 ], [ -87.638916, 82.0850586 ], [ -88.0631836, 82.0964844 ], [ -88.5668457, 82.061084 ], [ -88.875244099999989, 82.0180176 ], [ -89.1563477, 81.9554199 ], [ -89.3810059, 81.916748 ], [ -89.6333496, 81.8945312 ], [ -90.1630371, 81.894043 ], [ -90.49018550000001, 81.8772461 ], [ -90.941943400000014, 81.8274414 ], [ -91.2194824, 81.7877441 ], [ -91.4238281, 81.7442383 ], [ -91.6475586, 81.6838379 ], [ -91.684082, 81.6356934 ], [ -91.402783200000016, 81.5782227 ], [ -91.2923828, 81.5712402 ], [ -91.1027344, 81.5919922 ], [ -90.8337402, 81.6404785 ], [ -90.6263184, 81.6560059 ], [ -90.4803711, 81.6385254 ], [ -90.3308594, 81.631543 ], [ -89.8216797, 81.6348633 ], [ -89.8452148, 81.6116699 ], [ -90.5537598, 81.464209 ], [ -90.6090332, 81.429541 ], [ -90.4163086, 81.4053711 ], [ -90.3035156, 81.401123 ], [ -88.9783691, 81.5415039 ], [ -88.4790527, 81.5646484 ], [ -88.1013672, 81.5586426 ], [ -87.5970215, 81.5258301 ], [ -87.6166992, 81.5093262 ], [ -88.1265137, 81.518798800000013 ], [ -88.6219238, 81.501416 ], [ -88.892285199999989, 81.4741211 ], [ -89.427002, 81.3874512 ], [ -89.6736816, 81.3286133 ], [ -89.6356934, 81.302050799999989 ], [ -89.2086914, 81.2500977 ], [ -89.2625488, 81.2390625 ], [ -89.563378899999989, 81.2264648 ], [ -89.9473145, 81.1726562 ], [ -89.980957, 81.124707 ], [ -89.7922852, 81.0648438 ], [ -89.6230469, 81.0324707 ], [ -89.3983887, 81.0253418 ], [ -88.8868164, 81.0584961 ], [ -87.275097699999989, 81.080810500000013 ], [ -86.6227539, 81.1226562 ], [ -85.875048800000016, 81.2412109 ], [ -85.4024902, 81.2853027 ], [ -85.2062988, 81.294873 ], [ -84.9412109, 81.2862305 ], [ -85.083300799999989, 81.246875 ], [ -85.8095703, 81.123584 ], [ -86.4767578, 81.0357422 ], [ -86.9290039, 81.0004395 ], [ -87.3886719, 80.9883789 ], [ -88.4130859, 80.999755900000011 ], [ -89.1668945, 80.9413086 ], [ -89.2632812, 80.9143066 ], [ -89.2117676, 80.881933600000011 ], [ -89.1445801, 80.8536621 ], [ -89.0616699, 80.829541 ], [ -88.9214355, 80.8056152 ], [ -88.6250977, 80.770068400000014 ], [ -88.2319824, 80.7038086 ], [ -88.0036621, 80.6753906 ], [ -87.7116699, 80.65625 ], [ -87.3298828, 80.6697754 ], [ -87.0802734, 80.7262695 ], [ -86.2334473, 80.9500977 ], [ -85.9667969, 81.0119141 ], [ -85.7808594, 81.0350586 ], [ -84.6354492, 81.0980957 ], [ -83.2888184, 81.1479492 ], [ -83.3492187, 81.1033203 ], [ -84.679931599999989, 81.0423828 ], [ -85.2462891, 80.9878906 ], [ -85.6393066, 80.9246094 ], [ -86.2520996, 80.7895508 ], [ -86.4404785, 80.7280273 ], [ -86.6030762, 80.6640137 ], [ -86.6154297, 80.6300293 ], [ -86.5315918, 80.6047363 ], [ -86.2503418, 80.5657715 ], [ -86.097168, 80.5621094 ], [ -85.7262207, 80.581152300000014 ], [ -85.3074219, 80.5259766 ], [ -85.1458496, 80.5211426 ], [ -84.4178223, 80.5267578 ], [ -84.2197754, 80.537793 ], [ -84.0762695, 80.55625 ], [ -83.8853516, 80.6017578 ], [ -83.6471191, 80.6740723 ], [ -83.401416, 80.7139648 ], [ -82.7799805, 80.7360352 ], [ -82.4984375, 80.762793 ], [ -82.2223633, 80.7723145 ], [ -82.3367676, 80.7286621 ], [ -82.7683105, 80.6306641 ], [ -82.8843262, 80.5775391 ], [ -82.6130371, 80.5588867 ], [ -82.3682129, 80.5613281 ], [ -81.5526855, 80.6228027 ], [ -81.3009766, 80.6271973 ], [ -81.0070312, 80.6548828 ], [ -80.1335449, 80.763916 ], [ -79.761328100000014, 80.8419434 ], [ -79.6066406, 80.8817871 ], [ -79.5454102, 80.9093262 ], [ -79.4772461, 80.9609863 ], [ -79.402148400000016, 81.0368652 ], [ -79.3091797, 81.0890625 ], [ -79.1983398, 81.1175781 ], [ -79.0724609, 81.1276367 ], [ -78.931543, 81.1192383 ], [ -78.7338867, 81.1510254 ], [ -78.3521484, 81.2589355 ], [ -77.9723633, 81.3308105 ], [ -76.8851074, 81.4302734 ], [ -77.0307129, 81.3856934 ], [ -77.5360352, 81.3210938 ], [ -78.2868164, 81.167627 ], [ -78.4639648, 81.1143555 ], [ -78.6292969, 81.043457 ], [ -78.6819336, 81.0010742 ], [ -78.7162109, 80.9516602 ], [ -78.5509766, 80.9214355 ], [ -78.0038086, 80.904834 ], [ -77.3894531, 80.9054199 ], [ -77.1185547, 80.8964355 ], [ -76.8503418, 80.8781738 ], [ -76.8629883, 80.8647949 ], [ -77.1691406, 80.842919900000012 ], [ -77.5071289, 80.8347656 ], [ -78.3861816, 80.784375 ], [ -79.6293457, 80.6478516 ], [ -79.6743652, 80.6252441 ], [ -80.0510742, 80.5285645 ], [ -80.9796387, 80.4452637 ], [ -82.5361328, 80.375537100000017 ], [ -82.7848145, 80.3537598 ], [ -82.9870117, 80.3226074 ], [ -82.9611328, 80.2778809 ], [ -82.6812988, 80.1749023 ], [ -82.332373, 80.0663574 ], [ -81.860253899999989, 79.9571777 ], [ -81.6442383, 79.8902344 ], [ -81.3586914, 79.787793 ], [ -81.1790527, 79.7334473 ], [ -81.0101562, 79.6931152 ], [ -80.7140137, 79.6749512 ], [ -80.2874512, 79.6789551 ], [ -80.1244629, 79.6694824 ], [ -80.270605500000016, 79.6352051 ], [ -80.4759277, 79.60625 ], [ -80.6678223, 79.6010254 ], [ -81.0380859, 79.614209 ], [ -81.4630371, 79.6541504 ], [ -81.688378899999989, 79.685791 ], [ -81.8557129, 79.7225586 ], [ -82.0487793, 79.7827637 ], [ -82.377002, 79.908252 ], [ -82.6774902, 79.9927734 ], [ -83.0042969, 80.0545898 ], [ -83.34375, 80.1469727 ], [ -83.7236328, 80.2289551 ], [ -84.056543, 80.2619629 ], [ -84.6754395, 80.2789062 ], [ -85.1596191, 80.271777300000011 ], [ -86.3071777, 80.3193359 ], [ -86.4985352, 80.258252 ], [ -86.614502, 80.1235352 ], [ -86.4943359, 80.0181641 ], [ -86.420752, 79.8452148 ], [ -86.1466309, 79.7428223 ], [ -86.031494099999989, 79.7219238 ], [ -85.4569336, 79.6898438 ], [ -85.2685059, 79.6641113 ], [ -85.0897949, 79.6121582 ], [ -84.8364258, 79.4947266 ], [ -84.5224121, 79.3766113 ], [ -84.3810547, 79.301269499999989 ], [ -84.1973633, 79.2250977 ], [ -83.978125, 79.1631348 ], [ -83.6620117, 79.0900391 ], [ -83.5758789, 79.0536621 ], [ -83.8246094, 79.0588379 ], [ -84.053027300000011, 79.0986816 ], [ -84.2566406, 79.122168 ], [ -84.3835937, 79.1185547 ], [ -84.5302734, 79.1012695 ], [ -84.5677734, 79.0712891 ], [ -84.4958496, 79.0285645 ], [ -84.4120117, 78.996582 ], [ -84.3161133, 78.975293 ], [ -84.145800799999989, 78.9598145 ], [ -83.778613299999989, 78.9452637 ], [ -83.0585449, 78.939502 ], [ -82.6440918, 78.9075195 ], [ -82.4387695, 78.9036621 ], [ -82.2374023, 78.9240723 ], [ -82.0283203, 78.9618652 ], [ -81.8891113, 78.9748535 ], [ -81.7500977, 78.9757812 ], [ -81.7808105, 78.9503418 ], [ -81.9811035, 78.8984863 ], [ -82.1510742, 78.8641113 ], [ -82.2906738, 78.8470703 ], [ -82.441796900000014, 78.840429700000016 ], [ -82.9897949, 78.8441406 ], [ -83.1474121, 78.8078613 ], [ -83.2714355, 78.7703125 ], [ -83.3887207, 78.7793457 ], [ -83.5470215, 78.804492200000013 ], [ -83.907910199999989, 78.8391602 ], [ -84.7872559, 78.8845703 ], [ -85.0037598, 78.9122559 ], [ -85.2296875, 78.902002 ], [ -85.6910156, 78.843701200000012 ], [ -86.2418945, 78.8236328 ], [ -86.8079102, 78.7743652 ], [ -86.9529297, 78.663916 ], [ -87.164306599999989, 78.5576172 ], [ -87.3612793, 78.4787109 ], [ -87.4913086, 78.4171875 ], [ -87.4911133, 78.2844238 ], [ -87.5517578, 78.1766113 ], [ -87.3393555, 78.132666 ], [ -86.9132324, 78.1268066 ], [ -86.6936035, 78.1510254 ], [ -86.427050799999989, 78.1970215 ], [ -86.0709473, 78.2846191 ], [ -85.9200684, 78.3428711 ], [ -86.0625977, 78.1869629 ], [ -86.2177734, 78.0812012 ], [ -85.5859375, 78.1095703 ], [ -85.4189941, 78.1424316 ], [ -85.270166, 78.1995117 ], [ -85.024316399999989, 78.3124023 ], [ -84.7832031, 78.5275879 ], [ -84.9103516, 78.2396973 ], [ -84.55, 78.2513672 ], [ -84.3881348, 78.2063477 ], [ -84.2227051, 78.1760254 ], [ -84.5241699, 78.1970703 ], [ -84.6154297, 78.1957031 ], [ -85.031494099999989, 78.0620117 ], [ -85.265332, 78.0105957 ], [ -85.547558600000016, 77.9276855 ], [ -85.292041, 77.7638672 ], [ -85.2893555, 77.5590332 ], [ -85.0878906, 77.5153809 ], [ -84.8605469, 77.4995117 ], [ -84.4858398, 77.5619629 ], [ -84.1678223, 77.5227051 ], [ -83.9281738, 77.5183105 ], [ -83.7793945, 77.5326172 ], [ -83.4282227, 77.6212891 ], [ -83.3037598, 77.6737305 ], [ -82.703564500000013, 77.9624023 ], [ -82.5953125, 77.9921387 ], [ -82.6263184, 77.9363281 ], [ -82.6646973, 77.8888184 ], [ -82.7103516, 77.8495117 ], [ -82.9027344, 77.7327148 ], [ -83.250293, 77.5848145 ], [ -83.4773437, 77.513623 ], [ -83.5498047, 77.4825684 ], [ -83.6080566, 77.4422363 ], [ -83.7212891, 77.414209 ], [ -83.973584, 77.3905273 ], [ -84.4870117, 77.3679688 ], [ -84.7386719, 77.3610352 ], [ -84.9508789, 77.3749512 ], [ -85.5884766, 77.4611328 ], [ -85.7312012, 77.5086426 ], [ -85.9066406, 77.613916 ], [ -86.172998, 77.7461426 ], [ -86.38510740000001, 77.8085938 ], [ -86.7550781, 77.8637207 ], [ -87.0179688, 77.8922363 ], [ -87.236035199999989, 77.8917969 ], [ -87.4967773, 77.8719238 ], [ -87.7571289, 77.8362305 ], [ -88.0169922, 77.7847168 ], [ -88.0946777, 77.7191895 ], [ -87.9379395, 77.5998047 ], [ -87.7801758, 77.4928223 ], [ -87.6814453, 77.436377 ], [ -87.5891602, 77.3948242 ], [ -87.4296875, 77.3478027 ], [ -87.2653809, 77.3430176 ], [ -87.1824219, 77.3321289 ], [ -87.1008789, 77.3077148 ], [ -86.8737793, 77.200293 ], [ -86.8122559, 77.1849121 ], [ -86.8521973, 77.1744141 ], [ -87.0644531, 77.1658691 ], [ -87.3617188, 77.136230500000011 ], [ -87.610498, 77.1268555 ], [ -87.828418, 77.1364746 ], [ -88.1479492, 77.1240234 ], [ -88.3981445, 77.1039551 ], [ -88.5562012, 77.0722168 ], [ -88.7708984, 76.9933594 ], [ -89.4997559, 76.8268066 ], [ -89.5443359, 76.659668 ], [ -89.5700684, 76.4919434 ], [ -89.3696289, 76.4744629 ], [ -88.8037109, 76.4568359 ], [ -88.5458008, 76.4208984 ], [ -88.5625488, 76.5472168 ], [ -88.6141113, 76.6508789 ], [ -88.4958496, 76.7728516 ], [ -88.4816406, 76.5800781 ], [ -88.3959961, 76.4052734 ], [ -88.1043457, 76.4127441 ], [ -87.4975586, 76.3862793 ], [ -87.4897949, 76.5858398 ], [ -87.3541992, 76.4480469 ], [ -86.9776855, 76.4127441 ], [ -86.680224600000017, 76.3766113 ], [ -86.5619141, 76.5165039 ], [ -86.4537109, 76.5848633 ], [ -86.4194336, 76.5796387 ], [ -86.3668457, 76.5486328 ], [ -86.2961914, 76.4918457 ], [ -86.1158203, 76.4349121 ], [ -85.680566399999989, 76.3490234 ], [ -85.3436035, 76.3133789 ], [ -85.1412598, 76.3045898 ], [ -84.2753418, 76.356543 ], [ -84.2237793, 76.6753418 ], [ -83.9863281, 76.4950195 ], [ -83.8856934, 76.453125 ], [ -83.3889648, 76.4392578 ], [ -82.2331543, 76.4658203 ], [ -82.2083496, 76.5137695 ], [ -82.2619629, 76.574707 ], [ -82.3569824, 76.6360352 ], [ -82.4934082, 76.6978027 ], [ -82.529834, 76.723291 ], [ -82.393457, 76.6898926 ], [ -82.3111328, 76.6553711 ], [ -82.2179199, 76.6397949 ], [ -82.1137207, 76.6432129 ], [ -82.0341797, 76.6293945 ], [ -81.8229492, 76.5208496 ], [ -81.7173828, 76.4949707 ], [ -81.5919922, 76.4844238 ], [ -81.4744629, 76.4876465 ], [ -81.3647949, 76.5044922 ], [ -81.1707031, 76.5127441 ], [ -81.0743652, 76.4984863 ], [ -80.9745117, 76.4700684 ], [ -80.832373, 76.4086426 ], [ -80.8348145, 76.3691406 ], [ -80.9012207, 76.3215332 ], [ -80.9551758, 76.270166 ], [ -80.9966797, 76.2149902 ], [ -80.9629395, 76.1839355 ], [ -80.799707, 76.173584 ], [ -80.6902832, 76.1764648 ], [ -80.1868164, 76.2401855 ], [ -79.9535645, 76.2512695 ], [ -79.5110352, 76.310498 ], [ -79.2858887, 76.3547852 ], [ -79.1307129, 76.4039551 ], [ -78.9342773, 76.4511719 ], [ -78.2843262, 76.5712402 ], [ -78.1187012, 76.644043 ], [ -77.9833008, 76.7549805 ], [ -77.9987305, 76.8519531 ], [ -78.1650879, 76.9349121 ], [ -78.2888672, 76.9779785 ], [ -78.3700195, 76.98125 ], [ -78.455957, 76.9672363 ], [ -78.6585449, 76.9080078 ], [ -78.7917969, 76.8835938 ], [ -78.9791992, 76.8928711 ], [ -79.220752, 76.9360352 ], [ -79.3189453, 76.9803711 ], [ -79.2738281, 77.0257812 ], [ -79.2811035, 77.0851562 ], [ -79.3408691, 77.1583984 ], [ -79.4972656, 77.1960938 ], [ -79.9237305, 77.1936035 ], [ -80.2187012, 77.146582 ], [ -80.2742187, 77.1509277 ], [ -80.6725586, 77.2442871 ], [ -80.7981934, 77.2594727 ], [ -81.1171875, 77.2696289 ], [ -81.2774414, 77.2570801 ], [ -81.5344727, 77.2144531 ], [ -81.7563477, 77.2040039 ], [ -81.8402344, 77.2141113 ], [ -81.9678223, 77.2478516 ], [ -82.0660156, 77.2836426 ], [ -82.0567871, 77.2965332 ], [ -81.767334, 77.2959473 ], [ -81.5229492, 77.3108398 ], [ -81.3013672, 77.344043 ], [ -81.2777344, 77.3651855 ], [ -81.3781738, 77.3852051 ], [ -81.5035645, 77.4297852 ], [ -81.6538086, 77.4988281 ], [ -81.659082, 77.5254395 ], [ -81.5192871, 77.5095703 ], [ -81.3768555, 77.4821289 ], [ -80.8746094, 77.3585938 ], [ -80.5730469, 77.3147949 ], [ -80.2816895, 77.3014648 ], [ -79.9063965, 77.299560500000013 ], [ -79.1375977, 77.3310059 ], [ -78.8695312, 77.332519499999989 ], [ -78.7084961, 77.3421387 ], [ -78.4932129, 77.3693848 ], [ -78.2837402, 77.4130859 ], [ -78.1679688, 77.4581055 ], [ -78.0761719, 77.519043 ], [ -78.047168, 77.6154785 ], [ -78.0810547, 77.7473633 ], [ -78.0841309, 77.8460938 ], [ -78.0563965, 77.9117188 ], [ -78.0125977, 77.9460449 ], [ -77.455957, 77.947168 ], [ -76.9740234, 77.9272461 ], [ -76.7081055, 77.9378906 ], [ -76.3555664, 77.9910156 ], [ -76.0775391, 77.9873047 ], [ -75.9696289, 77.9931152 ], [ -75.8659668, 78.0098145 ], [ -75.5506836, 78.2210938 ], [ -75.193457, 78.3277344 ], [ -75.237207, 78.3557129 ], [ -75.4883789, 78.4035156 ], [ -76.1365234, 78.4916992 ], [ -76.4161133, 78.5115234 ], [ -76.3734863, 78.5210938 ], [ -75.9658203, 78.529834 ], [ -75.396582, 78.5228516 ], [ -74.8786133, 78.5448242 ], [ -74.546582, 78.6203125 ], [ -74.5350586, 78.6592773 ], [ -74.4331055, 78.7241211 ], [ -74.4863281, 78.7500977 ], [ -74.6184082, 78.7577148 ], [ -75.0985352, 78.8583008 ], [ -75.3998535, 78.8812988 ], [ -75.7950684, 78.8897461 ], [ -75.9526855, 78.9590332 ], [ -76.0773438, 78.9851562 ], [ -76.2558594, 79.0068359 ], [ -76.5241211, 79.0242188 ], [ -76.8248047, 79.0178711 ], [ -77.5104004, 78.9784668 ], [ -77.6982422, 78.954541 ], [ -77.8827637, 78.9423828 ], [ -78.0368164, 78.963916 ], [ -78.2219727, 79.0151367 ], [ -78.4217773, 79.0483887 ], [ -78.5589844, 79.0545898 ], [ -78.5816406, 79.075 ], [ -78.2579102, 79.082177700000017 ], [ -77.9737793, 79.0762207 ], [ -77.729248, 79.0569336 ], [ -77.3980469, 79.0572754 ], [ -76.7711426, 79.0871582 ], [ -76.5314453, 79.0865234 ], [ -76.3803711, 79.1041504 ], [ -76.1575684, 79.1003906 ], [ -75.9118164, 79.1177734 ], [ -75.6389648, 79.0877441 ], [ -75.5146484, 79.0612305 ], [ -75.2331543, 79.0355469 ], [ -74.640918, 79.0355469 ], [ -74.5323242, 79.0527344 ], [ -74.4812012, 79.2294922 ], [ -74.7272461, 79.235351600000016 ], [ -75.0936035, 79.2039062 ], [ -75.3536621, 79.2283203 ], [ -75.6027344, 79.2395508 ], [ -75.9475098, 79.3113281 ], [ -76.1163574, 79.326123 ], [ -76.2957031, 79.413623 ], [ -76.6708984, 79.4780762 ], [ -76.8550781, 79.4882324 ], [ -76.8988281, 79.5123047 ], [ -76.3760742, 79.4944336 ], [ -76.0668945, 79.4731934 ], [ -75.7738281, 79.4311523 ], [ -75.503418, 79.4141602 ], [ -75.2594727, 79.4210449 ], [ -74.7979492, 79.4586914 ], [ -74.4060059, 79.4535645 ], [ -74.1886719, 79.4647461 ], [ -74.0153809, 79.4905273 ], [ -73.8659668, 79.501416 ], [ -73.4660645, 79.495166 ], [ -73.3615234, 79.5040039 ], [ -73.2935547, 79.521582 ], [ -73.2401367, 79.5524902 ], [ -73.201123, 79.596582 ], [ -73.2293945, 79.6439941 ], [ -73.4059082, 79.7321777 ], [ -73.4724609, 79.7564453 ], [ -73.6420898, 79.7709961 ], [ -74.0510254, 79.7782227 ], [ -74.5407227, 79.8155762 ], [ -74.660205100000013, 79.8351562 ], [ -74.3944824, 79.8740723 ], [ -74.1442383, 79.8797852 ], [ -73.8050781, 79.8462891 ], [ -73.4481445, 79.8270996 ], [ -72.4365234, 79.6943848 ], [ -72.2155273, 79.6868164 ], [ -71.9645508, 79.7010742 ], [ -71.3878418, 79.7617676 ], [ -71.298584, 79.7825684 ], [ -71.1101562, 79.8478027 ], [ -71.1063477, 79.8755371 ], [ -71.2776367, 79.9063477 ], [ -71.3558105, 79.9112793 ], [ -70.7575195, 79.9982422 ], [ -70.559082, 80.0709961 ], [ -70.5684082, 80.0937012 ], [ -70.7584961, 80.1186523 ], [ -70.8770508, 80.1223145 ], [ -71.6161133, 80.0710449 ], [ -71.9486816, 80.0861816 ], [ -72.0629883, 80.1055664 ], [ -72.055957, 80.1232422 ], [ -71.9276367, 80.1391602 ], [ -71.7958984, 80.1433594 ], [ -71.6608398, 80.1359375 ], [ -71.4700684, 80.1458984 ], [ -71.100293, 80.1870605 ], [ -70.2648926, 80.2335938 ], [ -70.212793, 80.277734400000014 ], [ -70.6678223, 80.5055664 ], [ -70.7125977, 80.5395996 ], [ -70.6386719, 80.5275391 ], [ -70.4026367, 80.4589844 ], [ -70.1435059, 80.3976562 ], [ -69.9493164, 80.3737793 ], [ -69.7337891, 80.3669434 ], [ -69.5506836, 80.383252 ], [ -69.4000977, 80.4228516 ], [ -68.959375, 80.5868652 ], [ -68.6304687, 80.6787109 ], [ -67.7743652, 80.8594238 ], [ -66.7268555, 81.040918 ], [ -66.3128418, 81.1461426 ], [ -65.4839844, 81.2847656 ], [ -64.8327637, 81.438623 ], [ -64.780078100000011, 81.4928711 ], [ -65.2399902, 81.509668 ], [ -65.7356934, 81.4942383 ], [ -68.3176758, 81.2612305 ], [ -68.5425781, 81.247998 ], [ -68.7211914, 81.2612305 ], [ -68.6885254, 81.2933105 ], [ -66.9140625, 81.4851074 ], [ -66.8611328, 81.4986816 ], [ -66.800585900000016, 81.5268066 ], [ -66.7650391, 81.5630371 ], [ -66.6257324, 81.616406200000014 ], [ -66.0047363, 81.6294434 ], [ -65.7010742, 81.6455566 ], [ -65.4954102, 81.6680664 ], [ -65.3991699, 81.7153809 ], [ -65.2261719, 81.7435059 ], [ -64.5740234, 81.7337402 ], [ -64.435791, 81.742627 ], [ -64.1279297, 81.7936523 ], [ -63.5922852, 81.8455078 ], [ -62.4964844, 82.0067871 ], [ -62.176709, 82.043408200000016 ], [ -61.9686523, 82.110253899999989 ], [ -61.6153809, 82.1844238 ], [ -61.2735352, 82.279834 ], [ -61.2072266, 82.3410645 ], [ -61.3024902, 82.3997559 ], [ -61.3924805, 82.4418945 ], [ -61.4770508, 82.4674316 ], [ -61.697168, 82.488623 ], [ -62.4751953, 82.5195801 ], [ -63.2467773, 82.4501953 ], [ -63.2508301, 82.4668457 ], [ -63.0870605, 82.5328125 ], [ -63.0853516, 82.5652344 ], [ -63.3854004, 82.6534668 ], [ -63.5926758, 82.694043 ], [ -63.6425293, 82.7129883 ], [ -63.6206055, 82.7292969 ], [ -63.5640625, 82.7487305 ], [ -63.4730469, 82.7712402 ], [ -63.4987305, 82.7925781 ], [ -63.641015599999989, 82.8125977 ], [ -63.9835938, 82.8291016 ], [ -64.1342285, 82.8231934 ], [ -64.4333984, 82.7777344 ], [ -64.5040039, 82.778418 ], [ -64.6347656, 82.8186035 ], [ -64.7767578, 82.8764648 ], [ -64.9048828, 82.9008301 ], [ -64.9838867, 82.9022949 ], [ -65.1131836, 82.888916 ], [ -65.1624023, 82.8701172 ], [ -65.246582, 82.8185059 ], [ -65.2990234, 82.7996094 ], [ -65.4, 82.8023926 ], [ -65.5496094, 82.8269531 ], [ -65.7274414, 82.8424316 ], [ -66.120459, 82.8071289 ], [ -66.6118652, 82.7420898 ], [ -66.8657227, 82.7188477 ], [ -66.9977051, 82.7160645 ], [ -67.3970703, 82.6681152 ], [ -67.7358887, 82.6524414 ], [ -68.1728516, 82.6459473 ], [ -68.4693359, 82.6533691 ], [ -68.3575684, 82.6768066 ], [ -66.836328100000017, 82.8179199 ], [ -66.6003906, 82.8612305 ], [ -66.4248047, 82.9061523 ], [ -66.4225586, 82.9268555 ], [ -66.5916504, 82.944043 ], [ -67.4056641, 82.9539062 ], [ -67.6244629, 82.9644043 ], [ -67.9246094, 82.9560059 ], [ -68.1068848, 82.9611816 ], [ -68.4090332, 83.0052734 ], [ -68.6732422, 82.99877930000001 ], [ -69.4888672, 83.016796900000017 ], [ -69.5693848, 83.0249023 ] ] ], [ [ [ -95.6839355, 77.7822754 ], [ -96.1429688, 77.7143555 ], [ -96.1945801, 77.7005371 ], [ -96.2391602, 77.6725586 ], [ -96.2766113, 77.6305664 ], [ -96.2638672, 77.5945312 ], [ -96.0561035, 77.5034668 ], [ -95.9870605, 77.4841309 ], [ -94.4089844, 77.474218800000017 ], [ -93.836181599999989, 77.4522461 ], [ -93.7401855, 77.4645508 ], [ -93.5439453, 77.4666504 ], [ -93.5195801, 77.4744141 ], [ -93.3391602, 77.6296875 ], [ -93.1287109, 77.6601562 ], [ -93.2107422, 77.7102051 ], [ -93.3009766, 77.7397949 ], [ -93.4710938, 77.7643066 ], [ -93.5828613, 77.770752 ], [ -94.0147461, 77.7599121 ], [ -94.6667969, 77.7762207 ], [ -94.9599121, 77.7740723 ], [ -95.2330566, 77.7538086 ], [ -95.484375, 77.7919922 ], [ -95.6839355, 77.7822754 ] ] ], [ [ [ -93.5518066, 75.0511719 ], [ -93.5317383, 75.1003418 ], [ -93.4975586, 75.1368652 ], [ -93.5912109, 75.2302246 ], [ -93.66684570000001, 75.2735352 ], [ -93.7508301, 75.3490234 ], [ -93.909082, 75.4225098 ], [ -94.2566895, 75.5440918 ], [ -94.4272461, 75.5933594 ], [ -94.648632800000016, 75.6230469 ], [ -94.8781738, 75.6300293 ], [ -95.0495117, 75.6218262 ], [ -95.6708008, 75.5286621 ], [ -95.8531738, 75.469043 ], [ -95.9546387, 75.4437988 ], [ -96.1249023, 75.3583008 ], [ -96.1184082, 75.300927700000017 ], [ -96.1803711, 75.2400879 ], [ -96.2923828, 75.2192871 ], [ -96.3828613, 75.211377 ], [ -96.5657715, 75.0987305 ], [ -96.5969238, 75.0578613 ], [ -96.5996094, 75.0317871 ], [ -96.5911621, 75.0018555 ], [ -96.559863299999989, 74.9903809 ], [ -96.3863281, 74.9994629 ], [ -96.3431641, 74.9819336 ], [ -96.3185547, 74.9477051 ], [ -96.2941895, 74.9271973 ], [ -96.2701172, 74.9203125 ], [ -96.1817383, 74.9507812 ], [ -96.0942383, 74.9325195 ], [ -95.8654297, 74.8304199 ], [ -95.4512207, 74.7973633 ], [ -95.286084, 74.7940918 ], [ -94.9587402, 74.6999512 ], [ -94.8038574, 74.6601074 ], [ -94.6972656, 74.6421875 ], [ -94.5345215, 74.6367188 ], [ -94.2060547, 74.6474121 ], [ -93.9845703, 74.6441895 ], [ -93.6261719, 74.6608887 ], [ -93.5730957, 74.6688477 ], [ -93.547168, 74.6910645 ], [ -93.548291, 74.7275391 ], [ -93.535644499999989, 74.7493164 ], [ -93.5091797, 74.7564941 ], [ -93.4908691, 74.7719727 ], [ -93.4634766, 74.8564941 ], [ -93.4666016, 74.9213379 ], [ -93.4782715, 74.951953100000011 ], [ -93.5425781, 75.0279297 ], [ -93.5518066, 75.0511719 ] ] ], [ [ [ -100.1384766, 73.9288574 ], [ -100.2270508, 73.8891113 ], [ -100.2248047, 73.8725098 ], [ -100.1538086, 73.8440918 ], [ -100.040087899999989, 73.8437988 ], [ -99.939502, 73.8571289 ], [ -99.9118652, 73.8470215 ], [ -99.9911133, 73.795166 ], [ -100.1823242, 73.8012695 ], [ -100.4836426, 73.8435059 ], [ -100.9151367, 73.8053711 ], [ -100.9629883, 73.7914062 ], [ -100.9851074, 73.765332 ], [ -100.981543, 73.7271973 ], [ -100.9525879, 73.6914062 ], [ -100.8982422, 73.6580566 ], [ -100.7827148, 73.6129395 ], [ -100.657910199999989, 73.5933594 ], [ -100.6071289, 73.5753906 ], [ -100.5363281, 73.5097168 ], [ -100.5089355, 73.4654785 ], [ -100.5216797, 73.449316400000015 ], [ -100.6768066, 73.4942871 ], [ -100.8541016, 73.5712891 ], [ -100.9757812, 73.5997559 ], [ -101.1149414, 73.5958496 ], [ -101.3231445, 73.5719727 ], [ -101.4630371, 73.5338379 ], [ -101.518457, 73.5050293 ], [ -101.523193400000011, 73.486377 ], [ -101.4820801, 73.445849600000017 ], [ -101.4508789, 73.430957 ], [ -100.8893555, 73.2753418 ], [ -100.755322299999989, 73.2784668 ], [ -100.5870117, 73.2995605 ], [ -100.497998, 73.3158203 ], [ -100.3661133, 73.3590332 ], [ -100.257959, 73.3402344 ], [ -100.0059082, 73.239502 ], [ -99.8251465, 73.2138672 ], [ -99.9664062, 73.201416 ], [ -100.0669922, 73.211084 ], [ -100.2258789, 73.2546875 ], [ -100.340722700000015, 73.2651855 ], [ -100.4388184, 73.2545898 ], [ -100.4893066, 73.2339355 ], [ -100.536377, 73.1978516 ], [ -100.550195300000013, 73.1637207 ], [ -100.5313965, 73.1382812 ], [ -100.446191399999989, 73.1205566 ], [ -100.334375, 73.1284668 ], [ -100.282666, 73.1203125 ], [ -100.2361816, 73.0954102 ], [ -100.1844727, 73.0553223 ], [ -100.0967285, 72.9631348 ], [ -100.0923828, 72.9449707 ], [ -100.128125, 72.9066895 ], [ -100.1883301, 72.8902832 ], [ -100.2279297, 72.8989258 ], [ -100.3675293, 72.9777344 ], [ -100.3957031, 72.977002 ], [ -100.4425781, 72.8068359 ], [ -100.4680176, 72.7788086 ], [ -100.484765599999989, 72.7729492 ], [ -100.8960449, 72.7259277 ], [ -101.0875977, 72.7132812 ], [ -101.2731934, 72.7216797 ], [ -101.3505859, 72.7462891 ], [ -101.4346191, 72.8210449 ], [ -101.543603499999989, 72.8830566 ], [ -101.6177734, 72.9097168 ], [ -101.754541, 72.9428223 ], [ -101.798046899999989, 72.9730957 ], [ -101.8354004, 73.0180176 ], [ -101.9224609, 73.0569824 ], [ -102.0196289, 73.0699219 ], [ -102.204003899999989, 73.0772949 ], [ -102.3361328, 73.0641113 ], [ -102.5038086, 73.0059082 ], [ -102.5510742, 72.9782715 ], [ -102.6284668, 72.910791 ], [ -102.6875, 72.8428223 ], [ -102.7136719, 72.7829102 ], [ -102.7087402, 72.764502 ], [ -102.6570801, 72.7194336 ], [ -102.4022461, 72.5947266 ], [ -101.9736816, 72.4861328 ], [ -101.9093262, 72.4310547 ], [ -101.8329102, 72.4092773 ], [ -101.8044434, 72.3850586 ], [ -101.7745117, 72.340918 ], [ -101.723925799999989, 72.3148926 ], [ -101.4983398, 72.2778809 ], [ -101.3187012, 72.3128418 ], [ -101.2506836, 72.3217773 ], [ -101.2085449, 72.3169922 ], [ -101.0931152, 72.2790527 ], [ -101.0262207, 72.2285645 ], [ -100.9836426, 72.2100586 ], [ -100.8001953, 72.1994141 ], [ -100.7068359, 72.1859375 ], [ -100.5944824, 72.1523438 ], [ -100.3256836, 72.0038574 ], [ -100.1241211, 71.9115234 ], [ -99.7347168, 71.7572266 ], [ -99.5814453, 71.6515625 ], [ -99.4036621, 71.5571777 ], [ -99.2761719, 71.4242188 ], [ -99.2236328, 71.3871094 ], [ -99.1671387, 71.3671875 ], [ -98.9862305, 71.3694824 ], [ -98.8987793, 71.3523438 ], [ -98.7838379, 71.3136719 ], [ -98.6628906, 71.3020996 ], [ -98.535937499999989, 71.317627 ], [ -98.4123047, 71.3488281 ], [ -98.1986328, 71.440869100000015 ], [ -98.1901367, 71.4624512 ], [ -98.1953125, 71.4912109 ], [ -98.2314453, 71.5589355 ], [ -98.4208008, 71.7165039 ], [ -98.4588379, 71.7731934 ], [ -98.3893066, 71.8242676 ], [ -98.3227051, 71.852343800000014 ], [ -98.3058105, 71.8475586 ], [ -98.3026855, 71.8311035 ], [ -98.313378899999989, 71.8030762 ], [ -98.3070801, 71.764502 ], [ -98.2838867, 71.7155273 ], [ -98.2419434, 71.6814941 ], [ -98.181347699999989, 71.6624512 ], [ -97.5822754, 71.6296875 ], [ -97.4612305, 71.6342285 ], [ -97.2222168, 71.6734863 ], [ -97.1166992, 71.7108398 ], [ -97.0246582, 71.7607422 ], [ -96.946484399999989, 71.7918945 ], [ -96.6134277, 71.8338379 ], [ -96.6243652, 71.9675781 ], [ -96.7172852, 72.0251465 ], [ -96.7583008, 72.0316895 ], [ -96.7663086, 72.0459473 ], [ -96.6181152, 72.1458984 ], [ -96.6005859, 72.1728516 ], [ -96.5928711, 72.2044922 ], [ -96.6155762, 72.2372559 ], [ -96.66875, 72.2712402 ], [ -96.7958984, 72.3137695 ], [ -96.8014648, 72.3224121 ], [ -96.7455078, 72.3226074 ], [ -96.6382812, 72.342041 ], [ -96.519873, 72.3931152 ], [ -96.4728516, 72.434375 ], [ -96.4401367, 72.4873047 ], [ -96.4456055, 72.5524414 ], [ -96.489209, 72.6298828 ], [ -96.5420898, 72.6987305 ], [ -96.5920898, 72.7102539 ], [ -96.6712891, 72.7131836 ], [ -96.869043, 72.6870117 ], [ -97.0518066, 72.6368164 ], [ -97.128125, 72.6275879 ], [ -97.1589355, 72.6427734 ], [ -97.1404785, 72.6727539 ], [ -97.0729004, 72.7175781 ], [ -97.0830078, 72.7628418 ], [ -97.2375977, 72.8374512 ], [ -97.3776855, 72.8649414 ], [ -97.3709961, 72.878125 ], [ -97.3099121, 72.8981445 ], [ -97.2958496, 72.9180176 ], [ -97.3287598, 72.9378418 ], [ -97.4756836, 72.9922852 ], [ -97.6363281, 73.0276367 ], [ -97.7248047, 73.0366699 ], [ -97.9394043, 73.0355957 ], [ -98.0610352, 73.0205078 ], [ -98.1808105, 72.9930664 ], [ -98.3666504, 72.9341309 ], [ -98.4217773, 72.9410156 ], [ -98.4309082, 72.9580566 ], [ -98.4369629, 73.0002441 ], [ -98.4168457, 73.0225098 ], [ -98.3755859, 73.0446777 ], [ -98.1758301, 73.1157715 ], [ -97.7958984, 73.2853027 ], [ -97.484082, 73.339209 ], [ -97.2725098, 73.3868164 ], [ -97.2303711, 73.4212891 ], [ -97.2871094, 73.4584473 ], [ -97.350293, 73.480957 ], [ -97.4701172, 73.4882324 ], [ -97.5318359, 73.473584 ], [ -97.5858398, 73.4711426 ], [ -97.6145996, 73.4813477 ], [ -97.625878899999989, 73.5022949 ], [ -97.5969727, 73.5366211 ], [ -97.4897949, 73.5266113 ], [ -97.3947754, 73.564209 ], [ -97.2841797, 73.570752 ], [ -97.1563965, 73.5921875 ], [ -97.0945801, 73.6147461 ], [ -97.001709, 73.6665039 ], [ -96.996582, 73.6749023 ], [ -97.0112793, 73.7061523 ], [ -97.1117188, 73.790332 ], [ -97.1705078, 73.8248535 ], [ -97.2247559, 73.8437988 ], [ -97.3270508, 73.8618652 ], [ -97.581835900000016, 73.8875488 ], [ -97.6699707, 73.8877441 ], [ -97.8321777, 73.8793457 ], [ -97.9277344, 73.8657715 ], [ -98.1518555, 73.8182129 ], [ -98.5193359, 73.7920898 ], [ -98.7845215, 73.7605469 ], [ -99.0396484, 73.7492676 ], [ -99.157959, 73.7315918 ], [ -100.0019043, 73.9458984 ], [ -100.1384766, 73.9288574 ] ] ], [ [ [ -85.0560547, 65.4374023 ], [ -85.2399414, 65.5103027 ], [ -85.2427734, 65.5262207 ], [ -85.2263184, 65.545752 ], [ -85.1303223, 65.5920898 ], [ -85.1053711, 65.6227051 ], [ -85.1303711, 65.6929199 ], [ -85.1762207, 65.746875 ], [ -85.2411133, 65.7955078 ], [ -85.4424316, 65.8455566 ], [ -85.4955078, 65.899707 ], [ -85.5230469, 65.9145508 ], [ -85.554687500000014, 65.9186523 ], [ -85.6990723, 65.8831543 ], [ -85.8139648, 65.8319336 ], [ -85.9616699, 65.704248 ], [ -86.0170898, 65.6402832 ], [ -86.0746094, 65.5338379 ], [ -86.114209, 65.4172852 ], [ -86.1882812, 65.0103027 ], [ -86.2276367, 64.8963379 ], [ -86.3438477, 64.6623535 ], [ -86.3742676, 64.5658203 ], [ -86.3749023, 64.5029785 ], [ -86.3544922, 64.3765137 ], [ -86.2741699, 64.2380371 ], [ -86.2521973, 64.18125 ], [ -86.2520996, 64.1368652 ], [ -86.308593800000011, 64.0936523 ], [ -86.4217285, 64.0515625 ], [ -86.8860352, 63.9237305 ], [ -86.9320312, 63.9016602 ], [ -87.0319336, 63.8304199 ], [ -87.1543945, 63.7148926 ], [ -87.188916, 63.6722656 ], [ -87.1938477, 63.6328125 ], [ -87.1771484, 63.5951172 ], [ -87.1519043, 63.5856445 ], [ -87.0529297, 63.5717773 ], [ -86.9152344, 63.5689941 ], [ -86.846875, 63.575293 ], [ -86.5756836, 63.6623047 ], [ -86.3015625, 63.6567871 ], [ -85.8046875, 63.706543 ], [ -85.7689453, 63.7003418 ], [ -85.7387207, 63.6841309 ], [ -85.7141602, 63.657959 ], [ -85.5661133, 63.2708984 ], [ -85.4955078, 63.1391113 ], [ -85.392627, 63.1196777 ], [ -85.2381348, 63.1393066 ], [ -84.9615234, 63.1972168 ], [ -84.7955566, 63.2469238 ], [ -84.6329102, 63.3092285 ], [ -84.5545898, 63.35 ], [ -84.5062012, 63.3900391 ], [ -84.3875, 63.5291016 ], [ -84.3076172, 63.585791 ], [ -84.2604492, 63.600488299999988 ], [ -84.1416016, 63.6137207 ], [ -84.0221191, 63.6598633 ], [ -83.7282715, 63.813378899999989 ], [ -83.6616211, 63.8726074 ], [ -83.637988299999989, 63.9178223 ], [ -83.6170898, 64.0134277 ], [ -83.5835937, 64.0581055 ], [ -83.4943359, 64.0992188 ], [ -83.3039551, 64.1437988 ], [ -83.1855469, 64.1575195 ], [ -83.0651367, 64.1590332 ], [ -83.0161621, 64.127002 ], [ -83.0386719, 64.0614258 ], [ -83.0338867, 64.0232422 ], [ -82.9296875, 64.0004395 ], [ -82.5714844, 63.9606934 ], [ -82.4670898, 63.9269531 ], [ -82.4117187, 63.7365234 ], [ -82.378125, 63.7067871 ], [ -82.1459961, 63.6911621 ], [ -81.9633301, 63.6644531 ], [ -81.3717285, 63.5380859 ], [ -81.1796875, 63.4832031 ], [ -81.0463867, 63.4615723 ], [ -81.0138672, 63.4625488 ], [ -80.9535156, 63.4802734 ], [ -80.7117676, 63.5963867 ], [ -80.5040527, 63.6737793 ], [ -80.302050799999989, 63.762207 ], [ -80.2613281, 63.8019531 ], [ -80.4505859, 63.862939499999989 ], [ -80.6682617, 63.9014648 ], [ -80.5791992, 63.9092285 ], [ -80.5688477, 63.931933599999986 ], [ -80.6075684, 63.9720703 ], [ -80.6942871, 64.0247559 ], [ -80.8289551, 64.089941400000015 ], [ -80.92114260000001, 64.1004883 ], [ -81.0050293, 64.0333008 ], [ -81.023584, 64.0310547 ], [ -81.1040527, 64.0371094 ], [ -81.335644500000015, 64.0757813 ], [ -81.716113299999989, 64.021875 ], [ -81.8871094, 64.0164062 ], [ -81.9026367, 64.03125 ], [ -81.7209473, 64.1188965 ], [ -81.6809082, 64.1455566 ], [ -81.6673828, 64.1705078 ], [ -81.676123, 64.2126465 ], [ -81.787207, 64.4259766 ], [ -81.9289062, 64.5594238 ], [ -82.05, 64.6442871 ], [ -82.1588867, 64.6906738 ], [ -82.2716797, 64.7211426 ], [ -82.585791, 64.7619141 ], [ -82.667627, 64.7803223 ], [ -82.9905762, 64.9041016 ], [ -83.2009766, 64.959668 ], [ -83.2222656, 64.9679688 ], [ -83.407128899999989, 65.1039062 ], [ -83.4907715, 65.1317871 ], [ -83.7225586, 65.1689941 ], [ -83.9000977, 65.18125 ], [ -84.0848633, 65.2178223 ], [ -84.1334961, 65.245459 ], [ -84.1799805, 65.3163086 ], [ -84.2664062, 65.3672363 ], [ -84.501123, 65.4584473 ], [ -84.5679199, 65.4606445 ], [ -84.6125, 65.4473145 ], [ -84.7712891, 65.3052734 ], [ -84.8420898, 65.2559082 ], [ -84.8851074, 65.2489746 ], [ -84.9196289, 65.261084 ], [ -85.0560547, 65.4374023 ] ] ], [ [ [ -97.7258789, 76.496093800000011 ], [ -97.8083984, 76.5187988 ], [ -97.967334, 76.5329102 ], [ -98.2361816, 76.5753418 ], [ -98.2886719, 76.5987305 ], [ -98.5275879, 76.6673828 ], [ -98.710839800000016, 76.6938477 ], [ -98.9408691, 76.6431641 ], [ -99.0236328, 76.6145508 ], [ -98.9709961, 76.5365723 ], [ -98.890332, 76.4655762 ], [ -99.1696289, 76.4536621 ], [ -99.3294922, 76.5212891 ], [ -99.669043, 76.6241211 ], [ -99.8140625, 76.6322266 ], [ -100.0687012, 76.6347656 ], [ -100.3879395, 76.6135742 ], [ -100.5737305, 76.5846191 ], [ -100.8297363, 76.523877 ], [ -100.8907715, 76.4754883 ], [ -100.87363280000001, 76.4565918 ], [ -100.819873, 76.4370117 ], [ -100.6506836, 76.3959473 ], [ -100.1746582, 76.3592773 ], [ -100.0818848, 76.3427734 ], [ -99.977734399999989, 76.3124512 ], [ -99.9831055, 76.2999023 ], [ -100.0427246, 76.2912598 ], [ -100.3576172, 76.2711426 ], [ -100.4143555, 76.2566895 ], [ -100.414209, 76.2425293 ], [ -100.1827637, 76.1972168 ], [ -99.9976074, 76.1958496 ], [ -99.8172363, 76.1675781 ], [ -99.5410645, 76.1462891 ], [ -99.7901855, 76.1326172 ], [ -100.0017578, 76.139209 ], [ -100.085791, 76.1335449 ], [ -100.1128418, 76.1172363 ], [ -100.0509766, 76.0666016 ], [ -99.9783203, 76.0294922 ], [ -99.688916, 75.9597168 ], [ -99.7012695, 75.9414551 ], [ -99.7748535, 75.9273926 ], [ -99.8654785, 75.9242188 ], [ -100.0201172, 75.9395508 ], [ -100.1057129, 75.9604492 ], [ -100.2306641, 76.007666 ], [ -100.900097699999989, 76.2070801 ], [ -101.0558105, 76.2455566 ], [ -101.0941895, 76.2719238 ], [ -101.0878906, 76.3078613 ], [ -101.1390625, 76.345166 ], [ -101.3397461, 76.410498 ], [ -101.4151855, 76.4249023 ], [ -101.6772461, 76.4510254 ], [ -101.7875488, 76.4512695 ], [ -101.8584961, 76.4390137 ], [ -101.964209, 76.3990234 ], [ -102.1046875, 76.3312012 ], [ -102.1377441, 76.2848633 ], [ -101.9874512, 76.2431152 ], [ -101.9098145, 76.234375 ], [ -101.557031200000011, 76.2358398 ], [ -101.5289551, 76.2172852 ], [ -101.7713867, 76.1500977 ], [ -101.861377, 76.1012695 ], [ -101.8721191, 76.0831055 ], [ -101.8233887, 76.0413574 ], [ -101.7167969, 76.0079102 ], [ -101.431347699999989, 75.9919922 ], [ -101.5078613, 75.9436035 ], [ -101.5059082, 75.9180664 ], [ -101.4703125, 75.8819336 ], [ -101.4149902, 75.8458496 ], [ -101.2880371, 75.7891113 ], [ -101.258837899999989, 75.7836426 ], [ -101.0099121, 75.8023926 ], [ -100.972802699999988, 75.7984375 ], [ -101.1193848, 75.7628906 ], [ -101.261425800000012, 75.7582031 ], [ -101.4212402, 75.7819336 ], [ -101.5996582, 75.832666 ], [ -101.942822299999989, 75.8838379 ], [ -102.1447266, 75.8750488 ], [ -102.2706543, 75.812793 ], [ -102.2520508, 75.777734400000014 ], [ -102.4106934, 75.7128418 ], [ -102.727832, 75.6387207 ], [ -102.7975098, 75.5996582 ], [ -102.7003906, 75.5436035 ], [ -102.5874023, 75.5136719 ], [ -102.5414062, 75.513623 ], [ -101.461328099999989, 75.6079102 ], [ -101.2068359, 75.5904297 ], [ -100.9017578, 75.6204102 ], [ -99.9151367, 75.68125 ], [ -99.19458010000001, 75.6983887 ], [ -99.20942380000001, 75.6686035 ], [ -99.5911621, 75.6553711 ], [ -99.7560059, 75.6333984 ], [ -99.7702148, 75.6122559 ], [ -99.9652832, 75.5685059 ], [ -100.2796387, 75.4609863 ], [ -100.7119141, 75.4063477 ], [ -100.704248, 75.3943359 ], [ -100.7311523, 75.3465332 ], [ -100.6148926, 75.3214355 ], [ -100.3641113, 75.2895508 ], [ -100.1457031, 75.2461426 ], [ -100.1520508, 75.2356445 ], [ -100.4594727, 75.2190918 ], [ -100.4834961, 75.1884277 ], [ -100.3566406, 75.066748 ], [ -100.2922852, 75.0277344 ], [ -100.234375, 75.0077148 ], [ -99.9466309, 75.002832 ], [ -99.6269043, 74.9837402 ], [ -99.4206055, 75.04375 ], [ -99.326123, 75.0494141 ], [ -99.2449219, 75.0257812 ], [ -99.1558105, 75.0157227 ], [ -99.0100586, 75.0210938 ], [ -98.8348145, 75.0181641 ], [ -98.703515599999989, 75.0058105 ], [ -98.5686523, 75.0093262 ], [ -98.295166, 75.0321777 ], [ -98.1209473, 75.0327148 ], [ -97.9917969, 75.0458008 ], [ -97.9533203, 75.0601562 ], [ -97.9899902, 75.1106934 ], [ -98.0767578, 75.1529785 ], [ -98.0916992, 75.1762207 ], [ -98.06875, 75.1991699 ], [ -98.0453125, 75.2008301 ], [ -97.9708496, 75.1532715 ], [ -97.8427246, 75.1218262 ], [ -97.7993652, 75.1166504 ], [ -97.6743164, 75.1272949 ], [ -97.6599121, 75.1511719 ], [ -97.7048828, 75.1908203 ], [ -97.852734399999989, 75.2603027 ], [ -97.8782227, 75.4161133 ], [ -97.6533203, 75.5077637 ], [ -97.4652344, 75.4586426 ], [ -97.3634766, 75.4172363 ], [ -97.336035200000012, 75.4198242 ], [ -97.4096191, 75.5520996 ], [ -97.4075195, 75.6725098 ], [ -97.4395508, 75.6845703 ], [ -97.862793, 75.7380859 ], [ -97.8905273, 75.7603516 ], [ -97.6942383, 75.8025879 ], [ -97.601660200000012, 75.8510742 ], [ -97.6030273, 75.8793457 ], [ -97.6521484, 75.9401855 ], [ -97.65, 75.9791504 ], [ -97.6134766, 76.0526367 ], [ -97.5310547, 76.1094238 ], [ -97.5242676, 76.1387207 ], [ -97.5306641, 76.181543 ], [ -97.5731445, 76.2242188 ], [ -97.7068359, 76.303710900000013 ], [ -97.738769499999989, 76.3352539 ], [ -97.7371094, 76.3631348 ], [ -97.7018555, 76.3874023 ], [ -97.6897461, 76.4218262 ], [ -97.7009277, 76.4665039 ], [ -97.7258789, 76.496093800000011 ] ] ], [ [ [ -103.7063965, 79.3520508 ], [ -103.9645996, 79.348144499999989 ], [ -104.8473633, 79.3109863 ], [ -105.3876953, 79.323584 ], [ -105.4356934, 79.3022461 ], [ -105.5145508, 79.242480500000013 ], [ -105.5710449, 79.164209 ], [ -105.5801758, 79.114209 ], [ -105.570752, 79.0609863 ], [ -105.535644499999989, 79.0325195 ], [ -105.3087891, 79.0332031 ], [ -104.9013672, 79.051123 ], [ -104.7467773, 79.0270996 ], [ -104.735253899999989, 78.9911133 ], [ -104.8934082, 78.8901855 ], [ -104.9695312, 78.8564941 ], [ -104.9702148, 78.8291504 ], [ -104.8955078, 78.808154300000012 ], [ -104.8174316, 78.8070801 ], [ -104.736035199999989, 78.8259277 ], [ -104.3948242, 78.9561523 ], [ -104.151953100000014, 78.9898926 ], [ -104.112744100000015, 78.9855957 ], [ -104.0072266, 78.9478516 ], [ -103.8871582, 78.9187988 ], [ -103.8756348, 78.9026855 ], [ -104.1549805, 78.8139648 ], [ -104.1945801, 78.7956055 ], [ -104.185009799999989, 78.7812988 ], [ -104.0087402, 78.7640137 ], [ -103.5183594, 78.769140600000014 ], [ -103.4083984, 78.7516113 ], [ -103.371582, 78.7363281 ], [ -103.562695300000016, 78.6926758 ], [ -103.9285156, 78.6633789 ], [ -104.0208496, 78.6349121 ], [ -103.5879883, 78.622998 ], [ -103.4825684, 78.5939453 ], [ -103.5705078, 78.5398438 ], [ -103.7643555, 78.5195312 ], [ -104.2139648, 78.5397461 ], [ -104.7270508, 78.5793945 ], [ -104.8201172, 78.5729004 ], [ -104.9096191, 78.5526367 ], [ -104.9955566, 78.5185059 ], [ -104.985400399999989, 78.4680176 ], [ -104.8793457, 78.4012695 ], [ -104.7635742, 78.3516602 ], [ -104.512646499999988, 78.2946289 ], [ -104.3242188, 78.269482400000015 ], [ -103.946582, 78.2600098 ], [ -103.6772461, 78.3195801 ], [ -102.7313477, 78.3710449 ], [ -102.7843262, 78.3301758 ], [ -102.7720703, 78.3068848 ], [ -102.7227051, 78.2752441 ], [ -102.6676758, 78.2559082 ], [ -102.6069824, 78.2489258 ], [ -102.2844727, 78.275 ], [ -102.0569824, 78.279541 ], [ -101.8294922, 78.2641113 ], [ -101.297998, 78.1993652 ], [ -101.0741211, 78.1938477 ], [ -100.9576172, 78.1302246 ], [ -100.8261719, 78.0877441 ], [ -100.8095703, 78.0716309 ], [ -100.7782227, 77.9960449 ], [ -100.757910200000012, 77.9776855 ], [ -100.6802734, 77.9306641 ], [ -100.5860352, 77.8917969 ], [ -100.2746582, 77.8327148 ], [ -99.9559082, 77.7937988 ], [ -99.6591309, 77.8240723 ], [ -99.3413086, 77.8396484 ], [ -99.1664062, 77.8569336 ], [ -99.1283691, 77.8771484 ], [ -99.0611816, 77.965625 ], [ -98.9996094, 77.996875 ], [ -99.0045898, 78.0159668 ], [ -99.053125, 78.0723633 ], [ -99.131543, 78.1175293 ], [ -99.5624512, 78.2793457 ], [ -99.7513672, 78.3029785 ], [ -99.7782227, 78.3250977 ], [ -99.7686523, 78.3645508 ], [ -99.7741211, 78.3929688 ], [ -99.8478027, 78.4382324 ], [ -99.8183105, 78.4553711 ], [ -99.680175800000015, 78.4935059 ], [ -99.6311035, 78.5446777 ], [ -99.5821289, 78.5632812 ], [ -99.6094238, 78.5830566 ], [ -99.7818359, 78.6196289 ], [ -100.0147461, 78.7286133 ], [ -100.435498, 78.8203125 ], [ -100.9169922, 78.7829102 ], [ -101.128125, 78.8016602 ], [ -101.147460900000013, 78.8239746 ], [ -101.115918, 78.8583008 ], [ -101.0336914, 78.9146973 ], [ -101.0371582, 78.9390137 ], [ -101.0884766, 78.9615234 ], [ -101.1445801, 78.9729004 ], [ -101.2990234, 78.9821777 ], [ -101.703662099999988, 79.0789062 ], [ -101.8726074, 79.0883789 ], [ -101.9736328, 79.0791992 ], [ -102.1885742, 79.0383789 ], [ -102.3931641, 79.0103027 ], [ -102.4073242, 78.9541016 ], [ -102.4248047, 78.9332031 ], [ -102.4945801, 78.9006836 ], [ -102.5761719, 78.879394499999989 ], [ -102.5927734, 78.9009277 ], [ -102.5807617, 78.930127 ], [ -102.5956055, 78.9429688 ], [ -102.7305176, 78.9693359 ], [ -102.6828613, 78.9910156 ], [ -102.6481934, 79.0271484 ], [ -102.6375977, 79.0549805 ], [ -102.6389648, 79.0775879 ], [ -102.6522949, 79.0950195 ], [ -102.914355500000013, 79.2311035 ], [ -103.191650400000015, 79.2953125 ], [ -103.4260254, 79.315625 ], [ -103.7063965, 79.3520508 ] ] ], [ [ [ -91.9978516, 81.185498 ], [ -92.2117676, 81.2436035 ], [ -92.4125977, 81.2782715 ], [ -93.034668, 81.3462891 ], [ -93.3327637, 81.3644043 ], [ -93.6048828, 81.3505859 ], [ -94.0597168, 81.3493164 ], [ -94.1793457, 81.3392578 ], [ -94.2201172, 81.3307617 ], [ -94.232959, 81.3151367 ], [ -94.2314941, 81.2896973 ], [ -94.2186523, 81.2649414 ], [ -94.1944336, 81.240918 ], [ -94.1103516, 81.225 ], [ -93.8944336, 81.2132812 ], [ -93.406543, 81.209082 ], [ -93.2859375, 81.179248 ], [ -93.235400399999989, 81.155127 ], [ -93.2356445, 81.1288574 ], [ -93.2867187, 81.100293 ], [ -93.3451172, 81.0853516 ], [ -93.44375, 81.083252 ], [ -93.8259766, 81.1057129 ], [ -94.2163086, 81.0571777 ], [ -94.5194336, 81.0312012 ], [ -94.9805176, 81.0496582 ], [ -95.269775400000015, 81.0007812 ], [ -95.5092773, 80.8632324 ], [ -95.5147461, 80.8381348 ], [ -95.1958496, 80.8083008 ], [ -94.7884766, 80.7512695 ], [ -94.5962891, 80.640625 ], [ -94.2021484, 80.6097168 ], [ -94.0287109, 80.5861816 ], [ -93.9279297, 80.5591797 ], [ -94.485400399999989, 80.5580566 ], [ -94.7344727, 80.5723633 ], [ -94.8925781, 80.5708984 ], [ -95.02573240000001, 80.6464355 ], [ -95.2258301, 80.685791 ], [ -95.5052734, 80.6905762 ], [ -95.713623, 80.7254395 ], [ -95.9269531, 80.7206543 ], [ -96.1328125, 80.6914062 ], [ -96.1518066, 80.5534668 ], [ -95.9010742, 80.4708496 ], [ -95.6144531, 80.3962402 ], [ -95.5490723, 80.3666016 ], [ -95.7473633, 80.3652832 ], [ -96.0118652, 80.3830566 ], [ -96.1121582, 80.3804199 ], [ -96.334375, 80.3527832 ], [ -96.3853516, 80.3328613 ], [ -96.3940918, 80.3150391 ], [ -96.3684082, 80.293066400000015 ], [ -96.308300800000012, 80.2669922 ], [ -96.2150879, 80.2458984 ], [ -96.0256836, 80.2217285 ], [ -95.9040039, 80.2141113 ], [ -95.6462402, 80.230957 ], [ -95.4050781, 80.1350098 ], [ -95.1923828, 80.134375 ], [ -94.5901367, 80.2015137 ], [ -94.2625977, 80.194873 ], [ -94.3044434, 80.1816406 ], [ -94.5826172, 80.1414062 ], [ -94.6069824, 80.1255859 ], [ -94.612695300000013, 80.1029785 ], [ -94.5998047, 80.0736328 ], [ -94.6108398, 80.0555176 ], [ -94.6458984, 80.0487305 ], [ -95.3938477, 80.0532715 ], [ -95.7819824, 80.0664062 ], [ -96.7732422, 80.135791 ], [ -96.639209, 80.0241699 ], [ -96.606738299999989, 79.9776855 ], [ -96.589062500000011, 79.9166504 ], [ -96.4627441, 79.8475098 ], [ -95.9996582, 79.7046875 ], [ -95.8575195, 79.6737793 ], [ -95.7393555, 79.6601563 ], [ -95.5524902, 79.6532227 ], [ -95.2969727, 79.6530762 ], [ -94.9730469, 79.6771973 ], [ -94.5808594, 79.7256348 ], [ -94.4018555, 79.7363281 ], [ -94.4755371, 79.6861816 ], [ -94.5196777, 79.6671387 ], [ -95.3023437, 79.5680664 ], [ -95.5634766, 79.5497559 ], [ -95.6628906, 79.5273438 ], [ -95.7330078, 79.4182129 ], [ -95.6570312, 79.3903809 ], [ -95.3166016, 79.3547363 ], [ -95.1031738, 79.2898926 ], [ -95.0437012, 79.293554700000016 ], [ -94.84604490000001, 79.3350586 ], [ -94.4048828, 79.3905273 ], [ -94.2841309, 79.4004395 ], [ -94.1103027, 79.4015625 ], [ -93.9602539, 79.3955078 ], [ -93.9396973, 79.3856934 ], [ -94.0402832, 79.3570312 ], [ -94.109375, 79.3150879 ], [ -94.0933594, 79.3027344 ], [ -94.0398437, 79.2952148 ], [ -93.9331543, 79.2907227 ], [ -93.5504395, 79.3539551 ], [ -93.3808594, 79.3681641 ], [ -93.028125, 79.429248 ], [ -92.8219238, 79.4499023 ], [ -92.6447266, 79.4504395 ], [ -92.4845703, 79.4392578 ], [ -92.2479492, 79.3734375 ], [ -91.692627, 79.3647461 ], [ -91.2999023, 79.3727051 ], [ -91.3436523, 79.3608887 ], [ -91.8675781, 79.3174316 ], [ -92.5472168, 79.2826172 ], [ -92.6836426, 79.185791 ], [ -92.8416016, 79.1563965 ], [ -93.068457, 79.1553711 ], [ -93.2938965, 79.139502 ], [ -93.9501953, 79.0374023 ], [ -94.162793, 78.9941895 ], [ -94.1696777, 78.9728027 ], [ -94.153613299999989, 78.9510254 ], [ -94.1145996, 78.9289062 ], [ -93.9022461, 78.8722168 ], [ -93.336474600000017, 78.8080566 ], [ -93.159863300000012, 78.7756348 ], [ -93.2083496, 78.7691895 ], [ -93.5614258, 78.7773438 ], [ -93.6233398, 78.7677734 ], [ -93.6344238, 78.7509277 ], [ -93.552050799999989, 78.7078125 ], [ -93.3894531, 78.6426758 ], [ -93.2666016, 78.6083008 ], [ -93.109375, 78.6015625 ], [ -92.9725098, 78.6129395 ], [ -92.7155273, 78.6050293 ], [ -91.9349609, 78.5617188 ], [ -91.866894500000015, 78.5426758 ], [ -92.2967285, 78.5208008 ], [ -92.7255859, 78.4866699 ], [ -92.8482422, 78.4601074 ], [ -92.80761720000001, 78.4297363 ], [ -92.6782715, 78.3891113 ], [ -92.3512695, 78.3128906 ], [ -91.8991699, 78.2368652 ], [ -91.4096191, 78.1879883 ], [ -90.9181152, 78.1583984 ], [ -90.6144043, 78.1498535 ], [ -90.3869629, 78.1632812 ], [ -90.3267578, 78.1847656 ], [ -90.357959, 78.21875 ], [ -90.4054199, 78.2466797 ], [ -90.4691895, 78.2685547 ], [ -90.6523926, 78.3077148 ], [ -90.621582, 78.3217285 ], [ -90.4590332, 78.3309082 ], [ -90.2972168, 78.3280273 ], [ -90.136084, 78.3130859 ], [ -90.0254395, 78.2912598 ], [ -89.9651855, 78.2624512 ], [ -89.8730469, 78.2375977 ], [ -89.651123, 78.1930176 ], [ -89.5794922, 78.1666016 ], [ -89.5256836, 78.1596191 ], [ -89.4898437, 78.1719238 ], [ -89.5068359, 78.2032715 ], [ -89.6116699, 78.2789062 ], [ -89.7572754, 78.3702148 ], [ -90.001025399999989, 78.4958008 ], [ -90.0763184, 78.5491699 ], [ -90.0371094, 78.6068359 ], [ -89.9953613, 78.6006836 ], [ -89.9262207, 78.5730469 ], [ -89.6552734, 78.4388672 ], [ -89.4700195, 78.3702148 ], [ -89.0957031, 78.2092285 ], [ -88.969628899999989, 78.1844238 ], [ -88.8224121, 78.1858887 ], [ -88.7910156, 78.1924316 ], [ -88.732959, 78.2416992 ], [ -88.6483887, 78.3337402 ], [ -88.6064453, 78.3919922 ], [ -88.6230469, 78.4621094 ], [ -88.7139648, 78.5464355 ], [ -88.7416016, 78.5840332 ], [ -88.7092773, 78.5960938 ], [ -88.5806641, 78.6019043 ], [ -88.2845703, 78.4965332 ], [ -88.1475586, 78.4770996 ], [ -88.0402344, 78.4944336 ], [ -87.9828613, 78.5370605 ], [ -87.9736328, 78.5647461 ], [ -87.9819824, 78.5947266 ], [ -88.003125, 78.6155273 ], [ -88.0370117, 78.6269531 ], [ -88.2278809, 78.6530273 ], [ -88.2537598, 78.6719727 ], [ -88.1896973, 78.6963867 ], [ -88.1666016, 78.7455078 ], [ -88.1902344, 78.8674316 ], [ -88.1638184, 78.9334961 ], [ -88.1040527, 78.9728027 ], [ -88.0401855, 78.9953125 ], [ -87.8783691, 79.0381836 ], [ -87.8293945, 79.0453125 ], [ -87.816748, 79.0363281 ], [ -87.9226074, 78.9505859 ], [ -87.9531738, 78.9150391 ], [ -87.9607422, 78.8931152 ], [ -87.95625, 78.8516113 ], [ -87.922314500000013, 78.7513672 ], [ -87.8614746, 78.7068359 ], [ -87.6173828, 78.6763184 ], [ -87.4787598, 78.7181641 ], [ -87.2463867, 78.8134766 ], [ -87.0803711, 78.8661133 ], [ -87.0164551, 78.8986816 ], [ -86.9571777, 78.9749023 ], [ -86.9134766, 78.9828125 ], [ -86.7208008, 78.9754883 ], [ -86.6294434, 78.991308600000011 ], [ -86.4505371, 79.0386719 ], [ -86.0916504, 79.1 ], [ -85.2898437, 79.2083496 ], [ -85.181347699999989, 79.2337402 ], [ -85.0421387, 79.2845703 ], [ -85.0637695, 79.3281738 ], [ -85.1755859, 79.3872559 ], [ -85.5013672, 79.5303223 ], [ -85.6478516, 79.6114258 ], [ -85.6786133, 79.6152832 ], [ -85.7509277, 79.5945312 ], [ -85.8038574, 79.5730469 ], [ -85.9489746, 79.4859863 ], [ -86.0070312, 79.4794434 ], [ -86.0855469, 79.5512207 ], [ -86.1804687, 79.6054199 ], [ -86.2322266, 79.6224121 ], [ -86.3369629, 79.6349609 ], [ -86.6488281, 79.6462402 ], [ -86.861035199999989, 79.5977051 ], [ -86.9252441, 79.5909668 ], [ -87.2428711, 79.5711426 ], [ -87.295166, 79.5801758 ], [ -87.2202637, 79.6299316 ], [ -87.1442383, 79.6626465 ], [ -87.0495117, 79.8054199 ], [ -86.9771973, 79.8942383 ], [ -87.0761719, 79.9669434 ], [ -87.2020508, 80.0432129 ], [ -87.3285156, 80.0465332 ], [ -87.6513672, 80.0794434 ], [ -87.8606934, 80.0875 ], [ -87.922314500000013, 80.0977051 ], [ -87.8691406, 80.1338867 ], [ -87.6254883, 80.187207 ], [ -87.6183594, 80.2074707 ], [ -87.6302734, 80.3016113 ], [ -87.6455078, 80.3484375 ], [ -87.675, 80.3721191 ], [ -87.9600098, 80.415625 ], [ -88.125244099999989, 80.4294922 ], [ -88.4243652, 80.4280762 ], [ -88.5248047, 80.418017600000013 ], [ -88.6436523, 80.3868652 ], [ -88.6634277, 80.348291 ], [ -88.6462402, 80.2897461 ], [ -88.6125, 80.2553711 ], [ -88.3807617, 80.2251953 ], [ -88.2553711, 80.1665039 ], [ -88.1968262, 80.1251953 ], [ -88.1999023, 80.1114746 ], [ -88.329248, 80.133691399999989 ], [ -88.5375488, 80.1311523 ], [ -88.8573242, 80.1662109 ], [ -89.019238300000012, 80.1984863 ], [ -89.1983398, 80.2631836 ], [ -89.2176758, 80.2892578 ], [ -89.1472656, 80.3603516 ], [ -89.1546875, 80.3785156 ], [ -89.196582, 80.394043 ], [ -89.2043945, 80.4069336 ], [ -89.1341797, 80.4402344 ], [ -89.1382812, 80.4574219 ], [ -89.1668945, 80.4796387 ], [ -89.2355957, 80.5106445 ], [ -89.3290527, 80.5317383 ], [ -89.5248047, 80.5388184 ], [ -89.6738281, 80.5307617 ], [ -89.7978516, 80.5012695 ], [ -89.8618652, 80.4984375 ], [ -90.217627, 80.5482422 ], [ -90.5372559, 80.5759277 ], [ -90.6430176, 80.5937012 ], [ -90.6324707, 80.6416992 ], [ -90.6367188, 80.6553223 ], [ -90.6829102, 80.6876953 ], [ -91.0539063, 80.7776855 ], [ -91.2724609, 80.8500977 ], [ -91.7549805, 81.0493164 ], [ -91.8855469, 81.1328613 ], [ -91.9978516, 81.185498 ] ] ], [ [ [ -94.6161133, 76.9583496 ], [ -95.126416, 77.017334 ], [ -95.6382324, 77.0637695 ], [ -95.8495117, 77.0662109 ], [ -96.0612305, 77.0500488 ], [ -96.37729490000001, 77.0045898 ], [ -96.5500977, 76.9879395 ], [ -96.6851074, 76.9850098 ], [ -96.7583008, 76.9717773 ], [ -96.7698242, 76.9482422 ], [ -96.813525399999989, 76.9134766 ], [ -96.7711426, 76.888916 ], [ -96.6610352, 76.8551758 ], [ -96.4332031, 76.8106934 ], [ -96.4015625, 76.7972168 ], [ -96.4511719, 76.7740723 ], [ -96.5902832, 76.7630371 ], [ -96.6793945, 76.7657715 ], [ -96.8780273, 76.8027832 ], [ -96.8975586, 76.7734863 ], [ -96.897998, 76.7540039 ], [ -96.8807129, 76.7383301 ], [ -96.8456543, 76.726416 ], [ -96.6396973, 76.7029297 ], [ -95.9713379, 76.5696289 ], [ -95.8731934, 76.5664062 ], [ -95.6509766, 76.584668 ], [ -95.695703099999989, 76.5634277 ], [ -95.7888672, 76.537207 ], [ -96.0130859, 76.5133301 ], [ -96.0396973, 76.4867188 ], [ -95.9592773, 76.4459961 ], [ -95.8416504, 76.4161621 ], [ -95.4474121, 76.3630371 ], [ -95.273877, 76.2644043 ], [ -94.9966309, 76.2577148 ], [ -94.7367188, 76.2932617 ], [ -94.5853516, 76.297168 ], [ -94.3825684, 76.2823242 ], [ -93.8523437, 76.2696777 ], [ -93.6651855, 76.2731445 ], [ -93.6444336, 76.2885254 ], [ -93.5599609, 76.3114258 ], [ -93.3085938, 76.3596191 ], [ -93.1922852, 76.3660156 ], [ -93.091748, 76.3540039 ], [ -92.8833008, 76.2139648 ], [ -92.7088867, 76.1144531 ], [ -92.4737305, 75.9864746 ], [ -92.3065918, 75.9151367 ], [ -92.1851074, 75.84653320000001 ], [ -92.1418457, 75.7968262 ], [ -92.0991699, 75.7272949 ], [ -92.0688477, 75.6579102 ], [ -92.0807129, 75.6344727 ], [ -92.1104492, 75.6106445 ], [ -92.3306641, 75.4794434 ], [ -92.411084, 75.40625 ], [ -92.4279785, 75.3827148 ], [ -92.4270996, 75.3463867 ], [ -92.4083496, 75.297265600000017 ], [ -92.3892578, 75.2633301 ], [ -92.3474609, 75.2297852 ], [ -92.2068359, 75.18125 ], [ -92.0763184, 75.1235352 ], [ -92.060498, 75.1009766 ], [ -92.1652344, 75.0720215 ], [ -92.1741699, 75.0510742 ], [ -92.1025391, 74.9483887 ], [ -91.9615723, 74.7932129 ], [ -91.8710449, 74.7435059 ], [ -91.6657715, 74.6991699 ], [ -91.5491211, 74.6555664 ], [ -91.5083496, 74.6506836 ], [ -91.3394531, 74.6672363 ], [ -91.1677246, 74.6455078 ], [ -91.1345703, 74.6498535 ], [ -91.1637207, 74.7102539 ], [ -91.1298828, 74.7362793 ], [ -90.8802246, 74.8177734 ], [ -90.8776367, 74.801074200000016 ], [ -90.957519499999989, 74.745166 ], [ -90.9667969, 74.7150879 ], [ -90.784082, 74.6958984 ], [ -90.5532715, 74.6127441 ], [ -90.3616211, 74.6104492 ], [ -90.015332, 74.5608887 ], [ -89.8443848, 74.548584 ], [ -89.5586914, 74.5547363 ], [ -89.45, 74.5679199 ], [ -89.2618652, 74.6091797 ], [ -89.1958008, 74.6375488 ], [ -89.1890625, 74.6668457 ], [ -89.1968262, 74.6982422 ], [ -89.2191406, 74.7317871 ], [ -89.1919434, 74.744873 ], [ -89.1152832, 74.7375977 ], [ -89.0578613, 74.7472656 ], [ -89.019628900000015, 74.7740234 ], [ -88.9803711, 74.7880859 ], [ -88.9401367, 74.789502 ], [ -88.9078125, 74.7638184 ], [ -88.8833984, 74.711084 ], [ -88.8510742, 74.6899902 ], [ -88.777832, 74.7151855 ], [ -88.6820312, 74.802002 ], [ -88.5349609, 74.8317383 ], [ -88.4881836, 74.8289062 ], [ -88.4314453, 74.8037109 ], [ -88.3395508, 74.7848633 ], [ -88.374707, 74.7441406 ], [ -88.4766113, 74.6668945 ], [ -88.5376465, 74.6087891 ], [ -88.5578613, 74.56972660000001 ], [ -88.5556641, 74.5414551 ], [ -88.5007324, 74.5097168 ], [ -88.4230469, 74.4941406 ], [ -88.0058594, 74.4893555 ], [ -87.5925781, 74.4703613 ], [ -87.363769499999989, 74.5021973 ], [ -86.9947266, 74.4803223 ], [ -86.770166, 74.4786133 ], [ -86.6661133, 74.4891113 ], [ -86.7307617, 74.557031200000011 ], [ -86.6554199, 74.5554199 ], [ -86.3405762, 74.5134766 ], [ -86.2109375, 74.5355957 ], [ -86.1098633, 74.5397461 ], [ -85.9556152, 74.4987793 ], [ -85.8080078, 74.4989746 ], [ -85.5435059, 74.5347656 ], [ -85.5117188, 74.5451172 ], [ -85.4886719, 74.5669922 ], [ -85.4744141, 74.6003418 ], [ -85.442334, 74.6005859 ], [ -85.339257800000013, 74.5433105 ], [ -85.2143066, 74.5186523 ], [ -85.133447300000014, 74.5174316 ], [ -85.0867676, 74.5276855 ], [ -85.0614258, 74.6069336 ], [ -85.0115234, 74.6041992 ], [ -84.9163086, 74.5676758 ], [ -84.8182617, 74.5419922 ], [ -84.6670898, 74.5195801 ], [ -84.4255371, 74.5081055 ], [ -84.245166, 74.5151855 ], [ -83.868066399999989, 74.5644043 ], [ -83.621875, 74.565918 ], [ -83.5318848, 74.5856934 ], [ -83.412207, 74.6549805 ], [ -83.39370120000001, 74.670166 ], [ -83.3413086, 74.7645996 ], [ -83.364209, 74.8019043 ], [ -83.4873047, 74.8341309 ], [ -83.5097656, 74.8481934 ], [ -83.5435547, 74.8922852 ], [ -83.5220703, 74.9014648 ], [ -83.4070312, 74.8848145 ], [ -83.2203125, 74.828418 ], [ -83.1583008, 74.816748 ], [ -83.1026367, 74.8165527 ], [ -83.0873047, 74.7883789 ], [ -83.1123047, 74.7321289 ], [ -83.1169922, 74.6931152 ], [ -83.0576172, 74.6297852 ], [ -82.978418, 74.5834473 ], [ -82.9310547, 74.5655762 ], [ -82.735791, 74.5302734 ], [ -82.6454102, 74.5251953 ], [ -82.4147461, 74.5352051 ], [ -82.0685059, 74.4820801 ], [ -81.9401855, 74.4727051 ], [ -81.8088379, 74.4766113 ], [ -81.6071777, 74.5023438 ], [ -81.3404785, 74.5535156 ], [ -81.2262207, 74.5666504 ], [ -80.277734400000014, 74.5815918 ], [ -80.2627441, 74.5844727 ], [ -80.2206055, 74.6570313 ], [ -80.2102539, 74.7036133 ], [ -80.2126953, 74.7494629 ], [ -80.1922363, 74.7801758 ], [ -80.1489258, 74.7957031 ], [ -80.1897461, 74.8276855 ], [ -80.3145508, 74.8761719 ], [ -80.3477539, 74.9029785 ], [ -80.289209, 74.9083008 ], [ -80.2024414, 74.8948242 ], [ -79.944482400000012, 74.8336426 ], [ -79.507959, 74.880127 ], [ -79.401416, 74.917627 ], [ -79.4604004, 74.9587891 ], [ -79.5248047, 74.9896973 ], [ -79.6640625, 75.0208496 ], [ -79.7330078, 75.0214355 ], [ -80.036425799999989, 74.990918 ], [ -80.1352539, 74.9880859 ], [ -80.2606445, 75.0021484 ], [ -80.3819824, 75.0341797 ], [ -80.3575684, 75.0515625 ], [ -79.9771484, 75.1186035 ], [ -79.6344238, 75.1993164 ], [ -79.509082, 75.2598145 ], [ -79.5078125, 75.2953613 ], [ -79.5857422, 75.3848633 ], [ -79.6602051, 75.4495117 ], [ -79.7376953, 75.4614746 ], [ -80.0996094, 75.4674316 ], [ -80.2604492, 75.4794434 ], [ -80.2866211, 75.4903809 ], [ -80.1257324, 75.5421387 ], [ -80.1191895, 75.5620605 ], [ -80.1583496, 75.5811523 ], [ -80.3219727, 75.6291016 ], [ -80.5277344, 75.6421387 ], [ -81.0007812, 75.6431152 ], [ -81.1244141, 75.6581543 ], [ -81.173535199999989, 75.6692383 ], [ -81.192675799999989, 75.684375 ], [ -81.1507812, 75.7355469 ], [ -81.2685547, 75.7560059 ], [ -81.6473633, 75.7949219 ], [ -82.1536621, 75.8310547 ], [ -82.3538574, 75.8333496 ], [ -82.5534668, 75.8182617 ], [ -83.0934082, 75.7564453 ], [ -83.2371094, 75.7508301 ], [ -83.7445801, 75.8128418 ], [ -83.9319824, 75.8189453 ], [ -84.0142578, 75.7799316 ], [ -84.1276367, 75.7626465 ], [ -84.6048828, 75.6534668 ], [ -84.7501953, 75.6546875 ], [ -84.9867676, 75.6449219 ], [ -85.3723145, 75.5726074 ], [ -85.58125, 75.5797852 ], [ -85.972998, 75.5287109 ], [ -86.06875, 75.5022461 ], [ -85.904541, 75.4419434 ], [ -85.9514648, 75.3950195 ], [ -86.2363281, 75.4063477 ], [ -86.4365234, 75.4362793 ], [ -86.5447266, 75.4633789 ], [ -86.8144531, 75.4913574 ], [ -87.2569336, 75.6177246 ], [ -87.3646484, 75.5913086 ], [ -87.5391113, 75.4848633 ], [ -87.5724121, 75.4936523 ], [ -87.6436523, 75.5470703 ], [ -87.729736300000013, 75.5756348 ], [ -88.2013184, 75.5120117 ], [ -88.569043, 75.6451172 ], [ -88.6449707, 75.6584473 ], [ -88.7148926, 75.6586426 ], [ -88.7839355, 75.6474609 ], [ -88.8521484, 75.6249023 ], [ -88.8640625, 75.588623 ], [ -88.8196289, 75.5385742 ], [ -88.8041016, 75.5024902 ], [ -88.838916, 75.4634766 ], [ -88.868847699999989, 75.4519531 ], [ -88.9166992, 75.4539551 ], [ -89.2804199, 75.5641113 ], [ -89.3373047, 75.5723633 ], [ -89.6460449, 75.5650391 ], [ -89.6254395, 75.5837402 ], [ -89.3612305, 75.6458008 ], [ -89.2566406, 75.6984863 ], [ -89.204541, 75.7372559 ], [ -89.2048828, 75.7620117 ], [ -89.2775879, 75.7950684 ], [ -89.5112305, 75.8569336 ], [ -89.6500488, 75.8440918 ], [ -89.695312500000014, 75.8536133 ], [ -89.7934082, 75.9248535 ], [ -89.9125488, 75.9663086 ], [ -90.0327637, 75.9708984 ], [ -90.1760254, 76.0302734 ], [ -90.2513672, 76.0534668 ], [ -90.7121094, 76.0761719 ], [ -90.8023926, 76.105957 ], [ -91.0197754, 76.1415527 ], [ -91.2794434, 76.1599121 ], [ -91.4073242, 76.2200684 ], [ -91.2604004, 76.2299805 ], [ -90.8273438, 76.1855957 ], [ -90.3120605, 76.1580078 ], [ -89.4065918, 76.1891602 ], [ -89.2920898, 76.2177246 ], [ -89.2365234, 76.2390137 ], [ -89.2190918, 76.2582031 ], [ -89.2845215, 76.3016113 ], [ -90.8547852, 76.4373047 ], [ -91.3338867, 76.446484400000017 ], [ -91.415087899999989, 76.4558594 ], [ -91.4432617, 76.4985352 ], [ -91.3980957, 76.5097656 ], [ -91.3359863, 76.5105957 ], [ -91.2630371, 76.5002441 ], [ -90.8640625, 76.4835938 ], [ -90.6216309, 76.4646973 ], [ -90.542627, 76.495752 ], [ -90.5546387, 76.5157715 ], [ -90.6047852, 76.5429688 ], [ -90.7384277, 76.5813477 ], [ -91.1242676, 76.6619141 ], [ -91.3050293, 76.6807617 ], [ -91.5484375, 76.6851074 ], [ -91.7894531, 76.6757812 ], [ -92.2970215, 76.6160156 ], [ -92.716259799999989, 76.6029785 ], [ -92.9953613, 76.6204102 ], [ -93.421875, 76.4741211 ], [ -93.5345703, 76.4477051 ], [ -93.4845703, 76.492041 ], [ -93.4262695, 76.5271484 ], [ -93.316748, 76.5736816 ], [ -93.2636719, 76.6264648 ], [ -93.2005859, 76.6690918 ], [ -93.1899902, 76.686377 ], [ -93.1892578, 76.7080078 ], [ -93.2118652, 76.7546875 ], [ -93.2300293, 76.7702637 ], [ -93.2765625, 76.7843262 ], [ -93.420752, 76.812207 ], [ -93.6083984, 76.8738281 ], [ -93.8109375, 76.9141602 ], [ -93.9480469, 76.9170898 ], [ -94.107959, 76.9037598 ], [ -94.2949707, 76.9124512 ], [ -94.6161133, 76.9583496 ] ] ], [ [ [ -96.2564941, 78.551123 ], [ -96.242627, 78.5731934 ], [ -96.2652832, 78.5953613 ], [ -96.4753418, 78.6651855 ], [ -96.5870605, 78.6871094 ], [ -96.935791, 78.7202637 ], [ -97.1693359, 78.757666 ], [ -97.3823242, 78.7829102 ], [ -97.59589840000001, 78.7958008 ], [ -98.0428711, 78.8052246 ], [ -98.212109399999989, 78.804541 ], [ -98.3326172, 78.7735352 ], [ -98.3408203, 78.7512207 ], [ -98.2898926, 78.6923828 ], [ -98.0959961, 78.5866699 ], [ -98.0603516, 78.5583496 ], [ -98.315625, 78.5174805 ], [ -98.3237305, 78.4981445 ], [ -98.317334, 78.4768555 ], [ -98.2756836, 78.4378906 ], [ -98.2549316, 78.429248 ], [ -98.1143066, 78.4030273 ], [ -98.0692871, 78.3863281 ], [ -98.0495117, 78.3259277 ], [ -97.8427246, 78.262353500000017 ], [ -97.819043, 78.2306152 ], [ -97.3230469, 78.2032227 ], [ -97.0273438, 78.157421900000017 ], [ -96.9446777, 78.1518555 ], [ -96.9583496, 78.1390137 ], [ -97.040918, 78.1169434 ], [ -97.2266113, 78.1032227 ], [ -97.6581543, 78.090625 ], [ -97.6483887, 78.0716309 ], [ -97.620849600000014, 78.0502441 ], [ -97.4266602, 77.9822754 ], [ -97.0933105, 77.9334961 ], [ -97.0190918, 77.9081055 ], [ -97.0519531, 77.880957 ], [ -97.0638184, 77.859082 ], [ -97.0404785, 77.8274414 ], [ -96.9896484, 77.8060059 ], [ -96.8339844, 77.81191410000001 ], [ -96.6030273, 77.8493164 ], [ -96.4768555, 77.872168 ], [ -96.0115723, 77.8874023 ], [ -95.6708008, 77.9244629 ], [ -95.4515625, 77.9632324 ], [ -95.3705078, 77.9708008 ], [ -95.1991211, 77.9681641 ], [ -95.0870117, 77.992627 ], [ -94.9342773, 78.0756348 ], [ -94.9360352, 78.1063965 ], [ -94.987793, 78.1362793 ], [ -95.1027344, 78.1780762 ], [ -95.329248, 78.2250488 ], [ -95.2678711, 78.2626465 ], [ -95.0138672, 78.3125977 ], [ -94.8871582, 78.3452148 ], [ -94.8877441, 78.360498 ], [ -94.9153809, 78.3905273 ], [ -95.0312012, 78.4302734 ], [ -95.4129395, 78.4975586 ], [ -95.56113280000001, 78.516601600000016 ], [ -95.968457, 78.505127 ], [ -96.2044922, 78.5312988 ], [ -96.2564941, 78.551123 ] ] ], [ [ [ -93.4103027, 74.1787598 ], [ -93.5492188, 74.1671387 ], [ -93.7846191, 74.1183594 ], [ -93.9388184, 74.1315918 ], [ -94.4825684, 74.1131348 ], [ -94.7289551, 74.085986300000016 ], [ -94.9735352, 74.0414062 ], [ -95.0398437, 74.023877 ], [ -95.1211914, 73.9850586 ], [ -95.1447754, 73.9603027 ], [ -95.1525879, 73.9327637 ], [ -95.1490234, 73.9063965 ], [ -95.1341309, 73.88125 ], [ -95.0594727, 73.8050781 ], [ -94.8969238, 73.7160156 ], [ -94.797168, 73.686084 ], [ -94.6910156, 73.6714355 ], [ -94.6976074, 73.6635742 ], [ -94.8168457, 73.6625488 ], [ -94.9961426, 73.6857422 ], [ -95.3859863, 73.755127 ], [ -95.4474121, 73.7516602 ], [ -95.5694336, 73.7281738 ], [ -95.6329102, 73.695459 ], [ -95.6452637, 73.6708008 ], [ -95.647998, 73.6385254 ], [ -95.6442383, 73.5574707 ], [ -95.6041016, 73.3277344 ], [ -95.5892578, 73.1741699 ], [ -95.5916016, 73.1152832 ], [ -95.612207, 72.9990723 ], [ -95.6131836, 72.9416016 ], [ -95.6021484, 72.8844727 ], [ -95.5803223, 72.8311523 ], [ -95.5476074, 72.781543 ], [ -95.251025399999989, 72.5019531 ], [ -95.192675799999989, 72.3447754 ], [ -95.1667969, 72.1800293 ], [ -95.1929687, 72.0274414 ], [ -95.0078613, 72.012793 ], [ -94.6112305, 72.042334 ], [ -94.497168, 72.0436035 ], [ -94.14375, 72.0008301 ], [ -94.0375488, 72.0287598 ], [ -93.972558600000013, 72.1299805 ], [ -93.8706055, 72.2526367 ], [ -93.555175800000015, 72.4211426 ], [ -93.5416016, 72.4370117 ], [ -93.5339355, 72.4994629 ], [ -93.5464844, 72.5312988 ], [ -93.5722656, 72.5586426 ], [ -93.7705566, 72.6682129 ], [ -93.9200195, 72.7033691 ], [ -94.151709, 72.7356445 ], [ -94.211328099999989, 72.7569336 ], [ -93.5786621, 72.8005371 ], [ -93.340625, 72.801855500000016 ], [ -92.3919434, 72.718457 ], [ -92.2349121, 72.7268066 ], [ -92.1179199, 72.7538086 ], [ -91.9053223, 72.8493164 ], [ -91.7883301, 72.9153809 ], [ -91.6209961, 73.0258789 ], [ -91.4596191, 73.1453613 ], [ -91.4259277, 73.194873 ], [ -91.4660156, 73.214209 ], [ -91.5537109, 73.236084 ], [ -91.2978027, 73.2849121 ], [ -91.2493164, 73.3040039 ], [ -91.067627, 73.4155273 ], [ -91.0019531, 73.4670898 ], [ -90.9754883, 73.5022949 ], [ -90.9336914, 73.5276855 ], [ -90.7645508, 73.5806152 ], [ -90.5655762, 73.6864258 ], [ -90.4661621, 73.7538574 ], [ -90.3813965, 73.8247559 ], [ -90.3545898, 73.8686523 ], [ -90.4580078, 73.9083984 ], [ -90.6274414, 73.951709 ], [ -91.0879883, 74.0092773 ], [ -91.6304199, 74.0277832 ], [ -91.8741699, 74.012793 ], [ -92.2227051, 73.9723633 ], [ -92.3138672, 73.9923828 ], [ -92.4928223, 74.0620605 ], [ -92.586816399999989, 74.0827148 ], [ -92.7780273, 74.1137207 ], [ -93.170849600000011, 74.1609863 ], [ -93.4103027, 74.1787598 ] ] ], [ [ [ -97.4694336, 69.6667969 ], [ -97.460156200000014, 69.6827148 ], [ -97.3856934, 69.7002441 ], [ -97.382568400000011, 69.7124023 ], [ -97.411377, 69.7384766 ], [ -97.6043457, 69.8021973 ], [ -97.6912109, 69.8412598 ], [ -97.790722699999989, 69.8616211 ], [ -97.8889648, 69.858252 ], [ -98.0807617, 69.8330566 ], [ -98.200488299999989, 69.7969727 ], [ -98.2386719, 69.7800293 ], [ -98.2682129, 69.7544434 ], [ -98.3012207, 69.6916992 ], [ -98.3044922, 69.6692871 ], [ -98.2888184, 69.6290039 ], [ -98.1629883, 69.512207 ], [ -98.0413574, 69.4566406 ], [ -98.1557617, 69.4688477 ], [ -98.2223145, 69.484521500000014 ], [ -98.3893555, 69.5650391 ], [ -98.47583010000001, 69.5790527 ], [ -98.5459961, 69.5729004 ], [ -98.5482422, 69.5449707 ], [ -98.534375, 69.5274414 ], [ -98.494873, 69.4993652 ], [ -98.4483887, 69.479541 ], [ -98.536718799999989, 69.4780273 ], [ -98.5585449, 69.4614258 ], [ -98.5353516, 69.4263184 ], [ -98.4666016, 69.375 ], [ -98.4503906, 69.3540527 ], [ -98.455957, 69.334668 ], [ -98.5035156, 69.308300800000012 ], [ -98.7236328, 69.2191406 ], [ -98.912207, 69.1675781 ], [ -99.0854492, 69.1497559 ], [ -99.4557129, 69.1312012 ], [ -99.5132812, 69.0996094 ], [ -99.557373, 69.0542969 ], [ -99.5640625, 69.0341309 ], [ -99.4946777, 68.9595703 ], [ -99.4408691, 68.9176758 ], [ -99.3179687, 68.8762695 ], [ -99.2540039, 68.8631836 ], [ -99.090625, 68.8633301 ], [ -99.0733887, 68.8765625 ], [ -99.0938477, 68.898877 ], [ -99.057373, 68.9176758 ], [ -98.96401370000001, 68.9328613 ], [ -98.9044922, 68.9324219 ], [ -98.8788574, 68.9164551 ], [ -98.8637207, 68.8937988 ], [ -98.8591309, 68.8643555 ], [ -98.8296387, 68.838623 ], [ -98.7752441, 68.816748 ], [ -98.7038086, 68.8027832 ], [ -98.5396484, 68.7982422 ], [ -98.4318359, 68.8183594 ], [ -98.3755859, 68.8416992 ], [ -98.320556599999989, 68.8427246 ], [ -98.2960449, 68.8307617 ], [ -98.2801758, 68.8071777 ], [ -98.2730469, 68.771875 ], [ -98.257959, 68.7492676 ], [ -98.2350586, 68.7393555 ], [ -97.8853516, 68.6724609 ], [ -97.704785199999989, 68.6259277 ], [ -97.4720215, 68.5437012 ], [ -97.2636719, 68.5277344 ], [ -97.0083984, 68.5386719 ], [ -96.5988281, 68.4608398 ], [ -96.4015625, 68.4707031 ], [ -96.267627, 68.5079102 ], [ -96.0240234, 68.6072754 ], [ -95.8946289, 68.6272461 ], [ -95.8021484, 68.6864746 ], [ -95.6856445, 68.7358398 ], [ -95.614209, 68.7450195 ], [ -95.4655762, 68.7472656 ], [ -95.3594727, 68.7783691 ], [ -95.295166, 68.8050293 ], [ -95.2677734, 68.8260742 ], [ -95.3195312, 68.8731934 ], [ -95.3741699, 68.8921387 ], [ -95.4375488, 68.8806152 ], [ -95.585498, 68.8351074 ], [ -95.7513672, 68.8976562 ], [ -95.8548828, 68.9535645 ], [ -95.9513672, 69.0237305 ], [ -96.06098630000001, 69.1254395 ], [ -96.183740200000017, 69.258691400000018 ], [ -96.2999512, 69.3443848 ], [ -96.6945312, 69.4710938 ], [ -96.8751953, 69.5100098 ], [ -96.989062499999989, 69.5536133 ], [ -97.0963379, 69.6149902 ], [ -97.236084, 69.6734863 ], [ -97.2784668, 69.6796387 ], [ -97.3057617, 69.6734863 ], [ -97.350683600000011, 69.6408691 ], [ -97.4086426, 69.6307617 ], [ -97.4394531, 69.6426758 ], [ -97.4694336, 69.6667969 ] ] ], [ [ [ -60.912207, 46.0445801 ], [ -60.8305664, 46.0741211 ], [ -60.7448242, 46.0926758 ], [ -60.5768555, 46.172168 ], [ -60.5344238, 46.2145508 ], [ -60.4945312, 46.2702637 ], [ -60.507714799999988, 46.3033691 ], [ -60.4824219, 46.4135254 ], [ -60.384082, 46.6133301 ], [ -60.3329102, 46.737011699999989 ], [ -60.3317383, 46.7678223 ], [ -60.4254395, 46.9231934 ], [ -60.4313477, 46.9629395 ], [ -60.4082031, 47.0035156 ], [ -60.4890625, 47.0097168 ], [ -60.5710449, 46.9988281 ], [ -60.6166504, 46.9757812 ], [ -60.759668, 46.8633789 ], [ -60.870166, 46.7967773 ], [ -60.9319824, 46.7294434 ], [ -60.9825195, 46.6504883 ], [ -61.2405273, 46.3025391 ], [ -61.3021973, 46.2438477 ], [ -61.4086426, 46.1703613 ], [ -61.4806152, 46.0597656 ], [ -61.4953125, 45.9414551 ], [ -61.4498047, 45.7162109 ], [ -61.4083496, 45.6690918 ], [ -61.3234375, 45.5984863 ], [ -61.2836914, 45.573877 ], [ -61.236328099999987, 45.5725098 ], [ -61.1864258, 45.5850098 ], [ -61.0836914, 45.582373 ], [ -60.9786133, 45.6061523 ], [ -60.871582, 45.6106934 ], [ -60.7637207, 45.5908203 ], [ -60.6729492, 45.5908203 ], [ -60.386084, 45.6546387 ], [ -60.2050781, 45.7430176 ], [ -60.1144531, 45.8188965 ], [ -60.0158203, 45.8804688 ], [ -59.8421875, 45.9415527 ], [ -59.8280273, 45.9651367 ], [ -59.9340332, 46.0194336 ], [ -59.8809082, 46.0616211 ], [ -59.8487793, 46.1129395 ], [ -59.85, 46.1414062 ], [ -59.8650391, 46.1595215 ], [ -59.9614258, 46.1909668 ], [ -60.0924805, 46.2060059 ], [ -60.2264648, 46.1955566 ], [ -60.2438477, 46.2701172 ], [ -60.2979492, 46.3112305 ], [ -60.3765137, 46.2845703 ], [ -60.4308594, 46.2556152 ], [ -60.5049316, 46.2038574 ], [ -60.5857422, 46.1166504 ], [ -60.5731934, 46.0614258 ], [ -60.7333008, 45.9565918 ], [ -60.7048828, 45.932910199999988 ], [ -60.4605957, 45.9687012 ], [ -60.4723633, 45.9465332 ], [ -60.6990723, 45.7733398 ], [ -60.7378906, 45.751416 ], [ -60.8061035, 45.7380859 ], [ -60.8775879, 45.7480957 ], [ -60.930371099999988, 45.7477051 ], [ -61.0590332, 45.7033691 ], [ -61.0920898, 45.7483887 ], [ -61.0519531, 45.7950195 ], [ -60.9715332, 45.8379883 ], [ -60.9706055, 45.8558105 ], [ -61.0375488, 45.8822266 ], [ -60.9842773, 45.9106934 ], [ -60.8684082, 45.9486328 ], [ -60.8652344, 45.9834961 ], [ -60.9365723, 45.9855469 ], [ -61.0713379, 45.9371094 ], [ -61.1051758, 45.9447266 ], [ -60.912207, 46.0445801 ] ] ], [ [ [ -67.084082, 45.1439453 ], [ -66.9765625, 45.1571777 ], [ -66.9187012, 45.1456055 ], [ -66.9082031, 45.0976562 ], [ -66.8724609, 45.0672852 ], [ -66.7071777, 45.0833984 ], [ -66.5109375, 45.1433594 ], [ -66.4398438, 45.0958984 ], [ -66.3519531, 45.1332031 ], [ -66.2515625, 45.1890137 ], [ -66.14375, 45.2275879 ], [ -66.1073242, 45.2569336 ], [ -66.1827148, 45.3352051 ], [ -66.0897461, 45.3756348 ], [ -66.0648926, 45.4008301 ], [ -66.0265625, 45.4175781 ], [ -66.0666504, 45.3594727 ], [ -66.1097656, 45.3166016 ], [ -65.955615200000011, 45.2224609 ], [ -65.8844727, 45.2229004 ], [ -65.5450195, 45.3373047 ], [ -65.2823242, 45.4730957 ], [ -65.0572754, 45.5442383 ], [ -64.8979004, 45.6259766 ], [ -64.7785156, 45.6384277 ], [ -64.5936523, 45.8136719 ], [ -64.642041, 45.9133301 ], [ -64.6327148, 45.9466309 ], [ -64.5363281, 45.8666016 ], [ -64.4822266, 45.8063477 ], [ -64.4040527, 45.8269043 ], [ -64.3146484, 45.8356934 ], [ -64.351123, 45.7832031 ], [ -64.3970703, 45.7558594 ], [ -64.5600586, 45.6254883 ], [ -64.8273926, 45.4755371 ], [ -64.9128906, 45.3748047 ], [ -64.8731445, 45.3545898 ], [ -64.8319336, 45.3502441 ], [ -64.7466797, 45.3243652 ], [ -64.6811035, 45.382959 ], [ -64.60019530000001, 45.4100586 ], [ -64.3364258, 45.3895508 ], [ -64.0871582, 45.4108887 ], [ -63.906445299999987, 45.3781738 ], [ -63.6144531, 45.3941406 ], [ -63.3680176, 45.3647949 ], [ -63.4602539, 45.3210938 ], [ -63.7483398, 45.3108887 ], [ -64.0931641, 45.2170898 ], [ -64.1827148, 45.1470215 ], [ -64.135498, 45.0230469 ], [ -64.2350098, 45.1143066 ], [ -64.354248, 45.1382324 ], [ -64.3657227, 45.1872559 ], [ -64.3588379, 45.2382324 ], [ -64.3404297, 45.2682129 ], [ -64.3307617, 45.3093262 ], [ -64.4481445, 45.3374512 ], [ -64.4068848, 45.3057129 ], [ -64.4488281, 45.2560547 ], [ -64.7512695, 45.1802246 ], [ -64.9029297, 45.1208008 ], [ -65.6567383, 44.7603027 ], [ -65.692041, 44.7382812 ], [ -65.728222700000018, 44.6971191 ], [ -65.5871582, 44.7285156 ], [ -65.5022461, 44.7604004 ], [ -65.5200195, 44.732666 ], [ -65.6157715, 44.6804199 ], [ -65.6818359, 44.6509277 ], [ -65.7776855, 44.6461914 ], [ -65.917041, 44.6150879 ], [ -66.0216797, 44.5617187 ], [ -66.090625, 44.5049316 ], [ -66.125293, 44.4697266 ], [ -66.1463867, 44.4359375 ], [ -65.9419434, 44.5755371 ], [ -65.8680176, 44.5687988 ], [ -66.09956050000001, 44.3674805 ], [ -66.1930664, 44.1438477 ], [ -66.192529300000018, 44.0796875 ], [ -66.1257324, 43.8138184 ], [ -66.0376465, 43.7421875 ], [ -66.0021484, 43.778125 ], [ -65.978418, 43.8148437 ], [ -65.8869141, 43.7952148 ], [ -65.8353027, 43.734375 ], [ -65.7381348, 43.5607422 ], [ -65.6619141, 43.5340332 ], [ -65.5644531, 43.5532715 ], [ -65.4816895, 43.5180664 ], [ -65.4504395, 43.5242187 ], [ -65.4285156, 43.5614258 ], [ -65.386084, 43.565283199999989 ], [ -65.3442871, 43.5496094 ], [ -65.3295898, 43.6681152 ], [ -65.2349121, 43.7267578 ], [ -65.1720703, 43.7313965 ], [ -65.0868164, 43.7271973 ], [ -64.8623535, 43.8678711 ], [ -64.8256348, 43.9293457 ], [ -64.6916016, 44.0213379 ], [ -64.5784668, 44.142041 ], [ -64.4687988, 44.1851562 ], [ -64.3782227, 44.3035645 ], [ -64.3345703, 44.2919922 ], [ -64.2756836, 44.334082 ], [ -64.3122559, 44.4147461 ], [ -64.3385254, 44.444873 ], [ -64.286084, 44.5503418 ], [ -64.1669922, 44.5866699 ], [ -64.1008789, 44.4874512 ], [ -64.0446289, 44.5454102 ], [ -64.0449219, 44.5878906 ], [ -63.999707, 44.6449219 ], [ -63.9236816, 44.6038574 ], [ -63.8913086, 44.5463379 ], [ -63.8206543, 44.5106445 ], [ -63.7611328, 44.4864258 ], [ -63.6097656, 44.4799805 ], [ -63.5676758, 44.5144531 ], [ -63.5448242, 44.54375 ], [ -63.558252, 44.6105957 ], [ -63.6040039, 44.6832031 ], [ -63.5443359, 44.6550781 ], [ -63.4568359, 44.6399414 ], [ -63.3808105, 44.6519043 ], [ -63.3062988, 44.6425781 ], [ -63.1557129, 44.7113281 ], [ -63.089209, 44.7085449 ], [ -63.0318359, 44.7147949 ], [ -62.7680664, 44.7851074 ], [ -62.5140137, 44.843652299999988 ], [ -62.2649902, 44.9364746 ], [ -62.0268066, 44.9944824 ], [ -61.7938965, 45.0844238 ], [ -61.7192383, 45.0944824 ], [ -61.6474121, 45.1305176 ], [ -61.56875, 45.1538086 ], [ -61.4979004, 45.1570312 ], [ -61.3872559, 45.1850586 ], [ -61.2837891, 45.235498 ], [ -61.165332, 45.2561035 ], [ -61.1010742, 45.2334473 ], [ -61.0676758, 45.252832 ], [ -61.031543, 45.291748 ], [ -61.0708008, 45.3301758 ], [ -61.1067383, 45.3486328 ], [ -61.4609863, 45.3666992 ], [ -61.376123, 45.4105957 ], [ -61.2819824, 45.4410645 ], [ -61.2770508, 45.4760254 ], [ -61.350488299999988, 45.5736816 ], [ -61.4276367, 45.648291 ], [ -61.4922852, 45.6870117 ], [ -61.6568848, 45.6421875 ], [ -61.7765137, 45.6556152 ], [ -61.8772461, 45.714209 ], [ -61.9116211, 45.7991211 ], [ -61.923584, 45.8511719 ], [ -61.9555176, 45.8681641 ], [ -62.2177246, 45.7308594 ], [ -62.421875, 45.6646484 ], [ -62.4472656, 45.640527299999988 ], [ -62.4830566, 45.6218262 ], [ -62.5856445, 45.6606934 ], [ -62.7500977, 45.6482422 ], [ -62.7183594, 45.6859863 ], [ -62.7006836, 45.7405762 ], [ -62.910791, 45.7763672 ], [ -63.1079102, 45.7824219 ], [ -63.2168945, 45.757959 ], [ -63.2927734, 45.7519531 ], [ -63.315918, 45.779882799999989 ], [ -63.3580078, 45.8112793 ], [ -63.5092285, 45.874707 ], [ -63.5676758, 45.8779297 ], [ -63.7028809, 45.8580078 ], [ -63.874707, 45.9592285 ], [ -64.0563965, 46.0213379 ], [ -63.8319336, 46.1071777 ], [ -63.8726562, 46.1461914 ], [ -63.915918, 46.1658203 ], [ -64.1450195, 46.1928711 ], [ -64.2118164, 46.2202148 ], [ -64.5415039, 46.240332 ], [ -64.5568359, 46.3114258 ], [ -64.6478516, 46.355957 ], [ -64.6413574, 46.4255859 ], [ -64.689502, 46.5123047 ], [ -64.7258789, 46.6714355 ], [ -64.8166992, 46.6986816 ], [ -64.8825195, 46.8228516 ], [ -64.9057617, 46.8879395 ], [ -64.8658691, 46.9578125 ], [ -64.8313965, 47.060791 ], [ -64.9424316, 47.0861816 ], [ -65.0423828, 47.0888184 ], [ -65.1920898, 47.0495605 ], [ -65.2602051, 47.0692383 ], [ -65.3188965, 47.1012207 ], [ -65.0861328, 47.233789099999989 ], [ -64.912207, 47.3686523 ], [ -64.8521484, 47.569873 ], [ -64.7663086, 47.6734863 ], [ -64.7032227, 47.7248535 ], [ -64.8739746, 47.7972168 ], [ -65.0463867, 47.7930176 ], [ -65.0016602, 47.846826199999988 ], [ -65.2281738, 47.8112793 ], [ -65.3439453, 47.7679199 ], [ -65.4834961, 47.6870117 ], [ -65.6072266, 47.6700195 ], [ -65.6664551, 47.6961426 ], [ -65.7557129, 47.8597656 ], [ -65.8494141, 47.9110352 ], [ -66.2102051, 47.9885742 ], [ -66.3596191, 48.0606445 ], [ -66.4288086, 48.0669434 ], [ -66.631543, 48.011084 ], [ -66.7043945, 48.0224609 ], [ -66.4489746, 48.1196289 ], [ -66.3242676, 48.0979004 ], [ -66.2486328, 48.117334 ], [ -66.0831055, 48.1026855 ], [ -66.0125488, 48.1466797 ], [ -65.926709, 48.1888672 ], [ -65.7546875, 48.1116699 ], [ -65.4758789, 48.0314941 ], [ -65.3600098, 48.0111328 ], [ -65.2594238, 48.0212402 ], [ -65.036084, 48.10625 ], [ -64.9599121, 48.1598633 ], [ -64.8220703, 48.1964844 ], [ -64.764502, 48.2280762 ], [ -64.7057617, 48.3105957 ], [ -64.6331543, 48.360498 ], [ -64.3488281, 48.4231934 ], [ -64.2537598, 48.5503906 ], [ -64.2460938, 48.6911133 ], [ -64.4145508, 48.8036133 ], [ -64.5137207, 48.8411133 ], [ -64.370752, 48.8389648 ], [ -64.2087891, 48.8062012 ], [ -64.2162109, 48.8736328 ], [ -64.2618164, 48.921875 ], [ -64.5677246, 49.104785199999988 ], [ -64.8363281, 49.191748 ], [ -65.3961426, 49.2620605 ], [ -65.5233887, 49.2661621 ], [ -65.8828125, 49.2256836 ], [ -66.17817380000001, 49.2131348 ], [ -66.5980957, 49.1263672 ], [ -67.1174805, 48.9641602 ], [ -67.5608887, 48.855957 ], [ -67.8890137, 48.7309082 ], [ -68.2381836, 48.626416 ], [ -68.4314941, 48.5416992 ], [ -68.552002, 48.4573242 ], [ -68.7460449, 48.376416 ], [ -68.8156738, 48.3660156 ], [ -68.9870605, 48.275 ], [ -69.3063477, 48.0470215 ], [ -69.4710449, 47.9672852 ], [ -69.5810547, 47.8236816 ], [ -69.8022461, 47.6234375 ], [ -70.0171387, 47.4714355 ], [ -70.0695801, 47.3777832 ], [ -70.2177734, 47.2898437 ], [ -70.3880859, 47.1169434 ], [ -70.5194824, 47.0325195 ], [ -70.9932617, 46.8521973 ], [ -71.152002, 46.8190918 ], [ -71.261181600000015, 46.75625 ], [ -71.439209, 46.720752 ], [ -71.6712891, 46.6537598 ], [ -71.9009277, 46.6319336 ], [ -72.1092773, 46.5512207 ], [ -72.187207, 46.5115234 ], [ -72.2401367, 46.4420898 ], [ -72.3661621, 46.4047852 ], [ -72.4961914, 46.3526855 ], [ -72.7334473, 46.1818359 ], [ -72.9899414, 46.1036133 ], [ -73.1595703, 46.0100586 ], [ -73.2530273, 45.8636719 ], [ -73.3688477, 45.7578125 ], [ -73.4652832, 45.6323242 ], [ -73.4841797, 45.5867676 ], [ -73.5187988, 45.4589844 ], [ -73.5581055, 45.4250977 ], [ -73.7646484, 45.395459 ], [ -74.0498047, 45.2414062 ], [ -74.269043, 45.1882812 ], [ -74.5663086, 45.0416016 ], [ -74.7088867, 45.0038574 ], [ -74.6632324, 45.0039062 ], [ -74.4303711, 45.0041992 ], [ -74.0142578, 45.0046875 ], [ -73.5981445, 45.0051758 ], [ -73.1820312, 45.0056152 ], [ -72.765918, 45.0061035 ], [ -72.3497559, 45.0065918 ], [ -71.9336426, 45.0070801 ], [ -71.5175293, 45.0075684 ], [ -71.419043, 45.2003418 ], [ -71.3272949, 45.2900879 ], [ -71.2016113, 45.2603516 ], [ -71.134668, 45.2628418 ], [ -71.0602539, 45.3091309 ], [ -70.9999023, 45.3372559 ], [ -70.9601562, 45.3331055 ], [ -70.9262207, 45.2907227 ], [ -70.897998, 45.2624512 ], [ -70.8650391, 45.2707031 ], [ -70.8368164, 45.3106934 ], [ -70.837793, 45.3661621 ], [ -70.7991699, 45.4047852 ], [ -70.7533203, 45.4106934 ], [ -70.7109375, 45.4094727 ], [ -70.6897949, 45.4283203 ], [ -70.6921387, 45.4553711 ], [ -70.7074219, 45.4989258 ], [ -70.7022461, 45.5513672 ], [ -70.5963867, 45.6439941 ], [ -70.4666016, 45.7068359 ], [ -70.4210938, 45.7382324 ], [ -70.4078613, 45.8019043 ], [ -70.3334473, 45.8680664 ], [ -70.2962402, 45.9061035 ], [ -70.2871582, 45.9391602 ], [ -70.3064453, 45.979834 ], [ -70.3044922, 46.057373 ], [ -70.2789062, 46.15 ], [ -70.248291, 46.2508789 ], [ -70.1796875, 46.3418457 ], [ -70.0671875, 46.4410645 ], [ -70.0382324, 46.5714355 ], [ -70.0077148, 46.7089355 ], [ -69.8717285, 46.8429199 ], [ -69.7175293, 46.994873 ], [ -69.6297852, 47.0813477 ], [ -69.4714844, 47.2386719 ], [ -69.3588867, 47.3506348 ], [ -69.3021484, 47.402002 ], [ -69.2428711, 47.4629883 ], [ -69.1462891, 47.4447754 ], [ -69.0501953, 47.4266113 ], [ -69.0642578, 47.3381348 ], [ -69.048584, 47.2736328 ], [ -69.003125, 47.2364258 ], [ -68.937207, 47.2112305 ], [ -68.8874023, 47.202832 ], [ -68.8287109, 47.2033203 ], [ -68.6685547, 47.2534668 ], [ -68.4803711, 47.285791 ], [ -68.3769043, 47.3161621 ], [ -68.3580078, 47.3445312 ], [ -68.3108887, 47.3544922 ], [ -68.235498, 47.3459473 ], [ -68.0967773, 47.2748535 ], [ -67.9348633, 47.167627 ], [ -67.8067871, 47.0828125 ], [ -67.802832, 46.9357422 ], [ -67.8003418, 46.7798828 ], [ -67.7977051, 46.615625 ], [ -67.7958008, 46.4983887 ], [ -67.7925293, 46.3374023 ], [ -67.7899414, 46.2093262 ], [ -67.7864746, 46.0421387 ], [ -67.784668, 45.9527832 ], [ -67.767041, 45.927002 ], [ -67.7776367, 45.8917969 ], [ -67.7822754, 45.8741699 ], [ -67.7811523, 45.8601562 ], [ -67.7741211, 45.8425293 ], [ -67.775293, 45.8178711 ], [ -67.7916992, 45.7955566 ], [ -67.799902300000014, 45.7697754 ], [ -67.8022461, 45.7275391 ], [ -67.784668, 45.701709 ], [ -67.7553223, 45.6864746 ], [ -67.7306641, 45.6864746 ], [ -67.6989746, 45.6711914 ], [ -67.6579102, 45.6441895 ], [ -67.595752, 45.620752 ], [ -67.5312012, 45.6125488 ], [ -67.4866211, 45.6184082 ], [ -67.432666, 45.603125 ], [ -67.4138672, 45.5655762 ], [ -67.4244141, 45.5304199 ], [ -67.4549316, 45.5139648 ], [ -67.487793, 45.5010254 ], [ -67.4936523, 45.4740723 ], [ -67.4772461, 45.4458984 ], [ -67.4537598, 45.4212402 ], [ -67.4279297, 45.3779297 ], [ -67.4385254, 45.3403809 ], [ -67.4619629, 45.3086914 ], [ -67.4725586, 45.2758789 ], [ -67.4525879, 45.2476562 ], [ -67.3998047, 45.2101562 ], [ -67.3669434, 45.1737793 ], [ -67.3152832, 45.1538086 ], [ -67.2906738, 45.1679199 ], [ -67.2707031, 45.1867187 ], [ -67.2496094, 45.2007812 ], [ -67.21323240000001, 45.1925293 ], [ -67.1709961, 45.1819824 ], [ -67.1248535, 45.1694336 ], [ -67.084082, 45.1439453 ] ] ], [ [ [ -55.4532227, 51.5623047 ], [ -55.4964355, 51.5898438 ], [ -55.5216309, 51.5963867 ], [ -55.6664062, 51.5789062 ], [ -55.7006348, 51.5594238 ], [ -55.6595703, 51.5110352 ], [ -55.6904297, 51.4713379 ], [ -55.8658203, 51.5083008 ], [ -55.9020996, 51.563916 ], [ -56.0255859, 51.5683594 ], [ -56.207373, 51.488623 ], [ -56.5179688, 51.3993164 ], [ -56.619043, 51.3624512 ], [ -56.6824219, 51.3327637 ], [ -56.7501953, 51.2749023 ], [ -56.8054687, 51.1444824 ], [ -56.8251465, 51.1257324 ], [ -56.9763672, 51.0279785 ], [ -57.0359375, 51.0108398 ], [ -57.0373047, 50.9956543 ], [ -57.0127441, 50.9677246 ], [ -57.0056641, 50.9396484 ], [ -57.0532715, 50.8573242 ], [ -57.1316406, 50.7874023 ], [ -57.2421387, 50.7449219 ], [ -57.2749023, 50.725293 ], [ -57.297998, 50.6987305 ], [ -57.2944336, 50.6733887 ], [ -57.2641602, 50.6493652 ], [ -57.1795898, 50.6148438 ], [ -57.2374023, 50.6053711 ], [ -57.3305664, 50.6051758 ], [ -57.3604492, 50.583935499999988 ], [ -57.4326172, 50.5058105 ], [ -57.4655273, 50.4636719 ], [ -57.607959, 50.1987793 ], [ -57.7125, 50.0249023 ], [ -57.9261719, 49.7008301 ], [ -57.9290527, 49.6684082 ], [ -57.8974609, 49.6003906 ], [ -57.7988281, 49.5085449 ], [ -57.7913086, 49.4899902 ], [ -57.8560547, 49.4738281 ], [ -57.9612305, 49.531543 ], [ -58.0158203, 49.5424805 ], [ -58.1074219, 49.499707 ], [ -58.1827148, 49.4354004 ], [ -58.2133789, 49.3866699 ], [ -58.2188965, 49.305127 ], [ -58.190918, 49.2587402 ], [ -58.096875, 49.2300781 ], [ -57.9800781, 49.2296387 ], [ -57.990673799999989, 49.2094727 ], [ -58.0490723, 49.1799805 ], [ -58.0989258, 49.0774414 ], [ -58.081835899999987, 49.0447266 ], [ -58.0405762, 49.0097656 ], [ -57.9905273, 48.9879395 ], [ -58.0055664, 48.98125 ], [ -58.0496582, 48.9875488 ], [ -58.1861328, 49.0619141 ], [ -58.31875, 49.081347699999988 ], [ -58.3586914, 49.0965332 ], [ -58.4036621, 49.0843262 ], [ -58.49375, 49.0032227 ], [ -58.5456055, 48.896875 ], [ -58.6416016, 48.7494141 ], [ -58.6873535, 48.6220703 ], [ -58.7164551, 48.5980469 ], [ -58.8434082, 48.6053223 ], [ -58.8772461, 48.6227051 ], [ -58.9064453, 48.6501953 ], [ -58.8871094, 48.6915527 ], [ -58.8191895, 48.7468262 ], [ -58.8417969, 48.7464355 ], [ -59.0634277, 48.6276855 ], [ -59.1676758, 48.5584961 ], [ -59.1667969, 48.5217773 ], [ -58.9437988, 48.5217773 ], [ -58.7225586, 48.5407227 ], [ -58.6061523, 48.5328613 ], [ -58.4922363, 48.5130371 ], [ -58.3302246, 48.5221191 ], [ -58.3355469, 48.5136719 ], [ -58.5026367, 48.442041 ], [ -58.604980499999989, 48.4113281 ], [ -58.7105957, 48.3250488 ], [ -58.9608398, 48.159375 ], [ -59.2720703, 47.9955566 ], [ -59.3408691, 47.9336426 ], [ -59.3620605, 47.8889648 ], [ -59.3624023, 47.8656738 ], [ -59.3206543, 47.7369141 ], [ -59.259765599999987, 47.6341797 ], [ -59.2192871, 47.6025391 ], [ -59.1169434, 47.5707031 ], [ -58.9411621, 47.5804687 ], [ -58.6131348, 47.6262207 ], [ -58.5088867, 47.6525879 ], [ -58.4280273, 47.6833984 ], [ -58.3368652, 47.7308594 ], [ -58.3269531, 47.719873 ], [ -58.3332031, 47.6768555 ], [ -58.2393066, 47.6688477 ], [ -57.9255371, 47.6749023 ], [ -57.884082, 47.6600098 ], [ -57.6598145, 47.6253906 ], [ -57.473437499999989, 47.6311035 ], [ -56.9524902, 47.5744629 ], [ -56.7741211, 47.5649902 ], [ -56.7223145, 47.5922852 ], [ -56.4595703, 47.6169434 ], [ -56.3257812, 47.6544922 ], [ -56.2629883, 47.6584473 ], [ -56.2212891, 47.6713867 ], [ -56.1505859, 47.7745117 ], [ -56.1214355, 47.7891602 ], [ -56.0896484, 47.771875 ], [ -56.0201172, 47.7637207 ], [ -55.918457, 47.7918945 ], [ -55.8579102, 47.8191895 ], [ -55.8443848, 47.7878418 ], [ -55.8670898, 47.592334 ], [ -56.0836914, 47.5245117 ], [ -56.1272461, 47.502832 ], [ -56.0813477, 47.4999512 ], [ -55.8620605, 47.5300781 ], [ -55.811377, 47.5163574 ], [ -55.774707, 47.498291 ], [ -55.576123, 47.4652344 ], [ -55.4986328, 47.4750488 ], [ -55.4606445, 47.4847656 ], [ -55.434668, 47.5012695 ], [ -55.4126953, 47.5503906 ], [ -55.3907715, 47.6428711 ], [ -55.3663086, 47.661084 ], [ -55.196582, 47.6500488 ], [ -55.0745605, 47.6575684 ], [ -55.0350098, 47.6338867 ], [ -54.9459473, 47.6208496 ], [ -54.891015599999989, 47.6294922 ], [ -54.7846191, 47.6647461 ], [ -54.7953613, 47.640332 ], [ -54.8695312, 47.5708984 ], [ -54.975634799999987, 47.5161621 ], [ -55.1908203, 47.4489746 ], [ -55.3608887, 47.2585937 ], [ -55.4012207, 47.2214844 ], [ -55.4915039, 47.1606445 ], [ -55.6100586, 47.1196289 ], [ -55.7718262, 47.0920898 ], [ -55.8383789, 47.0716309 ], [ -55.919238299999989, 47.0168945 ], [ -55.9544922, 46.9732422 ], [ -55.9582031, 46.9563965 ], [ -55.9499023, 46.9276855 ], [ -55.8806152, 46.887207 ], [ -55.8447266, 46.8738281 ], [ -55.7885254, 46.8672363 ], [ -55.6523438, 46.8814453 ], [ -55.5307129, 46.9140137 ], [ -55.4792969, 46.9172852 ], [ -55.4012695, 46.8992676 ], [ -55.315722699999988, 46.9057129 ], [ -55.2549316, 46.941748 ], [ -55.1396484, 47.0459473 ], [ -55.0992187, 47.1035645 ], [ -55.0904297, 47.1739258 ], [ -54.8566406, 47.3850098 ], [ -54.8015137, 47.3986328 ], [ -54.7446777, 47.395459 ], [ -54.651171899999987, 47.4082031 ], [ -54.5745117, 47.4577637 ], [ -54.4739258, 47.5470703 ], [ -54.463232399999988, 47.5362305 ], [ -54.5423828, 47.4250977 ], [ -54.5625488, 47.3751953 ], [ -54.4881348, 47.4038574 ], [ -54.4559082, 47.4275879 ], [ -54.4344727, 47.4623047 ], [ -54.4046875, 47.5559082 ], [ -54.2338867, 47.7716797 ], [ -54.2184082, 47.8467285 ], [ -54.1918457, 47.8598145 ], [ -54.0472656, 47.8056152 ], [ -53.9890137, 47.7562012 ], [ -53.9397461, 47.6446777 ], [ -53.9008301, 47.5093262 ], [ -53.8778809, 47.4635742 ], [ -53.8495117, 47.440332 ], [ -53.8690918, 47.3870117 ], [ -53.9705078, 47.2619629 ], [ -54.0926758, 47.0862305 ], [ -54.1552246, 46.9674805 ], [ -54.173291, 46.9171875 ], [ -54.1737305, 46.8803711 ], [ -54.1328125, 46.8385742 ], [ -54.1023926, 46.8249023 ], [ -54.0760254, 46.8199707 ], [ -54.0095703, 46.8395996 ], [ -53.8600098, 46.9394531 ], [ -53.7743164, 47.0118164 ], [ -53.6953613, 47.0929199 ], [ -53.636377, 47.1376953 ], [ -53.5973633, 47.1459961 ], [ -53.5784668, 47.133252 ], [ -53.5796387, 47.0994141 ], [ -53.6121582, 47.0103516 ], [ -53.5813477, 46.9572754 ], [ -53.595166, 46.8884766 ], [ -53.6163574, 46.6802734 ], [ -53.5897949, 46.6388672 ], [ -53.5677734, 46.6282715 ], [ -53.5361328, 46.6325195 ], [ -53.3817383, 46.7114258 ], [ -53.3230469, 46.7183594 ], [ -53.2913086, 46.717041 ], [ -53.2548828, 46.6977051 ], [ -53.2136719, 46.660498 ], [ -53.1669922, 46.6464844 ], [ -53.1148437, 46.6558105 ], [ -53.0697754, 46.68125 ], [ -53.0319336, 46.7227539 ], [ -52.9617187, 46.819433599999989 ], [ -52.889209, 46.9741211 ], [ -52.8820801, 47.011084 ], [ -52.8881348, 47.0458496 ], [ -52.912402299999989, 47.1032227 ], [ -52.6836426, 47.4263184 ], [ -52.6685059, 47.4698242 ], [ -52.6536621, 47.5494141 ], [ -52.672168, 47.6217773 ], [ -52.7032715, 47.6930176 ], [ -52.7114258, 47.7453125 ], [ -52.7449219, 47.7689453 ], [ -52.782421899999989, 47.7694336 ], [ -52.8169434, 47.7278809 ], [ -52.8731934, 47.6194336 ], [ -52.9450195, 47.552832 ], [ -53.0568359, 47.4831055 ], [ -53.1224609, 47.455127 ], [ -53.157666, 47.487793 ], [ -53.1698242, 47.5121094 ], [ -53.1755371, 47.6529785 ], [ -53.1538574, 47.7345703 ], [ -53.1108398, 47.8119141 ], [ -52.9982422, 47.9759277 ], [ -52.9549805, 48.0292969 ], [ -52.8720215, 48.0939453 ], [ -52.8660156, 48.1129883 ], [ -52.8833008, 48.1311523 ], [ -52.920996099999989, 48.1470703 ], [ -53.0854492, 48.0685059 ], [ -53.2827148, 47.9978516 ], [ -53.5037598, 47.7438477 ], [ -53.6037598, 47.6623047 ], [ -53.6723633, 47.6482422 ], [ -53.7651367, 47.6500977 ], [ -53.8053711, 47.6820312 ], [ -53.8377441, 47.727246099999988 ], [ -53.8636719, 47.7870117 ], [ -53.8616699, 47.7992676 ], [ -53.6950195, 47.9211914 ], [ -53.6576172, 47.9686523 ], [ -53.6382324, 48.0146484 ], [ -53.6530273, 48.0257324 ], [ -53.7935547, 48.0097168 ], [ -53.8695801, 48.0196777 ], [ -53.7582031, 48.0423828 ], [ -53.7101562, 48.0568359 ], [ -53.7042969, 48.0679199 ], [ -53.5694336, 48.0880859 ], [ -53.5418457, 48.1084473 ], [ -53.5602051, 48.1738281 ], [ -53.6097656, 48.2077148 ], [ -53.5312012, 48.2318848 ], [ -53.405517599999989, 48.2943359 ], [ -53.3343262, 48.355957 ], [ -53.3011719, 48.3681641 ], [ -53.2250977, 48.3640137 ], [ -53.1821289, 48.3743652 ], [ -53.1357422, 48.4018555 ], [ -53.0602051, 48.4803223 ], [ -53.0373047, 48.5158691 ], [ -53.020752, 48.5716309 ], [ -53.0275879, 48.6347168 ], [ -53.0426758, 48.656640599999989 ], [ -53.0572754, 48.6590332 ], [ -53.1273437, 48.6325684 ], [ -53.2202637, 48.5778809 ], [ -53.2754395, 48.5633301 ], [ -53.361084, 48.5726074 ], [ -53.4113281, 48.5621582 ], [ -53.5520508, 48.4817871 ], [ -53.6444336, 48.5112305 ], [ -53.7388672, 48.4958008 ], [ -53.7993164, 48.4492188 ], [ -53.8527344, 48.4488281 ], [ -53.9370117, 48.4366211 ], [ -54.104248, 48.3883789 ], [ -54.1144531, 48.3936035 ], [ -54.0677734, 48.4188477 ], [ -53.8855469, 48.4845703 ], [ -53.7946289, 48.5263672 ], [ -53.7746094, 48.5763184 ], [ -53.7063477, 48.655517599999989 ], [ -53.6980469, 48.679834 ], [ -53.784082, 48.6954102 ], [ -53.8861328, 48.684668 ], [ -53.9660156, 48.7066895 ], [ -53.9695801, 48.7249023 ], [ -53.9615234, 48.7388672 ], [ -53.8868164, 48.7678223 ], [ -53.8477539, 48.7966797 ], [ -53.8528809, 48.8113281 ], [ -53.9506836, 48.8067871 ], [ -54.0995117, 48.7847656 ], [ -54.1612793, 48.7876953 ], [ -53.9032227, 48.8891602 ], [ -53.8452148, 48.9254395 ], [ -53.8249023, 48.9513672 ], [ -53.8093262, 48.9934082 ], [ -53.7580566, 49.0354004 ], [ -53.6711426, 49.0775391 ], [ -53.5734375, 49.1412109 ], [ -53.5600586, 49.1916992 ], [ -53.569580099999989, 49.2641602 ], [ -53.6194336, 49.3216309 ], [ -53.7549805, 49.3853027 ], [ -53.8624512, 49.4263184 ], [ -53.9577148, 49.4418457 ], [ -54.2708008, 49.4192871 ], [ -54.316748, 49.4241211 ], [ -54.3561523, 49.4150391 ], [ -54.3890625, 49.3921387 ], [ -54.4482422, 49.3294434 ], [ -54.4634766, 49.341748 ], [ -54.4654297, 49.4005371 ], [ -54.4806152, 49.4693359 ], [ -54.4691895, 49.5297852 ], [ -54.5021973, 49.5273438 ], [ -54.5790527, 49.4908203 ], [ -54.650878899999988, 49.4445313 ], [ -54.717627, 49.3885742 ], [ -54.7818848, 49.3554688 ], [ -54.8436523, 49.3454102 ], [ -54.9105469, 49.3162598 ], [ -54.9826172, 49.2681152 ], [ -55.015918, 49.2603516 ], [ -55.010400399999988, 49.2930176 ], [ -55.0261719, 49.3053711 ], [ -55.0631836, 49.2973633 ], [ -55.176123, 49.2444336 ], [ -55.2445312, 49.1998047 ], [ -55.2538086, 49.1796387 ], [ -55.2473633, 49.1385742 ], [ -55.2523438, 49.1208984 ], [ -55.3347656, 49.0778809 ], [ -55.3531738, 49.0794434 ], [ -55.3319336, 49.1255859 ], [ -55.3424805, 49.1681152 ], [ -55.2593262, 49.2669922 ], [ -55.225, 49.334668 ], [ -55.200293, 49.4084961 ], [ -55.2070312, 49.4820312 ], [ -55.229541, 49.5081543 ], [ -55.2663574, 49.5239258 ], [ -55.2830078, 49.5138184 ], [ -55.2801758, 49.4127441 ], [ -55.2899414, 49.3919434 ], [ -55.3438477, 49.3729004 ], [ -55.3553711, 49.3808594 ], [ -55.3544922, 49.4376953 ], [ -55.3791504, 49.4729004 ], [ -55.3759277, 49.4897461 ], [ -55.4897461, 49.4625 ], [ -55.678125, 49.4346191 ], [ -55.8152344, 49.5152832 ], [ -56.0412109, 49.4568359 ], [ -56.0873047, 49.4519531 ], [ -55.892041, 49.5802734 ], [ -55.8823242, 49.6459473 ], [ -55.8698242, 49.670166 ], [ -55.901855499999989, 49.6808594 ], [ -55.9785156, 49.678125 ], [ -56.0516113, 49.6583984 ], [ -56.1211914, 49.6217285 ], [ -56.1401855, 49.6191406 ], [ -56.0399902, 49.7046875 ], [ -55.717627, 49.8290039 ], [ -55.5836914, 49.8923828 ], [ -55.527002, 49.936767599999989 ], [ -55.5029297, 49.9831543 ], [ -55.530029299999988, 49.997168 ], [ -55.674462899999988, 49.9665527 ], [ -55.7647461, 49.9604492 ], [ -55.8733398, 50.0131348 ], [ -55.927002, 50.0177734 ], [ -56.075, 49.9826172 ], [ -56.1612793, 49.9401367 ], [ -56.1641602, 49.9572754 ], [ -56.1274414, 50.0151367 ], [ -56.122168, 50.0628418 ], [ -56.1483887, 50.1003418 ], [ -56.1793945, 50.1149902 ], [ -56.2470703, 50.0900879 ], [ -56.3218262, 50.0137695 ], [ -56.376416, 49.9336914 ], [ -56.4275879, 49.8974121 ], [ -56.5009277, 49.8696289 ], [ -56.6106445, 49.7876953 ], [ -56.7567871, 49.6516113 ], [ -56.822168, 49.6134766 ], [ -56.8068848, 49.6733398 ], [ -56.8092285, 49.7104004 ], [ -56.8291992, 49.7246094 ], [ -56.8486328, 49.765332 ], [ -56.838867199999989, 49.7877441 ], [ -56.789502, 49.8337402 ], [ -56.7541016, 49.8829102 ], [ -56.747168, 49.9084961 ], [ -56.7495605, 49.9665527 ], [ -56.7323242, 50.0077148 ], [ -56.6939941, 50.059668 ], [ -56.5393555, 50.2067383 ], [ -56.4839355, 50.2708496 ], [ -56.4547852, 50.3504883 ], [ -56.4543457, 50.3800293 ], [ -56.3824219, 50.4169922 ], [ -56.195752, 50.5847656 ], [ -56.1356445, 50.6509766 ], [ -56.1211914, 50.7337891 ], [ -56.106543, 50.7592773 ], [ -56.078125, 50.780957 ], [ -55.9620117, 50.8376953 ], [ -55.8713867, 50.907373 ], [ -55.8, 51.0333008 ], [ -55.7847168, 51.0870605 ], [ -55.7853516, 51.1314453 ], [ -55.7955078, 51.1661621 ], [ -55.8150879, 51.1911621 ], [ -55.841113299999989, 51.2050781 ], [ -55.8735352, 51.2079102 ], [ -55.9608398, 51.1914062 ], [ -55.9999023, 51.1992676 ], [ -56.0306641, 51.2269043 ], [ -56.0439453, 51.2618652 ], [ -56.0311035, 51.3283691 ], [ -55.9411621, 51.3430176 ], [ -55.7307129, 51.3586914 ], [ -55.6307617, 51.3729004 ], [ -55.5833984, 51.3885742 ], [ -55.5324219, 51.4369629 ], [ -55.4587402, 51.5365234 ], [ -55.4532227, 51.5623047 ] ] ], [ [ [ -86.4732422, 71.042627 ], [ -86.1794434, 71.0958984 ], [ -85.9454102, 71.1626465 ], [ -85.7572754, 71.1939453 ], [ -85.4053711, 71.2267578 ], [ -85.1375977, 71.303418 ], [ -85.0233887, 71.3532227 ], [ -85.0787109, 71.3984863 ], [ -85.3271973, 71.4921387 ], [ -85.5371582, 71.5554199 ], [ -85.7500977, 71.6413574 ], [ -86.0361328, 71.7709473 ], [ -86.218457, 71.8991211 ], [ -86.297168, 72.0257812 ], [ -86.3413574, 72.1231934 ], [ -86.3509766, 72.1913086 ], [ -86.3480469, 72.2622559 ], [ -86.3240234, 72.4021484 ], [ -86.3225586, 72.4608398 ], [ -86.3803223, 72.5246582 ], [ -86.594628899999989, 72.6611328 ], [ -86.6562988, 72.7240234 ], [ -86.6677734, 72.7625488 ], [ -86.6293457, 72.8708008 ], [ -86.5746582, 72.9105469 ], [ -86.4813965, 72.960253900000012 ], [ -86.0864746, 73.2602539 ], [ -86.0005371, 73.3125488 ], [ -85.6818848, 73.4614746 ], [ -85.4936035, 73.5276855 ], [ -85.2042969, 73.6035645 ], [ -84.9745117, 73.6947754 ], [ -84.9467773, 73.7216309 ], [ -84.9835938, 73.7637207 ], [ -85.0093262, 73.7786133 ], [ -85.110498, 73.8081543 ], [ -85.9507812, 73.8501465 ], [ -86.406396500000014, 73.8547852 ], [ -86.76875, 73.8339844 ], [ -87.4723633, 73.7594238 ], [ -87.719775399999989, 73.7229004 ], [ -87.926416, 73.6733398 ], [ -88.1700195, 73.5953125 ], [ -88.7051758, 73.4032715 ], [ -88.7271484, 73.3881836 ], [ -88.7395996, 73.3652832 ], [ -88.7425293, 73.3345703 ], [ -88.7609375, 73.3124023 ], [ -88.976806599999989, 73.2524902 ], [ -89.1147461, 73.1821777 ], [ -89.2253418, 73.1080566 ], [ -89.2632324, 73.0689941 ], [ -89.2876953, 73.0169434 ], [ -89.311377, 72.9429688 ], [ -89.3270996, 72.8415527 ], [ -89.3577148, 72.8041504 ], [ -89.5364258, 72.6898438 ], [ -89.7015137, 72.5680664 ], [ -89.8168457, 72.4677246 ], [ -89.8615234, 72.4119141 ], [ -89.8740234, 72.3671875 ], [ -89.8730957, 72.3126465 ], [ -89.8586914, 72.2483398 ], [ -89.8229004, 72.2078125 ], [ -89.7105469, 72.180127 ], [ -89.657275399999989, 72.1750488 ], [ -89.6638184, 72.157959 ], [ -89.9314941, 72.0490234 ], [ -90.0251953, 71.9487793 ], [ -90.0195312, 71.9018066 ], [ -89.9773437, 71.8480469 ], [ -89.9336914, 71.7427246 ], [ -89.8885254, 71.5857422 ], [ -89.845752, 71.4922852 ], [ -89.8053711, 71.4623047 ], [ -89.6933105, 71.4234863 ], [ -89.4176758, 71.3521973 ], [ -89.0793457, 71.2879395 ], [ -88.589502, 71.2402832 ], [ -88.0606445, 71.2272461 ], [ -87.8724609, 71.2085449 ], [ -87.7602539, 71.1785156 ], [ -87.5723145, 71.1075684 ], [ -87.3686035, 71.052832 ], [ -87.1400879, 71.0116211 ], [ -87.1815918, 70.987548800000013 ], [ -87.5344238, 70.9565918 ], [ -87.8449219, 70.9443848 ], [ -88.0385742, 70.9513184 ], [ -88.309082, 70.9843262 ], [ -88.516650399999989, 71.0305664 ], [ -88.6956543, 71.0456055 ], [ -89.0251465, 71.0446289 ], [ -89.3655273, 71.0671875 ], [ -89.4559082, 71.0617188 ], [ -89.4097656, 71.0356934 ], [ -89.3715332, 70.9961426 ], [ -89.257519500000015, 70.8106934 ], [ -89.208300799999989, 70.7597168 ], [ -88.8484375, 70.5229004 ], [ -88.7827148, 70.4944824 ], [ -88.6629883, 70.4708496 ], [ -88.4020996, 70.4424805 ], [ -88.1783203, 70.3686035 ], [ -87.9006836, 70.2519043 ], [ -87.8381348, 70.246582 ], [ -87.7894531, 70.258252 ], [ -87.6702148, 70.3098145 ], [ -87.6177734, 70.31875 ], [ -87.5024414, 70.3256836 ], [ -87.2378906, 70.3097168 ], [ -87.0632812, 70.3250977 ], [ -87.0740234, 70.3448242 ], [ -87.1558105, 70.3774414 ], [ -87.1719727, 70.3998535 ], [ -87.1224609, 70.4119629 ], [ -86.8092773, 70.3882812 ], [ -86.7041504, 70.3907227 ], [ -86.6243164, 70.4012695 ], [ -86.396875, 70.465332 ], [ -86.4310059, 70.4445312 ], [ -86.4653809, 70.40625 ], [ -86.4998047, 70.3503906 ], [ -86.4831055, 70.2885742 ], [ -86.3614258, 70.1730469 ], [ -86.3220215, 70.1454102 ], [ -86.1981934, 70.105127 ], [ -85.7800293, 70.0366699 ], [ -85.432373, 70.111377 ], [ -85.0526367, 70.0782227 ], [ -84.909082, 70.0782227 ], [ -84.8291992, 70.0633301 ], [ -84.7651367, 70.0336426 ], [ -84.521875, 70.0052246 ], [ -83.859082, 69.9627441 ], [ -83.5307617, 69.9647949 ], [ -83.1499512, 70.009082 ], [ -83.0911621, 70.0039062 ], [ -82.9253906, 69.9681641 ], [ -82.4877441, 69.8659668 ], [ -82.2938477, 69.8369141 ], [ -82.1387207, 69.8412109 ], [ -81.9577148, 69.86875 ], [ -81.5646973, 69.9427246 ], [ -80.9217285, 69.7309082 ], [ -80.8402832, 69.7713867 ], [ -80.8428711, 69.7916504 ], [ -80.92480470000001, 69.8505859 ], [ -81.0237305, 69.9 ], [ -81.1968262, 69.9828125 ], [ -81.3294922, 70.0243652 ], [ -81.4217285, 70.0246094 ], [ -81.529248, 70.0480469 ], [ -81.651953100000014, 70.0946289 ], [ -81.5595703, 70.1112305 ], [ -81.098291, 70.0911621 ], [ -80.8257812, 70.0566406 ], [ -80.6703125, 70.0520996 ], [ -80.3868164, 70.0104492 ], [ -80.2604004, 69.9967773 ], [ -80.1621094, 69.9959961 ], [ -79.615918, 69.8947266 ], [ -79.5154297, 69.8875977 ], [ -79.3033203, 69.8948242 ], [ -79.0928711, 69.9253418 ], [ -78.8896484, 69.9774902 ], [ -78.8187988, 70.0104492 ], [ -78.777832, 70.0476562 ], [ -78.7748535, 70.1036133 ], [ -78.8098145, 70.1785645 ], [ -78.8628418, 70.2418945 ], [ -78.9338379, 70.2937012 ], [ -79.0175293, 70.3251953 ], [ -79.347412100000014, 70.3723145 ], [ -79.4052246, 70.4007324 ], [ -79.3973145, 70.4372559 ], [ -79.3466309, 70.4818848 ], [ -79.2531738, 70.5347168 ], [ -79.1597656, 70.5752441 ], [ -79.0664062, 70.6035645 ], [ -78.9797852, 70.5813477 ], [ -78.8999023, 70.5085449 ], [ -78.8308594, 70.4631836 ], [ -78.7726562, 70.4453125 ], [ -78.6214355, 70.353418 ], [ -78.5748047, 70.3461914 ], [ -78.4907227, 70.3155762 ], [ -78.2828125, 70.2291504 ], [ -78.2314453, 70.2187988 ], [ -78.1567871, 70.2191406 ], [ -77.8425293, 70.2470703 ], [ -77.7740234, 70.2385254 ], [ -77.7219238, 70.1708008 ], [ -77.6747559, 70.0415039 ], [ -77.6629883, 69.9657227 ], [ -77.6353027, 69.9004395 ], [ -77.5916504, 69.8456055 ], [ -77.4942871, 69.8362305 ], [ -77.2324707, 69.8545898 ], [ -77.0159668, 69.8361328 ], [ -76.9622559, 69.8248535 ], [ -76.8585938, 69.7753906 ], [ -76.8686035, 69.745166 ], [ -77.0187012, 69.6890625 ], [ -77.1050781, 69.670752 ], [ -77.1288086, 69.6527344 ], [ -77.0899414, 69.6351074 ], [ -77.0196289, 69.6168457 ], [ -76.9155762, 69.6111816 ], [ -76.742334, 69.5729004 ], [ -76.6865234, 69.5912598 ], [ -76.590039100000013, 69.65625 ], [ -76.5132812, 69.6839355 ], [ -76.4238281, 69.6868164 ], [ -76.234082, 69.6621094 ], [ -76.2311035, 69.6534668 ], [ -76.4632812, 69.6199707 ], [ -76.5161133, 69.590918 ], [ -76.5249512, 69.5486816 ], [ -76.5203613, 69.516601600000016 ], [ -76.4649414, 69.4694336 ], [ -76.407959, 69.4411133 ], [ -76.3162109, 69.4216309 ], [ -76.1897949, 69.4109863 ], [ -76.0464844, 69.386377 ], [ -75.7871582, 69.3186523 ], [ -75.7490723, 69.2995605 ], [ -75.6477539, 69.2125488 ], [ -75.6679688, 69.1588379 ], [ -75.7633789, 69.1029297 ], [ -75.8585938, 69.0603027 ], [ -75.9537109, 69.0308105 ], [ -76.089209, 69.0261719 ], [ -76.3809082, 69.0524414 ], [ -76.495166, 69.0304199 ], [ -76.5572266, 69.0094727 ], [ -76.5876953, 68.9744629 ], [ -76.5745605, 68.8466797 ], [ -76.5817383, 68.8163086 ], [ -76.6036621, 68.7915527 ], [ -76.6162598, 68.7598633 ], [ -76.6194336, 68.7213867 ], [ -76.5850586, 68.6987305 ], [ -76.403418, 68.692334 ], [ -76.234716800000015, 68.7280273 ], [ -75.8422363, 68.8401855 ], [ -75.6230469, 68.8877441 ], [ -75.5226562, 68.9527344 ], [ -75.4569824, 68.9612793 ], [ -75.3627441, 68.948291 ], [ -75.2132812, 68.909375 ], [ -75.104248, 68.9405762 ], [ -74.9544434, 69.0246094 ], [ -74.8548828, 69.0658203 ], [ -74.8054687, 69.0642578 ], [ -74.7166992, 69.0455078 ], [ -74.7693359, 69.0206543 ], [ -74.9172852, 68.9828613 ], [ -74.9540039, 68.961084 ], [ -74.9250977, 68.9407227 ], [ -74.8161133, 68.9361328 ], [ -74.7432617, 68.913378900000012 ], [ -74.7523926, 68.8920898 ], [ -74.9104004, 68.8231445 ], [ -74.8929688, 68.8081543 ], [ -74.8083496, 68.7958984 ], [ -74.7459961, 68.7967285 ], [ -74.6999512, 68.8083496 ], [ -74.6805176, 68.7902832 ], [ -74.6958008, 68.7555664 ], [ -74.6479492, 68.7075195 ], [ -74.4224121, 68.5799316 ], [ -74.35, 68.5560547 ], [ -74.2701172, 68.5412109 ], [ -74.1828125, 68.5354492 ], [ -73.9892578, 68.5486328 ], [ -73.9660645, 68.5787598 ], [ -74.1179687, 68.7009277 ], [ -74.072998, 68.7149414 ], [ -73.9351562, 68.7109863 ], [ -73.8515625, 68.7013672 ], [ -73.8221191, 68.6859863 ], [ -73.7984375, 68.6586426 ], [ -73.7806152, 68.6192871 ], [ -73.7825195, 68.5780273 ], [ -73.8344238, 68.4970703 ], [ -73.8733398, 68.4641602 ], [ -73.8793457, 68.4293945 ], [ -73.8205078, 68.3629395 ], [ -73.7494629, 68.325 ], [ -73.6444824, 68.2945312 ], [ -73.5801758, 68.2977539 ], [ -73.3068848, 68.3678223 ], [ -73.2844727, 68.3569824 ], [ -73.3314453, 68.308984400000014 ], [ -73.3282227, 68.266748 ], [ -73.0634277, 68.1069824 ], [ -72.9039551, 67.9447754 ], [ -72.725293, 67.8116211 ], [ -72.5764648, 67.6586426 ], [ -72.3528809, 67.3418945 ], [ -72.3010742, 67.3072754 ], [ -72.2341309, 67.2844238 ], [ -72.2200195, 67.2542969 ], [ -72.3649414, 67.1333984 ], [ -72.4851562, 67.0980957 ], [ -72.6677246, 67.070459 ], [ -72.7888184, 67.0306152 ], [ -72.9467773, 66.883252 ], [ -72.9748535, 66.8285156 ], [ -72.9853516, 66.7653809 ], [ -73.033252, 66.7281738 ], [ -73.201123, 66.6991699 ], [ -73.2808105, 66.6749512 ], [ -73.357373, 66.6362793 ], [ -73.430957, 66.5831543 ], [ -73.5842285, 66.5069336 ], [ -73.9336914, 66.3580566 ], [ -74.3749023, 66.2081543 ], [ -74.4164062, 66.1670898 ], [ -74.4339355, 66.1390137 ], [ -74.4010742, 66.0969727 ], [ -74.2761719, 66.0127441 ], [ -74.0331055, 65.8770508 ], [ -73.8260742, 65.8051758 ], [ -73.7460938, 65.7666992 ], [ -73.6434082, 65.6532227 ], [ -73.5607422, 65.5429199 ], [ -73.5507812, 65.4852539 ], [ -73.6753906, 65.4843262 ], [ -73.8779297, 65.5188477 ], [ -73.9895996, 65.5169922 ], [ -74.1384766, 65.5034668 ], [ -74.236865200000011, 65.4838867 ], [ -74.3907227, 65.3975586 ], [ -74.4947754, 65.3716797 ], [ -74.5749023, 65.3636719 ], [ -74.6654785, 65.3669434 ], [ -74.8498535, 65.3890625 ], [ -74.9817383, 65.3814453 ], [ -75.0477539, 65.3639648 ], [ -75.1092773, 65.3314453 ], [ -75.1663086, 65.2839355 ], [ -75.3166504, 65.2748047 ], [ -75.7085937, 65.3157227 ], [ -75.7986816, 65.2975098 ], [ -75.7729492, 65.2570312 ], [ -75.5046875, 65.1351562 ], [ -75.4458008, 65.099707 ], [ -75.3966797, 65.0575684 ], [ -75.3571289, 65.0087402 ], [ -75.362793, 64.969043 ], [ -75.4136719, 64.9385254 ], [ -75.4351562, 64.9007812 ], [ -75.4271484, 64.8558594 ], [ -75.4520996, 64.8416016 ], [ -75.5557617, 64.8791992 ], [ -75.5891113, 64.9050293 ], [ -75.5908691, 64.92768550000001 ], [ -75.5609375, 64.9470215 ], [ -75.5015625, 65.0130859 ], [ -75.5199219, 65.056005900000017 ], [ -75.6481445, 65.1408203 ], [ -75.8283203, 65.2270508 ], [ -76.0669922, 65.2854492 ], [ -76.4816895, 65.3697266 ], [ -76.7789062, 65.4138672 ], [ -76.9585937, 65.4180176 ], [ -77.0941406, 65.4308594 ], [ -77.2511719, 65.4628906 ], [ -77.326709, 65.453125 ], [ -77.3580078, 65.4354492 ], [ -77.4276855, 65.3721191 ], [ -77.4604004, 65.3559082 ], [ -77.4614746, 65.3281738 ], [ -77.3638672, 65.2197754 ], [ -77.3608887, 65.1965332 ], [ -77.4474609, 65.1615723 ], [ -77.8761719, 65.0729492 ], [ -77.9945801, 65.0226074 ], [ -78.0552734, 64.9829102 ], [ -78.0956055, 64.9392578 ], [ -78.1446289, 64.8077148 ], [ -78.1896973, 64.7518066 ], [ -78.2008789, 64.7147461 ], [ -78.1975586, 64.6646484 ], [ -78.1745605, 64.6177246 ], [ -78.0452148, 64.4992676 ], [ -77.984863300000015, 64.461084 ], [ -77.7911621, 64.3670898 ], [ -77.760498, 64.3601562 ], [ -77.6277832, 64.3634766 ], [ -77.5267578, 64.34375 ], [ -77.4028809, 64.2999023 ], [ -77.2825195, 64.2803711 ], [ -77.1656738, 64.2850586 ], [ -77.0235352, 64.2708496 ], [ -76.8561523, 64.2376465 ], [ -76.7238281, 64.242041 ], [ -76.6265137, 64.2839355 ], [ -76.5615234, 64.3016113 ], [ -76.4947266, 64.2929688 ], [ -76.4068359, 64.3031738 ], [ -76.1180664, 64.3763184 ], [ -76.0318359, 64.3880859 ], [ -75.8152344, 64.384668 ], [ -75.7666992, 64.3919434 ], [ -75.7150391, 64.5243652 ], [ -75.487793, 64.5407715 ], [ -75.328418, 64.4904297 ], [ -75.2150391, 64.4693848 ], [ -75.0673828, 64.4566895 ], [ -74.8939453, 64.4657227 ], [ -74.6947266, 64.496582 ], [ -74.6400391, 64.5570801 ], [ -74.729834, 64.6473633 ], [ -74.8230469, 64.7168945 ], [ -74.9194336, 64.7655273 ], [ -74.9162598, 64.7919922 ], [ -74.8134277, 64.7962402 ], [ -74.7477539, 64.8073242 ], [ -74.7191895, 64.8251465 ], [ -74.6813965, 64.8306641 ], [ -74.6342773, 64.8239258 ], [ -74.592578100000011, 64.7861816 ], [ -74.55625, 64.717334 ], [ -74.5124512, 64.670166 ], [ -74.4612305, 64.6446777 ], [ -74.4158691, 64.6334961 ], [ -74.2050781, 64.628125 ], [ -74.1304687, 64.6078125 ], [ -74.0979004, 64.4699219 ], [ -74.0987305, 64.4437012 ], [ -74.0647949, 64.4246582 ], [ -74.0255859, 64.4226562 ], [ -73.9811035, 64.4377441 ], [ -73.9503906, 64.4658203 ], [ -73.9103516, 64.578125 ], [ -73.8678711, 64.5853516 ], [ -73.7927734, 64.5662109 ], [ -73.728418, 64.5682617 ], [ -73.6269531, 64.6025391 ], [ -73.4130859, 64.5741699 ], [ -73.2712891, 64.5825195 ], [ -73.2781738, 64.5602539 ], [ -73.4436523, 64.4234863 ], [ -73.454541, 64.3992676 ], [ -73.3770996, 64.3795898 ], [ -73.2703125, 64.3334961 ], [ -73.1743164, 64.2818848 ], [ -72.9131836, 64.1171875 ], [ -72.7295898, 64.0304688 ], [ -72.6780762, 64.0200195 ], [ -72.6393066, 63.9890625 ], [ -72.5861328, 63.9007812 ], [ -72.4984375, 63.8234863 ], [ -72.45, 63.8181152 ], [ -72.2264648, 63.8913574 ], [ -72.1742676, 63.8934082 ], [ -72.159375, 63.8898926 ], [ -72.1724609, 63.8716797 ], [ -72.2134766, 63.8387207 ], [ -72.2887695, 63.7569824 ], [ -72.2901367, 63.7279785 ], [ -72.2229492, 63.708886699999987 ], [ -71.8375488, 63.7249512 ], [ -71.725293, 63.7061523 ], [ -71.6267578, 63.6625977 ], [ -71.565625, 63.6267578 ], [ -71.5418945, 63.5988281 ], [ -71.5134766, 63.5865723 ], [ -71.3808594, 63.5803223 ], [ -71.3874023, 63.5550293 ], [ -71.4558594, 63.5122559 ], [ -71.6142578, 63.4440918 ], [ -71.6965332, 63.4302246 ], [ -71.8191895, 63.4354492 ], [ -71.9730469, 63.4298828 ], [ -71.9922363, 63.4161621 ], [ -71.8554688, 63.3552734 ], [ -71.6171387, 63.187207 ], [ -71.5012695, 63.126416 ], [ -71.3472656, 63.0661133 ], [ -71.2537109, 63.0425293 ], [ -70.9926758, 63.1192871 ], [ -70.9460449, 63.1207031 ], [ -71.0961914, 63.019677699999988 ], [ -71.1057617, 63.0022461 ], [ -71.0021484, 62.9782715 ], [ -70.801416, 62.910498 ], [ -70.5713379, 62.8691895 ], [ -70.344043, 62.7915039 ], [ -70.2361328, 62.7633789 ], [ -70.0709473, 62.7572266 ], [ -69.9621094, 62.7761719 ], [ -69.7995117, 62.7904785 ], [ -69.6047363, 62.7677246 ], [ -69.545166, 62.7445801 ], [ -69.3660156, 62.571875 ], [ -69.1255859, 62.4239746 ], [ -69.0823242, 62.4051758 ], [ -68.7243652, 62.3189941 ], [ -68.6336426, 62.2812988 ], [ -68.5358887, 62.2556152 ], [ -68.3786133, 62.2351563 ], [ -67.4401367, 62.1512695 ], [ -67.3689941, 62.134082 ], [ -67.3220215, 62.1050293 ], [ -67.1810547, 62.0728516 ], [ -66.803125, 62.0125977 ], [ -66.5513184, 61.9255859 ], [ -66.4245117, 61.8907227 ], [ -66.3237305, 61.8702637 ], [ -66.2566895, 61.8682617 ], [ -66.123877, 61.8930664 ], [ -66.0588867, 61.9138672 ], [ -66.0564453, 61.9674805 ], [ -66.1164062, 62.0539062 ], [ -66.1331543, 62.1023926 ], [ -66.0269531, 62.137207 ], [ -66.0043457, 62.1583008 ], [ -65.9801758, 62.2088867 ], [ -66.015625, 62.2302734 ], [ -66.0950195, 62.246386699999988 ], [ -66.28125, 62.3026855 ], [ -66.3572754, 62.3519043 ], [ -66.4587402, 62.4631348 ], [ -66.5305176, 62.5099609 ], [ -66.644873, 62.6020508 ], [ -66.7140137, 62.6317871 ], [ -66.9215332, 62.6780762 ], [ -66.979541, 62.7008301 ], [ -67.2126953, 62.8435059 ], [ -67.2685059, 62.8575684 ], [ -67.3666504, 62.9141602 ], [ -67.4682129, 62.9482422 ], [ -67.7369629, 63.0095703 ], [ -67.723779300000018, 63.033691399999988 ], [ -67.6648926, 63.0726562 ], [ -67.675976600000013, 63.0935547 ], [ -67.7974609, 63.098095699999988 ], [ -67.915332, 63.1136719 ], [ -68.1412598, 63.1723145 ], [ -68.2080566, 63.2146973 ], [ -68.3739258, 63.3521973 ], [ -68.555127, 63.4589355 ], [ -68.6705566, 63.5136719 ], [ -68.7892578, 63.5951172 ], [ -68.911084, 63.7032227 ], [ -68.8589355, 63.7518555 ], [ -68.6328613, 63.7411133 ], [ -68.49375, 63.7254883 ], [ -68.2435547, 63.6370605 ], [ -67.8378906, 63.4492188 ], [ -67.7587891, 63.4197266 ], [ -67.7225586, 63.4227539 ], [ -67.7425293, 63.4892578 ], [ -67.8214355, 63.6350098 ], [ -67.8932617, 63.7337402 ], [ -67.8442383, 63.7145508 ], [ -67.7092285, 63.6339355 ], [ -67.4950195, 63.4814453 ], [ -67.2609375, 63.3407227 ], [ -67.179785200000012, 63.3050293 ], [ -67.0179199, 63.3165039 ], [ -67.0001465, 63.305127 ], [ -66.974707, 63.2555664 ], [ -66.923291, 63.2276855 ], [ -66.8314453, 63.201123 ], [ -66.7732422, 63.1622559 ], [ -66.7485352, 63.111084 ], [ -66.7232422, 63.0801758 ], [ -66.6974609, 63.0695312 ], [ -66.6364258, 63.080127 ], [ -66.6308594, 63.119043 ], [ -66.6598145, 63.234912099999988 ], [ -66.6549805, 63.2647461 ], [ -66.6004883, 63.2188965 ], [ -66.4963867, 63.0972656 ], [ -66.4144531, 63.0271973 ], [ -66.2927734, 62.9966797 ], [ -66.2286621, 62.9909668 ], [ -66.2010742, 63.00625 ], [ -66.2260742, 63.0763184 ], [ -66.2492188, 63.108252 ], [ -66.2240234, 63.1071777 ], [ -65.9788574, 63.000683599999988 ], [ -65.9202637, 62.9685059 ], [ -65.8640625, 62.921142599999989 ], [ -65.8336914, 62.9085449 ], [ -65.8056641, 62.9115723 ], [ -65.7798828, 62.9302734 ], [ -65.7403809, 62.9319824 ], [ -65.5724121, 62.8688965 ], [ -65.3965332, 62.7881836 ], [ -65.2658203, 62.7150879 ], [ -65.1803223, 62.6494629 ], [ -65.1084961, 62.6264648 ], [ -65.0501953, 62.6461426 ], [ -65.046582, 62.7014648 ], [ -65.162793, 62.932617199999989 ], [ -65.132959, 62.9523438 ], [ -64.9232422, 62.8891602 ], [ -64.8687012, 62.8798828 ], [ -64.7518555, 62.8871582 ], [ -64.6836426, 62.9023926 ], [ -64.6723633, 62.9219727 ], [ -64.7181152, 62.9458008 ], [ -64.7673828, 62.9917969 ], [ -64.820166, 63.0600098 ], [ -64.8948242, 63.1256348 ], [ -65.0493164, 63.2346191 ], [ -65.0689453, 63.2634766 ], [ -65.0580566, 63.2828613 ], [ -65.0166992, 63.2928223 ], [ -65.0047852, 63.3333984 ], [ -65.0313477, 63.4401367 ], [ -65.0894043, 63.605957 ], [ -65.1338379, 63.6890625 ], [ -65.1839355, 63.7448242 ], [ -65.1918457, 63.7642578 ], [ -64.9896973, 63.6433594 ], [ -64.9333008, 63.5992676 ], [ -64.8862793, 63.5487305 ], [ -64.6956055, 63.2688477 ], [ -64.6646484, 63.2453613 ], [ -64.5869141, 63.2431641 ], [ -64.5143555, 63.263964799999989 ], [ -64.4980957, 63.3575684 ], [ -64.4986328, 63.462793 ], [ -64.550293, 63.572558599999986 ], [ -64.5615723, 63.6796875 ], [ -64.4822266, 63.6870605 ], [ -64.4109375, 63.7063477 ], [ -64.4984863, 63.790332 ], [ -64.5763184, 63.8973633 ], [ -64.6367188, 63.9183594 ], [ -64.7681641, 63.9054199 ], [ -64.7981445, 63.9159668 ], [ -64.6861816, 63.9609375 ], [ -64.6697266, 64.0095703 ], [ -64.6784668, 64.0279785 ], [ -64.787793, 64.0327637 ], [ -64.9118164, 64.0261719 ], [ -65.0105957, 64.0088379 ], [ -65.169873, 64.0281738 ], [ -65.1873047, 64.0379883 ], [ -65.1506348, 64.0675293 ], [ -65.1496094, 64.0871582 ], [ -65.1927734, 64.129834 ], [ -65.2819824, 64.1816406 ], [ -65.3478027, 64.2323242 ], [ -65.5803223, 64.2938477 ], [ -65.5936523, 64.3111328 ], [ -65.5074707, 64.3183105 ], [ -65.3398926, 64.3150879 ], [ -65.2129883, 64.3032715 ], [ -65.0746094, 64.4366699 ], [ -65.0945312, 64.4845703 ], [ -65.1786133, 64.5097168 ], [ -65.4899902, 64.5096191 ], [ -65.5293457, 64.5047852 ], [ -65.512793, 64.5259766 ], [ -65.3493164, 64.5885254 ], [ -65.2748047, 64.631543 ], [ -65.4319336, 64.726416 ], [ -65.5131836, 64.7064941 ], [ -65.6052734, 64.742334 ], [ -65.6267578, 64.770752 ], [ -65.7680664, 64.8535645 ], [ -65.9385254, 64.8857422 ], [ -66.0301758, 64.846582 ], [ -66.1075195, 64.7912109 ], [ -66.1524902, 64.7349121 ], [ -66.2146484, 64.7224121 ], [ -66.2821289, 64.7553223 ], [ -66.3015137, 64.7777344 ], [ -66.2097168, 64.828125 ], [ -66.2237305, 64.8541016 ], [ -66.3452148, 64.9096191 ], [ -66.5177734, 64.9719727 ], [ -66.635498, 65.0003418 ], [ -66.6666992, 64.9738281 ], [ -66.6771484, 64.8136719 ], [ -66.6974121, 64.8151855 ], [ -66.7327637, 64.8600586 ], [ -66.7996094, 65.0196777 ], [ -66.8309082, 65.0741699 ], [ -66.8606445, 65.0916016 ], [ -66.8875, 65.0939941 ], [ -66.9115234, 65.0813477 ], [ -66.9703613, 65.0849121 ], [ -66.9856445, 65.104834 ], [ -66.9849121, 65.1380371 ], [ -66.998584, 65.172998 ], [ -67.0665039, 65.2440918 ], [ -67.1775879, 65.3038086 ], [ -67.2983398, 65.3419434 ], [ -67.3365234, 65.346582 ], [ -67.3260742, 65.3566406 ], [ -67.1349609, 65.4205078 ], [ -67.1179687, 65.4403809 ], [ -67.303418, 65.4829102 ], [ -67.3303223, 65.5091797 ], [ -67.346386700000011, 65.5493652 ], [ -67.399707, 65.5883789 ], [ -67.4901367, 65.6262207 ], [ -67.5696289, 65.6435547 ], [ -67.6380859, 65.6404297 ], [ -67.7171387, 65.6253418 ], [ -67.9060547, 65.5634766 ], [ -67.9367676, 65.5648926 ], [ -67.9618164, 65.5819336 ], [ -67.9543457, 65.6230957 ], [ -67.8664551, 65.7736816 ], [ -67.8941895, 65.7932617 ], [ -67.9680664, 65.7972656 ], [ -68.1150391, 65.8277832 ], [ -68.1867188, 65.8709961 ], [ -68.2568359, 65.938623 ], [ -68.2606934, 65.9945801 ], [ -68.1983398, 66.0389648 ], [ -68.2171875, 66.0788574 ], [ -68.4670898, 66.1731934 ], [ -68.5716797, 66.1887207 ], [ -68.714209, 66.1922363 ], [ -68.7489258, 66.2000488 ], [ -68.5277832, 66.2486328 ], [ -68.4599121, 66.24926760000001 ], [ -68.1472656, 66.129834 ], [ -67.9582031, 66.0138184 ], [ -67.8280273, 65.9651855 ], [ -67.5507812, 65.9216309 ], [ -67.3987793, 65.9217285 ], [ -67.3504395, 65.9297363 ], [ -67.2726562, 65.9555664 ], [ -67.1832031, 66.0344238 ], [ -67.2967285, 66.0902832 ], [ -67.5472168, 66.187207 ], [ -67.7044922, 66.2686035 ], [ -67.8005859, 66.367334 ], [ -67.8833984, 66.4674316 ], [ -67.868457, 66.4901367 ], [ -67.7407715, 66.4582031 ], [ -67.5597656, 66.4004395 ], [ -67.3688477, 66.3174805 ], [ -67.3112305, 66.3037598 ], [ -67.2253906, 66.3102539 ], [ -67.1897461, 66.3217285 ], [ -67.191748, 66.4327637 ], [ -67.3176758, 66.5203613 ], [ -67.3073242, 66.5697266 ], [ -67.1896484, 66.5330078 ], [ -67.0768555, 66.5254883 ], [ -66.9689941, 66.547168 ], [ -66.9704102, 66.5818848 ], [ -67.0147949, 66.6222168 ], [ -66.9863281, 66.6274902 ], [ -66.8628906, 66.5953125 ], [ -66.7874023, 66.5556641 ], [ -66.7597656, 66.5084961 ], [ -66.7123047, 66.4604492 ], [ -66.476953100000017, 66.2797363 ], [ -66.4191895, 66.2544922 ], [ -66.2773926, 66.2291016 ], [ -66.2085937, 66.206396500000011 ], [ -66.0637207, 66.1327148 ], [ -65.9400391, 66.1274414 ], [ -65.855957, 66.1422363 ], [ -65.7589844, 66.1711914 ], [ -65.6883789, 66.2130859 ], [ -65.6563477, 66.2047363 ], [ -65.8571777, 66.0864258 ], [ -65.8910645, 66.0202148 ], [ -65.8257324, 65.9969238 ], [ -65.5437012, 65.987207 ], [ -65.4155762, 65.9945801 ], [ -65.3053711, 66.0084473 ], [ -65.0044922, 66.0777344 ], [ -64.8872559, 66.1374023 ], [ -64.7611328, 66.2309082 ], [ -64.6551758, 66.2870117 ], [ -64.5043945, 66.3254883 ], [ -64.4453613, 66.3171387 ], [ -64.5639648, 66.272168 ], [ -64.672998, 66.1927246 ], [ -64.7725098, 66.0785645 ], [ -64.8537109, 66.015918 ], [ -65.0322266, 65.9885254 ], [ -65.1848633, 65.9399414 ], [ -65.2769531, 65.8906738 ], [ -65.378125, 65.8220703 ], [ -65.4016113, 65.7640137 ], [ -65.3374023, 65.7097656 ], [ -65.3114746, 65.7015137 ], [ -65.2820312, 65.6766602 ], [ -65.2069824, 65.5896484 ], [ -65.1756836, 65.5681641 ], [ -65.1084961, 65.4637695 ], [ -64.9796387, 65.3750977 ], [ -64.8469238, 65.2995605 ], [ -64.7647949, 65.234082 ], [ -64.665332, 65.1689453 ], [ -64.5550781, 65.1166016 ], [ -64.4698242, 65.2527344 ], [ -64.3399414, 65.3641602 ], [ -64.2857422, 65.4001953 ], [ -64.2696777, 65.4007812 ], [ -64.3097656, 65.3245605 ], [ -64.3457031, 65.1724121 ], [ -64.2504395, 65.1143066 ], [ -64.1518555, 65.0661621 ], [ -64.0614258, 65.1219238 ], [ -63.9762695, 65.1214844 ], [ -63.8956055, 65.1092773 ], [ -63.8332031, 65.0833008 ], [ -63.7893555, 65.0513672 ], [ -63.7371582, 64.9891113 ], [ -63.6065918, 64.9280762 ], [ -63.4858398, 65.0212402 ], [ -63.4018066, 65.118457 ], [ -63.3633789, 65.2297363 ], [ -63.3642578, 65.5432129 ], [ -63.3374512, 65.616748 ], [ -63.5092285, 65.6360352 ], [ -63.6510742, 65.6609863 ], [ -63.6519531, 65.6743164 ], [ -63.4208984, 65.7085938 ], [ -63.4097656, 65.7558105 ], [ -63.464355499999989, 65.8353516 ], [ -63.4587402, 65.8530273 ], [ -63.2406738, 65.6955566 ], [ -63.1689453, 65.6573242 ], [ -62.9688965, 65.6223633 ], [ -62.8172852, 65.6477051 ], [ -62.7717285, 65.631982400000012 ], [ -62.6588867, 65.6399414 ], [ -62.6102539, 65.7236328 ], [ -62.4856445, 65.8044922 ], [ -62.3819824, 65.8333008 ], [ -62.3881836, 65.8683105 ], [ -62.4103027, 65.9057617 ], [ -62.4483887, 65.9455078 ], [ -62.497363299999989, 65.9740234 ], [ -62.6241211, 66.0162598 ], [ -62.590332, 66.0344238 ], [ -62.4677734, 66.0174805 ], [ -62.2443359, 66.0058594 ], [ -62.1386719, 66.011377 ], [ -61.9916016, 66.0353027 ], [ -62.0239258, 66.0675293 ], [ -62.2420898, 66.1479492 ], [ -62.5335938, 66.227002 ], [ -62.4959961, 66.2708984 ], [ -62.4198242, 66.2885742 ], [ -62.4056641, 66.315918 ], [ -62.553125, 66.4068359 ], [ -62.5098145, 66.4171875 ], [ -62.3745117, 66.4108398 ], [ -62.2769043, 66.3915039 ], [ -62.1584473, 66.3379883 ], [ -61.9563477, 66.3093262 ], [ -61.8626953, 66.3128418 ], [ -61.5708008, 66.3729004 ], [ -61.576416, 66.4125 ], [ -61.6526367, 66.503125 ], [ -62.0893066, 66.6259277 ], [ -62.1233398, 66.6430664 ], [ -62.0142578, 66.6737793 ], [ -61.9044922, 66.678125 ], [ -61.7241211, 66.637793 ], [ -61.527832, 66.5581055 ], [ -61.4530762, 66.5666016 ], [ -61.3072266, 66.6088379 ], [ -61.299707, 66.6487305 ], [ -61.353418, 66.689209 ], [ -61.5146973, 66.7784668 ], [ -61.8241211, 66.9317383 ], [ -61.9685547, 67.019043 ], [ -62.123584, 67.0467285 ], [ -62.3797363, 66.9053711 ], [ -62.6028809, 66.9286133 ], [ -62.7104492, 66.9541016 ], [ -62.7681641, 66.9319824 ], [ -62.8333496, 66.9327148 ], [ -62.9623047, 66.9492676 ], [ -63.1437012, 66.9243164 ], [ -63.4691895, 66.8624023 ], [ -63.636230499999989, 66.8208008 ], [ -63.701562499999987, 66.8223633 ], [ -63.3067871, 66.9944824 ], [ -63.2583984, 67.0246582 ], [ -63.2355469, 67.0685059 ], [ -63.1946777, 67.117041 ], [ -63.1616211, 67.1743652 ], [ -63.0401367, 67.2350098 ], [ -63.3158203, 67.3363281 ], [ -63.5210938, 67.3583496 ], [ -63.5916016, 67.3775391 ], [ -63.6764648, 67.3451172 ], [ -63.8241211, 67.3156738 ], [ -63.8362305, 67.2641113 ], [ -64.0632324, 67.265918 ], [ -64.1889648, 67.2572754 ], [ -64.3564453, 67.2561523 ], [ -64.3759277, 67.3010742 ], [ -64.5892578, 67.3155273 ], [ -64.6999512, 67.3505371 ], [ -64.5804688, 67.3551758 ], [ -64.4692871, 67.3418457 ], [ -64.3032715, 67.3534668 ], [ -64.007959, 67.3473145 ], [ -64.0774902, 67.4956055 ], [ -63.8501953, 67.5660645 ], [ -64.0194336, 67.6548828 ], [ -64.15625, 67.622998 ], [ -64.3964355, 67.7399414 ], [ -64.527539100000013, 67.8126953 ], [ -64.637793, 67.8402344 ], [ -64.8298828, 67.7842773 ], [ -65.0210937, 67.7875488 ], [ -65.0714355, 67.8238281 ], [ -65.0260254, 67.892041 ], [ -64.9563965, 67.9391113 ], [ -64.8625488, 67.9651367 ], [ -64.8354492, 67.9899902 ], [ -64.9223145, 68.0316406 ], [ -64.9769043, 68.0434082 ], [ -65.0644043, 68.0262207 ], [ -65.3003418, 67.939502 ], [ -65.415332, 67.879248 ], [ -65.4422363, 67.8323242 ], [ -65.4134766, 67.7240723 ], [ -65.3871094, 67.6802734 ], [ -65.4012695, 67.6748535 ], [ -65.5408691, 67.765625 ], [ -65.552002, 67.7993652 ], [ -65.4911133, 67.9356934 ], [ -65.509082, 67.9682617 ], [ -65.5693359, 67.9823242 ], [ -65.701709, 67.9866699 ], [ -65.7589355, 67.9570801 ], [ -65.8643555, 67.9228516 ], [ -65.9749023, 67.9574219 ], [ -65.9439941, 68.0312012 ], [ -65.9423828, 68.0709473 ], [ -65.9858398, 68.0685547 ], [ -66.2251953, 67.9587402 ], [ -66.3429688, 67.8532715 ], [ -66.3923828, 67.8319336 ], [ -66.4439453, 67.8338379 ], [ -66.5264648, 67.8511719 ], [ -66.5299805, 67.8603027 ], [ -66.4138672, 67.9042969 ], [ -66.274707, 68.0407715 ], [ -66.2663086, 68.1227051 ], [ -66.2124023, 68.2804199 ], [ -66.5307617, 68.2503418 ], [ -66.630957, 68.2106445 ], [ -66.6054688, 68.1100098 ], [ -66.6626953, 68.0344238 ], [ -66.6845703, 68.029248 ], [ -66.7023438, 68.1205566 ], [ -66.7290039, 68.1290039 ], [ -66.8998047, 68.0630859 ], [ -66.9230957, 68.0657227 ], [ -66.905127, 68.0984863 ], [ -66.8343262, 68.1798828 ], [ -66.830957, 68.215625 ], [ -66.9003906, 68.2635254 ], [ -67.032959, 68.3260742 ], [ -66.9972656, 68.3741699 ], [ -66.7624023, 68.4246582 ], [ -66.713916, 68.4457031 ], [ -66.7427246, 68.4577637 ], [ -66.8541992, 68.4716309 ], [ -67.1111816, 68.4614746 ], [ -67.2024902, 68.4658691 ], [ -67.3207031, 68.487793 ], [ -67.4555176, 68.4979004 ], [ -67.5669434, 68.5339844 ], [ -67.655957, 68.550732400000015 ], [ -67.7660156, 68.5470215 ], [ -67.875048800000016, 68.5229492 ], [ -67.9384766, 68.5241699 ], [ -68.0379395, 68.550732400000015 ], [ -68.1483398, 68.6161133 ], [ -68.1524902, 68.6810547 ], [ -68.2104004, 68.7029785 ], [ -68.3332031, 68.7325684 ], [ -68.540625, 68.7493652 ], [ -68.8714355, 68.7599609 ], [ -69.31909180000001, 68.8569824 ], [ -69.3426758, 68.8693848 ], [ -69.3297852, 68.8757812 ], [ -69.2188477, 68.8728027 ], [ -68.725293, 68.8102051 ], [ -68.6666992, 68.8113281 ], [ -68.5427734, 68.8427734 ], [ -68.4503906, 68.8508301 ], [ -68.3242188, 68.844043 ], [ -68.015625, 68.7946777 ], [ -67.8832031, 68.7839844 ], [ -67.7951172, 68.8633301 ], [ -67.7510254, 68.9338379 ], [ -67.751709, 69.0386719 ], [ -67.8326172, 69.0659668 ], [ -68.1212891, 69.1326172 ], [ -68.3039551, 69.1664062 ], [ -68.4155273, 69.1720703 ], [ -68.993457, 69.0793457 ], [ -69.040625, 69.097998 ], [ -68.6188965, 69.2060059 ], [ -68.4062988, 69.2322266 ], [ -68.1981934, 69.2026855 ], [ -67.9384766, 69.2481445 ], [ -67.7650391, 69.2002441 ], [ -67.6072266, 69.1731934 ], [ -67.4837891, 69.1669922 ], [ -67.3316406, 69.1847168 ], [ -67.2080078, 69.1706543 ], [ -66.8028809, 69.1527344 ], [ -66.7074219, 69.168212900000015 ], [ -66.6792969, 69.1910645 ], [ -66.6762695, 69.2584473 ], [ -66.6852539, 69.2857422 ], [ -66.716748, 69.3118652 ], [ -66.7708496, 69.3366699 ], [ -67.0526855, 69.4211914 ], [ -67.2369629, 69.4601074 ], [ -67.3609375, 69.4725098 ], [ -67.7245117, 69.479248 ], [ -67.8248535, 69.474707 ], [ -67.908252, 69.4601074 ], [ -68.0581543, 69.4758789 ], [ -68.5130371, 69.5772949 ], [ -68.7852539, 69.564209 ], [ -69.0749023, 69.5181152 ], [ -69.2507812, 69.5119141 ], [ -69.2276855, 69.5474121 ], [ -69.1245117, 69.5745117 ], [ -68.8371094, 69.6235352 ], [ -68.6699219, 69.6436523 ], [ -68.3720703, 69.6443848 ], [ -68.2897949, 69.6646973 ], [ -68.2480957, 69.7007812 ], [ -68.1894531, 69.7306152 ], [ -68.1139648, 69.7542969 ], [ -68.0204102, 69.7700684 ], [ -67.8062012, 69.7773926 ], [ -67.3367187, 69.7209961 ], [ -67.2592773, 69.7212891 ], [ -67.2216309, 69.7307129 ], [ -67.1927734, 69.7568359 ], [ -67.1726562, 69.7994629 ], [ -67.1958984, 69.8606934 ], [ -67.3184082, 69.9984375 ], [ -67.3636719, 70.0344238 ], [ -67.7160156, 70.2198242 ], [ -67.8553223, 70.2817871 ], [ -68.059082, 70.3172363 ], [ -68.1206543, 70.3145996 ], [ -68.2035156, 70.2814941 ], [ -68.2831055, 70.2282715 ], [ -68.3271973, 70.1801758 ], [ -68.3186035, 70.160595700000016 ], [ -68.2104492, 70.128418 ], [ -68.2306641, 70.112207 ], [ -68.3050781, 70.0874023 ], [ -68.3912598, 70.0716309 ], [ -68.4893555, 70.0648438 ], [ -68.577832, 70.0304688 ], [ -68.6567383, 69.968457 ], [ -68.744043, 69.9414062 ], [ -68.8970215, 69.9527344 ], [ -69.0083008, 69.9789551 ], [ -68.8391113, 70.0799316 ], [ -68.7769531, 70.1010254 ], [ -68.723291, 70.1456543 ], [ -68.7346191, 70.179834 ], [ -68.7529297, 70.1991699 ], [ -68.7782227, 70.2035645 ], [ -68.9185547, 70.2069824 ], [ -69.2461914, 70.1851074 ], [ -69.4830078, 70.1600586 ], [ -69.6345703, 70.1287598 ], [ -69.7958496, 70.0469238 ], [ -69.913085900000013, 70.0290527 ], [ -70.0577148, 70.042627 ], [ -70.0614258, 70.0708496 ], [ -69.6989746, 70.1893066 ], [ -69.4356934, 70.253125 ], [ -69.2987305, 70.2768066 ], [ -69.0794434, 70.2891602 ], [ -68.8429199, 70.3144531 ], [ -68.7936523, 70.3244141 ], [ -68.6428223, 70.3832031 ], [ -68.561328100000011, 70.4056641 ], [ -68.4825684, 70.414843800000014 ], [ -68.4166504, 70.4399902 ], [ -68.3635254, 70.48125 ], [ -68.358252, 70.5229004 ], [ -68.4008301, 70.5649902 ], [ -68.4466797, 70.5940918 ], [ -68.495752, 70.6102539 ], [ -68.890722700000012, 70.6871094 ], [ -69.0657227, 70.728076200000018 ], [ -69.1687012, 70.7641602 ], [ -69.2890625, 70.7834473 ], [ -69.3953613, 70.7892578 ], [ -69.5601074, 70.7771484 ], [ -69.6955078, 70.7858887 ], [ -69.7957031, 70.8345703 ], [ -69.9498047, 70.8450195 ], [ -70.0847168, 70.829541 ], [ -70.3372559, 70.7878418 ], [ -70.5609375, 70.7382812 ], [ -70.850537100000011, 70.6436035 ], [ -70.9797852, 70.5810547 ], [ -71.0452637, 70.519043 ], [ -71.3130859, 70.2093262 ], [ -71.405127, 70.1286621 ], [ -71.4294434, 70.1277832 ], [ -71.2795898, 70.4251953 ], [ -71.2758789, 70.500293 ], [ -71.3248535, 70.5311523 ], [ -71.3750977, 70.5484375 ], [ -71.4266602, 70.5520996 ], [ -71.4766602, 70.544043 ], [ -71.5649902, 70.5056641 ], [ -71.6836914, 70.4175781 ], [ -71.7272461, 70.3952148 ], [ -71.7723633, 70.3941895 ], [ -71.8901855, 70.431543 ], [ -71.8001465, 70.4570312 ], [ -71.7293945, 70.487695300000013 ], [ -71.6584473, 70.5335449 ], [ -71.5859375, 70.5658691 ], [ -71.3804687, 70.605957 ], [ -71.1917969, 70.6297852 ], [ -71.0217773, 70.6741211 ], [ -70.7617188, 70.7922363 ], [ -70.6552246, 70.8708984 ], [ -70.6391113, 70.9024414 ], [ -70.6364746, 71.0065918 ], [ -70.6726562, 71.0521973 ], [ -70.7924805, 71.1033203 ], [ -70.8260742, 71.1087402 ], [ -70.8880371, 71.0990234 ], [ -71.0453613, 71.05 ], [ -71.1862305, 70.9780273 ], [ -71.3708496, 70.9751465 ], [ -71.7425293, 71.046875 ], [ -72.0091797, 71.0134277 ], [ -72.15, 70.9406738 ], [ -72.2239258, 70.870166 ], [ -72.3125488, 70.8325195 ], [ -72.6327148, 70.8307617 ], [ -72.5980469, 70.8492188 ], [ -72.4491211, 70.884082 ], [ -72.2977051, 70.9388184 ], [ -72.023877, 71.065332 ], [ -71.9379395, 71.0942871 ], [ -71.8561523, 71.1047852 ], [ -71.5930664, 71.086377 ], [ -71.4950195, 71.105127 ], [ -71.396582, 71.146875 ], [ -71.2193848, 71.2388184 ], [ -71.1865234, 71.2787109 ], [ -71.2293945, 71.3387695 ], [ -71.2560547, 71.3618164 ], [ -71.332959, 71.4034668 ], [ -71.4599121, 71.4637207 ], [ -71.6406738, 71.5162598 ], [ -71.875195300000016, 71.5612305 ], [ -72.1165039, 71.5927734 ], [ -72.3645996, 71.6109863 ], [ -72.5192871, 71.615625 ], [ -72.5806152, 71.6067871 ], [ -72.7030273, 71.6401367 ], [ -72.9019531, 71.6777832 ], [ -73.1868164, 71.5648926 ], [ -73.2782227, 71.5379883 ], [ -73.3104492, 71.4842773 ], [ -73.1921875, 71.3498535 ], [ -73.1806152, 71.2828613 ], [ -73.2624023, 71.3224609 ], [ -73.3978027, 71.3734375 ], [ -73.4815918, 71.479248 ], [ -73.621679700000016, 71.5255371 ], [ -73.7128418, 71.5875977 ], [ -73.8508789, 71.5191406 ], [ -73.9725098, 71.4728516 ], [ -74.0633301, 71.4264648 ], [ -74.1972656, 71.4041504 ], [ -73.8686035, 71.5993652 ], [ -73.7135742, 71.719873 ], [ -73.707226600000013, 71.7463379 ], [ -73.8140625, 71.77143550000001 ], [ -73.8666016, 71.7710449 ], [ -73.9920898, 71.7496094 ], [ -74.1390625, 71.6822266 ], [ -74.4041016, 71.6725098 ], [ -74.4880859, 71.6483887 ], [ -74.5995605, 71.5848633 ], [ -74.6953125, 71.4694336 ], [ -74.7589355, 71.3381348 ], [ -74.9961914, 71.2181152 ], [ -75.0353516, 71.2305176 ], [ -74.9312988, 71.3140625 ], [ -74.8407227, 71.4065918 ], [ -74.8344727, 71.4505859 ], [ -74.8683105, 71.5047363 ], [ -74.8289551, 71.5708984 ], [ -74.707373, 71.6469238 ], [ -74.7007812, 71.6755859 ], [ -74.9594727, 71.6674805 ], [ -75.1910645, 71.6916016 ], [ -75.2047852, 71.7091309 ], [ -74.8929688, 71.7255371 ], [ -74.7890625, 71.7419922 ], [ -74.6214844, 71.7862793 ], [ -74.3157227, 71.8426758 ], [ -74.2482422, 71.8936523 ], [ -74.2125977, 71.9386719 ], [ -74.2093262, 71.9786621 ], [ -74.2663574, 72.0376953 ], [ -74.2929688, 72.0505859 ], [ -74.3774414, 72.0665527 ], [ -74.5196777, 72.0856445 ], [ -74.6949219, 72.0969238 ], [ -74.9031738, 72.1004883 ], [ -75.1476562, 72.0629883 ], [ -75.4283691, 71.984375 ], [ -75.5999023, 71.918457 ], [ -75.6933594, 71.8385742 ], [ -75.8220703, 71.7458984 ], [ -75.8968262, 71.7137207 ], [ -75.9228027, 71.7172363 ], [ -75.9112793, 71.7312988 ], [ -75.7874023, 71.8030762 ], [ -75.6409668, 71.9371582 ], [ -75.5427734, 72.007959 ], [ -75.3941406, 72.0397949 ], [ -75.0526855, 72.2263672 ], [ -75.0398437, 72.2695801 ], [ -75.0714844, 72.3228516 ], [ -75.1200684, 72.3777344 ], [ -75.185791, 72.4342285 ], [ -75.2942383, 72.4808594 ], [ -75.7042969, 72.5715332 ], [ -75.8332031, 72.5765137 ], [ -75.96875, 72.5627441 ], [ -76.0873047, 72.5613281 ], [ -76.1887695, 72.5722168 ], [ -76.4732422, 72.6333496 ], [ -76.6979492, 72.6950684 ], [ -76.8935059, 72.7206543 ], [ -77.2553711, 72.7358887 ], [ -77.5667969, 72.7368652 ], [ -77.7532227, 72.7247559 ], [ -78.0010254, 72.6875977 ], [ -78.3502441, 72.6001953 ], [ -78.4224121, 72.5715332 ], [ -78.4588379, 72.542334 ], [ -78.4794922, 72.5087402 ], [ -78.4842773, 72.4706055 ], [ -78.4530762, 72.4352051 ], [ -78.287207, 72.3598145 ], [ -77.9261719, 72.2938477 ], [ -77.694482400000012, 72.2384277 ], [ -77.5357422, 72.21875 ], [ -77.5165039, 72.1777832 ], [ -77.7260254, 72.1799805 ], [ -78.1163574, 72.2803223 ], [ -78.3074707, 72.2751465 ], [ -78.4288086, 72.2797852 ], [ -78.5824707, 72.3293457 ], [ -78.6992676, 72.351416 ], [ -78.8201172, 72.2654297 ], [ -78.8627441, 72.10083010000001 ], [ -78.7908203, 72.0302734 ], [ -78.7111328, 71.9724121 ], [ -78.6225586, 71.9349609 ], [ -78.5888672, 71.8975098 ], [ -78.5851074, 71.8806152 ], [ -78.6144531, 71.8810059 ], [ -78.7759277, 71.9303711 ], [ -79.0078125, 72.0429199 ], [ -79.0177734, 72.1043457 ], [ -79.0179688, 72.1882324 ], [ -79.0002441, 72.2720215 ], [ -79.1943848, 72.3557129 ], [ -79.3233398, 72.3908203 ], [ -79.4274414, 72.3373047 ], [ -79.5836914, 72.3146484 ], [ -79.6538574, 72.332177700000017 ], [ -79.6933105, 72.3759277 ], [ -79.777880900000014, 72.4387207 ], [ -79.8312988, 72.4462891 ], [ -79.926709, 72.4281738 ], [ -80.0417969, 72.3942383 ], [ -80.0669922, 72.378320300000013 ], [ -80.1089355, 72.332177700000017 ], [ -80.090918, 72.3008789 ], [ -79.884375, 72.1771973 ], [ -79.9283203, 72.1749512 ], [ -80.1161133, 72.2140625 ], [ -80.1819336, 72.2087891 ], [ -80.3861328, 72.1487793 ], [ -80.7054199, 71.9881348 ], [ -80.8022461, 71.9291992 ], [ -80.8584473, 71.9114258 ], [ -80.9251465, 71.907666 ], [ -80.9479004, 71.9165527 ], [ -80.9268066, 71.9380859 ], [ -80.9250488, 71.9707031 ], [ -80.942675799999989, 72.0143555 ], [ -80.9414062, 72.0482422 ], [ -80.9210938, 72.0723145 ], [ -80.8883789, 72.0882812 ], [ -80.8432617, 72.0961914 ], [ -80.733252, 72.0890137 ], [ -80.6914062, 72.1034668 ], [ -80.9193359, 72.1912598 ], [ -80.9412109, 72.2101562 ], [ -80.8214844, 72.2602539 ], [ -80.702441400000012, 72.3382812 ], [ -80.6046875, 72.4257812 ], [ -80.6114746, 72.4508301 ], [ -80.760791, 72.4571777 ], [ -81.2405762, 72.2779297 ], [ -81.2293457, 72.3117188 ], [ -80.9987305, 72.4262207 ], [ -80.6750977, 72.5586426 ], [ -80.4243164, 72.6789062 ], [ -80.3226562, 72.7174805 ], [ -80.274707, 72.7455566 ], [ -80.2772461, 72.770166 ], [ -80.4308105, 72.8162598 ], [ -80.5009277, 72.8565918 ], [ -80.5918945, 72.9276855 ], [ -80.6191406, 72.997168 ], [ -80.5827637, 73.0649414 ], [ -80.6034668, 73.1211914 ], [ -80.6811523, 73.1658203 ], [ -80.8217285, 73.2071777 ], [ -81.0251465, 73.2452148 ], [ -81.1517578, 73.3140137 ], [ -81.2383301, 73.479541 ], [ -81.3440918, 73.5977539 ], [ -81.4061523, 73.6345215 ], [ -81.6053711, 73.6959961 ], [ -81.9461426, 73.729834 ], [ -82.2027832, 73.7364746 ], [ -82.6596191, 73.7295898 ], [ -82.8433105, 73.7154297 ], [ -82.9432129, 73.6991211 ], [ -83.020459, 73.6760254 ], [ -83.4103516, 73.6316895 ], [ -83.729834, 73.5758789 ], [ -83.9040527, 73.5283203 ], [ -83.9149902, 73.5083984 ], [ -83.7765137, 73.4284668 ], [ -83.7818848, 73.4168945 ], [ -84.088964800000014, 73.459375 ], [ -84.4160645, 73.4564941 ], [ -84.6160645, 73.3895508 ], [ -85.0184082, 73.335498 ], [ -85.4547363, 73.1054688 ], [ -85.3838867, 73.0454102 ], [ -85.094043, 73.0026367 ], [ -84.2742676, 72.8364258 ], [ -84.2566406, 72.7967285 ], [ -84.989550799999989, 72.919873 ], [ -85.2621094, 72.9540039 ], [ -85.3875977, 72.9450195 ], [ -85.454785199999989, 72.9251465 ], [ -85.5746094, 72.8563965 ], [ -85.6194336, 72.8191895 ], [ -85.6445312, 72.7744629 ], [ -85.6499023, 72.722168 ], [ -85.6378906, 72.6332031 ], [ -85.6155762, 72.6046387 ], [ -85.5537109, 72.5686035 ], [ -85.4977539, 72.5105957 ], [ -85.3913086, 72.4439941 ], [ -85.341113299999989, 72.4215332 ], [ -85.1563965, 72.3829102 ], [ -85.0568359, 72.384375 ], [ -84.9641602, 72.4056152 ], [ -84.8494141, 72.40625 ], [ -84.6230469, 72.3765625 ], [ -84.6446777, 72.351416 ], [ -84.8110352, 72.329541 ], [ -84.8419922, 72.3081543 ], [ -84.777539100000013, 72.2587891 ], [ -84.6429688, 72.1895508 ], [ -84.3474609, 72.0944336 ], [ -84.2823242, 72.0584473 ], [ -84.2837402, 72.0444824 ], [ -84.3516602, 72.0526367 ], [ -84.6084961, 72.1294922 ], [ -85.01875, 72.2181641 ], [ -85.321875, 72.2331543 ], [ -85.4059082, 72.2148438 ], [ -85.5458008, 72.1015625 ], [ -85.6647949, 72.062793 ], [ -85.8621094, 72.0219727 ], [ -85.9116211, 71.9865234 ], [ -85.8133301, 71.9564453 ], [ -85.5961914, 71.8664062 ], [ -85.5115234, 71.8165527 ], [ -85.3966797, 71.7270508 ], [ -85.339062500000011, 71.6972656 ], [ -85.2504883, 71.675293 ], [ -85.1309082, 71.6612305 ], [ -85.0322266, 71.6540527 ], [ -84.8401367, 71.6586426 ], [ -84.6994141, 71.6314453 ], [ -84.6599609, 71.5861328 ], [ -84.6581055, 71.5145996 ], [ -84.6743164, 71.4387695 ], [ -84.7085937, 71.3586914 ], [ -84.789599600000017, 71.0932617 ], [ -84.8237305, 71.0286133 ], [ -84.8703125, 71.0018066 ], [ -84.9884766, 71.0317383 ], [ -85.0476562, 71.0586914 ], [ -85.0657715, 71.0786133 ], [ -85.0427734, 71.0916016 ], [ -85.0015625, 71.1374512 ], [ -85.094873, 71.1519531 ], [ -85.6438477, 71.1524414 ], [ -85.8245605, 71.1257324 ], [ -86.1271484, 71.0489746 ], [ -86.3212891, 71.0167969 ], [ -86.5496582, 70.9887695 ], [ -86.589355500000011, 71.010791 ], [ -86.4732422, 71.042627 ] ] ], [ [ [ -61.7455078, 49.105761699999988 ], [ -61.696142599999988, 49.1390137 ], [ -61.7358398, 49.2037598 ], [ -61.8171387, 49.2835449 ], [ -62.0430664, 49.3897949 ], [ -62.1330078, 49.4070801 ], [ -62.6334473, 49.6239258 ], [ -62.8585449, 49.7054687 ], [ -63.0888184, 49.7727051 ], [ -63.291992199999989, 49.8168457 ], [ -63.7601562, 49.8752441 ], [ -64.1314453, 49.9416504 ], [ -64.24375, 49.9443848 ], [ -64.3729492, 49.925927699999988 ], [ -64.4852051, 49.8869629 ], [ -64.4400391, 49.8277344 ], [ -63.884912099999987, 49.6577148 ], [ -63.7766113, 49.602002 ], [ -63.6762207, 49.5343262 ], [ -63.6258789, 49.4599121 ], [ -63.5658691, 49.3993164 ], [ -63.0415039, 49.2249512 ], [ -62.7996094, 49.1707031 ], [ -62.5526367, 49.1408691 ], [ -62.2195312, 49.0791016 ], [ -61.801123, 49.0938965 ], [ -61.7455078, 49.105761699999988 ] ] ], [ [ [ -63.8335937, 46.4938965 ], [ -63.9055664, 46.5087891 ], [ -63.8756348, 46.5386719 ], [ -63.8637207, 46.5723633 ], [ -63.8792969, 46.6089844 ], [ -63.9030273, 46.6391113 ], [ -64.0878906, 46.7754395 ], [ -63.9814941, 46.9129883 ], [ -63.9972656, 46.9817383 ], [ -63.9935547, 47.0615723 ], [ -64.1569336, 46.9548828 ], [ -64.2232422, 46.9012695 ], [ -64.2799805, 46.8357422 ], [ -64.3545898, 46.7692383 ], [ -64.403125, 46.6916016 ], [ -64.3880371, 46.6408691 ], [ -64.2356445, 46.6314453 ], [ -64.1360352, 46.599707 ], [ -64.106543, 46.5621094 ], [ -64.1108398, 46.4254395 ], [ -64.0197266, 46.404834 ], [ -63.8605469, 46.4081543 ], [ -63.758642599999988, 46.3976074 ], [ -63.7505371, 46.384375 ], [ -63.7632324, 46.3703613 ], [ -63.8005371, 46.367334 ], [ -63.7317871, 46.2890625 ], [ -63.641015599999989, 46.2304688 ], [ -63.568896499999987, 46.2092285 ], [ -63.2766113, 46.1532715 ], [ -63.2134766, 46.1598633 ], [ -63.1527832, 46.1883301 ], [ -63.2708008, 46.2 ], [ -63.1947266, 46.2367187 ], [ -63.1169922, 46.252832 ], [ -63.0568848, 46.2953613 ], [ -62.9784668, 46.3163574 ], [ -62.9951172, 46.2921387 ], [ -63.0529297, 46.269824199999988 ], [ -63.0563477, 46.2239258 ], [ -63.0150391, 46.1899414 ], [ -62.9526367, 46.195166 ], [ -62.8945313, 46.123584 ], [ -63.0220703, 46.0666016 ], [ -62.9946289, 46.0584473 ], [ -62.9035156, 46.0682617 ], [ -62.8783691, 46.0013672 ], [ -62.8048828, 45.9731934 ], [ -62.7431641, 45.966894499999988 ], [ -62.5313477, 45.9772949 ], [ -62.4780762, 45.999707 ], [ -62.5025879, 46.0229492 ], [ -62.5432617, 46.0286621 ], [ -62.539209, 46.0979492 ], [ -62.552002, 46.165918 ], [ -62.5260742, 46.2028809 ], [ -62.3199707, 46.2783203 ], [ -62.1717773, 46.3553711 ], [ -62.0237305, 46.421582 ], [ -62.0408691, 46.4457031 ], [ -62.0742676, 46.4657227 ], [ -62.1635742, 46.487207 ], [ -62.4230957, 46.4782715 ], [ -62.6819336, 46.4594238 ], [ -62.7120117, 46.450293 ], [ -62.9640137, 46.4277344 ], [ -63.1293945, 46.4222168 ], [ -63.286084, 46.4602051 ], [ -63.3686523, 46.508252 ], [ -63.4131348, 46.5120117 ], [ -63.4564941, 46.5039062 ], [ -63.534375, 46.540625 ], [ -63.6814453, 46.5619141 ], [ -63.7370117, 46.4805176 ], [ -63.7842285, 46.4546387 ], [ -63.8112793, 46.4687012 ], [ -63.8335937, 46.4938965 ] ] ], [ [ [ -82.0476074, 62.9705566 ], [ -82.129248, 62.9776855 ], [ -82.2347656, 62.9774414 ], [ -82.45971680000001, 62.9361816 ], [ -82.7064453, 62.9445312 ], [ -82.9657715, 62.8739258 ], [ -83.0262695, 62.8720703 ], [ -83.1109375, 62.8841309 ], [ -83.2894531, 62.921582 ], [ -83.376416, 62.9049316 ], [ -83.7390625, 62.5688477 ], [ -83.8992676, 62.4764648 ], [ -83.910498, 62.4541504 ], [ -83.9124023, 62.4255371 ], [ -83.903125, 62.4024902 ], [ -83.7609375, 62.3035156 ], [ -83.7286133, 62.2571777 ], [ -83.7144043, 62.173584 ], [ -83.698877, 62.1602539 ], [ -83.3768066, 62.2381348 ], [ -83.2523926, 62.232959 ], [ -83.1296875, 62.2041016 ], [ -83.0713867, 62.2003906 ], [ -83.0158203, 62.2099121 ], [ -82.5682617, 62.4032227 ], [ -82.4909668, 62.446582 ], [ -82.3880371, 62.5191406 ], [ -82.1137207, 62.6522461 ], [ -82.0258301, 62.7300781 ], [ -81.9901855, 62.7763184 ], [ -81.9644043, 62.8276367 ], [ -81.948584, 62.8840332 ], [ -81.9605469, 62.9262207 ], [ -82.0004883, 62.9541992 ], [ -82.0476074, 62.9705566 ] ] ], [ [ [ -79.5976562, 62.4132324 ], [ -79.6495605, 62.398291 ], [ -79.7125488, 62.3950195 ], [ -79.8680664, 62.4043457 ], [ -79.9267578, 62.3928711 ], [ -80.021582, 62.3429687 ], [ -80.1785645, 62.212793 ], [ -80.234668, 62.1526855 ], [ -80.2600586, 62.1090332 ], [ -80.2750977, 62.0546387 ], [ -80.279834, 61.989502 ], [ -80.2761719, 61.8585938 ], [ -80.2651855, 61.8182129 ], [ -80.2049316, 61.7772461 ], [ -80.0919922, 61.7468262 ], [ -80.0041504, 61.702539099999989 ], [ -79.8963379, 61.630127 ], [ -79.8161133, 61.5946289 ], [ -79.7633301, 61.5959473 ], [ -79.7142578, 61.6125488 ], [ -79.66875, 61.6444336 ], [ -79.6113281, 61.7096191 ], [ -79.5418457, 61.8080078 ], [ -79.4621582, 61.8940918 ], [ -79.3722656, 61.9677734 ], [ -79.3239258, 62.0260742 ], [ -79.3064453, 62.1035156 ], [ -79.2720215, 62.1859863 ], [ -79.2864746, 62.2476562 ], [ -79.3360352, 62.2937012 ], [ -79.4662109, 62.3845215 ], [ -79.5453125, 62.4117187 ], [ -79.5976562, 62.4132324 ] ] ], [ [ [ -75.8665039, 68.3368164 ], [ -75.9827637, 68.3323242 ], [ -76.088281200000011, 68.3138184 ], [ -76.1728027, 68.308789100000013 ], [ -76.3644531, 68.3187012 ], [ -76.5958008, 68.2789551 ], [ -76.6882324, 68.2543945 ], [ -76.7402344, 68.23125 ], [ -76.9447266, 68.0909668 ], [ -77.1258789, 67.9470703 ], [ -77.2285645, 67.8500977 ], [ -77.3059082, 67.7061035 ], [ -77.3043945, 67.6851074 ], [ -77.2242187, 67.5082031 ], [ -77.1570801, 67.4083496 ], [ -77.0759277, 67.3196289 ], [ -77.0048828, 67.2669434 ], [ -76.9441895, 67.250293 ], [ -76.8588379, 67.2404785 ], [ -76.6939453, 67.2358398 ], [ -76.3327637, 67.2581055 ], [ -76.0489746, 67.2620117 ], [ -75.7800781, 67.2835449 ], [ -75.4000977, 67.3666992 ], [ -75.314502, 67.4004395 ], [ -75.2019531, 67.4591797 ], [ -75.1272949, 67.5373047 ], [ -75.0905273, 67.6347656 ], [ -75.086377, 67.751416 ], [ -75.1273438, 67.9652344 ], [ -75.123877, 67.9852539 ], [ -75.0728516, 68.0490234 ], [ -75.0623535, 68.0753906 ], [ -75.0634766, 68.1412109 ], [ -75.078125, 68.1731445 ], [ -75.103125, 68.2019043 ], [ -75.1538086, 68.234033200000013 ], [ -75.6758789, 68.3225098 ], [ -75.8665039, 68.3368164 ] ] ], [ [ [ -79.8893555, 73.7015137 ], [ -80.1202637, 73.7070801 ], [ -80.4123047, 73.7654297 ], [ -80.6213867, 73.767334 ], [ -80.7627441, 73.7577637 ], [ -80.8228516, 73.743457 ], [ -80.848877, 73.7212402 ], [ -80.8607422, 73.6705566 ], [ -80.8584961, 73.5914062 ], [ -80.827002, 73.534668 ], [ -80.7358398, 73.4831055 ], [ -80.7769531, 73.4819824 ], [ -80.797998, 73.4715332 ], [ -80.8229492, 73.4289551 ], [ -80.8241699, 73.3806641 ], [ -80.776416, 73.3341797 ], [ -80.7268555, 73.3054688 ], [ -80.6179199, 73.2708008 ], [ -80.2927246, 73.2456055 ], [ -80.1833008, 73.2246582 ], [ -80.1464355, 73.1613281 ], [ -80.1144531, 73.0782227 ], [ -80.0516113, 72.977002 ], [ -79.975293, 72.8924805 ], [ -79.9368652, 72.863623 ], [ -79.8207031, 72.8263184 ], [ -79.5005371, 72.755957 ], [ -79.3193359, 72.7577148 ], [ -79.1341797, 72.7716309 ], [ -78.5540527, 72.8577148 ], [ -78.314209, 72.881835900000013 ], [ -77.8359375, 72.8968262 ], [ -77.0135742, 72.8439941 ], [ -76.4005371, 72.8206543 ], [ -76.1833984, 72.8430664 ], [ -76.0899902, 72.8812012 ], [ -76.1350586, 72.9124023 ], [ -76.2552734, 72.9592285 ], [ -76.3095703, 72.9979004 ], [ -76.2895508, 73.0810059 ], [ -76.3311523, 73.1004883 ], [ -76.4584473, 73.121826200000015 ], [ -76.5697754, 73.1592773 ], [ -76.621582, 73.2253418 ], [ -76.6572754, 73.2541992 ], [ -76.7586914, 73.3100098 ], [ -77.0053223, 73.3560547 ], [ -77.0415039, 73.3730469 ], [ -77.1197754, 73.4504883 ], [ -77.206543, 73.4995605 ], [ -77.3821289, 73.5366699 ], [ -78.0629395, 73.6476562 ], [ -78.2865234, 73.6658203 ], [ -79.3667969, 73.6413574 ], [ -79.5373047, 73.6544922 ], [ -79.8893555, 73.7015137 ] ] ], [ [ [ -80.7095215, 52.7874023 ], [ -80.7104492, 52.8315918 ], [ -80.765332, 52.9232422 ], [ -80.9003906, 53.0371582 ], [ -81.1355957, 53.2058105 ], [ -81.3353516, 53.2242676 ], [ -81.8473145, 53.186279299999988 ], [ -81.9013672, 53.1655762 ], [ -81.951123, 53.132226599999989 ], [ -82.0392578, 53.0499023 ], [ -82.0050293, 53.010498 ], [ -81.8390625, 52.9579102 ], [ -81.3522461, 52.852002 ], [ -81.096582, 52.7798828 ], [ -81.0098633, 52.7606445 ], [ -80.8023437, 52.7339844 ], [ -80.7316895, 52.7472656 ], [ -80.7095215, 52.7874023 ] ] ], [ [ [ -78.761377, 56.1745117 ], [ -78.7101562, 56.2128906 ], [ -78.6728027, 56.260498 ], [ -78.6571777, 56.3173828 ], [ -78.66875, 56.438623 ], [ -78.7245117, 56.439209 ], [ -78.7618652, 56.4207031 ], [ -78.7994141, 56.3833008 ], [ -78.821582, 56.339648399999987 ], [ -78.828418, 56.2898438 ], [ -78.8568848, 56.2320801 ], [ -78.9070312, 56.166357399999988 ], [ -78.9138184, 56.1328125 ], [ -78.8772949, 56.1314453 ], [ -78.8265137, 56.1453125 ], [ -78.761377, 56.1745117 ] ] ], [ [ [ -78.9066406, 56.3204102 ], [ -78.9312012, 56.3279297 ], [ -78.9424316, 56.3449219 ], [ -78.940332, 56.3714355 ], [ -78.9631836, 56.4217285 ], [ -78.99497070000001, 56.4364258 ], [ -79.0777344, 56.4536133 ], [ -79.1002441, 56.4739258 ], [ -79.1235352, 56.5199707 ], [ -79.1551758, 56.5375977 ], [ -79.2104492, 56.5489258 ], [ -79.245752, 56.5682617 ], [ -79.2611328, 56.5956543 ], [ -79.2724121, 56.6004395 ], [ -79.3053223, 56.4630859 ], [ -79.3393555, 56.3763184 ], [ -79.392627, 56.2764648 ], [ -79.4583008, 56.211084 ], [ -79.5363281, 56.1800781 ], [ -79.5541992, 56.191992199999987 ], [ -79.5118164, 56.246582 ], [ -79.4762695, 56.3128418 ], [ -79.4320312, 56.4474609 ], [ -79.4353027, 56.5130371 ], [ -79.4476562, 56.5365723 ], [ -79.4588867, 56.5397461 ], [ -79.4689453, 56.5226074 ], [ -79.4679199, 56.4603516 ], [ -79.482373, 56.4038086 ], [ -79.5152832, 56.3265137 ], [ -79.5963379, 56.2444824 ], [ -79.7900391, 56.1141602 ], [ -80.0007812, 55.9320801 ], [ -80.008252, 55.9110352 ], [ -79.9875, 55.8921387 ], [ -79.9045898, 55.8710449 ], [ -79.7811035, 55.9405762 ], [ -79.5645508, 56.1209473 ], [ -79.5447266, 56.1283691 ], [ -79.4946777, 56.1149902 ], [ -79.4974609, 56.0931641 ], [ -79.7647461, 55.8067871 ], [ -79.6057129, 55.8756836 ], [ -79.5267578, 55.8706543 ], [ -79.4951172, 55.8747559 ], [ -79.4553223, 55.8961914 ], [ -79.4074219, 55.9348633 ], [ -79.2218262, 56.1759766 ], [ -79.1821289, 56.2121582 ], [ -79.1422852, 56.1807129 ], [ -79.136084, 56.1602539 ], [ -79.1422852, 56.1364258 ], [ -79.2736328, 55.9224609 ], [ -79.227832, 55.8785156 ], [ -79.1754883, 55.8850586 ], [ -79.0838867, 56.0678711 ], [ -79.0179688, 56.1649902 ], [ -78.9355957, 56.2660645 ], [ -78.9066406, 56.3204102 ] ] ], [ [ [ -79.6879395, 56.3268066 ], [ -79.6325684, 56.3865234 ], [ -79.5797363, 56.4663574 ], [ -79.6058594, 56.4588379 ], [ -79.6810059, 56.4039551 ], [ -79.7491699, 56.3765137 ], [ -79.8104004, 56.3765137 ], [ -79.8521484, 56.3671875 ], [ -79.8744629, 56.3484375 ], [ -80.0050781, 56.3179199 ], [ -80.0574707, 56.2873535 ], [ -80.0888672, 56.213867199999989 ], [ -80.028613299999989, 56.1994141 ], [ -79.9775879, 56.207031199999989 ], [ -79.6879395, 56.3268066 ] ] ], [ [ [ -89.7466797, 77.2925781 ], [ -89.7120117, 77.3104004 ], [ -89.6945801, 77.338964800000014 ], [ -89.6941895, 77.378125 ], [ -89.7194824, 77.442138700000015 ], [ -89.8389648, 77.4914062 ], [ -90.1719238, 77.5946777 ], [ -90.422753899999989, 77.6283691 ], [ -90.6748535, 77.6486328 ], [ -90.8425781, 77.6549805 ], [ -91.019043, 77.6438965 ], [ -91.1091309, 77.6257324 ], [ -91.149462899999989, 77.6080566 ], [ -91.182666, 77.5571777 ], [ -91.1850586, 77.481543 ], [ -91.1766113, 77.426269499999989 ], [ -91.1472656, 77.3873047 ], [ -90.993212899999989, 77.3294922 ], [ -90.2282715, 77.2124512 ], [ -90.0947266, 77.2104004 ], [ -89.833252, 77.267627 ], [ -89.7466797, 77.2925781 ] ] ], [ [ [ -104.493359399999989, 77.1623535 ], [ -104.4569824, 77.2208008 ], [ -104.4537109, 77.2491211 ], [ -104.5007812, 77.3085449 ], [ -104.5422363, 77.3377441 ], [ -104.7702148, 77.4132324 ], [ -104.9553223, 77.4187012 ], [ -104.9942871, 77.449658200000016 ], [ -105.0072266, 77.5067383 ], [ -105.073877, 77.548291 ], [ -105.2896484, 77.6420898 ], [ -105.456103500000012, 77.7009277 ], [ -105.5878906, 77.7359863 ], [ -105.8629883, 77.754394499999989 ], [ -106.0355957, 77.7398438 ], [ -106.0661133, 77.7253906 ], [ -105.8831543, 77.6265137 ], [ -105.8481445, 77.5634277 ], [ -105.7472168, 77.5253906 ], [ -105.6951172, 77.461377 ], [ -105.556347699999989, 77.3526367 ], [ -105.3799316, 77.254248 ], [ -105.2150879, 77.1820801 ], [ -105.0155762, 77.1645996 ], [ -104.711377, 77.1239746 ], [ -104.5581543, 77.141748 ], [ -104.493359399999989, 77.1623535 ] ] ], [ [ [ -98.8231934, 80.0373535 ], [ -98.8946777, 80.0817871 ], [ -99.0166016, 80.1111328 ], [ -99.1532227, 80.1242188 ], [ -99.4248535, 80.126416 ], [ -99.7312012, 80.1440918 ], [ -99.8027832, 80.1401367 ], [ -100.0532715, 80.0933594 ], [ -100.078515599999989, 80.0811035 ], [ -100.1203613, 80.0304199 ], [ -100.126025399999989, 80.0012695 ], [ -100.0924316, 79.9186523 ], [ -100.0568359, 79.8982422 ], [ -99.9999023, 79.8840332 ], [ -99.8574707, 79.8794922 ], [ -99.515625, 79.8871582 ], [ -99.3330078, 79.839550800000012 ], [ -99.30625, 79.8028809 ], [ -99.3017578, 79.784082 ], [ -99.218457, 79.7618652 ], [ -98.9452148, 79.7240723 ], [ -98.8852051, 79.7256836 ], [ -98.840625, 79.7370605 ], [ -98.7897949, 79.7854004 ], [ -98.7689453, 79.8508789 ], [ -98.7916016, 79.9811035 ], [ -98.8231934, 80.0373535 ] ] ], [ [ [ -105.200634799999989, 72.9473145 ], [ -105.0746094, 72.9970215 ], [ -105.0025879, 73.0375488 ], [ -104.9686523, 73.0886719 ], [ -104.7910156, 73.167627 ], [ -104.6217285, 73.3111328 ], [ -104.5828613, 73.3539062 ], [ -104.5523437, 73.4655762 ], [ -104.555078099999989, 73.5411133 ], [ -104.5875, 73.5780762 ], [ -104.6487793, 73.6144043 ], [ -104.7182617, 73.6362793 ], [ -104.834668, 73.6472656 ], [ -105.1144531, 73.7444336 ], [ -105.3179687, 73.7671387 ], [ -105.5123047, 73.7657715 ], [ -106.3621094, 73.7186035 ], [ -106.6139648, 73.6956055 ], [ -106.6948242, 73.6699219 ], [ -106.8310059, 73.5990723 ], [ -106.9496582, 73.5103516 ], [ -106.9215332, 73.479834 ], [ -106.750390599999989, 73.4577148 ], [ -106.5257324, 73.413378900000012 ], [ -106.1800293, 73.3041016 ], [ -106.1126465, 73.2581055 ], [ -106.0710449, 73.1963867 ], [ -105.8001465, 73.0933105 ], [ -105.572998, 72.9893066 ], [ -105.434082, 72.9379883 ], [ -105.3393555, 72.9148926 ], [ -105.288916, 72.9199219 ], [ -105.200634799999989, 72.9473145 ] ] ], [ [ [ -102.4256836, 76.0864258 ], [ -102.4900391, 76.0950684 ], [ -102.5361328, 76.1964355 ], [ -102.584082, 76.2816406 ], [ -102.7280273, 76.3070312 ], [ -103.0982422, 76.3114746 ], [ -103.5714355, 76.2582031 ], [ -104.0120605, 76.222998 ], [ -104.3506348, 76.1823242 ], [ -104.4060547, 76.1084961 ], [ -104.2424805, 76.0469727 ], [ -103.9845215, 76.0465332 ], [ -103.800781199999989, 76.0370117 ], [ -103.985253899999989, 75.9331055 ], [ -103.7697754, 75.8923828 ], [ -103.2015625, 75.9584961 ], [ -103.0415039, 75.9188477 ], [ -103.2447266, 75.8229492 ], [ -103.3147461, 75.764209 ], [ -102.9435547, 75.7634277 ], [ -102.5795898, 75.7802246 ], [ -102.511377, 75.8083984 ], [ -102.4234375, 75.8691895 ], [ -102.3181152, 75.895166 ], [ -102.0474609, 75.9277344 ], [ -102.0080078, 75.9394043 ], [ -102.0178711, 75.9535156 ], [ -102.2273437, 76.0148926 ], [ -102.4256836, 76.0864258 ] ] ], [ [ [ -103.9691895, 76.6141602 ], [ -103.959082, 76.6387695 ], [ -103.992480500000013, 76.6569824 ], [ -104.0745117, 76.6661133 ], [ -104.205127, 76.6661133 ], [ -104.500390599999989, 76.6303711 ], [ -104.585693400000011, 76.6064941 ], [ -104.6030273, 76.5827148 ], [ -104.5766113, 76.5401855 ], [ -104.5064453, 76.4789551 ], [ -104.407666, 76.3651367 ], [ -104.3575195, 76.3346191 ], [ -104.2706543, 76.3262695 ], [ -103.472216800000012, 76.3290527 ], [ -103.311377, 76.3475586 ], [ -103.1995117, 76.3708496 ], [ -103.082959, 76.4051758 ], [ -103.03354490000001, 76.4314941 ], [ -103.0513184, 76.4498535 ], [ -103.1901367, 76.4774414 ], [ -103.5846191, 76.5388672 ], [ -103.6131348, 76.5634277 ], [ -103.7227539, 76.6010742 ], [ -103.8210938, 76.5975098 ], [ -103.9734863, 76.5775879 ], [ -104.0228516, 76.583105500000016 ], [ -103.9691895, 76.6141602 ] ] ], [ [ [ -118.226513699999984, 75.6111816 ], [ -117.8908203, 75.8054688 ], [ -117.7159668, 75.9211426 ], [ -117.6263672, 75.9659668 ], [ -117.4991211, 76.0771973 ], [ -117.512597699999986, 76.0994141 ], [ -117.633691399999989, 76.1150879 ], [ -117.7524902, 76.1124512 ], [ -117.8893555, 76.0760742 ], [ -118.1366699, 75.9944824 ], [ -118.3790039, 75.957959 ], [ -118.6260742, 75.90625 ], [ -119.0034668, 75.7695801 ], [ -119.226806599999989, 75.6986328 ], [ -119.320166, 75.6625488 ], [ -119.3945801, 75.617334 ], [ -119.383252, 75.6010254 ], [ -119.3060547, 75.5853516 ], [ -119.0866699, 75.5693359 ], [ -118.8171387, 75.5221191 ], [ -118.6138672, 75.5154297 ], [ -118.328125, 75.5796875 ], [ -118.226513699999984, 75.6111816 ] ] ], [ [ [ -113.7258301, 77.7757812 ], [ -113.6193848, 77.8134766 ], [ -113.6179199, 77.8324219 ], [ -113.6966797, 77.8689453 ], [ -113.7213867, 77.8898926 ], [ -113.7680176, 77.9035645 ], [ -113.8977539, 77.9155762 ], [ -114.087207, 77.9779297 ], [ -114.180957, 77.9982422 ], [ -114.279834, 78.0042969 ], [ -114.3028809, 78.0327148 ], [ -114.296875, 78.0631836 ], [ -114.3303711, 78.0775391 ], [ -114.6068848, 78.040332 ], [ -114.726464799999988, 78.0155273 ], [ -114.789502, 77.9929199 ], [ -114.8904297, 77.9769043 ], [ -115.029345699999979, 77.9675293 ], [ -114.9804199, 77.9154297 ], [ -114.6083496, 77.7693359 ], [ -114.287207, 77.7214844 ], [ -114.1059082, 77.7207031 ], [ -113.8324707, 77.7546387 ], [ -113.7258301, 77.7757812 ] ] ], [ [ [ -130.805127, 54.5437988 ], [ -130.7633789, 54.576709 ], [ -130.753418, 54.599707 ], [ -130.7580078, 54.6137695 ], [ -130.777050799999984, 54.6188965 ], [ -130.9068359, 54.6317871 ], [ -130.9217773, 54.6148926 ], [ -130.9534668, 54.5418457 ], [ -130.9590332, 54.4986816 ], [ -130.950293, 54.4777832 ], [ -130.9271484, 54.4790527 ], [ -130.805127, 54.5437988 ] ] ], [ [ [ -131.010644499999984, 52.0952637 ], [ -131.098095699999988, 52.1506348 ], [ -131.1071289, 52.1365723 ], [ -131.117334, 52.1010254 ], [ -131.103418, 52.0138672 ], [ -131.0805176, 51.9804199 ], [ -131.0472656, 51.9597168 ], [ -131.0292969, 51.9616211 ], [ -131.010644499999984, 52.0952637 ] ] ], [ [ [ -130.2984863, 54.0356445 ], [ -130.315869099999986, 54.0469238 ], [ -130.3973145, 54.0856934 ], [ -130.447998, 54.0890137 ], [ -130.494628899999981, 54.0741699 ], [ -130.6469238, 53.9912598 ], [ -130.6957031, 53.951269499999988 ], [ -130.707275399999986, 53.9214844 ], [ -130.7031738, 53.8922363 ], [ -130.683447299999983, 53.8634766 ], [ -130.6635742, 53.8475586 ], [ -130.643701199999981, 53.8445312 ], [ -130.63789060000002, 53.8600098 ], [ -130.6462891, 53.894043 ], [ -130.641845700000033, 53.9211426 ], [ -130.6246094, 53.9414062 ], [ -130.589843799999983, 53.9402832 ], [ -130.5375, 53.9178711 ], [ -130.4702637, 53.8617676 ], [ -130.40722660000003, 53.8555176 ], [ -130.3842285, 53.8439453 ], [ -130.3375488, 53.8662598 ], [ -130.2672363, 53.9226074 ], [ -130.2362793, 53.9585449 ], [ -130.2984863, 54.0356445 ] ] ], [ [ [ -129.768945299999984, 53.2172852 ], [ -129.754834, 53.2447754 ], [ -129.9447266, 53.436377 ], [ -130.035400399999986, 53.4811035 ], [ -130.1950195, 53.5496582 ], [ -130.394824199999988, 53.6204102 ], [ -130.452002, 53.631152299999989 ], [ -130.51757809999998, 53.5442383 ], [ -130.410742199999987, 53.4908203 ], [ -130.3056641, 53.407373 ], [ -130.151416, 53.3457031 ], [ -129.934375, 53.1766602 ], [ -129.8685547, 53.164502 ], [ -129.848584, 53.1679199 ], [ -129.768945299999984, 53.2172852 ] ] ], [ [ [ -130.535498, 54.7487305 ], [ -130.3494141, 54.8145508 ], [ -130.2039062, 54.9470215 ], [ -130.214062499999983, 55.0258789 ], [ -130.3125488, 54.9459473 ], [ -130.4932617, 54.8341797 ], [ -130.5753418, 54.7696777 ], [ -130.535498, 54.7487305 ] ] ], [ [ [ -128.632666, 53.1125 ], [ -128.7403809, 53.1788574 ], [ -128.8577148, 53.2285645 ], [ -128.9702148, 53.2743652 ], [ -129.033252, 53.2799316 ], [ -129.0603516, 53.240625 ], [ -129.084082, 53.1396973 ], [ -129.111084, 53.0906738 ], [ -129.1776855, 53.0179199 ], [ -129.184326199999987, 52.9906738 ], [ -129.175927699999988, 52.9649414 ], [ -129.094873, 52.8918457 ], [ -129.0847168, 52.8224609 ], [ -129.0228516, 52.755957 ], [ -128.8998047, 52.6738281 ], [ -128.831201199999981, 52.6788086 ], [ -128.769628899999987, 52.7512207 ], [ -128.746337899999986, 52.7633789 ], [ -128.7664551, 52.5983887 ], [ -128.7494141, 52.5560547 ], [ -128.7355469, 52.4677246 ], [ -128.730908199999988, 52.356543 ], [ -128.6789551, 52.2896484 ], [ -128.6240234, 52.3398926 ], [ -128.5768066, 52.4518066 ], [ -128.5099121, 52.5186035 ], [ -128.506543, 52.6207031 ], [ -128.5524414, 52.9397461 ], [ -128.632666, 53.1125 ] ] ], [ [ [ -126.1152832, 49.3650391 ], [ -126.2085449, 49.3797852 ], [ -126.2314453, 49.3390625 ], [ -126.2296387, 49.2956543 ], [ -126.186816400000012, 49.278125 ], [ -126.0640137, 49.263623 ], [ -126.0920898, 49.3540039 ], [ -126.1152832, 49.3650391 ] ] ], [ [ [ -124.3091309, 49.6672852 ], [ -124.4214844, 49.7277832 ], [ -124.547168, 49.7649414 ], [ -124.623291, 49.775097699999989 ], [ -124.6498535, 49.7583496 ], [ -124.630957, 49.7356934 ], [ -124.5178223, 49.6863281 ], [ -124.4939453, 49.6674805 ], [ -124.4572266, 49.6342285 ], [ -124.362304699999981, 49.5881836 ], [ -124.1397949, 49.5103516 ], [ -124.1536621, 49.5311523 ], [ -124.3091309, 49.6672852 ] ] ], [ [ [ -126.6257812, 49.6268066 ], [ -126.6281738, 49.6751465 ], [ -126.6499023, 49.7458008 ], [ -126.698144500000012, 49.8084961 ], [ -126.738134799999983, 49.8436523 ], [ -126.8260742, 49.8723633 ], [ -126.925830099999985, 49.8377441 ], [ -126.896875, 49.7829102 ], [ -126.9048828, 49.762793 ], [ -126.9400391, 49.7504883 ], [ -126.951269499999981, 49.735693399999988 ], [ -126.9385742, 49.718457 ], [ -126.814209, 49.6420898 ], [ -126.7434082, 49.6134766 ], [ -126.6804199, 49.6013672 ], [ -126.6412109, 49.6058105 ], [ -126.6257812, 49.6268066 ] ] ], [ [ [ -125.112988300000012, 50.1634766 ], [ -125.0740234, 50.2206543 ], [ -125.0914062, 50.2677734 ], [ -125.1264648, 50.3202637 ], [ -125.139502, 50.3396973 ], [ -125.195996099999988, 50.3897461 ], [ -125.2609375, 50.4178223 ], [ -125.3011719, 50.4140625 ], [ -125.3453125, 50.3539551 ], [ -125.3584473, 50.3115234 ], [ -125.2595703, 50.1300293 ], [ -125.1951172, 50.0443359 ], [ -125.1841309, 50.0971191 ], [ -125.112988300000012, 50.1634766 ] ] ], [ [ [ -128.940332, 52.6007324 ], [ -128.993994099999981, 52.6617187 ], [ -129.1861816, 52.7912598 ], [ -129.215039099999984, 52.8038574 ], [ -129.245947299999983, 52.8112305 ], [ -129.2635254, 52.8007812 ], [ -129.267773399999982, 52.7723633 ], [ -129.250488300000029, 52.722168 ], [ -129.15102539999998, 52.6053223 ], [ -129.1023438, 52.5743652 ], [ -128.9687012, 52.4642578 ], [ -128.9368652, 52.5100098 ], [ -128.940332, 52.6007324 ] ] ], [ [ [ -127.9163086, 51.5062012 ], [ -127.9163574, 51.5854492 ], [ -127.932519500000012, 51.6054688 ], [ -127.9868164, 51.673584 ], [ -127.998681599999983, 51.7038086 ], [ -128.0317383, 51.7083984 ], [ -128.1227539, 51.6667969 ], [ -128.1423828, 51.646582 ], [ -128.1487793, 51.626709 ], [ -128.0917969, 51.5111328 ], [ -128.0445312, 51.4740234 ], [ -127.98125, 51.4572266 ], [ -127.941259800000012, 51.4571777 ], [ -127.9246582, 51.473877 ], [ -127.9163086, 51.5062012 ] ] ], [ [ [ -128.3435547, 52.4260742 ], [ -128.323779299999984, 52.4589844 ], [ -128.2981445, 52.5482422 ], [ -128.2484375, 52.7412109 ], [ -128.2472656, 52.784375 ], [ -128.3648926, 52.7818848 ], [ -128.439794899999981, 52.6963867 ], [ -128.4359375, 52.5603516 ], [ -128.426269499999989, 52.5027344 ], [ -128.4125, 52.4728516 ], [ -128.419873, 52.4411133 ], [ -128.4454102, 52.3875 ], [ -128.36875, 52.4008789 ], [ -128.3435547, 52.4260742 ] ] ], [ [ [ -129.3435059, 53.0527832 ], [ -129.4507324, 53.174707 ], [ -129.471435499999984, 53.1830078 ], [ -129.5010742, 53.1883301 ], [ -129.5147461, 53.1793945 ], [ -129.5001465, 53.1289063 ], [ -129.4777832, 53.0977539 ], [ -129.409716799999984, 53.0237305 ], [ -129.370019499999984, 52.9976074 ], [ -129.3287109, 52.9842285 ], [ -129.3137207, 52.9921875 ], [ -129.3435059, 53.0527832 ] ] ], [ [ [ -129.177002, 53.2591309 ], [ -129.1952148, 53.2932129 ], [ -129.238183599999985, 53.3300781 ], [ -129.2511719, 53.3166992 ], [ -129.253076199999981, 53.285498 ], [ -129.3143555, 53.2123047 ], [ -129.33125, 53.1739746 ], [ -129.323877, 53.1421387 ], [ -129.3057129, 53.1211426 ], [ -129.276855499999982, 53.1109375 ], [ -129.1732422, 53.1107422 ], [ -129.167724599999985, 53.1178711 ], [ -129.177002, 53.2591309 ] ] ], [ [ [ -123.4067871, 48.7560547 ], [ -123.422753899999989, 48.7933594 ], [ -123.487548800000013, 48.8457031 ], [ -123.467871100000011, 48.8673828 ], [ -123.5546875, 48.9220703 ], [ -123.5823242, 48.9257812 ], [ -123.5175293, 48.7501465 ], [ -123.4996094, 48.7321777 ], [ -123.4772461, 48.7287598 ], [ -123.4354004, 48.7544434 ], [ -123.4067871, 48.7560547 ] ] ], [ [ [ -59.7271484, 44.002832 ], [ -59.8663574, 43.947168 ], [ -59.9360352, 43.9395996 ], [ -60.1174805, 43.9533691 ], [ -60.1142578, 43.9391113 ], [ -60.0377441, 43.9066406 ], [ -59.9222656, 43.9039062 ], [ -59.7875977, 43.9395996 ], [ -59.7271484, 44.002832 ] ] ], [ [ [ -60.953027299999988, 45.5155273 ], [ -60.9124512, 45.5672852 ], [ -61.0259766, 45.5773438 ], [ -61.0817383, 45.5578125 ], [ -61.0761719, 45.5373047 ], [ -61.0125, 45.4960449 ], [ -61.0028809, 45.4817383 ], [ -60.9615723, 45.4899414 ], [ -60.953027299999988, 45.5155273 ] ] ], [ [ [ -61.8866211, 47.3446289 ], [ -61.83125, 47.392041 ], [ -61.7508789, 47.4308105 ], [ -61.684082, 47.4987305 ], [ -61.5822266, 47.5600098 ], [ -61.4755371, 47.5639648 ], [ -61.3955078, 47.6376465 ], [ -61.4740723, 47.6467773 ], [ -61.548046899999989, 47.6317871 ], [ -61.627832, 47.5938477 ], [ -61.8272949, 47.4690918 ], [ -61.924707, 47.4251465 ], [ -62.0083008, 47.2342773 ], [ -61.9508301, 47.2189941 ], [ -61.8337402, 47.2226074 ], [ -61.7725586, 47.2598145 ], [ -61.8154785, 47.2675781 ], [ -61.8787109, 47.2655273 ], [ -61.9141113, 47.2845215 ], [ -61.8866211, 47.3446289 ] ] ], [ [ [ -64.5648438, 47.8662598 ], [ -64.5911133, 47.8724609 ], [ -64.6632812, 47.8630371 ], [ -64.660498, 47.7935547 ], [ -64.6845703, 47.7536133 ], [ -64.6646484, 47.7476074 ], [ -64.6212891, 47.7519043 ], [ -64.5338867, 47.8137695 ], [ -64.5085937, 47.8867188 ], [ -64.5648438, 47.8662598 ] ] ], [ [ [ -64.48125, 48.0069336 ], [ -64.5001953, 48.0137695 ], [ -64.5195801, 48.0050781 ], [ -64.5407227, 47.9849609 ], [ -64.5913086, 47.9072266 ], [ -64.4760742, 47.9588867 ], [ -64.48125, 48.0069336 ] ] ], [ [ [ -66.2103516, 44.392041 ], [ -66.2504883, 44.3790039 ], [ -66.3119141, 44.2916016 ], [ -66.3241211, 44.2573242 ], [ -66.2737793, 44.2922852 ], [ -66.2103516, 44.392041 ] ] ], [ [ [ -66.7533691, 44.7098145 ], [ -66.7454102, 44.7914062 ], [ -66.8021484, 44.805371099999988 ], [ -66.8447266, 44.763916 ], [ -66.8970703, 44.6289062 ], [ -66.7625, 44.6817871 ], [ -66.7533691, 44.7098145 ] ] ], [ [ [ -73.5516602, 45.4898438 ], [ -73.5388672, 45.5464355 ], [ -73.4760742, 45.7047363 ], [ -73.5224609, 45.7011719 ], [ -73.6874512, 45.5614258 ], [ -73.8529297, 45.5157227 ], [ -73.9605469, 45.4414062 ], [ -73.9202148, 45.4419434 ], [ -73.7753418, 45.467627 ], [ -73.6435547, 45.4491211 ], [ -73.5665039, 45.4690918 ], [ -73.5516602, 45.4898438 ] ] ], [ [ [ -73.5723633, 45.6944824 ], [ -73.7246582, 45.6718262 ], [ -73.8577148, 45.573584 ], [ -73.815918, 45.5648926 ], [ -73.6953125, 45.585498 ], [ -73.5723633, 45.6944824 ] ] ], [ [ [ -70.9134766, 46.919531199999987 ], [ -70.8257812, 46.9953613 ], [ -70.8796387, 46.9960938 ], [ -70.9708496, 46.9614258 ], [ -71.0949707, 46.8995605 ], [ -71.1166504, 46.8648438 ], [ -71.0257324, 46.8729492 ], [ -70.9134766, 46.919531199999987 ] ] ], [ [ [ -55.5038086, 50.7421387 ], [ -55.4727539, 50.7759277 ], [ -55.4692871, 50.7963867 ], [ -55.5271973, 50.8012207 ], [ -55.6044922, 50.7807129 ], [ -55.6338867, 50.7401855 ], [ -55.6293457, 50.7208008 ], [ -55.6007812, 50.7090332 ], [ -55.5696777, 50.7086914 ], [ -55.5361328, 50.7196777 ], [ -55.5038086, 50.7421387 ] ] ], [ [ [ -54.5376953, 49.6199707 ], [ -54.5591797, 49.6314941 ], [ -54.61875, 49.6220703 ], [ -54.7331055, 49.5621582 ], [ -54.7640625, 49.5623535 ], [ -54.7826172, 49.5720703 ], [ -54.7887695, 49.5912109 ], [ -54.8130859, 49.5993652 ], [ -54.8554199, 49.596582 ], [ -54.8635742, 49.5760742 ], [ -54.8185059, 49.5144531 ], [ -54.7865234, 49.4961426 ], [ -54.7438477, 49.5077637 ], [ -54.7086914, 49.5306641 ], [ -54.5543945, 49.5888672 ], [ -54.5376953, 49.6199707 ] ] ], [ [ [ -55.2935547, 51.9299805 ], [ -55.2740723, 51.995166 ], [ -55.3464844, 51.9828613 ], [ -55.3998047, 51.9384766 ], [ -55.4196289, 51.9000488 ], [ -55.4088867, 51.8888184 ], [ -55.3612305, 51.8896484 ], [ -55.2935547, 51.9299805 ] ] ], [ [ [ -54.1376953, 49.7511719 ], [ -54.1993652, 49.6885254 ], [ -54.2589844, 49.7189941 ], [ -54.2776367, 49.7114746 ], [ -54.2887695, 49.6608398 ], [ -54.2861328, 49.5953613 ], [ -54.2692383, 49.5870117 ], [ -54.2383789, 49.5916504 ], [ -53.9806641, 49.6619629 ], [ -54.0199219, 49.6794922 ], [ -54.0937012, 49.7444336 ], [ -54.1376953, 49.7511719 ] ] ], [ [ [ -54.1475586, 47.5730957 ], [ -54.1281738, 47.6468262 ], [ -54.1683594, 47.6070801 ], [ -54.2149414, 47.5851074 ], [ -54.2262695, 47.5655273 ], [ -54.2273926, 47.5399902 ], [ -54.2586914, 47.4976563 ], [ -54.3201172, 47.4385254 ], [ -54.3259766, 47.4081055 ], [ -54.2760742, 47.406543 ], [ -54.2271484, 47.4413574 ], [ -54.1475586, 47.5730957 ] ] ], [ [ [ -64.8487793, 62.5433105 ], [ -64.8498535, 62.5254395 ], [ -64.8270996, 62.5049805 ], [ -64.8419434, 62.494140599999987 ], [ -64.9307617, 62.4850098 ], [ -64.9564941, 62.4583496 ], [ -64.9012207, 62.4210449 ], [ -64.8373047, 62.40625 ], [ -64.657421900000017, 62.3835938 ], [ -64.5464844, 62.3914063 ], [ -64.4783203, 62.4178711 ], [ -64.4180664, 62.4874023 ], [ -64.4650391, 62.5359375 ], [ -64.515332, 62.5518066 ], [ -64.6318359, 62.547998 ], [ -64.8238281, 62.5587402 ], [ -64.8487793, 62.5433105 ] ] ], [ [ [ -68.0123047, 60.3046387 ], [ -67.9223145, 60.3398926 ], [ -67.8442383, 60.3916504 ], [ -67.8188477, 60.449511699999988 ], [ -67.8475586, 60.4888184 ], [ -67.914209, 60.5398438 ], [ -67.9780273, 60.5704102 ], [ -68.0875977, 60.5878418 ], [ -68.1418945, 60.5620117 ], [ -68.2347656, 60.4555664 ], [ -68.3382812, 60.3605957 ], [ -68.3678711, 60.3147461 ], [ -68.3652344, 60.2540527 ], [ -68.3241211, 60.2329102 ], [ -68.2337891, 60.240918 ], [ -68.0123047, 60.3046387 ] ] ], [ [ [ -70.2885742, 62.561572299999987 ], [ -70.2688477, 62.5780762 ], [ -70.2915039, 62.6159668 ], [ -70.3667969, 62.6658203 ], [ -70.442627, 62.7337891 ], [ -70.6743164, 62.8070312 ], [ -70.8346191, 62.8400879 ], [ -71.0136719, 62.865332 ], [ -71.1348633, 62.8779785 ], [ -71.2201172, 62.8739258 ], [ -71.1369141, 62.815918 ], [ -70.9861328, 62.787793 ], [ -70.8512695, 62.7043457 ], [ -70.8375488, 62.6480957 ], [ -70.7660645, 62.596875 ], [ -70.6865723, 62.5731934 ], [ -70.5415039, 62.5523438 ], [ -70.4063477, 62.544824199999987 ], [ -70.3370605, 62.5487305 ], [ -70.2885742, 62.561572299999987 ] ] ], [ [ [ -64.7875977, 61.4132812 ], [ -64.7323242, 61.4384277 ], [ -64.6963867, 61.4714844 ], [ -64.6909668, 61.5393555 ], [ -64.6695801, 61.5930176 ], [ -64.7563477, 61.6376465 ], [ -64.7896484, 61.662207 ], [ -64.9544434, 61.6851074 ], [ -65.1297852, 61.6856934 ], [ -65.3316406, 61.6682617 ], [ -65.4321289, 61.6495117 ], [ -65.4268066, 61.6110352 ], [ -65.393896500000011, 61.5628418 ], [ -65.0915039, 61.4529785 ], [ -65.0543945, 61.4320312 ], [ -64.954248, 61.4104004 ], [ -64.879785200000015, 61.3570801 ], [ -64.8568359, 61.354443399999987 ], [ -64.8326172, 61.3660645 ], [ -64.7875977, 61.4132812 ] ] ], [ [ [ -65.0683594, 61.9260254 ], [ -65.1256348, 61.9422363 ], [ -65.1739258, 61.9432129 ], [ -65.210546900000011, 61.9283691 ], [ -65.2353516, 61.8977051 ], [ -65.2302734, 61.8640137 ], [ -65.165918, 61.7976562 ], [ -64.9277344, 61.732519499999988 ], [ -64.896582, 61.7333008 ], [ -64.8470703, 61.7615234 ], [ -64.8455078, 61.7798828 ], [ -64.8651367, 61.7981445 ], [ -64.9235352, 61.8237305 ], [ -64.9466797, 61.8433594 ], [ -64.9605469, 61.871679699999987 ], [ -64.981054700000016, 61.8806152 ], [ -65.0080566, 61.8702637 ], [ -65.0305664, 61.8790527 ], [ -65.0683594, 61.9260254 ] ] ], [ [ [ -69.1551758, 59.0635742 ], [ -69.1806641, 59.0727051 ], [ -69.1937988, 59.0927734 ], [ -69.195166, 59.1461426 ], [ -69.3032227, 59.144873 ], [ -69.3299805, 59.1212402 ], [ -69.3115234, 59.0748047 ], [ -69.3163086, 59.0289551 ], [ -69.352832, 58.9607422 ], [ -69.3308105, 58.9616211 ], [ -69.301709, 58.9766113 ], [ -69.2208496, 58.9675781 ], [ -69.1600586, 59.0402344 ], [ -69.1551758, 59.0635742 ] ] ], [ [ [ -64.4998047, 60.4302246 ], [ -64.5325195, 60.4414062 ], [ -64.6462891, 60.5145996 ], [ -64.7825684, 60.5096191 ], [ -64.8364258, 60.5010254 ], [ -64.8337891, 60.4484375 ], [ -64.8089844, 60.4104004 ], [ -64.7379395, 60.3756348 ], [ -64.5582031, 60.323242199999989 ], [ -64.4419434, 60.2978516 ], [ -64.4070312, 60.3670898 ], [ -64.4998047, 60.4302246 ] ] ], [ [ [ -60.9553711, 56.0804199 ], [ -60.9664062, 56.0988281 ], [ -61.0485352, 56.129248 ], [ -61.0869141, 56.1408203 ], [ -61.1575684, 56.1183594 ], [ -61.1881836, 56.0889648 ], [ -61.1958496, 56.063916 ], [ -61.1913086, 56.0478516 ], [ -61.1370117, 56.0325684 ], [ -60.9827148, 56.0151367 ], [ -60.9944824, 56.0393066 ], [ -60.9553711, 56.0804199 ] ] ], [ [ [ -61.8483398, 57.5793457 ], [ -61.8930664, 57.5731445 ], [ -61.9375, 57.5541016 ], [ -61.983300799999988, 57.566748 ], [ -62.0072266, 57.5576172 ], [ -62.0112305, 57.5484863 ], [ -61.9754883, 57.4954102 ], [ -61.7952637, 57.4224609 ], [ -61.6375, 57.4160645 ], [ -61.6595215, 57.5249512 ], [ -61.7436035, 57.5545898 ], [ -61.8483398, 57.5793457 ] ] ], [ [ [ -67.8449219, 69.591748 ], [ -67.7545898, 69.6314453 ], [ -67.8291016, 69.675 ], [ -67.9088379, 69.6818359 ], [ -67.9891113, 69.6787598 ], [ -68.0932617, 69.6570312 ], [ -68.2213867, 69.616748 ], [ -68.2023438, 69.5804199 ], [ -67.9402832, 69.5348633 ], [ -67.9146973, 69.5409668 ], [ -67.8449219, 69.591748 ] ] ], [ [ [ -62.4846191, 67.1342285 ], [ -62.3963379, 67.1783203 ], [ -62.4167969, 67.1884766 ], [ -62.4697266, 67.1900391 ], [ -62.625293, 67.1769531 ], [ -62.6644043, 67.1482422 ], [ -62.7569824, 67.1125488 ], [ -62.8250977, 67.0721191 ], [ -62.8716309, 67.0625977 ], [ -62.8054199, 67.0288086 ], [ -62.681543, 67.0562988 ], [ -62.4846191, 67.1342285 ] ] ], [ [ [ -79.0566406, 75.9851562 ], [ -78.9464355, 76.0254395 ], [ -78.845166, 76.1062988 ], [ -78.9258789, 76.134668 ], [ -79.0093262, 76.1458984 ], [ -79.17832030000001, 76.0923828 ], [ -79.3817871, 76.0108398 ], [ -79.551269499999989, 75.9583496 ], [ -79.6987305, 75.883252 ], [ -79.6387695, 75.8429199 ], [ -79.5445312, 75.8256348 ], [ -79.3556641, 75.8311523 ], [ -79.1244141, 75.8696777 ], [ -79.0517578, 75.8669922 ], [ -79.0630859, 75.9258789 ], [ -79.0566406, 75.9851562 ] ] ], [ [ [ -79.8350098, 56.8160156 ], [ -79.8266602, 56.8431152 ], [ -79.8605469, 56.8635254 ], [ -79.898144500000015, 56.8652832 ], [ -79.9457031, 56.8269043 ], [ -79.9436523, 56.7767578 ], [ -79.8944824, 56.7571289 ], [ -79.8669922, 56.7745605 ], [ -79.8350098, 56.8160156 ] ] ], [ [ [ -79.7134766, 57.555029299999987 ], [ -79.726709, 57.6045898 ], [ -79.7425781, 57.607959 ], [ -79.7678711, 57.5987305 ], [ -79.8108398, 57.5592773 ], [ -79.8191406, 57.5416016 ], [ -79.815918, 57.5177246 ], [ -79.8382324, 57.4830078 ], [ -79.8084473, 57.4424316 ], [ -79.792041, 57.448584 ], [ -79.7751953, 57.5144531 ], [ -79.7322266, 57.5075195 ], [ -79.7165039, 57.515527300000016 ], [ -79.7134766, 57.555029299999987 ] ] ], [ [ [ -79.4965332, 56.6672852 ], [ -79.4845703, 56.6865234 ], [ -79.4821777, 56.7144043 ], [ -79.4910645, 56.7426758 ], [ -79.5112305, 56.7714355 ], [ -79.5528809, 56.7987305 ], [ -79.5701172, 56.7957031 ], [ -79.5835449, 56.780957 ], [ -79.5817383, 56.7648438 ], [ -79.5507324, 56.7334961 ], [ -79.5773926, 56.6449219 ], [ -79.5534668, 56.6438477 ], [ -79.5181641, 56.6566895 ], [ -79.4965332, 56.6672852 ] ] ], [ [ [ -79.9745605, 53.3522461 ], [ -80.049707, 53.3644531 ], [ -80.0740234, 53.3442871 ], [ -80.0678711, 53.3240723 ], [ -80.0393555, 53.297168 ], [ -80.0041016, 53.2800781 ], [ -79.9393066, 53.2742676 ], [ -79.9382324, 53.3041504 ], [ -79.9745605, 53.3522461 ] ] ], [ [ [ -79.3515137, 51.9683105 ], [ -79.3289551, 51.9922852 ], [ -79.3166016, 52.0239258 ], [ -79.2702148, 52.0710937 ], [ -79.2712891, 52.0868164 ], [ -79.3348633, 52.0981445 ], [ -79.64375, 52.0100586 ], [ -79.596875, 51.9780273 ], [ -79.5206055, 51.9529297 ], [ -79.4255859, 51.944873 ], [ -79.3842773, 51.9519531 ], [ -79.3515137, 51.9683105 ] ] ], [ [ [ -123.3779297, 48.908252 ], [ -123.4823242, 48.9546875 ], [ -123.6892578, 49.0951172 ], [ -123.645605499999988, 49.038623 ], [ -123.5410156, 48.9459473 ], [ -123.3848145, 48.8751953 ], [ -123.372363299999989, 48.8861328 ], [ -123.3779297, 48.908252 ] ] ], [ [ [ -124.9084473, 50.0712891 ], [ -124.9074707, 50.0839844 ], [ -124.9164062, 50.131543 ], [ -124.937841800000015, 50.165918 ], [ -124.9908203, 50.2171387 ], [ -124.987011700000011, 50.1958496 ], [ -124.9956543, 50.1751953 ], [ -125.0259766, 50.134082 ], [ -125.0015625, 50.020752 ], [ -124.9777344, 50.0295898 ], [ -124.9084473, 50.0712891 ] ] ], [ [ [ -73.4071777, 67.7930664 ], [ -73.3981934, 67.8299316 ], [ -73.4015625, 67.8787109 ], [ -73.4352539, 67.9700195 ], [ -73.4592285, 67.9898926 ], [ -73.49375, 68.0006348 ], [ -73.5840332, 68.015332 ], [ -73.8807129, 68.0219238 ], [ -74.111377, 68.0605957 ], [ -74.3793945, 68.093457 ], [ -74.706543, 68.0670898 ], [ -74.7314453, 68.0487793 ], [ -74.7492676, 68.018457 ], [ -74.7459961, 67.9848145 ], [ -74.6786133, 67.9055664 ], [ -74.57338870000001, 67.8286621 ], [ -74.480712900000015, 67.8048828 ], [ -74.3740723, 67.7895996 ], [ -74.109082, 67.7825195 ], [ -73.6217285, 67.7838379 ], [ -73.4071777, 67.7930664 ] ] ], [ [ [ -77.9339355, 63.4789551 ], [ -78.2349121, 63.489550799999989 ], [ -78.4172852, 63.4699707 ], [ -78.5073242, 63.451123 ], [ -78.5367676, 63.4237305 ], [ -78.46875, 63.3579102 ], [ -78.255957, 63.2398438 ], [ -78.0244141, 63.1388672 ], [ -77.9424316, 63.1144043 ], [ -77.7914551, 63.1295898 ], [ -77.657666, 63.1645996 ], [ -77.5938965, 63.1884277 ], [ -77.5327148, 63.2336426 ], [ -77.5272949, 63.2689453 ], [ -77.53847660000001, 63.2870605 ], [ -77.6547852, 63.3959961 ], [ -77.7037109, 63.4308594 ], [ -77.7920898, 63.427832 ], [ -77.876709, 63.4705566 ], [ -77.9339355, 63.4789551 ] ] ], [ [ [ -94.329541, 75.765918 ], [ -94.3040039, 75.7763184 ], [ -94.2962891, 75.7880859 ], [ -94.3322266, 75.8259766 ], [ -94.4137695, 75.8848633 ], [ -94.4433594, 75.9170898 ], [ -94.4712891, 75.9714355 ], [ -94.4986816, 75.9921875 ], [ -94.5378906, 75.9964355 ], [ -94.7448242, 75.957226600000013 ], [ -94.8397949, 75.9544434 ], [ -94.8813477, 75.9459473 ], [ -94.9012207, 75.9307617 ], [ -94.8940918, 75.9118652 ], [ -94.8601074, 75.889209 ], [ -94.8336426, 75.8589844 ], [ -94.8147461, 75.8211914 ], [ -94.7873535, 75.7914062 ], [ -94.7514648, 75.7696777 ], [ -94.6243652, 75.748877 ], [ -94.5265625, 75.7493164 ], [ -94.329541, 75.765918 ] ] ], [ [ [ -80.2405273, 59.6449219 ], [ -80.1830566, 59.6834961 ], [ -80.167236300000013, 59.7088867 ], [ -80.2099609, 59.7246094 ], [ -80.2566406, 59.6791504 ], [ -80.2989746, 59.6741699 ], [ -80.3246582, 59.6332031 ], [ -80.3172363, 59.6210449 ], [ -80.2852539, 59.6241211 ], [ -80.2405273, 59.6449219 ] ] ], [ [ [ -79.9496094, 59.8099121 ], [ -79.8986328, 59.853125 ], [ -79.9558594, 59.8769531 ], [ -80.0411621, 59.870166 ], [ -80.0836426, 59.8518555 ], [ -80.1222168, 59.823193399999987 ], [ -80.1670898, 59.7638672 ], [ -80.064209, 59.7708008 ], [ -79.9496094, 59.8099121 ] ] ], [ [ [ -96.7092285, 72.9469727 ], [ -96.6706055, 72.9609375 ], [ -96.6354004, 72.9924316 ], [ -96.6035156, 73.0415527 ], [ -96.5984863, 73.0738281 ], [ -96.6459961, 73.1019043 ], [ -96.7444336, 73.1262695 ], [ -96.7677734, 73.1373047 ], [ -96.7931641, 73.1654785 ], [ -96.8624023, 73.1888184 ], [ -97.0149902, 73.1572754 ], [ -97.0692383, 73.1301758 ], [ -97.0876953, 73.0984863 ], [ -97.097656199999989, 73.0624023 ], [ -97.092773400000013, 72.9969238 ], [ -96.9437988, 72.926709 ], [ -96.7823242, 72.9366211 ], [ -96.7092285, 72.9469727 ] ] ], [ [ [ -97.3038574, 74.559668 ], [ -97.2913086, 74.5763672 ], [ -97.3182129, 74.597998 ], [ -97.4165039, 74.6265625 ], [ -97.516308600000016, 74.6024902 ], [ -97.75, 74.5105469 ], [ -97.721582, 74.489209 ], [ -97.6561035, 74.4656738 ], [ -97.3555176, 74.5263184 ], [ -97.3038574, 74.559668 ] ] ], [ [ [ -98.1469727, 73.8888184 ], [ -97.861084, 73.968457 ], [ -97.7547363, 74.0055176 ], [ -97.6733398, 74.0530273 ], [ -97.6591309, 74.0716309 ], [ -97.6674316, 74.0901367 ], [ -97.6982422, 74.1086914 ], [ -97.8004395, 74.1146484 ], [ -98.0610352, 74.1046875 ], [ -98.5849609, 74.034521500000011 ], [ -98.8181641, 74.0209961 ], [ -98.9044922, 74.0068848 ], [ -98.9666992, 73.988183600000013 ], [ -99.004687499999989, 73.9649414 ], [ -99.096875, 73.948291 ], [ -99.3456055, 73.9257324 ], [ -99.4038086, 73.9108887 ], [ -99.4169922, 73.8954102 ], [ -99.3851563, 73.8792969 ], [ -99.2980469, 73.8619629 ], [ -98.973925799999989, 73.8120605 ], [ -98.816601600000013, 73.8171387 ], [ -98.761377, 73.8288574 ], [ -98.6910645, 73.8564941 ], [ -98.5582031, 73.8474121 ], [ -98.2703613, 73.8685059 ], [ -98.1469727, 73.8888184 ] ] ], [ [ [ -90.2285645, 69.4360352 ], [ -90.252832, 69.4179199 ], [ -90.3220703, 69.4287109 ], [ -90.3772461, 69.4162109 ], [ -90.455127, 69.3904785 ], [ -90.492041, 69.369873 ], [ -90.4646973, 69.3287109 ], [ -90.364062500000017, 69.2625977 ], [ -90.3302734, 69.2521973 ], [ -90.295459, 69.2578125 ], [ -90.267285199999989, 69.2729004 ], [ -90.1773926, 69.3570801 ], [ -90.1998047, 69.4190918 ], [ -90.2285645, 69.4360352 ] ] ], [ [ [ -90.485351600000016, 69.2466309 ], [ -90.5106445, 69.2904297 ], [ -90.5398437, 69.3246094 ], [ -90.599707, 69.3678223 ], [ -90.662793, 69.3741699 ], [ -90.7423828, 69.3573242 ], [ -90.7656738, 69.3359863 ], [ -90.771582, 69.2925781 ], [ -90.6858887, 69.2871582 ], [ -90.6674316, 69.2594727 ], [ -90.6257812, 69.2509277 ], [ -90.5744141, 69.2094238 ], [ -90.4925781, 69.2210938 ], [ -90.485351600000016, 69.2466309 ] ] ], [ [ [ -73.988183600000013, 62.636084 ], [ -74.016796900000017, 62.6626953 ], [ -74.1089355, 62.6803223 ], [ -74.3947754, 62.6958008 ], [ -74.5009277, 62.7265137 ], [ -74.564209, 62.7333008 ], [ -74.6199707, 62.7263184 ], [ -74.6264648, 62.7127441 ], [ -74.4995117, 62.6687988 ], [ -74.2535156, 62.6219727 ], [ -74.0535645, 62.609668 ], [ -74.0004395, 62.6184082 ], [ -73.988183600000013, 62.636084 ] ] ], [ [ [ -74.8449707, 68.3659668 ], [ -74.8185547, 68.3940918 ], [ -74.8128906, 68.4133301 ], [ -74.8279297, 68.4237793 ], [ -74.830957, 68.4407227 ], [ -74.7982422, 68.457959 ], [ -74.8189453, 68.4944336 ], [ -74.8847656, 68.5446289 ], [ -74.9836426, 68.6476074 ], [ -75.074707, 68.6847168 ], [ -75.1997559, 68.6960938 ], [ -75.2874023, 68.687744100000018 ], [ -75.370166, 68.636084 ], [ -75.3961914, 68.5888184 ], [ -75.403418, 68.5501465 ], [ -75.4002441, 68.5254883 ], [ -75.3101562, 68.4744629 ], [ -75.0725098, 68.4041504 ], [ -74.9593262, 68.3422363 ], [ -74.8808594, 68.3486816 ], [ -74.8449707, 68.3659668 ] ] ], [ [ [ -78.3724609, 60.7563965 ], [ -78.2788574, 60.783886699999989 ], [ -78.2416992, 60.8186523 ], [ -78.3995605, 60.8081055 ], [ -78.6120117, 60.7723145 ], [ -78.6690918, 60.7313477 ], [ -78.6688965, 60.7168945 ], [ -78.5316406, 60.7285645 ], [ -78.3724609, 60.7563965 ] ] ], [ [ [ -78.8285156, 68.2681641 ], [ -78.8687012, 68.3103027 ], [ -78.9525879, 68.3530273 ], [ -79.1534668, 68.3352539 ], [ -79.1747559, 68.2644531 ], [ -79.1740234, 68.2349609 ], [ -79.0640625, 68.1817871 ], [ -78.9827148, 68.1928223 ], [ -78.8285156, 68.2681641 ] ] ], [ [ [ -76.6524414, 63.503564499999989 ], [ -76.763623, 63.573584 ], [ -77.1336914, 63.6820312 ], [ -77.3647461, 63.5883301 ], [ -77.0572266, 63.4497559 ], [ -76.921875, 63.4063477 ], [ -76.7831543, 63.3840332 ], [ -76.6775879, 63.3939453 ], [ -76.6524414, 63.503564499999989 ] ] ], [ [ [ -79.5939941, 69.810498 ], [ -79.7148438, 69.7957031 ], [ -79.8695801, 69.7555176 ], [ -79.9708496, 69.7389648 ], [ -80.0617676, 69.7455078 ], [ -80.1246094, 69.7372559 ], [ -80.1688477, 69.7824219 ], [ -80.2136719, 69.8019531 ], [ -80.2949219, 69.7937988 ], [ -80.4242188, 69.7976074 ], [ -80.4383301, 69.7827148 ], [ -80.4506836, 69.7447754 ], [ -80.465918, 69.7371094 ], [ -80.6525391, 69.7505859 ], [ -80.7266113, 69.7404297 ], [ -80.7775391, 69.71035160000001 ], [ -80.7947754, 69.6892578 ], [ -80.7782227, 69.677002 ], [ -80.4480469, 69.649707 ], [ -80.3978516, 69.6326172 ], [ -80.3295898, 69.5867676 ], [ -80.299707, 69.5828613 ], [ -80.2686523, 69.6 ], [ -80.2444824, 69.5931641 ], [ -80.2273438, 69.5624023 ], [ -80.1614746, 69.5359375 ], [ -80.046875, 69.5138672 ], [ -79.977832, 69.509668 ], [ -79.9544922, 69.5234863 ], [ -79.9711426, 69.5563477 ], [ -80.0475098, 69.6343262 ], [ -79.8816895, 69.6086914 ], [ -79.552832, 69.6308594 ], [ -79.4024414, 69.6851562 ], [ -79.3649902, 69.7123535 ], [ -79.3902832, 69.7304199 ], [ -79.4306641, 69.787793 ], [ -79.5939941, 69.810498 ] ] ], [ [ [ -78.1452148, 69.739209 ], [ -78.2007324, 69.739502 ], [ -78.2624512, 69.7168457 ], [ -78.267334, 69.6871582 ], [ -78.2955078, 69.6671387 ], [ -78.3441895, 69.67480470000001 ], [ -78.4018555, 69.6506348 ], [ -78.5785645, 69.6388184 ], [ -78.7893066, 69.5231445 ], [ -78.8481934, 69.4828125 ], [ -78.7953125, 69.4797363 ], [ -78.6620605, 69.5026367 ], [ -78.5523926, 69.4915527 ], [ -78.4700684, 69.5025391 ], [ -78.3072266, 69.5518066 ], [ -78.0399902, 69.6083984 ], [ -77.9691406, 69.6389648 ], [ -77.977832, 69.6648926 ], [ -78.0291016, 69.7148926 ], [ -78.1452148, 69.739209 ] ] ], [ [ [ -77.563623, 64.0220703 ], [ -77.5693848, 64.0304199 ], [ -77.6172852, 64.037207 ], [ -77.710791, 64.0356445 ], [ -77.9313477, 64.0147949 ], [ -77.9659668, 63.9929199 ], [ -77.9579102, 63.9760254 ], [ -77.9288086, 63.9620117 ], [ -77.7140625, 63.9457031 ], [ -77.6420898, 63.9918945 ], [ -77.563623, 64.0220703 ] ] ], [ [ [ -83.2222656, 66.336474600000017 ], [ -83.2378418, 66.331543 ], [ -83.2325684, 66.3029785 ], [ -83.213916, 66.2770508 ], [ -83.1479004, 66.2342285 ], [ -83.059863299999989, 66.1992676 ], [ -83.010839800000014, 66.2084473 ], [ -82.931347699999989, 66.2573242 ], [ -82.9481445, 66.2719238 ], [ -83.023877, 66.2706543 ], [ -83.1234863, 66.2828125 ], [ -83.2222656, 66.336474600000017 ] ] ], [ [ [ -79.0536133, 68.8829102 ], [ -78.8526855, 68.9156738 ], [ -78.7791992, 68.9504883 ], [ -78.7053711, 69.0136719 ], [ -78.5956543, 69.0790527 ], [ -78.5603027, 69.10625 ], [ -78.5517578, 69.1286621 ], [ -78.5329102, 69.1460449 ], [ -78.4389648, 69.1991699 ], [ -78.2870117, 69.2626953 ], [ -78.2289551, 69.3040039 ], [ -78.234082, 69.3145996 ], [ -78.2724609, 69.3612305 ], [ -78.3004883, 69.3787109 ], [ -78.3325684, 69.3860352 ], [ -78.4579102, 69.389502 ], [ -78.5966797, 69.3706055 ], [ -78.6501953, 69.3512207 ], [ -78.6890625, 69.3250977 ], [ -78.6890625, 69.2997559 ], [ -78.6501953, 69.2751953 ], [ -78.6620117, 69.262353500000017 ], [ -78.7718262, 69.2521973 ], [ -78.8041016, 69.2351074 ], [ -78.9, 69.1354004 ], [ -78.9304687, 69.1229004 ], [ -79.1449707, 69.0874512 ], [ -79.2426758, 69.0492676 ], [ -79.3052246, 68.992334 ], [ -79.3547363, 68.9559082 ], [ -79.3911621, 68.9399414 ], [ -79.4057617, 68.9230469 ], [ -79.3904785, 68.8901855 ], [ -79.361377, 68.857666 ], [ -79.2797363, 68.8387207 ], [ -79.2106445, 68.845459 ], [ -79.0536133, 68.8829102 ] ] ], [ [ [ -76.9112305, 69.1746582 ], [ -76.8693359, 69.2248535 ], [ -76.8103027, 69.266748 ], [ -76.6874512, 69.3276855 ], [ -76.6700195, 69.348584 ], [ -76.668847700000015, 69.3661621 ], [ -76.684082, 69.3804199 ], [ -76.7457031, 69.4040039 ], [ -76.9940918, 69.4117676 ], [ -77.1091797, 69.4374023 ], [ -77.1875488, 69.4400879 ], [ -77.3187012, 69.4163086 ], [ -77.340918, 69.4038574 ], [ -77.3515137, 69.3786621 ], [ -77.3580566, 69.3115234 ], [ -77.379394499999989, 69.2740234 ], [ -77.3219238, 69.1936035 ], [ -77.2755859, 69.1616699 ], [ -77.2150391, 69.1380859 ], [ -77.1216309, 69.1321289 ], [ -76.9953613, 69.14375 ], [ -76.9112305, 69.1746582 ] ] ], [ [ [ -87.1072754, 70.1466797 ], [ -87.1681152, 70.1272461 ], [ -87.3231445, 70.1022461 ], [ -87.3232422, 70.080127 ], [ -87.263916, 70.0439453 ], [ -87.1908203, 70.0185547 ], [ -87.0437988, 69.9998535 ], [ -86.9839844, 70.0111328 ], [ -86.8549316, 69.9857422 ], [ -86.7343262, 69.9763184 ], [ -86.557666, 69.9953125 ], [ -86.5152344, 70.017041 ], [ -86.5309082, 70.0476562 ], [ -86.563378899999989, 70.0772461 ], [ -86.6127441, 70.1057129 ], [ -86.691210900000016, 70.1150391 ], [ -86.7987793, 70.1052734 ], [ -86.9130371, 70.1132324 ], [ -87.1072754, 70.1466797 ] ] ], [ [ [ -83.765136700000014, 65.8311523 ], [ -83.7148926, 65.8607422 ], [ -83.693652300000011, 65.8903809 ], [ -83.7013672, 65.9201172 ], [ -83.7869629, 65.9657715 ], [ -83.9503906, 66.0274902 ], [ -84.1222656, 66.077832 ], [ -84.4071777, 66.1310059 ], [ -84.4563477, 66.10625 ], [ -84.4673828, 66.0882812 ], [ -84.4505859, 66.0644043 ], [ -84.3701172, 66.0118164 ], [ -84.2708984, 65.990625 ], [ -84.2229492, 65.9697754 ], [ -84.1932129, 65.9421387 ], [ -84.1432129, 65.9159668 ], [ -84.1299316, 65.8774414 ], [ -84.1182617, 65.7717773 ], [ -84.0084961, 65.7515137 ], [ -83.9389648, 65.7584473 ], [ -83.8135742, 65.7875 ], [ -83.7865234, 65.7704102 ], [ -83.7019043, 65.7562012 ], [ -83.7981934, 65.7100098 ], [ -83.8092285, 65.67832030000001 ], [ -83.7875488, 65.6688965 ], [ -83.6495117, 65.6577637 ], [ -83.6306641, 65.6623535 ], [ -83.6443848, 65.6785156 ], [ -83.636377, 65.6915039 ], [ -83.606543, 65.7013672 ], [ -83.5832031, 65.6986328 ], [ -83.5371094, 65.6691895 ], [ -83.4954102, 65.655957 ], [ -83.3814453, 65.6299805 ], [ -83.3324219, 65.6310547 ], [ -83.2636719, 65.6678223 ], [ -83.2339355, 65.696582 ], [ -83.2337402, 65.7150391 ], [ -83.2631836, 65.723291 ], [ -83.4694336, 65.7352051 ], [ -83.5975098, 65.7574707 ], [ -83.7259766, 65.7967285 ], [ -83.765136700000014, 65.8311523 ] ] ], [ [ [ -86.5460449, 67.7521973 ], [ -86.4896484, 67.7835938 ], [ -86.4469238, 67.8169922 ], [ -86.3964355, 67.8889648 ], [ -86.3824219, 67.9272949 ], [ -86.390332, 67.988916 ], [ -86.4200195, 68.0739258 ], [ -86.4303223, 68.1387207 ], [ -86.4211426, 68.1834473 ], [ -86.4519531, 68.2254883 ], [ -86.5699219, 68.2876953 ], [ -86.7020996, 68.3056152 ], [ -86.8339844, 68.2296875 ], [ -86.8848633, 68.1905273 ], [ -86.898681599999989, 68.1628906 ], [ -86.9491699, 68.118701200000018 ], [ -86.9598145, 68.1002441 ], [ -86.937744099999989, 68.0675781 ], [ -86.8470703, 68.0102539 ], [ -86.8945801, 67.9380859 ], [ -86.9084473, 67.9019531 ], [ -86.9083008, 67.867041 ], [ -86.8925293, 67.8365723 ], [ -86.861084, 67.810498 ], [ -86.705957, 67.7501465 ], [ -86.6381836, 67.7348633 ], [ -86.5955566, 67.7359375 ], [ -86.5460449, 67.7521973 ] ] ], [ [ [ -84.6262695, 65.6040527 ], [ -84.6022461, 65.6314941 ], [ -84.6026367, 65.657373 ], [ -84.691748, 65.7931641 ], [ -84.757373, 65.8589355 ], [ -84.8695312, 65.9415039 ], [ -84.8894531, 65.9720703 ], [ -84.9198242, 65.9970215 ], [ -84.9385742, 66.0085449 ], [ -85.0313965, 66.0254883 ], [ -85.1496094, 66.0153809 ], [ -85.1756836, 65.9724121 ], [ -85.1741699, 65.94375 ], [ -85.144043, 65.8853516 ], [ -85.1362793, 65.8208496 ], [ -85.0963379, 65.7562012 ], [ -85.071972699999989, 65.7373535 ], [ -84.9311523, 65.6891602 ], [ -84.8689453, 65.6505371 ], [ -84.8302734, 65.5989746 ], [ -84.782910199999989, 65.5700684 ], [ -84.727002, 65.5637207 ], [ -84.6747559, 65.575 ], [ -84.6262695, 65.6040527 ] ] ], [ [ [ -92.9999512, 61.8674805 ], [ -92.9930176, 61.8896973 ], [ -93.0757812, 61.9350098 ], [ -93.1966797, 61.9185547 ], [ -93.1765625, 61.8927246 ], [ -93.0848145, 61.8416992 ], [ -93.0439453, 61.8440918 ], [ -92.9999512, 61.8674805 ] ] ], [ [ [ -100.746582, 76.6491699 ], [ -100.2691406, 76.7341309 ], [ -100.4672363, 76.7503418 ], [ -100.621582, 76.7524902 ], [ -100.8864746, 76.7426758 ], [ -100.9621582, 76.734179700000013 ], [ -101.1650391, 76.6654297 ], [ -101.509472699999989, 76.6277344 ], [ -101.6130859, 76.6045898 ], [ -101.6049805, 76.5870117 ], [ -101.4852051, 76.575 ], [ -101.226123, 76.5793457 ], [ -100.746582, 76.6491699 ] ] ], [ [ [ -102.7882812, 78.2181641 ], [ -102.8255371, 78.2500488 ], [ -102.891796899999989, 78.2712402 ], [ -102.973291, 78.2672363 ], [ -103.1104492, 78.2458496 ], [ -103.2600586, 78.1834961 ], [ -103.273584, 78.1657715 ], [ -103.2709961, 78.1506348 ], [ -103.2522461, 78.1381348 ], [ -103.118212899999989, 78.1263672 ], [ -103.0033691, 78.1464355 ], [ -102.7882812, 78.2181641 ] ] ], [ [ [ -101.5845703, 77.7183105 ], [ -101.3976562, 77.7290527 ], [ -101.0020508, 77.7351074 ], [ -101.0195801, 77.7624512 ], [ -101.0462402, 77.777832 ], [ -101.1275879, 77.8125977 ], [ -101.1932129, 77.8297852 ], [ -101.3220215, 77.8541504 ], [ -101.6394043, 77.8920898 ], [ -101.9178711, 77.8996094 ], [ -102.2631836, 77.8893555 ], [ -102.4477051, 77.8806152 ], [ -102.4715332, 77.8734863 ], [ -102.4750488, 77.8366699 ], [ -102.4582031, 77.770166 ], [ -102.377832, 77.728125 ], [ -102.079834, 77.6921875 ], [ -101.8310547, 77.687353500000015 ], [ -101.6935547, 77.696582 ], [ -101.5845703, 77.7183105 ] ] ], [ [ [ -89.7263672, 76.5208008 ], [ -89.7729492, 76.5339355 ], [ -89.8047852, 76.561084 ], [ -89.8219238, 76.6021973 ], [ -89.8221191, 76.6306152 ], [ -89.7875488, 76.659619100000015 ], [ -89.7086426, 76.7011719 ], [ -89.6944336, 76.7198242 ], [ -89.6954102, 76.7411621 ], [ -89.725293, 76.7634277 ], [ -89.7745605, 76.7820312 ], [ -89.9487793, 76.8362305 ], [ -90.1363281, 76.8369629 ], [ -90.4095215, 76.8101562 ], [ -90.5248047, 76.78784180000001 ], [ -90.5625, 76.7542969 ], [ -90.55625, 76.734570300000016 ], [ -90.4409668, 76.662793 ], [ -90.2935059, 76.5794922 ], [ -90.1645508, 76.523584 ], [ -90.054296900000011, 76.4951172 ], [ -89.9741211, 76.4875488 ], [ -89.9241211, 76.5008789 ], [ -89.773291, 76.4938477 ], [ -89.7264648, 76.5074219 ], [ -89.7263672, 76.5208008 ] ] ], [ [ [ -95.9686035, 75.5418457 ], [ -95.9598633, 75.5543457 ], [ -96.0398437, 75.585791 ], [ -96.1454102, 75.6135254 ], [ -96.3678223, 75.6546387 ], [ -96.3972656, 75.6468262 ], [ -96.4172363, 75.6307129 ], [ -96.4276855, 75.6063477 ], [ -96.5229004, 75.5836426 ], [ -96.8561523, 75.5379395 ], [ -96.9828125, 75.5098145 ], [ -97.0206543, 75.4680664 ], [ -96.9696289, 75.4126465 ], [ -96.9151367, 75.3796875 ], [ -96.8571289, 75.3691406 ], [ -96.7228516, 75.3807617 ], [ -96.6790039, 75.3941895 ], [ -96.6219727, 75.4312988 ], [ -96.4616211, 75.4942383 ], [ -96.3444824, 75.505957 ], [ -96.2366211, 75.4748047 ], [ -96.1563965, 75.4772461 ], [ -96.0785645, 75.5101074 ], [ -95.9686035, 75.5418457 ] ] ], [ [ [ -95.274462899999989, 74.5191895 ], [ -95.2783691, 74.5395508 ], [ -95.3525391, 74.5856934 ], [ -95.5102051, 74.6367676 ], [ -95.6604492, 74.6369141 ], [ -95.7456055, 74.6159668 ], [ -95.7744141, 74.5986816 ], [ -95.8507324, 74.5824707 ], [ -95.834375, 74.569043 ], [ -95.7771973, 74.5507324 ], [ -95.4415039, 74.5061035 ], [ -95.3524414, 74.5003906 ], [ -95.3066406, 74.5054199 ], [ -95.274462899999989, 74.5191895 ] ] ], [ [ [ -121.006640599999983, 75.7657227 ], [ -120.9549316, 75.7887695 ], [ -120.9212402, 75.8144531 ], [ -120.896875, 75.8445312 ], [ -120.8787109, 75.9066895 ], [ -120.887793, 75.9279785 ], [ -120.913964799999988, 75.9375 ], [ -120.993017599999988, 75.9274414 ], [ -121.0422852, 75.9029785 ], [ -121.0180664, 75.8838379 ], [ -121.015429700000013, 75.8675293 ], [ -121.0263184, 75.8475098 ], [ -121.2210938, 75.7774902 ], [ -121.240918, 75.7518555 ], [ -121.1542969, 75.740625 ], [ -121.0762207, 75.74526370000001 ], [ -121.006640599999983, 75.7657227 ] ] ], [ [ [ -113.4875977, 76.783252 ], [ -113.516503899999989, 76.8250488 ], [ -113.5854004, 76.8473145 ], [ -113.707519499999989, 76.8729492 ], [ -113.891650399999989, 76.894873 ], [ -114.419873, 76.8753418 ], [ -114.64707030000001, 76.8510254 ], [ -114.8352539, 76.7946777 ], [ -114.808300800000012, 76.7740723 ], [ -114.7514648, 76.7588867 ], [ -113.7124512, 76.7105469 ], [ -113.5606934, 76.7432617 ], [ -113.4875977, 76.783252 ] ] ], [ [ [ -103.813916, 75.0797363 ], [ -103.7097168, 75.1149902 ], [ -103.6642578, 75.1390625 ], [ -103.6421387, 75.1629395 ], [ -103.6435059, 75.1865723 ], [ -103.6672363, 75.2106934 ], [ -103.7464844, 75.2524414 ], [ -103.7579102, 75.2890625 ], [ -103.8041016, 75.3455078 ], [ -103.8511719, 75.3708008 ], [ -103.9169922, 75.3918457 ], [ -104.0746582, 75.4245117 ], [ -104.3461914, 75.4299316 ], [ -104.4741699, 75.4130371 ], [ -104.648828099999989, 75.3497559 ], [ -104.6903809, 75.3207031 ], [ -104.801318400000014, 75.2110352 ], [ -104.8480957, 75.1730469 ], [ -104.8816406, 75.160498 ], [ -104.8874023, 75.1477539 ], [ -104.828125, 75.1197266 ], [ -104.6343262, 75.0612793 ], [ -104.3086914, 75.030957 ], [ -104.1199219, 75.0363281 ], [ -103.813916, 75.0797363 ] ] ], [ [ [ -100.1784668, 68.9039062 ], [ -100.2068848, 68.9261719 ], [ -100.2889648, 68.957666 ], [ -100.3299316, 68.9975586 ], [ -100.4139648, 69.0280762 ], [ -100.520312499999989, 69.0350586 ], [ -100.5654785, 69.0268066 ], [ -100.6006348, 69.0094238 ], [ -100.6115723, 68.9901855 ], [ -100.5983398, 68.9690918 ], [ -100.5999023, 68.9413574 ], [ -100.6246582, 68.8652832 ], [ -100.625390599999989, 68.815918 ], [ -100.6159668, 68.7829102 ], [ -100.59653320000001, 68.7664062 ], [ -100.5733887, 68.7660645 ], [ -100.5210449, 68.7906738 ], [ -100.4969238, 68.7922363 ], [ -100.4806641, 68.7861816 ], [ -100.4425781, 68.7475586 ], [ -100.3973145, 68.7238281 ], [ -100.3657227, 68.7288086 ], [ -100.2879395, 68.7660645 ], [ -100.2487793, 68.7750488 ], [ -100.2172363, 68.8066895 ], [ -100.1784668, 68.9039062 ] ] ], [ [ [ -100.0056152, 69.047119100000018 ], [ -100.0353516, 69.0865723 ], [ -100.0728027, 69.1114746 ], [ -100.153125, 69.1294922 ], [ -100.186962900000012, 69.1140137 ], [ -100.2370605, 69.0714844 ], [ -100.2473633, 69.0527832 ], [ -100.2419922, 69.0403809 ], [ -100.195703099999989, 68.9914551 ], [ -100.1413086, 68.9699219 ], [ -100.0180176, 68.9540039 ], [ -99.9946777, 69.0135254 ], [ -100.0056152, 69.047119100000018 ] ] ], [ [ [ -100.3055176, 70.5083984 ], [ -100.3232422, 70.5424316 ], [ -100.3210937, 70.578369100000018 ], [ -100.276123, 70.5946289 ], [ -100.4339355, 70.6494141 ], [ -100.5379395, 70.6686035 ], [ -100.6353027, 70.6703125 ], [ -100.6783203, 70.6461914 ], [ -100.6669434, 70.5962402 ], [ -100.6477539, 70.5631348 ], [ -100.6206543, 70.5469238 ], [ -100.5372559, 70.525 ], [ -100.3212402, 70.487695300000013 ], [ -100.3083496, 70.4958008 ], [ -100.3055176, 70.5083984 ] ] ], [ [ [ -95.6024902, 69.6018066 ], [ -95.7066406, 69.6243164 ], [ -95.7977539, 69.6257324 ], [ -95.8758301, 69.6060059 ], [ -95.9362305, 69.567041 ], [ -95.9788574, 69.5088379 ], [ -95.9947754, 69.4696777 ], [ -95.9779297, 69.4327148 ], [ -95.9859375, 69.3918945 ], [ -95.95605470000001, 69.3671387 ], [ -95.893457, 69.3517578 ], [ -95.8582031, 69.3822266 ], [ -95.8118164, 69.4470215 ], [ -95.7983398, 69.4998047 ], [ -95.8177734, 69.5405762 ], [ -95.8062012, 69.560498 ], [ -95.763623, 69.5596191 ], [ -95.7041016, 69.5380371 ], [ -95.6828125, 69.500293 ], [ -95.6658203, 69.4389648 ], [ -95.670166, 69.402002 ], [ -95.6958984, 69.3895508 ], [ -95.730127, 69.3475586 ], [ -95.684375, 69.3356934 ], [ -95.578515599999989, 69.3358398 ], [ -95.4962402, 69.3500977 ], [ -95.4374512, 69.3784668 ], [ -95.3994141, 69.4197754 ], [ -95.3820801, 69.4740723 ], [ -95.3809082, 69.5065918 ], [ -95.5136719, 69.5736328 ], [ -95.6024902, 69.6018066 ] ] ], [ [ [ -101.1269531, 69.4146973 ], [ -101.0868652, 69.4433594 ], [ -101.0491699, 69.4569336 ], [ -101.0006348, 69.4619141 ], [ -101.0311523, 69.495459 ], [ -101.0983398, 69.5407715 ], [ -101.244873, 69.5735352 ], [ -101.312890599999989, 69.5760742 ], [ -101.3513184, 69.5592285 ], [ -101.3564941, 69.5396973 ], [ -101.3284668, 69.5174316 ], [ -101.230127, 69.4928223 ], [ -101.2073242, 69.479834 ], [ -101.2177734, 69.4629395 ], [ -101.289502, 69.4412598 ], [ -101.267627, 69.4314941 ], [ -101.2615234, 69.4178223 ], [ -101.2685059, 69.390576200000012 ], [ -101.2535156, 69.3884766 ], [ -101.1717285, 69.3970703 ], [ -101.1269531, 69.4146973 ] ] ], [ [ [ -101.7942871, 68.6368652 ], [ -101.7320312, 68.6521484 ], [ -101.7216309, 68.7241211 ], [ -101.732959, 68.753418 ], [ -101.7593262, 68.7746094 ], [ -101.828369099999989, 68.7989746 ], [ -102.0133789, 68.8253906 ], [ -102.074365199999988, 68.7740234 ], [ -102.1533203, 68.7404785 ], [ -102.2705078, 68.707568400000014 ], [ -102.3081543, 68.6819824 ], [ -102.2663574, 68.6636719 ], [ -101.944628900000012, 68.602832 ], [ -101.887207, 68.5849609 ], [ -101.8458984, 68.5863281 ], [ -101.7942871, 68.6368652 ] ] ], [ [ [ -104.4571289, 68.4311523 ], [ -104.4404785, 68.4495117 ], [ -104.4445312, 68.4707031 ], [ -104.472119100000015, 68.5035156 ], [ -104.602002, 68.561523400000013 ], [ -104.7003906, 68.576709 ], [ -104.907275399999989, 68.5817871 ], [ -104.9939941, 68.574218800000011 ], [ -105.0513672, 68.5590332 ], [ -105.041748, 68.531543 ], [ -104.9652344, 68.491748 ], [ -104.851123, 68.4539551 ], [ -104.6994629, 68.4182617 ], [ -104.5959961, 68.4021973 ], [ -104.5406738, 68.4059082 ], [ -104.4571289, 68.4311523 ] ] ], [ [ [ -107.8909668, 67.437207 ], [ -107.9051758, 67.467041 ], [ -107.9317871, 67.476464800000016 ], [ -107.9893555, 67.5135742 ], [ -107.9749023, 67.5493652 ], [ -107.9908691, 67.6221191 ], [ -108.0489746, 67.6648926 ], [ -108.1275391, 67.6285645 ], [ -108.1208496, 67.5681641 ], [ -108.151123, 67.5248047 ], [ -108.1522461, 67.4294434 ], [ -108.0733398, 67.3850586 ], [ -108.0039551, 67.365918 ], [ -107.9695312, 67.3260254 ], [ -107.9502441, 67.3182129 ], [ -107.8998535, 67.4018066 ], [ -107.8909668, 67.437207 ] ] ], [ [ [ -109.1835938, 67.975 ], [ -109.1615234, 67.951709 ], [ -109.0962402, 67.9240234 ], [ -108.920166, 67.8788086 ], [ -108.8938477, 67.8844727 ], [ -108.8860352, 67.8985352 ], [ -108.9096191, 67.9394043 ], [ -108.9705078, 67.9797363 ], [ -109.0539062, 67.971875 ], [ -109.1664062, 67.982373 ], [ -109.1835938, 67.975 ] ] ], [ [ [ -108.0597168, 66.946875 ], [ -107.9651367, 66.8848633 ], [ -107.9439453, 66.8578125 ], [ -107.895166, 66.871875 ], [ -107.8333496, 66.9213379 ], [ -107.8055176, 66.998584 ], [ -107.9664551, 66.9972656 ], [ -108.0927246, 67.0051758 ], [ -108.0597168, 66.946875 ] ] ], [ [ [ -109.3235352, 68.0133301 ], [ -109.3416992, 68.0458496 ], [ -109.469140599999989, 68.097998 ], [ -109.4979492, 68.0470215 ], [ -109.3608398, 67.9875977 ], [ -109.3231445, 67.9908691 ], [ -109.3235352, 68.0133301 ] ] ], [ [ [ -138.878857399999987, 69.5896973 ], [ -138.931543, 69.6169434 ], [ -139.072656199999983, 69.6476562 ], [ -139.1395996, 69.6496094 ], [ -139.291406199999983, 69.5978516 ], [ -139.2569824, 69.5785645 ], [ -139.1257324, 69.5393066 ], [ -139.043115199999988, 69.5769043 ], [ -138.878857399999987, 69.5896973 ] ] ] ] } },
{ "type": "Feature", "properties": { "iso3": "BRA", "territorio": "Brazil", "value": null, "color": "#CCCCCC" }, "geometry": { "type": "MultiPolygon", "coordinates": [ [ [ [ -67.0652344, 1.1783691 ], [ -67.0822754, 1.1854004 ], [ -67.0936523, 1.2100098 ], [ -67.0882812, 1.4005859 ], [ -67.0901367, 1.6155762 ], [ -67.1192383, 1.7036133 ], [ -67.2058105, 1.8448242 ], [ -67.3206055, 2.0320801 ], [ -67.3519531, 2.0858398 ], [ -67.4004395, 2.1166992 ], [ -67.4577637, 2.1211426 ], [ -67.4996582, 2.1079102 ], [ -67.5560547, 2.072998 ], [ -67.6092285, 2.0350586 ], [ -67.7118652, 1.9221191 ], [ -67.8150879, 1.7900879 ], [ -67.8755371, 1.7605957 ], [ -67.9362305, 1.7484863 ], [ -67.9897461, 1.7525391 ], [ -68.0328613, 1.7880371 ], [ -68.0770508, 1.8601074 ], [ -68.1302734, 1.9557617 ], [ -68.1937988, 1.9870117 ], [ -68.2183594, 1.9576172 ], [ -68.2394531, 1.9013672 ], [ -68.255957, 1.8455078 ], [ -68.2132812, 1.7745605 ], [ -68.1765625, 1.7198242 ], [ -68.2395508, 1.7216797 ], [ -68.443457, 1.721582 ], [ -68.6784668, 1.7214844 ], [ -68.9131836, 1.7213867 ], [ -69.1242676, 1.7212891 ], [ -69.3197266, 1.7212402 ], [ -69.3943359, 1.7257812 ], [ -69.470166, 1.7579102 ], [ -69.5429199, 1.7732422 ], [ -69.58125, 1.770752 ], [ -69.6500488, 1.7394531 ], [ -69.7395996, 1.7348633 ], [ -69.7999512, 1.7051758 ], [ -69.848584, 1.7087402 ], [ -69.8494629, 1.5438965 ], [ -69.8507812, 1.3087891 ], [ -69.8521484, 1.0595215 ], [ -69.7981445, 1.078418 ], [ -69.7513184, 1.0766113 ], [ -69.7169922, 1.059082 ], [ -69.6208984, 1.0732422 ], [ -69.5675781, 1.0657715 ], [ -69.5171387, 1.0594727 ], [ -69.4703125, 1.0585938 ], [ -69.4415039, 1.0388184 ], [ -69.4027832, 1.0423828 ], [ -69.361377, 1.0640137 ], [ -69.3118164, 1.0504883 ], [ -69.258691400000018, 1.0153809 ], [ -69.2244629, 0.9631348 ], [ -69.1938477, 0.898291 ], [ -69.1632324, 0.8640625 ], [ -69.1650391, 0.8019531 ], [ -69.1659668, 0.7533203 ], [ -69.1767578, 0.7128418 ], [ -69.1632324, 0.6866699 ], [ -69.1533203, 0.6587891 ], [ -69.1560547, 0.6425293 ], [ -69.1740723, 0.6353516 ], [ -69.212793, 0.6299316 ], [ -69.2541992, 0.6254395 ], [ -69.2830078, 0.6272461 ], [ -69.3055176, 0.6524414 ], [ -69.3271484, 0.6551758 ], [ -69.3586426, 0.6515625 ], [ -69.3919922, 0.6668945 ], [ -69.4208008, 0.6983887 ], [ -69.4721191, 0.7299316 ], [ -69.5270508, 0.7164062 ], [ -69.5648438, 0.7001953 ], [ -69.6036133, 0.6803711 ], [ -69.6387207, 0.659668 ], [ -69.6738281, 0.6650879 ], [ -69.7188965, 0.6498047 ], [ -69.7567383, 0.6263672 ], [ -69.8071289, 0.6074707 ], [ -69.8620605, 0.5984863 ], [ -69.9250977, 0.5894043 ], [ -69.9854492, 0.5858398 ], [ -70.0539062, 0.5786133 ], [ -70.0579102, 0.4473633 ], [ -70.0657227, 0.1893555 ], [ -70.0709473, 0.0185547 ], [ -70.0705078, -0.1388672 ], [ -70.044043, -0.1961914 ], [ -69.9227539, -0.3174805 ], [ -69.8279297, -0.3813477 ], [ -69.7474609, -0.4525391 ], [ -69.6674805, -0.4824219 ], [ -69.6339844, -0.5092773 ], [ -69.6119141, -0.5533203 ], [ -69.6008789, -0.5996094 ], [ -69.592041, -0.6393555 ], [ -69.6008789, -0.68125 ], [ -69.6207031, -0.7208984 ], [ -69.6119141, -0.762793 ], [ -69.583252, -0.7958984 ], [ -69.5744141, -0.837793 ], [ -69.5545898, -0.8774414 ], [ -69.5435547, -0.9171875 ], [ -69.5192871, -0.9458008 ], [ -69.4884277, -0.9657227 ], [ -69.4487305, -0.9987305 ], [ -69.4443359, -1.0295898 ], [ -69.4487305, -1.0649414 ], [ -69.4491211, -1.0916016 ], [ -69.4114258, -1.1522461 ], [ -69.4002441, -1.1949219 ], [ -69.4178711, -1.2457031 ], [ -69.4349121, -1.4216797 ], [ -69.4786133, -1.6219727 ], [ -69.5064453, -1.7749023 ], [ -69.5518555, -2.0242188 ], [ -69.6046875, -2.3142578 ], [ -69.669043, -2.6676758 ], [ -69.7326172, -3.0166992 ], [ -69.7941406, -3.3545898 ], [ -69.8497559, -3.6598633 ], [ -69.9110352, -3.996582 ], [ -69.9481934, -4.2005859 ], [ -69.965918, -4.2359375 ], [ -69.9720215, -4.3011719 ], [ -70.0039551, -4.3272461 ], [ -70.0533203, -4.3331055 ], [ -70.1288086, -4.2866211 ], [ -70.1839844, -4.2981445 ], [ -70.2391602, -4.3011719 ], [ -70.3168945, -4.2469727 ], [ -70.3436523, -4.1936523 ], [ -70.4046387, -4.1500977 ], [ -70.5306641, -4.1675781 ], [ -70.6345703, -4.1686523 ], [ -70.721582, -4.1588867 ], [ -70.7995117, -4.1733398 ], [ -70.8660156, -4.2295898 ], [ -70.915625, -4.2953125 ], [ -70.9736816, -4.3504883 ], [ -71.1442383, -4.387207 ], [ -71.2350098, -4.3881836 ], [ -71.3167969, -4.4243164 ], [ -71.4382812, -4.4375977 ], [ -71.5213379, -4.4697266 ], [ -71.6683594, -4.4873047 ], [ -71.8447266, -4.5043945 ], [ -71.9431641, -4.5533203 ], [ -71.9824219, -4.5746094 ], [ -72.0825195, -4.6422852 ], [ -72.2567871, -4.7489258 ], [ -72.352832, -4.7860352 ], [ -72.468994100000018, -4.9012695 ], [ -72.6083496, -5.0095703 ], [ -72.6987305, -5.0671875 ], [ -72.8319336, -5.09375 ], [ -72.8870605, -5.1227539 ], [ -72.9074707, -5.1577148 ], [ -72.8958008, -5.1982422 ], [ -72.9182617, -5.3025391 ], [ -72.9589355, -5.4952148 ], [ -72.9702148, -5.5896484 ], [ -72.9798828, -5.6348633 ], [ -73.0680664, -5.7895508 ], [ -73.1628906, -5.9333984 ], [ -73.209375, -6.0287109 ], [ -73.2355469, -6.0984375 ], [ -73.2064941, -6.1564453 ], [ -73.1677246, -6.2606445 ], [ -73.1353516, -6.3443359 ], [ -73.1263184, -6.4008789 ], [ -73.1373535, -6.4658203 ], [ -73.1774414, -6.5251953 ], [ -73.240332, -6.5640625 ], [ -73.3254883, -6.574707 ], [ -73.4999023, -6.6794922 ], [ -73.694531200000014, -6.8337891 ], [ -73.7581055, -6.9057617 ], [ -73.7762695, -6.9735352 ], [ -73.8046387, -7.0798828 ], [ -73.7930176, -7.1350586 ], [ -73.7582031, -7.1727539 ], [ -73.7233398, -7.262793 ], [ -73.7204102, -7.3092773 ], [ -73.7494629, -7.3353516 ], [ -73.8046387, -7.3412109 ], [ -73.8540039, -7.3499023 ], [ -73.891748, -7.3731445 ], [ -73.9294434, -7.3672852 ], [ -73.9643066, -7.3789062 ], [ -73.9643066, -7.4166992 ], [ -73.9526855, -7.4602539 ], [ -73.9584961, -7.5066406 ], [ -73.9817383, -7.5357422 ], [ -74.0020508, -7.5560547 ], [ -73.9817383, -7.5850586 ], [ -73.946875, -7.6112305 ], [ -73.8946289, -7.6547852 ], [ -73.8220703, -7.7389648 ], [ -73.7668945, -7.7535156 ], [ -73.7204102, -7.7825195 ], [ -73.7145996, -7.8290039 ], [ -73.7320312, -7.8753906 ], [ -73.7727051, -7.8957031 ], [ -73.7755859, -7.9364258 ], [ -73.7204102, -7.9857422 ], [ -73.682666, -8.0206055 ], [ -73.6449219, -8.0728516 ], [ -73.6101074, -8.1454102 ], [ -73.6101074, -8.1918945 ], [ -73.5723633, -8.2499023 ], [ -73.5491211, -8.2993164 ], [ -73.5491211, -8.3458008 ], [ -73.488134800000012, -8.3921875 ], [ -73.4358887, -8.4270508 ], [ -73.3981445, -8.4589844 ], [ -73.3604004, -8.4792969 ], [ -73.351709, -8.5141602 ], [ -73.3567383, -8.5669922 ], [ -73.3024414, -8.6540039 ], [ -73.203125, -8.7193359 ], [ -73.1225586, -8.8140625 ], [ -73.0705078, -8.8828125 ], [ -72.9740234, -8.9931641 ], [ -72.9703613, -9.1201172 ], [ -73.0898438, -9.2657227 ], [ -73.2094238, -9.4114258 ], [ -73.0137695, -9.4074219 ], [ -72.8142578, -9.4103516 ], [ -72.6054688, -9.4520508 ], [ -72.4647461, -9.4921875 ], [ -72.3790527, -9.5101563 ], [ -72.3180664, -9.5566406 ], [ -72.2890137, -9.6291992 ], [ -72.2658203, -9.6884766 ], [ -72.2599609, -9.7743164 ], [ -72.1728516, -9.844043 ], [ -72.1791016, -9.9101562 ], [ -72.1815918, -10.0037109 ], [ -72.1429688, -10.0051758 ], [ -71.8874512, -10.0055664 ], [ -71.6080078, -10.0060547 ], [ -71.3394043, -9.9885742 ], [ -71.2379395, -9.9660156 ], [ -71.1152832, -9.8524414 ], [ -71.041748, -9.81875 ], [ -70.970752, -9.7657227 ], [ -70.8845215, -9.669043 ], [ -70.8162598, -9.625293 ], [ -70.7584961, -9.5716797 ], [ -70.6724609, -9.5179688 ], [ -70.6369141, -9.4782227 ], [ -70.6079102, -9.4636719 ], [ -70.5411133, -9.4375 ], [ -70.570166, -9.4898438 ], [ -70.5922363, -9.543457 ], [ -70.5991699, -9.6205078 ], [ -70.5672363, -9.7045898 ], [ -70.5937988, -9.7674805 ], [ -70.6369141, -9.8237305 ], [ -70.6375977, -9.9717773 ], [ -70.6385254, -10.181543 ], [ -70.6393555, -10.3613281 ], [ -70.640332, -10.5860352 ], [ -70.6415527, -10.8408203 ], [ -70.642334, -11.0102539 ], [ -70.5965332, -10.9768555 ], [ -70.533252, -10.946875 ], [ -70.4508789, -11.0248047 ], [ -70.3922852, -11.0585938 ], [ -70.3419922, -11.0666992 ], [ -70.2903809, -11.0642578 ], [ -70.2200684, -11.0476563 ], [ -70.0663086, -10.9824219 ], [ -69.9603516, -10.9298828 ], [ -69.8397949, -10.9333984 ], [ -69.6740234, -10.9541016 ], [ -69.5786133, -10.9517578 ], [ -69.4625488, -10.9481445 ], [ -69.2285156, -10.9556641 ], [ -69.0016602, -10.9943359 ], [ -68.8483398, -11.0111328 ], [ -68.784082, -11.0446289 ], [ -68.7699219, -11.0976562 ], [ -68.7274902, -11.1224609 ], [ -68.6783691, -11.112793 ], [ -68.6226562, -11.1091797 ], [ -68.4983398, -11.0547852 ], [ -68.397998, -11.01875 ], [ -68.3111328, -10.9751953 ], [ -68.2666016, -10.9331055 ], [ -68.1586426, -10.7850586 ], [ -68.0716797, -10.703125 ], [ -67.9916992, -10.6744141 ], [ -67.8350098, -10.662793 ], [ -67.7856934, -10.6860352 ], [ -67.7217773, -10.6831055 ], [ -67.6666504, -10.5989258 ], [ -67.5824219, -10.505957 ], [ -67.4169434, -10.3898438 ], [ -67.3327148, -10.3579102 ], [ -67.2804688, -10.3172852 ], [ -67.1904785, -10.3114258 ], [ -67.1115234, -10.2689453 ], [ -66.7299805, -9.9754883 ], [ -66.5753418, -9.8999023 ], [ -66.4789062, -9.8861328 ], [ -66.3992187, -9.8681641 ], [ -66.2635742, -9.8260742 ], [ -65.924707, -9.7854492 ], [ -65.7067871, -9.768457 ], [ -65.6371094, -9.809082 ], [ -65.5586914, -9.7974609 ], [ -65.4919922, -9.7317383 ], [ -65.4367676, -9.7104492 ], [ -65.3961426, -9.7124023 ], [ -65.3378906, -9.7902344 ], [ -65.3093262, -9.8726563 ], [ -65.328125, -9.9355469 ], [ -65.3245605, -10.0269531 ], [ -65.298584, -10.1467773 ], [ -65.3130859, -10.2530273 ], [ -65.395459, -10.3922852 ], [ -65.4369141, -10.4490234 ], [ -65.4471191, -10.5074219 ], [ -65.4399902, -10.5862305 ], [ -65.4022949, -10.7147461 ], [ -65.3340332, -10.8927734 ], [ -65.3237793, -11.0248047 ], [ -65.371582, -11.1103516 ], [ -65.3936035, -11.1842773 ], [ -65.3898926, -11.2462891 ], [ -65.3728516, -11.2899414 ], [ -65.3423828, -11.3150391 ], [ -65.3254883, -11.3647461 ], [ -65.3220215, -11.4391602 ], [ -65.2822754, -11.5110352 ], [ -65.2062012, -11.5805664 ], [ -65.1753906, -11.646875 ], [ -65.1897461, -11.7100586 ], [ -65.1857422, -11.7495117 ], [ -65.1633789, -11.7651367 ], [ -65.1426758, -11.7523438 ], [ -65.1151367, -11.7350586 ], [ -65.0902832, -11.7412109 ], [ -65.0371094, -11.8293945 ], [ -65.0302734, -11.8473633 ], [ -65.0012207, -11.9200195 ], [ -64.9925293, -11.9751953 ], [ -64.9143555, -12.005957 ], [ -64.8298828, -12.0302734 ], [ -64.7834473, -12.059375 ], [ -64.6900391, -12.1464844 ], [ -64.6116699, -12.2039063 ], [ -64.5134277, -12.2509766 ], [ -64.4807617, -12.3261719 ], [ -64.4205078, -12.4397461 ], [ -64.2550293, -12.4833008 ], [ -64.0616211, -12.5050781 ], [ -63.9385742, -12.5296875 ], [ -63.7880859, -12.4694336 ], [ -63.6885742, -12.4780273 ], [ -63.5856445, -12.5189453 ], [ -63.5418945, -12.5466797 ], [ -63.4652344, -12.6051758 ], [ -63.3466797, -12.6800781 ], [ -63.2497559, -12.7079102 ], [ -63.1806641, -12.6662109 ], [ -63.1167969, -12.6516602 ], [ -63.0674805, -12.6691406 ], [ -63.0413574, -12.7503906 ], [ -63.0151855, -12.8055664 ], [ -62.9579102, -12.8470703 ], [ -62.8351562, -12.9537109 ], [ -62.7654785, -12.9972656 ], [ -62.6870605, -12.9943359 ], [ -62.5255371, -13.0642578 ], [ -62.352832, -13.1324219 ], [ -62.263916, -13.1436523 ], [ -62.1760742, -13.1336914 ], [ -62.1180176, -13.1597656 ], [ -62.0947754, -13.2419922 ], [ -61.9447266, -13.40625 ], [ -61.8741211, -13.4704102 ], [ -61.7899414, -13.5255859 ], [ -61.5756836, -13.5248047 ], [ -61.5115723, -13.5412109 ], [ -61.4160645, -13.5265625 ], [ -61.1291504, -13.4985352 ], [ -61.077002, -13.4897461 ], [ -60.914502, -13.5614258 ], [ -60.7223633, -13.6643555 ], [ -60.5953125, -13.7453125 ], [ -60.506591799999988, -13.7898438 ], [ -60.4601562, -13.8624023 ], [ -60.4223633, -13.9379883 ], [ -60.4049805, -14.0192383 ], [ -60.4280762, -14.1 ], [ -60.4629883, -14.1324219 ], [ -60.4746582, -14.1847656 ], [ -60.4601562, -14.2630859 ], [ -60.3962402, -14.3328125 ], [ -60.3727051, -14.41875 ], [ -60.3380371, -14.5705078 ], [ -60.298877, -14.6185547 ], [ -60.2733398, -15.0887695 ], [ -60.402002, -15.0927734 ], [ -60.5832031, -15.0983398 ], [ -60.530468799999987, -15.1431641 ], [ -60.3804687, -15.3182617 ], [ -60.242334, -15.4795898 ], [ -60.2204102, -15.7386719 ], [ -60.2066406, -15.9019531 ], [ -60.187207, -16.1321289 ], [ -60.1755859, -16.2693359 ], [ -59.8311523, -16.2817383 ], [ -59.4342773, -16.2959961 ], [ -58.9572754, -16.3131836 ], [ -58.5379395, -16.3282227 ], [ -58.496582, -16.3266602 ], [ -58.4236816, -16.3079102 ], [ -58.3753906, -16.2835938 ], [ -58.3456055, -16.284375 ], [ -58.3405762, -16.3399414 ], [ -58.3507812, -16.4102539 ], [ -58.3503906, -16.4908203 ], [ -58.4706055, -16.6501953 ], [ -58.478125, -16.7006836 ], [ -58.4598145, -16.9107422 ], [ -58.4173828, -17.0805664 ], [ -58.3959961, -17.2342773 ], [ -58.3477539, -17.2821289 ], [ -58.2055664, -17.3630859 ], [ -57.990918, -17.5128906 ], [ -57.9050293, -17.5323242 ], [ -57.8324707, -17.5121094 ], [ -57.7888672, -17.5730469 ], [ -57.7801758, -17.6717773 ], [ -57.6616699, -17.9473633 ], [ -57.5864746, -18.1222656 ], [ -57.552050799999989, -18.1831055 ], [ -57.4956543, -18.2146484 ], [ -57.506152299999989, -18.2373047 ], [ -57.553125, -18.2464844 ], [ -57.574023399999987, -18.2792969 ], [ -57.6391602, -18.475 ], [ -57.725, -18.7332031 ], [ -57.7831055, -18.9142578 ], [ -57.7308594, -18.9171875 ], [ -57.7286133, -18.9673828 ], [ -57.7167969, -19.044043 ], [ -57.7814453, -19.0535156 ], [ -57.8003906, -19.080957 ], [ -57.8745117, -19.2294922 ], [ -57.9716797, -19.4242188 ], [ -58.0720215, -19.625293 ], [ -58.1314941, -19.7445313 ], [ -58.0299316, -19.8327148 ], [ -57.8607422, -19.9795898 ], [ -57.8875977, -20.0204102 ], [ -57.9601562, -20.0407227 ], [ -58.0211426, -20.0551758 ], [ -58.067627, -20.1103516 ], [ -58.09375, -20.1510742 ], [ -58.1597656, -20.1646484 ], [ -58.137793, -20.2373047 ], [ -58.1246094, -20.293457 ], [ -58.0915039, -20.3332031 ], [ -58.0584473, -20.3861328 ], [ -58.0253906, -20.4158203 ], [ -58.0022461, -20.4654297 ], [ -58.008837899999989, -20.5216797 ], [ -57.9956055, -20.5944336 ], [ -57.9790527, -20.6573242 ], [ -57.9625, -20.6738281 ], [ -57.9151367, -20.690332 ], [ -57.8914062, -20.7474609 ], [ -57.9084961, -20.7763672 ], [ -57.9019043, -20.809375 ], [ -57.8848145, -20.8416992 ], [ -57.9004883, -20.8730469 ], [ -57.8922363, -20.8970703 ], [ -57.8600098, -20.9185547 ], [ -57.8302246, -20.9979492 ], [ -57.8269531, -21.1335938 ], [ -57.8600098, -21.20625 ], [ -57.8864746, -21.2658203 ], [ -57.8930664, -21.3022461 ], [ -57.8732422, -21.3550781 ], [ -57.9062988, -21.4179688 ], [ -57.9459961, -21.494043 ], [ -57.936084, -21.5469727 ], [ -57.9294434, -21.596582 ], [ -57.9261719, -21.6495117 ], [ -57.916210899999989, -21.6991211 ], [ -57.9294434, -21.7519531 ], [ -57.9426758, -21.7983398 ], [ -57.9493164, -21.8511719 ], [ -57.932763699999988, -21.9107422 ], [ -57.9625, -21.9669922 ], [ -57.9790527, -22.0066406 ], [ -57.9856934, -22.0463867 ], [ -57.9559082, -22.1091797 ], [ -57.879834, -22.1356445 ], [ -57.8203125, -22.1422852 ], [ -57.764062499999987, -22.1091797 ], [ -57.7210937, -22.0992188 ], [ -57.6416992, -22.1290039 ], [ -57.5689453, -22.1819336 ], [ -57.4763672, -22.1885742 ], [ -57.3936523, -22.1984375 ], [ -57.3308594, -22.2150391 ], [ -57.238232399999987, -22.1952148 ], [ -57.142334, -22.2150391 ], [ -57.0298828, -22.2448242 ], [ -56.9372559, -22.2712891 ], [ -56.8446777, -22.2646484 ], [ -56.7751953, -22.2613281 ], [ -56.7024414, -22.231543 ], [ -56.6330078, -22.2348633 ], [ -56.5800781, -22.1819336 ], [ -56.550293, -22.1356445 ], [ -56.5238281, -22.1025391 ], [ -56.4478027, -22.0761719 ], [ -56.394873, -22.0926758 ], [ -56.3518555, -22.1786133 ], [ -56.2757812, -22.2282227 ], [ -56.2460449, -22.2646484 ], [ -56.1898438, -22.2811523 ], [ -56.0674805, -22.2844727 ], [ -55.9914062, -22.2811523 ], [ -55.9053711, -22.3076172 ], [ -55.8491699, -22.3076172 ], [ -55.7995605, -22.3539063 ], [ -55.7532715, -22.4101562 ], [ -55.7466309, -22.5126953 ], [ -55.7036621, -22.5920898 ], [ -55.6474121, -22.621875 ], [ -55.6176758, -22.6714844 ], [ -55.6275879, -22.740918 ], [ -55.6540527, -22.8103516 ], [ -55.650732399999988, -22.8864258 ], [ -55.6209961, -22.9558594 ], [ -55.6209961, -23.025293 ], [ -55.601123, -23.0947266 ], [ -55.5614258, -23.1542969 ], [ -55.5481934, -23.2501953 ], [ -55.554834, -23.3196289 ], [ -55.5283691, -23.359375 ], [ -55.518457, -23.415625 ], [ -55.5349609, -23.4619141 ], [ -55.5416016, -23.524707 ], [ -55.5382812, -23.580957 ], [ -55.518457, -23.6272461 ], [ -55.4588867, -23.6867188 ], [ -55.4423828, -23.7925781 ], [ -55.4423828, -23.865332 ], [ -55.415918, -23.9513672 ], [ -55.3663086, -23.9910156 ], [ -55.2869141, -24.0042969 ], [ -55.1943359, -24.0174805 ], [ -55.0818848, -23.9976563 ], [ -54.982666, -23.9745117 ], [ -54.9264648, -23.9513672 ], [ -54.8172852, -23.8884766 ], [ -54.7213867, -23.8521484 ], [ -54.6717773, -23.8290039 ], [ -54.6254883, -23.8125 ], [ -54.5295898, -23.8521484 ], [ -54.4402344, -23.9017578 ], [ -54.3708008, -23.9711914 ], [ -54.2417969, -24.0472656 ], [ -54.2668945, -24.0658203 ], [ -54.3182617, -24.128125 ], [ -54.3172852, -24.2012695 ], [ -54.2810059, -24.3060547 ], [ -54.3129395, -24.528125 ], [ -54.4129883, -24.8674805 ], [ -54.4541016, -25.0652344 ], [ -54.4362305, -25.1212891 ], [ -54.4731445, -25.2202148 ], [ -54.6105469, -25.4327148 ], [ -54.6158691, -25.5760742 ], [ -54.5378418, -25.5764648 ], [ -54.5015137, -25.6083008 ], [ -54.4439453, -25.625 ], [ -54.3833496, -25.5886719 ], [ -54.3318848, -25.571875 ], [ -54.2500977, -25.5704102 ], [ -54.2061523, -25.5295898 ], [ -54.154589799999989, -25.5230469 ], [ -54.1192383, -25.5452148 ], [ -54.085009799999987, -25.571875 ], [ -54.0123047, -25.5779297 ], [ -53.9547852, -25.6476563 ], [ -53.8911621, -25.6688477 ], [ -53.864209, -25.7488281 ], [ -53.8232422, -25.9595703 ], [ -53.7469238, -26.0836914 ], [ -53.6712891, -26.2250977 ], [ -53.6685547, -26.2881836 ], [ -53.7109375, -26.3518555 ], [ -53.7181641, -26.4431641 ], [ -53.7445801, -26.6665039 ], [ -53.7533203, -26.7486328 ], [ -53.7271484, -26.8046875 ], [ -53.7172852, -26.8828125 ], [ -53.758496099999988, -26.9783203 ], [ -53.8381836, -27.1210937 ], [ -53.915625, -27.1595703 ], [ -53.9353516, -27.1611328 ], [ -54.0401367, -27.24375 ], [ -54.1138184, -27.274707 ], [ -54.1564453, -27.2538086 ], [ -54.2052246, -27.2896484 ], [ -54.2601562, -27.3820313 ], [ -54.327002, -27.4235352 ], [ -54.4481445, -27.4464844 ], [ -54.4843262, -27.4573242 ], [ -54.554931599999989, -27.4541016 ], [ -54.6154297, -27.4771484 ], [ -54.665869099999988, -27.5265625 ], [ -54.7197266, -27.5449219 ], [ -54.7770996, -27.5325195 ], [ -54.8291016, -27.5505859 ], [ -54.8757324, -27.5992188 ], [ -54.9027832, -27.6519531 ], [ -54.9102051, -27.7085938 ], [ -54.9559082, -27.747168 ], [ -55.0399414, -27.7677734 ], [ -55.0689941, -27.7962891 ], [ -55.0638672, -27.8359375 ], [ -55.1015137, -27.8667969 ], [ -55.24375, -27.8988281 ], [ -55.3464844, -27.955957 ], [ -55.4098145, -28.037793 ], [ -55.4766602, -28.0893555 ], [ -55.582373, -28.1209961 ], [ -55.7254883, -28.2041016 ], [ -55.7459961, -28.2554688 ], [ -55.6915039, -28.302832 ], [ -55.6719727, -28.3449219 ], [ -55.6872559, -28.3816406 ], [ -55.7319824, -28.3866211 ], [ -55.8060547, -28.3597656 ], [ -55.8588867, -28.3541992 ], [ -55.8905273, -28.3700195 ], [ -55.9054199, -28.3996094 ], [ -55.9036621, -28.4432617 ], [ -55.9301758, -28.4728516 ], [ -55.9849121, -28.4885742 ], [ -56.0196289, -28.5246094 ], [ -56.0342285, -28.5808594 ], [ -56.1028809, -28.6517578 ], [ -56.2255371, -28.737207 ], [ -56.3223633, -28.8524414 ], [ -56.3932617, -28.9972656 ], [ -56.4759766, -29.0924805 ], [ -56.570703099999989, -29.1380859 ], [ -56.6358398, -29.2030273 ], [ -56.6715332, -29.2873047 ], [ -56.7724609, -29.4178711 ], [ -56.938623, -29.5948242 ], [ -57.0893555, -29.7162109 ], [ -57.2246582, -29.7821289 ], [ -57.3006836, -29.856543 ], [ -57.3174805, -29.9394531 ], [ -57.4052246, -30.0338867 ], [ -57.5638672, -30.1399414 ], [ -57.6088867, -30.187793 ], [ -57.5522949, -30.2612305 ], [ -57.3838379, -30.2806641 ], [ -57.2144531, -30.2833984 ], [ -57.1869141, -30.2648438 ], [ -57.1205078, -30.1444336 ], [ -57.0327148, -30.1099609 ], [ -56.9372559, -30.1010742 ], [ -56.8327148, -30.1072266 ], [ -56.7216797, -30.1869141 ], [ -56.4072266, -30.4474609 ], [ -56.1761719, -30.628418 ], [ -56.1058594, -30.7137695 ], [ -56.0448242, -30.7776367 ], [ -55.9989746, -30.837207 ], [ -56.018457, -30.9918945 ], [ -56.0155273, -31.059668 ], [ -56.0046875, -31.0791992 ], [ -55.952002, -31.0808594 ], [ -55.8736816, -31.0696289 ], [ -55.807763699999988, -31.0367188 ], [ -55.7563477, -30.9871094 ], [ -55.705957, -30.946582 ], [ -55.6652344, -30.9249023 ], [ -55.6504883, -30.8920898 ], [ -55.6271484, -30.8581055 ], [ -55.6030273, -30.8507813 ], [ -55.5573242, -30.8759766 ], [ -55.4495605, -30.9644531 ], [ -55.3660645, -31.0461914 ], [ -55.3455078, -31.0929688 ], [ -55.3132812, -31.1416992 ], [ -55.2789551, -31.1841797 ], [ -55.2546387, -31.2255859 ], [ -55.1735352, -31.2795898 ], [ -55.0911621, -31.3139648 ], [ -55.0360352, -31.27900390000001 ], [ -54.8959961, -31.3912109 ], [ -54.5876465, -31.4851562 ], [ -54.5309082, -31.5419922 ], [ -54.4776855, -31.6227539 ], [ -54.3699219, -31.7450195 ], [ -54.2205566, -31.8551758 ], [ -54.1004395, -31.9015625 ], [ -53.9851562, -31.928125 ], [ -53.9206055, -31.9523438 ], [ -53.8765137, -31.9945313 ], [ -53.8061035, -32.0399414 ], [ -53.7617188, -32.0568359 ], [ -53.746582, -32.0974609 ], [ -53.701123, -32.1863281 ], [ -53.6536133, -32.2987305 ], [ -53.601709, -32.4030273 ], [ -53.4894043, -32.5032227 ], [ -53.3627441, -32.5811523 ], [ -53.23125, -32.6253906 ], [ -53.1572754, -32.680078099999989 ], [ -53.1255859, -32.7367188 ], [ -53.2140625, -32.8210938 ], [ -53.3101074, -32.9270508 ], [ -53.3952148, -33.0103516 ], [ -53.4828613, -33.0685547 ], [ -53.5118652, -33.1086914 ], [ -53.5313477, -33.1708984 ], [ -53.5303711, -33.500293 ], [ -53.5376465, -33.6228516 ], [ -53.5313477, -33.6554688 ], [ -53.5188477, -33.6772461 ], [ -53.4635742, -33.7098633 ], [ -53.3975586, -33.7373047 ], [ -53.370605499999989, -33.7421875 ], [ -52.9208496, -33.4019531 ], [ -52.7628906, -33.2664062 ], [ -52.6522461, -33.137793 ], [ -52.5084961, -32.875293 ], [ -52.3416504, -32.4397461 ], [ -52.2746094, -32.3237305 ], [ -52.1901855, -32.2208008 ], [ -52.1273926, -32.1677734 ], [ -52.1670898, -32.0884766 ], [ -52.1915527, -31.9675781 ], [ -52.1935547, -31.8855469 ], [ -52.1198242, -31.6949219 ], [ -52.0269531, -31.5990234 ], [ -51.994873, -31.4899414 ], [ -51.9724609, -31.3837891 ], [ -51.9268066, -31.3388672 ], [ -51.7168945, -31.24375 ], [ -51.5062988, -31.1044922 ], [ -51.4636719, -31.0526367 ], [ -51.4852539, -30.9775391 ], [ -51.4591309, -30.912793 ], [ -51.3764648, -30.846875 ], [ -51.359082, -30.6745117 ], [ -51.3164062, -30.7027344 ], [ -51.283056599999988, -30.7515625 ], [ -51.2876953, -30.5912109 ], [ -51.246582, -30.4675781 ], [ -51.1875488, -30.4119141 ], [ -51.1572754, -30.3642578 ], [ -51.2817871, -30.2441406 ], [ -51.2950195, -30.1410156 ], [ -51.2980469, -30.0348633 ], [ -51.2498535, -30.0599609 ], [ -51.2335937, -30.1213867 ], [ -51.1792969, -30.2110352 ], [ -51.0403809, -30.2606445 ], [ -51.0249512, -30.3686523 ], [ -50.9318848, -30.3743164 ], [ -50.6461914, -30.2368164 ], [ -50.5635254, -30.2536133 ], [ -50.5465332, -30.3168945 ], [ -50.5819336, -30.4388672 ], [ -50.6148438, -30.4568359 ], [ -50.6850586, -30.4134766 ], [ -50.7163086, -30.4259766 ], [ -50.689306599999988, -30.7041992 ], [ -50.770166, -30.8133789 ], [ -50.9408203, -30.9037109 ], [ -50.965332, -31.0054688 ], [ -50.9543945, -31.0521484 ], [ -50.9800781, -31.0942383 ], [ -51.105957, -31.0813477 ], [ -51.1614258, -31.1188477 ], [ -51.1575195, -31.2667969 ], [ -51.1743164, -31.3397461 ], [ -51.272168, -31.4769531 ], [ -51.4461914, -31.5573242 ], [ -51.6806641, -31.7746094 ], [ -51.803418, -31.7966797 ], [ -51.8412109, -31.8320313 ], [ -51.8931641, -31.8677734 ], [ -51.9951172, -31.8150391 ], [ -52.0632324, -31.8303711 ], [ -52.0595703, -31.9134766 ], [ -52.0431641, -31.9775391 ], [ -52.068945299999989, -32.0630859 ], [ -52.039209, -32.1148438 ], [ -51.9202148, -31.9895508 ], [ -51.7981445, -31.900293 ], [ -51.4604004, -31.7024414 ], [ -51.1517578, -31.4803711 ], [ -50.9213867, -31.2583984 ], [ -50.7481445, -31.0680664 ], [ -50.6199707, -30.8976563 ], [ -50.2995117, -30.4257813 ], [ -50.0333496, -29.8009766 ], [ -49.7459961, -29.3631836 ], [ -49.4999023, -29.0753906 ], [ -49.2712891, -28.8711914 ], [ -49.023584, -28.6986328 ], [ -48.7996582, -28.575293 ], [ -48.7972656, -28.4426758 ], [ -48.6932129, -28.3101563 ], [ -48.6484375, -28.2072266 ], [ -48.6208008, -28.0755859 ], [ -48.6056641, -27.8251953 ], [ -48.642578099999987, -27.5579102 ], [ -48.5719727, -27.3727539 ], [ -48.5955078, -27.2638672 ], [ -48.5541504, -27.1959961 ], [ -48.5683594, -27.1234375 ], [ -48.5934082, -27.0580078 ], [ -48.615673799999989, -26.878125 ], [ -48.6777344, -26.7029297 ], [ -48.6765137, -26.6124023 ], [ -48.6581543, -26.5191406 ], [ -48.6516113, -26.4064453 ], [ -48.7006836, -26.3483398 ], [ -48.748291, -26.2686523 ], [ -48.7137695, -26.2269531 ], [ -48.6790039, -26.2257813 ], [ -48.6194336, -26.1793945 ], [ -48.5763184, -25.9354492 ], [ -48.6128418, -25.875 ], [ -48.6790039, -25.8751953 ], [ -48.6657715, -25.8443359 ], [ -48.545166, -25.815918 ], [ -48.4011719, -25.5973633 ], [ -48.4298828, -25.5501953 ], [ -48.5070312, -25.5212891 ], [ -48.692187499999989, -25.4915039 ], [ -48.7317383, -25.36875 ], [ -48.6439941, -25.4365234 ], [ -48.564160199999989, -25.4474609 ], [ -48.476123, -25.4429688 ], [ -48.4276367, -25.4033203 ], [ -48.4584961, -25.3107422 ], [ -48.4024902, -25.2720703 ], [ -48.273486299999988, -25.3063477 ], [ -48.1859375, -25.3098633 ], [ -48.2424316, -25.4033203 ], [ -48.2027344, -25.4165039 ], [ -48.0243652, -25.2367188 ], [ -47.9293945, -25.1682617 ], [ -47.9083496, -25.0681641 ], [ -47.959375, -25.0654297 ], [ -47.9891602, -25.0357422 ], [ -47.9143066, -24.9999023 ], [ -47.8765625, -24.9974609 ], [ -47.8311523, -24.9529297 ], [ -47.5921875, -24.7810547 ], [ -47.137207, -24.4931641 ], [ -46.8672852, -24.2363281 ], [ -46.6307617, -24.1103516 ], [ -45.9720703, -23.7955078 ], [ -45.8431641, -23.7636719 ], [ -45.6646484, -23.7648438 ], [ -45.5270996, -23.8047852 ], [ -45.4643066, -23.8025391 ], [ -45.4333984, -23.7584961 ], [ -45.423291, -23.6853516 ], [ -45.3253906, -23.599707 ], [ -45.2154297, -23.5755859 ], [ -44.9516602, -23.3814453 ], [ -44.6671875, -23.3351563 ], [ -44.6190918, -23.3164062 ], [ -44.5696777, -23.2740234 ], [ -44.6210938, -23.2285156 ], [ -44.6738281, -23.2066406 ], [ -44.6811523, -23.1069336 ], [ -44.6372559, -23.0554688 ], [ -44.3679199, -23.0049805 ], [ -44.147998, -23.0110352 ], [ -44.0474609, -22.9447266 ], [ -43.8661621, -22.9105469 ], [ -43.7029297, -22.9663086 ], [ -43.6759766, -23.0094727 ], [ -43.7914062, -23.0459961 ], [ -43.8988281, -23.0352539 ], [ -43.9738281, -23.0573242 ], [ -43.8988281, -23.1014648 ], [ -43.7365234, -23.0666016 ], [ -43.5328125, -23.0463867 ], [ -43.3694824, -22.9980469 ], [ -43.2241699, -22.9912109 ], [ -43.1936035, -22.9385742 ], [ -43.2088379, -22.878125 ], [ -43.2366211, -22.8288086 ], [ -43.2419434, -22.7951172 ], [ -43.2290039, -22.7476563 ], [ -43.1542969, -22.7251953 ], [ -43.0862793, -22.7233398 ], [ -43.0654297, -22.7707031 ], [ -43.100683599999989, -22.8500977 ], [ -43.0811523, -22.9025391 ], [ -43.0162109, -22.9425781 ], [ -42.9583008, -22.9670898 ], [ -42.8292969, -22.9733398 ], [ -42.5810547, -22.9410156 ], [ -42.1224609, -22.9408203 ], [ -42.0423828, -22.9470703 ], [ -41.9875, -22.8451172 ], [ -41.940918, -22.7882813 ], [ -41.9861328, -22.7358398 ], [ -41.9975586, -22.6446289 ], [ -41.9804199, -22.5806641 ], [ -41.7055176, -22.309668 ], [ -41.5829102, -22.2436523 ], [ -41.1225098, -22.084375 ], [ -41.000293, -21.9990234 ], [ -40.9878418, -21.9203125 ], [ -41.021582, -21.6108398 ], [ -41.0231445, -21.596875 ], [ -41.047265599999989, -21.5056641 ], [ -40.954541, -21.2378906 ], [ -40.8287598, -21.0313477 ], [ -40.7892578, -20.9060547 ], [ -40.7270508, -20.8461914 ], [ -40.596582, -20.7837891 ], [ -40.3959473, -20.5694336 ], [ -40.3185547, -20.4257813 ], [ -40.298877, -20.2926758 ], [ -40.2027344, -20.2060547 ], [ -40.1416992, -19.9682617 ], [ -40.0013672, -19.7419922 ], [ -39.8447266, -19.6491211 ], [ -39.7833008, -19.5717773 ], [ -39.7314453, -19.4539063 ], [ -39.6998535, -19.277832 ], [ -39.7419434, -18.8459961 ], [ -39.7397949, -18.6398438 ], [ -39.6507812, -18.2523438 ], [ -39.4867676, -17.9901367 ], [ -39.4125977, -17.9200195 ], [ -39.2783691, -17.8494141 ], [ -39.1540039, -17.7039063 ], [ -39.1706055, -17.6420898 ], [ -39.2152344, -17.3158203 ], [ -39.2028809, -17.178125 ], [ -39.1639648, -17.0435547 ], [ -39.1250488, -16.7635742 ], [ -39.0632324, -16.5043945 ], [ -38.960791, -16.1865234 ], [ -38.8806152, -15.8642578 ], [ -38.8852539, -15.8419922 ], [ -38.9432129, -15.5643555 ], [ -38.9961914, -15.2538086 ], [ -39.0133789, -14.9356445 ], [ -39.0595703, -14.6547852 ], [ -38.942334, -14.0306641 ], [ -38.9665039, -14.003418 ], [ -39.0084961, -14.1011719 ], [ -39.0481445, -14.0439453 ], [ -39.0349121, -13.9910156 ], [ -39.0411133, -13.7581055 ], [ -39.0012207, -13.6645508 ], [ -38.988623, -13.6150391 ], [ -39.009082, -13.5814453 ], [ -39.0349121, -13.5587891 ], [ -39.0893555, -13.5881836 ], [ -39.0673828, -13.4804688 ], [ -39.0309082, -13.3651367 ], [ -38.9591797, -13.2730469 ], [ -38.8353027, -13.147168 ], [ -38.8331543, -13.0329102 ], [ -38.7637207, -12.9072266 ], [ -38.7835937, -12.8444336 ], [ -38.8517578, -12.7901367 ], [ -38.7879883, -12.7827148 ], [ -38.7438965, -12.7485352 ], [ -38.6909668, -12.6239258 ], [ -38.6540039, -12.6446289 ], [ -38.5249023, -12.7623047 ], [ -38.4989258, -12.9566406 ], [ -38.4473145, -12.9670898 ], [ -38.4017578, -12.9662109 ], [ -38.2397461, -12.8442383 ], [ -38.0192383, -12.5913086 ], [ -37.9573242, -12.4754883 ], [ -37.6887207, -12.1 ], [ -37.4693359, -11.6536133 ], [ -37.4118164, -11.4972656 ], [ -37.4384766, -11.39375 ], [ -37.3592285, -11.2525391 ], [ -37.3217773, -11.2151367 ], [ -37.3208008, -11.2666016 ], [ -37.3316406, -11.3098633 ], [ -37.3548828, -11.3504883 ], [ -37.3560059, -11.4039063 ], [ -37.3151367, -11.3759766 ], [ -37.1812012, -11.1875 ], [ -37.1828125, -11.068457 ], [ -37.1254883, -11.0849609 ], [ -37.0933594, -11.0547852 ], [ -36.937793, -10.8204102 ], [ -36.7683105, -10.6716797 ], [ -36.6357422, -10.5899414 ], [ -36.4116211, -10.4899414 ], [ -36.3983398, -10.484082 ], [ -36.2235352, -10.2250977 ], [ -36.0549805, -10.0757813 ], [ -35.8854492, -9.8476562 ], [ -35.8477539, -9.7724609 ], [ -35.8908203, -9.6870117 ], [ -35.830127, -9.719043 ], [ -35.7639648, -9.7025391 ], [ -35.5970703, -9.540625 ], [ -35.3408691, -9.2306641 ], [ -35.1577637, -8.9305664 ], [ -34.9666504, -8.4076172 ], [ -34.8905273, -8.0921875 ], [ -34.834668, -7.9714844 ], [ -34.8369141, -7.8717773 ], [ -34.8786133, -7.7474609 ], [ -34.872998, -7.6920898 ], [ -34.854785199999988, -7.6342773 ], [ -34.8608398, -7.5950195 ], [ -34.8577637, -7.5333008 ], [ -34.8166016, -7.3948242 ], [ -34.8054687, -7.2883789 ], [ -34.8338867, -7.0244141 ], [ -34.8759766, -7.0029297 ], [ -34.8798828, -6.9082031 ], [ -34.9295898, -6.7850586 ], [ -34.9881836, -6.39375 ], [ -35.095459, -6.1853516 ], [ -35.141748, -5.9171875 ], [ -35.2354492, -5.5666992 ], [ -35.3925781, -5.2508789 ], [ -35.4816895, -5.1660156 ], [ -35.5494141, -5.1293945 ], [ -35.9798828, -5.0543945 ], [ -36.1617676, -5.09375 ], [ -36.3867188, -5.0842773 ], [ -36.5907227, -5.0975586 ], [ -36.7473633, -5.0506836 ], [ -36.8611328, -4.9666016 ], [ -36.9548828, -4.9367188 ], [ -37.1746582, -4.9124023 ], [ -37.3014648, -4.7130859 ], [ -37.6263184, -4.5920898 ], [ -37.7956543, -4.4042969 ], [ -38.0488281, -4.2164063 ], [ -38.271875, -3.9480469 ], [ -38.3619141, -3.8764648 ], [ -38.4757812, -3.7174805 ], [ -38.6862305, -3.6537109 ], [ -38.8959961, -3.5017578 ], [ -39.0143555, -3.3902344 ], [ -39.3526855, -3.1973633 ], [ -39.5111816, -3.1255859 ], [ -39.6094238, -3.05625 ], [ -39.7718262, -2.9858398 ], [ -39.9646973, -2.8615234 ], [ -40.2353516, -2.8131836 ], [ -40.4745605, -2.7956055 ], [ -40.8755859, -2.8696289 ], [ -41.1945312, -2.8861328 ], [ -41.3182129, -2.9362305 ], [ -41.4799316, -2.9165039 ], [ -41.6401367, -2.8786133 ], [ -41.721875, -2.8088867 ], [ -41.8761719, -2.746582 ], [ -41.9998535, -2.8060547 ], [ -42.2496094, -2.7919922 ], [ -42.5935547, -2.6610352 ], [ -42.6758789, -2.5896484 ], [ -42.8322754, -2.5295898 ], [ -42.9367187, -2.4650391 ], [ -43.2296875, -2.3860352 ], [ -43.3800781, -2.3760742 ], [ -43.4346191, -2.4136719 ], [ -43.455127, -2.5020508 ], [ -43.7286133, -2.5181641 ], [ -43.8644531, -2.5954102 ], [ -43.9329102, -2.5834961 ], [ -44.0132324, -2.6421875 ], [ -44.1926758, -2.8095703 ], [ -44.2251953, -2.7549805 ], [ -44.1916016, -2.6996094 ], [ -44.1126465, -2.5985352 ], [ -44.1013672, -2.5600586 ], [ -44.1055664, -2.493457 ], [ -44.1793945, -2.4711914 ], [ -44.2286133, -2.4712891 ], [ -44.3081543, -2.5351562 ], [ -44.3811523, -2.7383789 ], [ -44.4375488, -2.9444336 ], [ -44.6226563, -3.1378906 ], [ -44.7230469, -3.2047852 ], [ -44.7213867, -3.1422852 ], [ -44.6389648, -2.7625 ], [ -44.610791, -2.6768555 ], [ -44.5890137, -2.5734375 ], [ -44.5620117, -2.5242188 ], [ -44.5206543, -2.48125 ], [ -44.5201172, -2.4054688 ], [ -44.3818359, -2.3655273 ], [ -44.3913086, -2.2696289 ], [ -44.4354492, -2.1680664 ], [ -44.5203613, -2.190332 ], [ -44.5790039, -2.2304687 ], [ -44.6624023, -2.3732422 ], [ -44.7006348, -2.3204102 ], [ -44.7563477, -2.2655273 ], [ -44.7075195, -2.2411133 ], [ -44.6586426, -2.2275391 ], [ -44.6172852, -2.1521484 ], [ -44.5800293, -2.1138672 ], [ -44.537793, -2.0527344 ], [ -44.5467773, -1.9462891 ], [ -44.5916504, -1.8417969 ], [ -44.6512695, -1.7458008 ], [ -44.7209473, -1.7922852 ], [ -44.7785156, -1.7988281 ], [ -44.7211426, -1.7334961 ], [ -44.7898437, -1.7248047 ], [ -44.8283691, -1.6716797 ], [ -44.9197754, -1.5888672 ], [ -45.0257812, -1.5134766 ], [ -45.0763672, -1.4664063 ], [ -45.1820801, -1.5070313 ], [ -45.238574199999988, -1.6294922 ], [ -45.2821289, -1.696582 ], [ -45.3291504, -1.7172852 ], [ -45.3530273, -1.5673828 ], [ -45.4585938, -1.35625 ], [ -45.5569336, -1.3306641 ], [ -45.6447754, -1.3478516 ], [ -45.7788086, -1.2507813 ], [ -45.9722656, -1.1874023 ], [ -46.0446289, -1.1030273 ], [ -46.1403809, -1.1183594 ], [ -46.2149902, -1.0998047 ], [ -46.2191406, -1.03125 ], [ -46.3208496, -1.0391602 ], [ -46.4217285, -1.0300781 ], [ -46.5163086, -0.996875 ], [ -46.6172363, -0.9706055 ], [ -46.6444336, -0.9164063 ], [ -46.7699219, -0.8365234 ], [ -46.8112305, -0.7796875 ], [ -46.8936523, -0.7798828 ], [ -46.9443359, -0.7433594 ], [ -47.0246094, -0.7501953 ], [ -47.1269043, -0.7454102 ], [ -47.2005371, -0.6804688 ], [ -47.2686035, -0.6454102 ], [ -47.3980957, -0.6266602 ], [ -47.4390625, -0.6476563 ], [ -47.4603516, -0.680957 ], [ -47.4329102, -0.721875 ], [ -47.4186523, -0.765918 ], [ -47.4707031, -0.7485352 ], [ -47.5573242, -0.6699219 ], [ -47.6510742, -0.71875 ], [ -47.6871094, -0.7248047 ], [ -47.7314941, -0.7104492 ], [ -47.7737305, -0.6767578 ], [ -47.807666, -0.6634766 ], [ -47.8833984, -0.6933594 ], [ -47.9609375, -0.7696289 ], [ -48.0325684, -0.7050781 ], [ -48.0688477, -0.7136719 ], [ -48.1150879, -0.7375 ], [ -48.1284668, -0.7952148 ], [ -48.2017578, -0.8279297 ], [ -48.266455099999988, -0.8951172 ], [ -48.3175781, -0.9605469 ], [ -48.3064941, -1.0398438 ], [ -48.4498047, -1.1455078 ], [ -48.4085937, -1.2291992 ], [ -48.4777344, -1.3238281 ], [ -48.4680664, -1.3938477 ], [ -48.4514648, -1.4358398 ], [ -48.3498047, -1.4821289 ], [ -48.4458496, -1.5204102 ], [ -48.4629395, -1.6139648 ], [ -48.5295898, -1.5674805 ], [ -48.6, -1.4887695 ], [ -48.7100098, -1.4876953 ], [ -48.9913086, -1.8297852 ], [ -49.1547852, -1.8785156 ], [ -49.2110352, -1.9165039 ], [ -49.407666, -2.3443359 ], [ -49.4575195, -2.5045898 ], [ -49.5239258, -2.596875 ], [ -49.5758789, -2.6314453 ], [ -49.6365234, -2.6569336 ], [ -49.5993164, -2.5838867 ], [ -49.5533691, -2.5199219 ], [ -49.5069824, -2.2802734 ], [ -49.4601562, -2.1915039 ], [ -49.3986328, -1.971582 ], [ -49.3136719, -1.7317383 ], [ -49.5853516, -1.8671875 ], [ -49.7195312, -1.9263672 ], [ -49.9029785, -1.8706055 ], [ -49.9992187, -1.8318359 ], [ -50.1166016, -1.8575195 ], [ -50.1727051, -1.8961914 ], [ -50.2604492, -1.9229492 ], [ -50.4032227, -2.0155273 ], [ -50.5855957, -1.8499023 ], [ -50.6387695, -1.8170898 ], [ -50.6900391, -1.7617187 ], [ -50.675293, -1.6947266 ], [ -50.6789551, -1.6438477 ], [ -50.7861328, -1.4899414 ], [ -50.8186523, -1.3762695 ], [ -50.8255371, -1.3114258 ], [ -50.8445801, -1.2262695 ], [ -50.897168, -1.1644531 ], [ -50.9178711, -1.1152344 ], [ -50.8381836, -1.0388672 ], [ -50.8422852, -0.9996094 ], [ -50.8949219, -0.9375977 ], [ -50.992041, -0.9863281 ], [ -51.0289551, -1.0321289 ], [ -51.2023437, -1.1365234 ], [ -51.2973633, -1.2235352 ], [ -51.5312012, -1.3541016 ], [ -51.6462891, -1.3943359 ], [ -51.9475586, -1.5867188 ], [ -52.1966797, -1.6401367 ], [ -52.3103027, -1.5595703 ], [ -52.6641602, -1.5517578 ], [ -52.553418, -1.5140625 ], [ -52.229248, -1.3625 ], [ -52.020459, -1.3990234 ], [ -51.9808105, -1.3679688 ], [ -51.9344727, -1.3203125 ], [ -51.9216309, -1.1808594 ], [ -51.8191406, -1.1177734 ], [ -51.7206055, -1.018457 ], [ -51.7215332, -0.8554688 ], [ -51.7026367, -0.7623047 ], [ -51.5550293, -0.5491211 ], [ -51.4962891, -0.5094727 ], [ -51.4041504, -0.3926758 ], [ -51.2995605, -0.1788086 ], [ -51.282910199999989, -0.0852051 ], [ -51.1019531, -0.03125 ], [ -50.9670898, 0.1302734 ], [ -50.910156199999989, 0.1609863 ], [ -50.8163574, 0.1725586 ], [ -50.7550781, 0.2225586 ], [ -50.581543, 0.4205078 ], [ -50.4629883, 0.6373047 ], [ -50.3432617, 0.7510254 ], [ -50.2944336, 0.8357422 ], [ -50.0709961, 1.0150879 ], [ -50.0472168, 1.0519531 ], [ -49.9379395, 1.1214355 ], [ -49.898877, 1.1629883 ], [ -49.90625, 1.269043 ], [ -49.881591799999988, 1.4199219 ], [ -49.9571289, 1.6598633 ], [ -50.0546875, 1.7307129 ], [ -50.1875977, 1.7859863 ], [ -50.3042969, 1.7976562 ], [ -50.4588867, 1.8295898 ], [ -50.5344238, 1.9272461 ], [ -50.5758789, 1.998584 ], [ -50.6086914, 2.1041016 ], [ -50.6589355, 2.130957 ], [ -50.7144043, 2.1340332 ], [ -50.6765625, 2.1794434 ], [ -50.6787598, 2.2103516 ], [ -50.7369629, 2.3767578 ], [ -50.7896973, 2.4777832 ], [ -50.8165039, 2.5730469 ], [ -50.8271973, 2.6518555 ], [ -50.9941406, 3.0775391 ], [ -51.0523926, 3.2818359 ], [ -51.0762695, 3.6716797 ], [ -51.2199219, 4.0936035 ], [ -51.3270996, 4.2247559 ], [ -51.4615234, 4.3137695 ], [ -51.5470703, 4.3108887 ], [ -51.5578125, 4.2337891 ], [ -51.6525391, 4.0612793 ], [ -51.6834473, 4.0396973 ], [ -51.7670898, 3.9926758 ], [ -51.8052734, 3.9299316 ], [ -51.8274902, 3.8695801 ], [ -51.879492199999987, 3.8285645 ], [ -51.9289062, 3.7769531 ], [ -51.9443359, 3.7351074 ], [ -51.990625, 3.702002 ], [ -51.9995117, 3.646875 ], [ -52.1161133, 3.4522949 ], [ -52.1625977, 3.3646973 ], [ -52.2294434, 3.2716797 ], [ -52.2712402, 3.2371094 ], [ -52.3278809, 3.1817383 ], [ -52.3566406, 3.1177246 ], [ -52.3566406, 3.0515625 ], [ -52.3963867, 2.9722168 ], [ -52.4184082, 2.9038574 ], [ -52.4558594, 2.8641602 ], [ -52.5546875, 2.6476562 ], [ -52.5594727, 2.5731445 ], [ -52.5830078, 2.5289062 ], [ -52.6531738, 2.4257324 ], [ -52.7006348, 2.3636719 ], [ -52.783398399999989, 2.3171875 ], [ -52.8704102, 2.2666504 ], [ -52.9034668, 2.2115234 ], [ -52.9648438, 2.1835449 ], [ -53.0097168, 2.1817383 ], [ -53.0822754, 2.201709 ], [ -53.1800781, 2.2113281 ], [ -53.2297852, 2.2048828 ], [ -53.2521973, 2.2322754 ], [ -53.285498, 2.2952148 ], [ -53.334423799999989, 2.3397461 ], [ -53.3660156, 2.3242188 ], [ -53.4318359, 2.2794434 ], [ -53.5089844, 2.253125 ], [ -53.5639648, 2.2619141 ], [ -53.6836914, 2.2929199 ], [ -53.7347168, 2.3085449 ], [ -53.7501465, 2.3350098 ], [ -53.7677734, 2.354834 ], [ -53.7942383, 2.3459961 ], [ -53.829541, 2.3129395 ], [ -53.8766113, 2.2782715 ], [ -53.9464355, 2.2325684 ], [ -54.0897461, 2.1504883 ], [ -54.1300781, 2.1210449 ], [ -54.1673828, 2.1370605 ], [ -54.2279785, 2.1533203 ], [ -54.2930664, 2.154248 ], [ -54.4331055, 2.2075195 ], [ -54.5150879, 2.245459 ], [ -54.5504883, 2.2930664 ], [ -54.5919434, 2.3137695 ], [ -54.616259799999987, 2.3267578 ], [ -54.6618652, 2.3275391 ], [ -54.6974121, 2.3598145 ], [ -54.7029297, 2.3979492 ], [ -54.7222168, 2.4416504 ], [ -54.7668457, 2.4547363 ], [ -54.8516602, 2.4395508 ], [ -54.8760742, 2.4503906 ], [ -54.9265625, 2.4973633 ], [ -54.9684082, 2.5483398 ], [ -54.978662099999987, 2.5976563 ], [ -55.0058105, 2.5929687 ], [ -55.0703125, 2.5483398 ], [ -55.1141113, 2.539209 ], [ -55.1488281, 2.5507812 ], [ -55.1876953, 2.5475098 ], [ -55.2860352, 2.4996582 ], [ -55.3439941, 2.4887695 ], [ -55.3853516, 2.440625 ], [ -55.6589355, 2.41875 ], [ -55.7305664, 2.4061523 ], [ -55.89375, 2.489502 ], [ -55.9359375, 2.5166016 ], [ -55.9574707, 2.520459 ], [ -55.9755859, 2.5159668 ], [ -55.9935059, 2.4975098 ], [ -56.0203613, 2.3927734 ], [ -56.0451172, 2.3644043 ], [ -56.087793, 2.3413086 ], [ -56.1293945, 2.2995117 ], [ -56.1376953, 2.2590332 ], [ -56.0736328, 2.2367676 ], [ -56.0200684, 2.1581543 ], [ -55.9619629, 2.0951172 ], [ -55.915332, 2.0395508 ], [ -55.9216309, 1.9766602 ], [ -55.9296387, 1.8875 ], [ -55.9633301, 1.8570801 ], [ -56.0199219, 1.8422363 ], [ -56.2271484, 1.8853516 ], [ -56.3858398, 1.923877 ], [ -56.452832, 1.9323242 ], [ -56.4828125, 1.9421387 ], [ -56.5254883, 1.9272461 ], [ -56.5635742, 1.9072266 ], [ -56.6164551, 1.9226562 ], [ -56.6898438, 1.9143066 ], [ -56.7662598, 1.8921875 ], [ -56.8367187, 1.88125 ], [ -56.9695312, 1.9164062 ], [ -57.0100586, 1.9212402 ], [ -57.0375977, 1.9364746 ], [ -57.0926758, 2.0058105 ], [ -57.1188965, 2.0139648 ], [ -57.1895996, 1.9815918 ], [ -57.2755859, 1.9592285 ], [ -57.3174805, 1.9634766 ], [ -57.3667969, 1.9401367 ], [ -57.4126953, 1.9089355 ], [ -57.5004395, 1.7738281 ], [ -57.545752, 1.7260742 ], [ -57.5944336, 1.7041016 ], [ -57.691748, 1.7047852 ], [ -57.7956543, 1.7 ], [ -57.8734375, 1.6672852 ], [ -57.9463379, 1.6505859 ], [ -57.9828125, 1.6484375 ], [ -57.9951172, 1.5743164 ], [ -58.0117676, 1.5399414 ], [ -58.034668, 1.5202637 ], [ -58.0913086, 1.5143555 ], [ -58.1422363, 1.5169922 ], [ -58.1730957, 1.5478516 ], [ -58.2304199, 1.5632812 ], [ -58.2811523, 1.5743164 ], [ -58.314209, 1.5919434 ], [ -58.3406738, 1.5875488 ], [ -58.3626953, 1.5566895 ], [ -58.3803711, 1.5302246 ], [ -58.3958008, 1.4817383 ], [ -58.472949199999988, 1.4662598 ], [ -58.5060547, 1.4386719 ], [ -58.4868652, 1.3477539 ], [ -58.4957031, 1.3122559 ], [ -58.511865199999988, 1.284668 ], [ -58.6050781, 1.2791504 ], [ -58.6846191, 1.2810547 ], [ -58.7303223, 1.2475098 ], [ -58.787207, 1.2084961 ], [ -58.8217773, 1.2012207 ], [ -58.8625, 1.2036133 ], [ -58.9166016, 1.248877 ], [ -58.9685059, 1.3045898 ], [ -59.1003906, 1.3436523 ], [ -59.2312012, 1.3760254 ], [ -59.3169922, 1.4645996 ], [ -59.337255899999988, 1.5082031 ], [ -59.3776855, 1.5273438 ], [ -59.4794434, 1.6324219 ], [ -59.5356934, 1.7 ], [ -59.5966309, 1.7180176 ], [ -59.6666016, 1.7462891 ], [ -59.6637695, 1.7952148 ], [ -59.6685059, 1.842334 ], [ -59.6985352, 1.8614746 ], [ -59.7407227, 1.8741699 ], [ -59.7562012, 1.9006348 ], [ -59.7517578, 1.9624023 ], [ -59.7435059, 2.1216309 ], [ -59.7552246, 2.2741211 ], [ -59.8491211, 2.3270508 ], [ -59.8896484, 2.3629395 ], [ -59.960791, 2.5883789 ], [ -59.9943359, 2.6899902 ], [ -59.9958984, 2.7654297 ], [ -59.9723145, 2.9904785 ], [ -59.9456543, 3.0878418 ], [ -59.8730469, 3.2831055 ], [ -59.8311523, 3.3492187 ], [ -59.8288086, 3.398584 ], [ -59.8330566, 3.4621582 ], [ -59.8543945, 3.5875 ], [ -59.7316406, 3.6665527 ], [ -59.6790039, 3.6998047 ], [ -59.670214799999989, 3.7527344 ], [ -59.6044434, 3.8196777 ], [ -59.5753906, 3.8834473 ], [ -59.551123, 3.9335449 ], [ -59.5577637, 3.9600098 ], [ -59.5864258, 3.9753906 ], [ -59.6202148, 4.0231445 ], [ -59.6912109, 4.1604004 ], [ -59.7168945, 4.1881836 ], [ -59.7385742, 4.2267578 ], [ -59.7274902, 4.2876465 ], [ -59.699707, 4.3535156 ], [ -59.7032715, 4.3811035 ], [ -59.7458008, 4.4166504 ], [ -59.8333496, 4.4759277 ], [ -59.9061035, 4.4803223 ], [ -59.9623535, 4.501709 ], [ -60.0450195, 4.5045898 ], [ -60.1111328, 4.5111816 ], [ -60.1486328, 4.533252 ], [ -60.140918, 4.5696289 ], [ -60.1245605, 4.5976563 ], [ -60.0689453, 4.6666504 ], [ -60.0317871, 4.7405273 ], [ -60.0267578, 4.8126953 ], [ -60.0154785, 4.9075195 ], [ -59.9993652, 4.9898437 ], [ -59.9906738, 5.0828613 ], [ -60.0780762, 5.1439941 ], [ -60.105957, 5.1942383 ], [ -60.142041, 5.2388184 ], [ -60.1817383, 5.2388184 ], [ -60.2416504, 5.257959 ], [ -60.3352051, 5.1993164 ], [ -60.4087891, 5.2101562 ], [ -60.4595215, 5.1880859 ], [ -60.576416, 5.1924805 ], [ -60.6513672, 5.2211426 ], [ -60.7421387, 5.2020508 ], [ -60.7119629, 5.1915527 ], [ -60.6719727, 5.1643555 ], [ -60.6350098, 5.0819824 ], [ -60.6044922, 4.9945801 ], [ -60.6038574, 4.9493652 ], [ -60.6275879, 4.8925293 ], [ -60.6791504, 4.8270996 ], [ -60.741748, 4.7741211 ], [ -60.8333984, 4.7291992 ], [ -60.90625, 4.6868164 ], [ -60.9664062, 4.574707 ], [ -61.002832, 4.5352539 ], [ -61.0362793, 4.5193359 ], [ -61.1024414, 4.5046875 ], [ -61.2094238, 4.5080566 ], [ -61.2800781, 4.5168945 ], [ -61.3675293, 4.4330078 ], [ -61.4793945, 4.4022461 ], [ -61.554248, 4.287793 ], [ -61.8208496, 4.1970215 ], [ -62.0815918, 4.1263184 ], [ -62.153125, 4.0983887 ], [ -62.4106445, 4.1567383 ], [ -62.4725586, 4.1385254 ], [ -62.5439453, 4.0843262 ], [ -62.6097656, 4.0422852 ], [ -62.665332, 4.0396484 ], [ -62.7121094, 4.0179199 ], [ -62.7399414, 3.940332 ], [ -62.7645996, 3.6729492 ], [ -62.8569824, 3.593457 ], [ -62.9686523, 3.5939453 ], [ -63.0453125, 3.6864746 ], [ -63.1362305, 3.7564453 ], [ -63.2947266, 3.9222656 ], [ -63.3386719, 3.9438965 ], [ -63.3797852, 3.9428711 ], [ -63.5268066, 3.8937012 ], [ -63.596630899999987, 3.9150391 ], [ -63.6529297, 3.9408203 ], [ -63.7469727, 3.9325684 ], [ -63.9146484, 3.9306641 ], [ -64.0214844, 3.9291016 ], [ -64.0733887, 3.9744141 ], [ -64.1217285, 4.0669922 ], [ -64.1542969, 4.1001465 ], [ -64.1924805, 4.1268555 ], [ -64.2556641, 4.140332 ], [ -64.5255371, 4.1399902 ], [ -64.5763672, 4.1398926 ], [ -64.6136719, 4.1577148 ], [ -64.6655273, 4.2371094 ], [ -64.7222656, 4.2744141 ], [ -64.7886719, 4.2760254 ], [ -64.8178711, 4.2322754 ], [ -64.7025879, 4.0893066 ], [ -64.6689941, 4.0118164 ], [ -64.5679199, 3.8998047 ], [ -64.275293, 3.6626953 ], [ -64.2210938, 3.5874023 ], [ -64.2270508, 3.4912109 ], [ -64.2287598, 3.3439941 ], [ -64.2188477, 3.2046875 ], [ -64.1435547, 3.0048828 ], [ -64.037793, 2.8015137 ], [ -64.0090332, 2.671875 ], [ -64.0287109, 2.5760742 ], [ -64.0488281, 2.5250977 ], [ -64.046582, 2.5023926 ], [ -64.0249023, 2.4818848 ], [ -63.9241699, 2.4524414 ], [ -63.7125488, 2.4340332 ], [ -63.5846191, 2.4339355 ], [ -63.3892578, 2.4119141 ], [ -63.3748535, 2.3404297 ], [ -63.3939453, 2.2225098 ], [ -63.4325195, 2.1555664 ], [ -63.463916, 2.1360352 ], [ -63.5702637, 2.1205078 ], [ -63.6821289, 2.0481445 ], [ -63.8444824, 1.976709 ], [ -63.9371582, 1.9669922 ], [ -63.9757812, 1.9530273 ], [ -64.0084961, 1.9315918 ], [ -64.0354492, 1.9044434 ], [ -64.067041, 1.7705078 ], [ -64.1148437, 1.6192871 ], [ -64.2050293, 1.5294922 ], [ -64.3041992, 1.4552734 ], [ -64.405127, 1.446875 ], [ -64.4860352, 1.4527832 ], [ -64.5262695, 1.4310059 ], [ -64.584375, 1.369873 ], [ -64.6674316, 1.2938477 ], [ -64.731543, 1.2533203 ], [ -64.8179687, 1.2571289 ], [ -64.9101074, 1.2197266 ], [ -65.0265625, 1.1584473 ], [ -65.1037598, 1.1081055 ], [ -65.1696289, 1.0222168 ], [ -65.2639648, 0.9318848 ], [ -65.3608398, 0.8686523 ], [ -65.4072266, 0.7904785 ], [ -65.4733887, 0.6912598 ], [ -65.5560547, 0.6879883 ], [ -65.5626953, 0.7475098 ], [ -65.522998, 0.8434082 ], [ -65.5660156, 0.9260742 ], [ -65.6446777, 0.9703613 ], [ -65.6814453, 0.9834473 ], [ -65.7181152, 0.9780273 ], [ -65.8113281, 0.9372559 ], [ -65.9258789, 0.8631348 ], [ -65.9963379, 0.8097656 ], [ -66.0600586, 0.7853516 ], [ -66.1912109, 0.7632812 ], [ -66.3016602, 0.7519531 ], [ -66.3471191, 0.7671875 ], [ -66.429248, 0.8216797 ], [ -66.619043, 0.9921387 ], [ -66.8760254, 1.2230469 ], [ -67.0652344, 1.1783691 ] ] ], [ [ [ -50.2482422, -0.1164063 ], [ -50.4615723, -0.1574219 ], [ -50.6455078, -0.2728516 ], [ -50.6937012, -0.3644531 ], [ -50.7158203, -0.4702148 ], [ -50.7030762, -0.5285156 ], [ -50.7199219, -0.5833984 ], [ -50.7713867, -0.6454102 ], [ -50.780957, -0.6898438 ], [ -50.7960937, -0.90625 ], [ -50.7833008, -1.0103516 ], [ -50.7096191, -1.0777344 ], [ -50.5929199, -1.0729492 ], [ -50.5769531, -1.103125 ], [ -50.5805176, -1.1394531 ], [ -50.5958984, -1.1474609 ], [ -50.6683105, -1.1305664 ], [ -50.729492199999989, -1.1267578 ], [ -50.7597656, -1.2402344 ], [ -50.7238281, -1.3714844 ], [ -50.6733887, -1.5160156 ], [ -50.6171875, -1.6376953 ], [ -50.6020508, -1.6977539 ], [ -50.5076172, -1.7879883 ], [ -50.443457, -1.8006836 ], [ -50.3384277, -1.755957 ], [ -50.1092773, -1.7478516 ], [ -50.0657227, -1.7038086 ], [ -50.0099609, -1.7084961 ], [ -49.9113281, -1.7629883 ], [ -49.805127, -1.7902344 ], [ -49.7487793, -1.7553711 ], [ -49.6505859, -1.7380859 ], [ -49.587890599999987, -1.7124023 ], [ -49.5256836, -1.6304688 ], [ -49.5066406, -1.5116211 ], [ -49.4065918, -1.5555664 ], [ -49.3448242, -1.5952148 ], [ -49.2339844, -1.5995117 ], [ -49.2047852, -1.5589844 ], [ -49.1816895, -1.4849609 ], [ -49.172705099999988, -1.4125977 ], [ -49.0868652, -1.5050781 ], [ -49.0384766, -1.5140625 ], [ -48.9859375, -1.5046875 ], [ -48.9289062, -1.4823242 ], [ -48.8335938, -1.3900391 ], [ -48.8040527, -1.3269531 ], [ -48.8290039, -1.2765625 ], [ -48.8396973, -1.2265625 ], [ -48.7898437, -1.1733398 ], [ -48.7285156, -1.1317383 ], [ -48.7045898, -1.1066406 ], [ -48.6240723, -0.9869141 ], [ -48.5709473, -0.8928711 ], [ -48.5495117, -0.8475586 ], [ -48.5396973, -0.8009766 ], [ -48.5666504, -0.6844727 ], [ -48.5233398, -0.6914062 ], [ -48.4974609, -0.6649414 ], [ -48.4639648, -0.5347656 ], [ -48.4280273, -0.4415039 ], [ -48.3796875, -0.352832 ], [ -48.3926758, -0.2973633 ], [ -48.4444824, -0.271875 ], [ -48.5154297, -0.2482422 ], [ -48.5880371, -0.2316406 ], [ -48.7865723, -0.2155273 ], [ -49.1169922, -0.1635742 ], [ -49.2150879, -0.1586914 ], [ -49.3142578, -0.1678711 ], [ -49.4028809, -0.2146484 ], [ -49.5352051, -0.2335938 ], [ -49.6286621, -0.2291992 ], [ -50.2482422, -0.1164063 ] ] ], [ [ [ -44.1916016, -23.1132812 ], [ -44.220410199999989, -23.0829102 ], [ -44.2428711, -23.0741211 ], [ -44.2741211, -23.1162109 ], [ -44.3601562, -23.1720703 ], [ -44.3200684, -23.2123047 ], [ -44.2205078, -23.1908203 ], [ -44.1557617, -23.1666016 ], [ -44.0980469, -23.1693359 ], [ -44.1292969, -23.1418945 ], [ -44.1916016, -23.1132812 ] ] ], [ [ [ -48.5680664, -26.3796875 ], [ -48.5311035, -26.3131836 ], [ -48.4976074, -26.21875 ], [ -48.5397461, -26.1703125 ], [ -48.6657715, -26.2896484 ], [ -48.6030762, -26.4137695 ], [ -48.5844238, -26.4015625 ], [ -48.5680664, -26.3796875 ] ] ], [ [ [ -45.250293, -23.8530273 ], [ -45.2331055, -23.8253906 ], [ -45.2490723, -23.7826172 ], [ -45.2722656, -23.7519531 ], [ -45.3023438, -23.7275391 ], [ -45.451416, -23.8956055 ], [ -45.4128418, -23.9349609 ], [ -45.3025391, -23.9147461 ], [ -45.2608887, -23.9413086 ], [ -45.2602539, -23.8891602 ], [ -45.250293, -23.8530273 ] ] ], [ [ [ -44.4825684, -2.8119141 ], [ -44.4873047, -2.7897461 ], [ -44.4814453, -2.7175781 ], [ -44.5019531, -2.7262695 ], [ -44.5690918, -2.7849609 ], [ -44.5818848, -2.8456055 ], [ -44.565332, -2.9239258 ], [ -44.5977539, -3.0375977 ], [ -44.4993164, -2.9396484 ], [ -44.4825684, -2.8119141 ] ] ], [ [ [ -38.6011719, -12.9925781 ], [ -38.600293, -12.9724609 ], [ -38.6145508, -12.9240234 ], [ -38.6681152, -12.8801758 ], [ -38.6848633, -12.9749023 ], [ -38.7869629, -13.0550781 ], [ -38.7830078, -13.1186523 ], [ -38.7438477, -13.0970703 ], [ -38.6011719, -12.9925781 ] ] ], [ [ [ -38.9071289, -13.4010742 ], [ -38.980127, -13.3984375 ], [ -39.0065918, -13.4155273 ], [ -39.022168, -13.4456055 ], [ -38.9932129, -13.484082 ], [ -38.9775879, -13.5235352 ], [ -38.9378906, -13.5323242 ], [ -38.9035645, -13.4734375 ], [ -38.9071289, -13.4010742 ] ] ], [ [ [ -44.8882813, -1.2768555 ], [ -44.9786621, -1.2672852 ], [ -44.9956055, -1.3475586 ], [ -45.0112305, -1.3447266 ], [ -45.0208496, -1.3723633 ], [ -44.9678711, -1.3908203 ], [ -44.9471191, -1.3660156 ], [ -44.8831055, -1.3178711 ], [ -44.8882813, -1.2768555 ] ] ], [ [ [ -49.8790039, 0.304541 ], [ -50.1279785, 0.2265137 ], [ -50.2726562, 0.2317383 ], [ -50.3451172, 0.1344727 ], [ -50.3394531, 0.0433594 ], [ -50.2855957, 0.0285645 ], [ -50.1131348, 0.0330078 ], [ -50.0024902, -0.0292969 ], [ -49.9170898, -0.0231934 ], [ -49.8389648, 0.0068848 ], [ -49.6972656, 0.2159668 ], [ -49.7382324, 0.2681641 ], [ -49.8790039, 0.304541 ] ] ], [ [ [ -50.2920898, 1.9795898 ], [ -50.3419922, 2.141748 ], [ -50.3626465, 2.1544434 ], [ -50.41875, 2.1614746 ], [ -50.4910156, 2.1286133 ], [ -50.5089844, 2.029541 ], [ -50.4561035, 1.910498 ], [ -50.3987793, 1.8928711 ], [ -50.2989746, 1.9385254 ], [ -50.2920898, 1.9795898 ] ] ], [ [ [ -50.6505859, -0.1058594 ], [ -50.6669922, -0.0580078 ], [ -50.7652832, -0.0408691 ], [ -50.8421875, -0.0501953 ], [ -50.9950684, -0.1052734 ], [ -51.0257324, -0.1723633 ], [ -51.0223633, -0.1883789 ], [ -51.0380859, -0.2258789 ], [ -51.0189941, -0.2630859 ], [ -50.9263672, -0.3273438 ], [ -50.6528809, -0.1316406 ], [ -50.6505859, -0.1058594 ] ] ], [ [ [ -49.3808594, -0.0554688 ], [ -49.3723145, 0.0010742 ], [ -49.4004883, 0.0572266 ], [ -49.5034668, 0.0836914 ], [ -49.6021973, 0.0626953 ], [ -49.7123047, 0.0151367 ], [ -49.8026855, -0.0518555 ], [ -49.8300781, -0.0938965 ], [ -49.7088379, -0.14375 ], [ -49.4438965, -0.1124023 ], [ -49.3808594, -0.0554688 ] ] ], [ [ [ -50.3322754, 0.2590332 ], [ -50.3425293, 0.3815918 ], [ -50.350976599999989, 0.5817383 ], [ -50.3727539, 0.5908691 ], [ -50.396875, 0.5813965 ], [ -50.4245605, 0.558252 ], [ -50.4260742, 0.4249512 ], [ -50.4515625, 0.3269043 ], [ -50.5262207, 0.2469238 ], [ -50.6104492, 0.2047852 ], [ -50.6239258, 0.0543945 ], [ -50.4439453, -0.007666 ], [ -50.426123, 0.1392578 ], [ -50.3322754, 0.2590332 ] ] ], [ [ [ -50.0400391, 0.5228027 ], [ -50.0368164, 0.5948242 ], [ -50.0588379, 0.6380371 ], [ -50.0986328, 0.625 ], [ -50.112793, 0.6047363 ], [ -50.2511719, 0.5854492 ], [ -50.2816895, 0.5165039 ], [ -50.281543, 0.3908203 ], [ -50.2613281, 0.3591797 ], [ -50.1529297, 0.3930176 ], [ -50.0400391, 0.5228027 ] ] ], [ [ [ -51.6376953, -1.3418945 ], [ -51.4651367, -1.2111328 ], [ -51.3101074, -1.0238281 ], [ -51.2763184, -1.0217773 ], [ -51.1607422, -0.6666992 ], [ -51.2540039, -0.5414063 ], [ -51.4244629, -0.565918 ], [ -51.5460449, -0.6496094 ], [ -51.6782715, -0.8550781 ], [ -51.6800293, -1.0861328 ], [ -51.8020508, -1.2025391 ], [ -51.9383789, -1.4526367 ], [ -51.8325195, -1.4337891 ], [ -51.6376953, -1.3418945 ] ] ], [ [ [ -48.4967773, -27.7070312 ], [ -48.4095703, -27.5663086 ], [ -48.3779297, -27.4514648 ], [ -48.4148926, -27.3996094 ], [ -48.4647461, -27.4363281 ], [ -48.5051758, -27.4955078 ], [ -48.5421875, -27.5748047 ], [ -48.5545898, -27.812207 ], [ -48.4858887, -27.7669922 ], [ -48.4967773, -27.7070312 ] ] ] ] } },
{ "type": "Feature", "properties": { "iso3": "BOL", "territorio": "Bolivia", "value": null, "color": "#CCCCCC" }, "geometry": { "type": "MultiPolygon", "coordinates": [ [ [ [ -69.4950195, -17.6195313 ], [ -69.3580078, -17.7716797 ], [ -69.3133789, -17.9431641 ], [ -69.2823242, -17.9648438 ], [ -69.0939453, -18.0504883 ], [ -69.0904297, -18.0707031 ], [ -69.1180664, -18.1027344 ], [ -69.145459, -18.144043 ], [ -69.1263672, -18.2024414 ], [ -69.0922852, -18.2824219 ], [ -69.080957, -18.3566406 ], [ -69.0601562, -18.4330078 ], [ -69.0394043, -18.5500977 ], [ -69.0268066, -18.65625 ], [ -68.9788574, -18.8129883 ], [ -68.9690918, -18.909668 ], [ -68.9683105, -18.9679688 ], [ -68.9310059, -19.0251953 ], [ -68.857959, -19.0933594 ], [ -68.759082, -19.162207 ], [ -68.6806641, -19.2423828 ], [ -68.6205566, -19.2966797 ], [ -68.5478516, -19.3411133 ], [ -68.4919922, -19.3819336 ], [ -68.470166, -19.4099609 ], [ -68.4628906, -19.4328125 ], [ -68.4870117, -19.4543945 ], [ -68.575293, -19.5601563 ], [ -68.698291, -19.7210938 ], [ -68.6961914, -19.7407227 ], [ -68.5782715, -19.856543 ], [ -68.559375, -19.9023438 ], [ -68.5606934, -19.9670898 ], [ -68.6001953, -20.0449219 ], [ -68.7274902, -20.0696289 ], [ -68.7558105, -20.0908203 ], [ -68.7593262, -20.1155273 ], [ -68.7300293, -20.1484375 ], [ -68.7345703, -20.2251953 ], [ -68.6885742, -20.3100586 ], [ -68.7123047, -20.3389648 ], [ -68.7592285, -20.3780273 ], [ -68.7605469, -20.4162109 ], [ -68.745166, -20.4585938 ], [ -68.6958008, -20.4929688 ], [ -68.4998535, -20.6120117 ], [ -68.4843262, -20.628418 ], [ -68.4874023, -20.6407227 ], [ -68.5631836, -20.7201172 ], [ -68.5710449, -20.7691406 ], [ -68.5689453, -20.8498047 ], [ -68.558252, -20.9019531 ], [ -68.5338379, -20.9236328 ], [ -68.435498, -20.9482422 ], [ -68.3138672, -21.1296875 ], [ -68.1970215, -21.300293 ], [ -68.1985352, -21.4472656 ], [ -68.1864258, -21.6185547 ], [ -68.1121582, -21.7530273 ], [ -68.1018066, -21.8606445 ], [ -68.0767578, -21.9828125 ], [ -67.9883789, -22.0571289 ], [ -67.9539062, -22.2040039 ], [ -67.9449219, -22.2822266 ], [ -67.9503906, -22.3336914 ], [ -67.8817383, -22.4933594 ], [ -67.8737305, -22.6305664 ], [ -67.8899902, -22.7291992 ], [ -67.8891602, -22.7841797 ], [ -67.8794434, -22.8229492 ], [ -67.8205078, -22.8577148 ], [ -67.7944336, -22.8794922 ], [ -67.7073242, -22.8891602 ], [ -67.5799316, -22.8916992 ], [ -67.3622559, -22.8551758 ], [ -67.194873, -22.8216797 ], [ -67.1619141, -22.7738281 ], [ -67.0554199, -22.6508789 ], [ -67.03354490000001, -22.5522461 ], [ -66.9911133, -22.5098633 ], [ -66.800293, -22.409668 ], [ -66.7674805, -22.3430664 ], [ -66.7506348, -22.2693359 ], [ -66.7117187, -22.2163086 ], [ -66.6390137, -22.2053711 ], [ -66.5069824, -22.1583984 ], [ -66.3651855, -22.1137695 ], [ -66.3224609, -22.053125 ], [ -66.2821289, -21.9474609 ], [ -66.2476074, -21.8304688 ], [ -66.220166, -21.8025391 ], [ -66.1746582, -21.8056641 ], [ -66.098584, -21.8350586 ], [ -66.0585938, -21.8794922 ], [ -65.8601562, -22.0197266 ], [ -65.7710449, -22.0996094 ], [ -65.6861816, -22.1102539 ], [ -65.5187988, -22.0945313 ], [ -65.4848633, -22.0981445 ], [ -65.0578125, -22.1027344 ], [ -64.992627, -22.109668 ], [ -64.8430664, -22.1439453 ], [ -64.7586426, -22.1712891 ], [ -64.700097700000015, -22.1855469 ], [ -64.6055176, -22.2288086 ], [ -64.5236328, -22.371582 ], [ -64.477734400000017, -22.4853516 ], [ -64.4455078, -22.5853516 ], [ -64.3739746, -22.7610352 ], [ -64.325293, -22.8276367 ], [ -64.3079102, -22.7953125 ], [ -64.2664062, -22.6033203 ], [ -64.209082, -22.4913086 ], [ -64.1318359, -22.3658203 ], [ -63.976123, -22.0725586 ], [ -63.9216797, -22.0286133 ], [ -63.8610352, -22.0072266 ], [ -63.8186523, -22.0054688 ], [ -63.7755859, -22.0272461 ], [ -63.7169434, -22.0275391 ], [ -63.6753418, -22.0042969 ], [ -63.2671875, -22.0005859 ], [ -62.8433594, -21.9972656 ], [ -62.8342773, -21.9991211 ], [ -62.8150879, -22.0496094 ], [ -62.7445801, -22.1598633 ], [ -62.6652832, -22.2179688 ], [ -62.6509766, -22.2336914 ], [ -62.6285156, -22.1839844 ], [ -62.5669434, -21.9886719 ], [ -62.477832, -21.7052734 ], [ -62.3854492, -21.4117188 ], [ -62.2766602, -21.0660156 ], [ -62.2765137, -20.8208008 ], [ -62.2763184, -20.5625 ], [ -62.1216309, -20.3499023 ], [ -62.0118164, -20.1990234 ], [ -61.9169434, -20.0553711 ], [ -61.8208984, -19.8094727 ], [ -61.7568359, -19.6453125 ], [ -61.5118164, -19.6064453 ], [ -61.0959961, -19.5209961 ], [ -60.8887695, -19.4785156 ], [ -60.4516113, -19.3887695 ], [ -60.007373, -19.2975586 ], [ -59.5408691, -19.2917969 ], [ -59.0905273, -19.2862305 ], [ -58.741113299999988, -19.4902344 ], [ -58.4742188, -19.6460938 ], [ -58.1801758, -19.8178711 ], [ -58.1600586, -19.8548828 ], [ -58.1399414, -19.9988281 ], [ -58.1597656, -20.1646484 ], [ -58.09375, -20.1510742 ], [ -58.067627, -20.1103516 ], [ -58.0211426, -20.0551758 ], [ -57.9601562, -20.0407227 ], [ -57.8875977, -20.0204102 ], [ -57.8607422, -19.9795898 ], [ -58.0299316, -19.8327148 ], [ -58.1314941, -19.7445313 ], [ -58.0720215, -19.625293 ], [ -57.9716797, -19.4242188 ], [ -57.8745117, -19.2294922 ], [ -57.8003906, -19.080957 ], [ -57.7814453, -19.0535156 ], [ -57.7167969, -19.044043 ], [ -57.7286133, -18.9673828 ], [ -57.7308594, -18.9171875 ], [ -57.7831055, -18.9142578 ], [ -57.725, -18.7332031 ], [ -57.6391602, -18.475 ], [ -57.574023399999987, -18.2792969 ], [ -57.553125, -18.2464844 ], [ -57.506152299999989, -18.2373047 ], [ -57.4956543, -18.2146484 ], [ -57.552050799999989, -18.1831055 ], [ -57.5864746, -18.1222656 ], [ -57.6616699, -17.9473633 ], [ -57.7801758, -17.6717773 ], [ -57.7888672, -17.5730469 ], [ -57.8324707, -17.5121094 ], [ -57.9050293, -17.5323242 ], [ -57.990918, -17.5128906 ], [ -58.2055664, -17.3630859 ], [ -58.3477539, -17.2821289 ], [ -58.3959961, -17.2342773 ], [ -58.4173828, -17.0805664 ], [ -58.4598145, -16.9107422 ], [ -58.478125, -16.7006836 ], [ -58.4706055, -16.6501953 ], [ -58.3503906, -16.4908203 ], [ -58.3507812, -16.4102539 ], [ -58.3405762, -16.3399414 ], [ -58.3456055, -16.284375 ], [ -58.3753906, -16.2835938 ], [ -58.4236816, -16.3079102 ], [ -58.496582, -16.3266602 ], [ -58.5379395, -16.3282227 ], [ -58.9572754, -16.3131836 ], [ -59.4342773, -16.2959961 ], [ -59.8311523, -16.2817383 ], [ -60.1755859, -16.2693359 ], [ -60.187207, -16.1321289 ], [ -60.2066406, -15.9019531 ], [ -60.2204102, -15.7386719 ], [ -60.242334, -15.4795898 ], [ -60.3804687, -15.3182617 ], [ -60.530468799999987, -15.1431641 ], [ -60.5832031, -15.0983398 ], [ -60.402002, -15.0927734 ], [ -60.2733398, -15.0887695 ], [ -60.298877, -14.6185547 ], [ -60.3380371, -14.5705078 ], [ -60.3727051, -14.41875 ], [ -60.3962402, -14.3328125 ], [ -60.4601562, -14.2630859 ], [ -60.4746582, -14.1847656 ], [ -60.4629883, -14.1324219 ], [ -60.4280762, -14.1 ], [ -60.4049805, -14.0192383 ], [ -60.4223633, -13.9379883 ], [ -60.4601562, -13.8624023 ], [ -60.506591799999988, -13.7898438 ], [ -60.5953125, -13.7453125 ], [ -60.7223633, -13.6643555 ], [ -60.914502, -13.5614258 ], [ -61.077002, -13.4897461 ], [ -61.1291504, -13.4985352 ], [ -61.4160645, -13.5265625 ], [ -61.5115723, -13.5412109 ], [ -61.5756836, -13.5248047 ], [ -61.7899414, -13.5255859 ], [ -61.8741211, -13.4704102 ], [ -61.9447266, -13.40625 ], [ -62.0947754, -13.2419922 ], [ -62.1180176, -13.1597656 ], [ -62.1760742, -13.1336914 ], [ -62.263916, -13.1436523 ], [ -62.352832, -13.1324219 ], [ -62.5255371, -13.0642578 ], [ -62.6870605, -12.9943359 ], [ -62.7654785, -12.9972656 ], [ -62.8351562, -12.9537109 ], [ -62.9579102, -12.8470703 ], [ -63.0151855, -12.8055664 ], [ -63.0413574, -12.7503906 ], [ -63.0674805, -12.6691406 ], [ -63.1167969, -12.6516602 ], [ -63.1806641, -12.6662109 ], [ -63.2497559, -12.7079102 ], [ -63.3466797, -12.6800781 ], [ -63.4652344, -12.6051758 ], [ -63.5418945, -12.5466797 ], [ -63.5856445, -12.5189453 ], [ -63.6885742, -12.4780273 ], [ -63.7880859, -12.4694336 ], [ -63.9385742, -12.5296875 ], [ -64.0616211, -12.5050781 ], [ -64.2550293, -12.4833008 ], [ -64.4205078, -12.4397461 ], [ -64.4807617, -12.3261719 ], [ -64.5134277, -12.2509766 ], [ -64.6116699, -12.2039063 ], [ -64.6900391, -12.1464844 ], [ -64.7834473, -12.059375 ], [ -64.8298828, -12.0302734 ], [ -64.9143555, -12.005957 ], [ -64.9925293, -11.9751953 ], [ -65.0012207, -11.9200195 ], [ -65.0302734, -11.8473633 ], [ -65.0371094, -11.8293945 ], [ -65.0902832, -11.7412109 ], [ -65.1151367, -11.7350586 ], [ -65.1426758, -11.7523438 ], [ -65.1633789, -11.7651367 ], [ -65.1857422, -11.7495117 ], [ -65.1897461, -11.7100586 ], [ -65.1753906, -11.646875 ], [ -65.2062012, -11.5805664 ], [ -65.2822754, -11.5110352 ], [ -65.3220215, -11.4391602 ], [ -65.3254883, -11.3647461 ], [ -65.3423828, -11.3150391 ], [ -65.3728516, -11.2899414 ], [ -65.3898926, -11.2462891 ], [ -65.3936035, -11.1842773 ], [ -65.371582, -11.1103516 ], [ -65.3237793, -11.0248047 ], [ -65.3340332, -10.8927734 ], [ -65.4022949, -10.7147461 ], [ -65.4399902, -10.5862305 ], [ -65.4471191, -10.5074219 ], [ -65.4369141, -10.4490234 ], [ -65.395459, -10.3922852 ], [ -65.3130859, -10.2530273 ], [ -65.298584, -10.1467773 ], [ -65.3245605, -10.0269531 ], [ -65.328125, -9.9355469 ], [ -65.3093262, -9.8726563 ], [ -65.3378906, -9.7902344 ], [ -65.3961426, -9.7124023 ], [ -65.4367676, -9.7104492 ], [ -65.4919922, -9.7317383 ], [ -65.5586914, -9.7974609 ], [ -65.6371094, -9.809082 ], [ -65.7067871, -9.768457 ], [ -65.924707, -9.7854492 ], [ -66.2635742, -9.8260742 ], [ -66.3992187, -9.8681641 ], [ -66.4789062, -9.8861328 ], [ -66.5753418, -9.8999023 ], [ -66.7299805, -9.9754883 ], [ -67.1115234, -10.2689453 ], [ -67.1904785, -10.3114258 ], [ -67.2804688, -10.3172852 ], [ -67.3327148, -10.3579102 ], [ -67.4169434, -10.3898438 ], [ -67.5824219, -10.505957 ], [ -67.6666504, -10.5989258 ], [ -67.7217773, -10.6831055 ], [ -67.7856934, -10.6860352 ], [ -67.8350098, -10.662793 ], [ -67.9916992, -10.6744141 ], [ -68.0716797, -10.703125 ], [ -68.1586426, -10.7850586 ], [ -68.2666016, -10.9331055 ], [ -68.3111328, -10.9751953 ], [ -68.397998, -11.01875 ], [ -68.4983398, -11.0547852 ], [ -68.6226562, -11.1091797 ], [ -68.6783691, -11.112793 ], [ -68.7274902, -11.1224609 ], [ -68.7699219, -11.0976562 ], [ -68.784082, -11.0446289 ], [ -68.8483398, -11.0111328 ], [ -69.0016602, -10.9943359 ], [ -69.2285156, -10.9556641 ], [ -69.4625488, -10.9481445 ], [ -69.5786133, -10.9517578 ], [ -69.4536133, -11.16875 ], [ -69.3620117, -11.3275391 ], [ -69.2577148, -11.5085938 ], [ -69.1737305, -11.6542969 ], [ -69.0461914, -11.8756836 ], [ -68.9360352, -12.0667969 ], [ -68.8187012, -12.2704102 ], [ -68.6852539, -12.5019531 ], [ -68.728125, -12.5607422 ], [ -68.7628906, -12.6077148 ], [ -68.759082, -12.687207 ], [ -68.8118164, -12.7295898 ], [ -68.8676758, -12.7551758 ], [ -68.9337402, -12.8220703 ], [ -68.9786133, -12.8800781 ], [ -68.9805176, -12.9625977 ], [ -68.9722656, -13.3823242 ], [ -68.9834473, -13.4963867 ], [ -69.0175293, -13.5944336 ], [ -69.052832, -13.6439453 ], [ -69.0741211, -13.6828125 ], [ -69.0230469, -13.7802734 ], [ -68.9742676, -13.9759766 ], [ -68.9374512, -14.0146484 ], [ -68.8916992, -14.0943359 ], [ -68.870898400000016, -14.1697266 ], [ -68.8803223, -14.1988281 ], [ -68.9717773, -14.234375 ], [ -69.0044922, -14.2650391 ], [ -69.0131348, -14.3772461 ], [ -69.0527832, -14.4175781 ], [ -69.1197266, -14.4703125 ], [ -69.1626953, -14.530957 ], [ -69.1992676, -14.5725586 ], [ -69.2349121, -14.5970703 ], [ -69.2523438, -14.6710938 ], [ -69.2760254, -14.7458984 ], [ -69.3594727, -14.7953125 ], [ -69.3737305, -14.8875 ], [ -69.374707, -14.9629883 ], [ -69.3307129, -15.0389648 ], [ -69.1871094, -15.1987305 ], [ -69.1724609, -15.2366211 ], [ -69.2542969, -15.3329102 ], [ -69.3019043, -15.3994141 ], [ -69.4185059, -15.603418 ], [ -69.4208984, -15.640625 ], [ -69.3918945, -15.7369141 ], [ -69.2175781, -16.1491211 ], [ -69.1879883, -16.1828125 ], [ -69.1341797, -16.2219727 ], [ -69.0462402, -16.2176758 ], [ -68.9134766, -16.2619141 ], [ -68.8488281, -16.312793 ], [ -68.8427734, -16.3378906 ], [ -68.8578125, -16.3547852 ], [ -68.9280273, -16.3890625 ], [ -69.00625, -16.4336914 ], [ -69.0329102, -16.4759766 ], [ -69.0383789, -16.5426758 ], [ -69.0207031, -16.6421875 ], [ -69.054541, -16.6743164 ], [ -69.1325195, -16.7130859 ], [ -69.1998047, -16.768457 ], [ -69.2672363, -16.8609375 ], [ -69.381543, -17.0013672 ], [ -69.4210938, -17.0400391 ], [ -69.4383301, -17.0883789 ], [ -69.5033203, -17.1047852 ], [ -69.6248535, -17.2001953 ], [ -69.6457031, -17.2485352 ], [ -69.6258789, -17.2944336 ], [ -69.5638184, -17.3329102 ], [ -69.5219238, -17.3889648 ], [ -69.5109863, -17.4603516 ], [ -69.511084, -17.5048828 ], [ -69.5109375, -17.5060547 ], [ -69.4950195, -17.6195313 ] ] ] ] } },
{ "type": "Feature", "properties": { "iso3": "BLZ", "territorio": "Belize", "value": null, "color": "#CCCCCC" }, "geometry": { "type": "MultiPolygon", "coordinates": [ [ [ [ -89.1710938, 17.5722656 ], [ -89.1821777, 17.2912109 ], [ -89.1903809, 17.084668 ], [ -89.2012695, 16.8089844 ], [ -89.2124512, 16.5271484 ], [ -89.2276367, 16.1428223 ], [ -89.2375, 15.8944336 ], [ -89.2328125, 15.8886719 ], [ -89.113574200000016, 15.9006836 ], [ -88.937158200000013, 15.8898437 ], [ -88.894043, 15.890625 ], [ -88.9117187, 15.9560059 ], [ -88.8791016, 16.0166504 ], [ -88.695166, 16.2476562 ], [ -88.5623047, 16.2904297 ], [ -88.4611328, 16.4337891 ], [ -88.404541, 16.488623 ], [ -88.3134277, 16.6327637 ], [ -88.2618164, 16.9630371 ], [ -88.2939941, 17.1921387 ], [ -88.2888184, 17.3126953 ], [ -88.2671875, 17.3925781 ], [ -88.2034668, 17.5166016 ], [ -88.2717285, 17.6098633 ], [ -88.2214355, 17.7513672 ], [ -88.2074707, 17.8460937 ], [ -88.0972168, 18.1216309 ], [ -88.085253900000012, 18.226123 ], [ -88.1302734, 18.3507324 ], [ -88.2472656, 18.3546875 ], [ -88.2956543, 18.3440918 ], [ -88.3492676, 18.3588379 ], [ -88.2956543, 18.4724121 ], [ -88.3724121, 18.4823242 ], [ -88.4612793, 18.4767578 ], [ -88.522998, 18.4458984 ], [ -88.586181599999989, 18.2905273 ], [ -88.7436035, 18.0716309 ], [ -88.806347699999989, 17.9655273 ], [ -88.857373, 17.9288086 ], [ -88.8978027, 17.9145508 ], [ -88.942627, 17.9396484 ], [ -89.0504395, 17.999707 ], [ -89.1335449, 17.9708008 ], [ -89.1623535, 17.9019531 ], [ -89.1614746, 17.8148437 ], [ -89.1710938, 17.5722656 ] ] ], [ [ [ -87.8485352, 18.1403809 ], [ -87.8589355, 18.1540527 ], [ -87.8983398, 18.1549316 ], [ -87.9533203, 18.0010742 ], [ -87.9590332, 17.9640137 ], [ -87.9980957, 17.9063477 ], [ -87.9505859, 17.9249512 ], [ -87.8485352, 18.1403809 ] ] ], [ [ [ -87.7981445, 17.4795898 ], [ -87.788623, 17.5242188 ], [ -87.826416, 17.5462891 ], [ -87.832519499999989, 17.5010742 ], [ -87.859423800000016, 17.462793 ], [ -87.902832, 17.4264648 ], [ -87.934863299999989, 17.3229492 ], [ -87.9299805, 17.2830078 ], [ -87.8529297, 17.4228516 ], [ -87.7981445, 17.4795898 ] ] ] ] } },
{ "type": "Feature", "properties": { "iso3": "BRB", "territorio": "Barbados", "value": null, "color": "#CCCCCC" }, "geometry": { "type": "MultiPolygon", "coordinates": [ [ [ [ -59.4276367, 13.1527832 ], [ -59.4878906, 13.1968262 ], [ -59.5916016, 13.3176758 ], [ -59.6466797, 13.303125 ], [ -59.6427734, 13.150293 ], [ -59.6113281, 13.1020996 ], [ -59.521875, 13.062207 ], [ -59.4933105, 13.0819824 ], [ -59.4276367, 13.1527832 ] ] ] ] } },
{ "type": "Feature", "properties": { "iso3": "BHS", "territorio": "Bahamas", "value": null, "color": "#CCCCCC" }, "geometry": { "type": "MultiPolygon", "coordinates": [ [ [ [ -77.7014648, 24.2875488 ], [ -77.7574219, 24.2699219 ], [ -77.8495605, 24.2575195 ], [ -77.8835937, 24.2419922 ], [ -77.9500488, 24.2530762 ], [ -77.9999023, 24.2198242 ], [ -77.9140625, 24.090918 ], [ -77.8522461, 24.0403809 ], [ -77.8062988, 23.8835449 ], [ -77.7757812, 23.8623535 ], [ -77.7712891, 23.7525391 ], [ -77.5737305, 23.7391602 ], [ -77.51875, 23.8694336 ], [ -77.5213379, 23.9108398 ], [ -77.5318848, 23.9394043 ], [ -77.5368164, 23.9616699 ], [ -77.5320312, 23.9876465 ], [ -77.561523400000013, 24.1368164 ], [ -77.6153809, 24.2163574 ], [ -77.683252, 24.118457 ], [ -77.7552734, 24.1634766 ], [ -77.6561523, 24.2265625 ], [ -77.6577148, 24.2494629 ], [ -77.7014648, 24.2875488 ] ] ], [ [ [ -77.1910156, 25.9554687 ], [ -77.1672852, 26.240332 ], [ -77.0382812, 26.3334473 ], [ -77.0663574, 26.5301758 ], [ -77.1621094, 26.5972656 ], [ -77.2571777, 26.6388184 ], [ -77.2692871, 26.6630371 ], [ -77.265918, 26.6888184 ], [ -77.2958984, 26.7116699 ], [ -77.36875, 26.7476074 ], [ -77.4494141, 26.8364258 ], [ -77.5338867, 26.903418 ], [ -77.6721191, 26.913916 ], [ -77.7875488, 26.9356445 ], [ -77.8625488, 26.9400879 ], [ -77.94375, 26.9035645 ], [ -77.7959961, 26.9012695 ], [ -77.5105957, 26.8459961 ], [ -77.3299316, 26.6183594 ], [ -77.238623, 26.5611328 ], [ -77.2060547, 26.4889648 ], [ -77.230127, 26.424707 ], [ -77.2210938, 26.3617676 ], [ -77.2477539, 26.2890625 ], [ -77.2467773, 26.1563477 ], [ -77.2939453, 26.0955078 ], [ -77.4031738, 26.024707 ], [ -77.333252, 25.9956055 ], [ -77.2464355, 25.895459 ], [ -77.2256348, 25.9041992 ], [ -77.1910156, 25.9554687 ] ] ], [ [ [ -73.0116699, 21.2995117 ], [ -73.0584961, 21.3133789 ], [ -73.1373047, 21.2047852 ], [ -73.2353516, 21.1544922 ], [ -73.3015625, 21.1561523 ], [ -73.4245117, 21.2017578 ], [ -73.5230957, 21.1908203 ], [ -73.5850586, 21.1259277 ], [ -73.6803711, 21.1033203 ], [ -73.6695801, 21.0822266 ], [ -73.667822300000012, 21.0615723 ], [ -73.6868164, 21.0091309 ], [ -73.6811523, 20.9755859 ], [ -73.6610352, 20.9374023 ], [ -73.4007812, 20.9438965 ], [ -73.1645508, 20.9791504 ], [ -73.0587402, 21.119043 ], [ -73.0268555, 21.1923828 ], [ -73.0116699, 21.2995117 ] ] ], [ [ [ -77.8401367, 24.7943848 ], [ -77.9189453, 24.9428223 ], [ -77.9733887, 25.0047852 ], [ -77.975293, 25.0848145 ], [ -78.0333008, 25.1431152 ], [ -78.162793, 25.2023437 ], [ -78.211377, 25.1912598 ], [ -78.1593262, 25.0223633 ], [ -78.184082, 24.9170898 ], [ -78.2988281, 24.7539062 ], [ -78.2738281, 24.6916016 ], [ -78.2600586, 24.6873047 ], [ -78.2427246, 24.6538086 ], [ -78.3189941, 24.5902344 ], [ -78.338916, 24.642041 ], [ -78.4353027, 24.6275879 ], [ -78.3665039, 24.5441895 ], [ -78.2576172, 24.4827637 ], [ -78.1916016, 24.4660645 ], [ -78.1458008, 24.493457 ], [ -78.13574220000001, 24.4123535 ], [ -78.0758301, 24.3646484 ], [ -78.0449219, 24.2874512 ], [ -77.9832031, 24.3349609 ], [ -77.8812012, 24.3690918 ], [ -77.853418, 24.4029297 ], [ -77.7452148, 24.4634766 ], [ -77.7351074, 24.495752 ], [ -77.7460449, 24.5863281 ], [ -77.7438477, 24.7074219 ], [ -77.8401367, 24.7943848 ] ] ], [ [ [ -78.5971191, 26.7979492 ], [ -78.632959, 26.7261719 ], [ -78.6211426, 26.7046387 ], [ -78.633252, 26.6591797 ], [ -78.7125, 26.5990234 ], [ -78.7980469, 26.5824219 ], [ -78.935791, 26.6734375 ], [ -78.9856445, 26.689502 ], [ -78.7992188, 26.5284668 ], [ -78.7436523, 26.5006836 ], [ -78.6709473, 26.506543 ], [ -78.5162109, 26.559375 ], [ -78.2338867, 26.6373535 ], [ -77.926123, 26.6633789 ], [ -77.9224609, 26.6911133 ], [ -77.9439453, 26.7442383 ], [ -78.0886719, 26.7143066 ], [ -78.2679199, 26.7226563 ], [ -78.3068359, 26.7021973 ], [ -78.3717285, 26.6979492 ], [ -78.4928711, 26.7290527 ], [ -78.5971191, 26.7979492 ] ] ], [ [ [ -77.2691406, 25.0438477 ], [ -77.2755859, 25.0557617 ], [ -77.3291016, 25.0830078 ], [ -77.4512695, 25.0807129 ], [ -77.5273438, 25.057666 ], [ -77.5619141, 25.0300293 ], [ -77.5412109, 25.0135742 ], [ -77.460498, 24.9931152 ], [ -77.3475586, 25.0138672 ], [ -77.2691406, 25.0438477 ] ] ], [ [ [ -74.1753906, 22.7599121 ], [ -74.2214844, 22.8115723 ], [ -74.3070312, 22.8395996 ], [ -74.3139648, 22.8035645 ], [ -74.303125, 22.7644531 ], [ -74.2746094, 22.7116699 ], [ -74.2422363, 22.7150879 ], [ -74.098584, 22.6654297 ], [ -74.0347656, 22.7055664 ], [ -74.0575195, 22.7234863 ], [ -74.1753906, 22.7599121 ] ] ], [ [ [ -74.4504883, 24.1254883 ], [ -74.4720215, 24.1266602 ], [ -74.5269043, 24.1050781 ], [ -74.5509277, 23.9689453 ], [ -74.5086914, 23.9597168 ], [ -74.429443400000011, 24.0680664 ], [ -74.4504883, 24.1254883 ] ] ], [ [ [ -74.092919900000012, 22.30625 ], [ -73.9746094, 22.3611816 ], [ -73.8365234, 22.5384277 ], [ -73.877490200000011, 22.6807617 ], [ -73.8499512, 22.7310547 ], [ -73.9541992, 22.7155273 ], [ -73.9754883, 22.6822754 ], [ -73.9763672, 22.6350586 ], [ -73.9145508, 22.5680176 ], [ -73.9063965, 22.5274414 ], [ -73.9359863, 22.4777344 ], [ -73.9949707, 22.4492188 ], [ -74.0100586, 22.4279785 ], [ -74.0523437, 22.4006348 ], [ -74.1267578, 22.3233887 ], [ -74.2613281, 22.2355469 ], [ -74.2769043, 22.1836914 ], [ -74.2067383, 22.2137695 ], [ -74.092919900000012, 22.30625 ] ] ], [ [ [ -76.7108398, 25.5648926 ], [ -76.7269531, 25.5516113 ], [ -76.7489258, 25.4805664 ], [ -76.7806641, 25.4268555 ], [ -76.6927734, 25.4427246 ], [ -76.6207031, 25.4316406 ], [ -76.4999023, 25.3415527 ], [ -76.3692871, 25.3125977 ], [ -76.28432620000001, 25.2221191 ], [ -76.1604004, 25.1193359 ], [ -76.1525391, 25.0259766 ], [ -76.2043457, 24.9362305 ], [ -76.2137695, 24.8224609 ], [ -76.3199707, 24.8176758 ], [ -76.300293, 24.7958984 ], [ -76.2412109, 24.7543457 ], [ -76.2051758, 24.6820801 ], [ -76.1695312, 24.6494141 ], [ -76.1746582, 24.7597656 ], [ -76.1405273, 24.8856445 ], [ -76.1149414, 25.0947266 ], [ -76.1266113, 25.1405273 ], [ -76.1919922, 25.1908203 ], [ -76.3437988, 25.3320312 ], [ -76.4842285, 25.3746094 ], [ -76.648828100000017, 25.4874023 ], [ -76.7108398, 25.5648926 ] ] ], [ [ [ -75.754248, 23.4899902 ], [ -75.807519500000012, 23.5425293 ], [ -75.9486328, 23.6474121 ], [ -76.0104492, 23.6713867 ], [ -76.0371094, 23.6027832 ], [ -75.955957, 23.5922852 ], [ -75.781005900000011, 23.4706543 ], [ -75.7063477, 23.4442383 ], [ -75.6645508, 23.4501465 ], [ -75.754248, 23.4899902 ] ] ], [ [ [ -74.8456055, 22.9999023 ], [ -74.9371094, 23.0881348 ], [ -75.064209, 23.1501953 ], [ -75.10878910000001, 23.3328125 ], [ -75.175293, 23.4386719 ], [ -75.2166016, 23.5467773 ], [ -75.3159668, 23.6683594 ], [ -75.3098145, 23.5898438 ], [ -75.2882324, 23.5682617 ], [ -75.2412598, 23.4746094 ], [ -75.1575684, 23.336377 ], [ -75.1305664, 23.2679199 ], [ -75.1411133, 23.2046387 ], [ -75.2043945, 23.1927246 ], [ -75.2233398, 23.165332 ], [ -75.1321289, 23.1170898 ], [ -74.9733398, 23.0685547 ], [ -74.846875, 22.8687012 ], [ -74.8404785, 22.8943359 ], [ -74.8456055, 22.9999023 ] ] ], [ [ [ -75.5181641, 24.4273437 ], [ -75.5264648, 24.4495117 ], [ -75.6535156, 24.6808594 ], [ -75.7096191, 24.6975098 ], [ -75.7266602, 24.6893555 ], [ -75.7439941, 24.6546875 ], [ -75.6610352, 24.5898438 ], [ -75.6390625, 24.5293945 ], [ -75.5927734, 24.4912598 ], [ -75.4938965, 24.3304199 ], [ -75.408935500000013, 24.2657715 ], [ -75.412402300000011, 24.2209473 ], [ -75.4810547, 24.173877 ], [ -75.5032227, 24.1390625 ], [ -75.467627, 24.1395996 ], [ -75.36875, 24.1594727 ], [ -75.3017578, 24.1491699 ], [ -75.3083984, 24.2 ], [ -75.5181641, 24.4273437 ] ] ], [ [ [ -73.1273926, 22.4553223 ], [ -73.1619141, 22.3807129 ], [ -73.1102051, 22.3675781 ], [ -72.9810547, 22.3692383 ], [ -72.8891602, 22.3602539 ], [ -72.7838867, 22.290625 ], [ -72.7472656, 22.3273926 ], [ -72.7625977, 22.3443848 ], [ -72.8307617, 22.3855957 ], [ -72.9452148, 22.415625 ], [ -72.9789551, 22.4145996 ], [ -73.0410156, 22.4290527 ], [ -73.1273926, 22.4553223 ] ] ], [ [ [ -72.9947754, 21.5616211 ], [ -73.0626953, 21.515332 ], [ -73.0493164, 21.4576172 ], [ -72.9161133, 21.5066895 ], [ -72.9947754, 21.5616211 ] ] ] ] } },
{ "type": "Feature", "properties": { "iso3": "ARG", "territorio": "Argentina", "value": 2.56972002983093, "color": "#FECC5C" }, "geometry": { "type": "MultiPolygon", "coordinates": [ [ [ [ -57.5638672, -30.1399414 ], [ -57.4052246, -30.0338867 ], [ -57.3174805, -29.9394531 ], [ -57.3006836, -29.856543 ], [ -57.2246582, -29.7821289 ], [ -57.0893555, -29.7162109 ], [ -56.938623, -29.5948242 ], [ -56.7724609, -29.4178711 ], [ -56.6715332, -29.2873047 ], [ -56.6358398, -29.2030273 ], [ -56.570703099999989, -29.1380859 ], [ -56.4759766, -29.0924805 ], [ -56.3932617, -28.9972656 ], [ -56.3223633, -28.8524414 ], [ -56.2255371, -28.737207 ], [ -56.1028809, -28.6517578 ], [ -56.0342285, -28.5808594 ], [ -56.0196289, -28.5246094 ], [ -55.9849121, -28.4885742 ], [ -55.9301758, -28.4728516 ], [ -55.9036621, -28.4432617 ], [ -55.9054199, -28.3996094 ], [ -55.8905273, -28.3700195 ], [ -55.8588867, -28.3541992 ], [ -55.8060547, -28.3597656 ], [ -55.7319824, -28.3866211 ], [ -55.6872559, -28.3816406 ], [ -55.6719727, -28.3449219 ], [ -55.6915039, -28.302832 ], [ -55.7459961, -28.2554688 ], [ -55.7254883, -28.2041016 ], [ -55.582373, -28.1209961 ], [ -55.4766602, -28.0893555 ], [ -55.4098145, -28.037793 ], [ -55.3464844, -27.955957 ], [ -55.24375, -27.8988281 ], [ -55.1015137, -27.8667969 ], [ -55.0638672, -27.8359375 ], [ -55.0689941, -27.7962891 ], [ -55.0399414, -27.7677734 ], [ -54.9559082, -27.747168 ], [ -54.9102051, -27.7085938 ], [ -54.9027832, -27.6519531 ], [ -54.8757324, -27.5992188 ], [ -54.8291016, -27.5505859 ], [ -54.7770996, -27.5325195 ], [ -54.7197266, -27.5449219 ], [ -54.665869099999988, -27.5265625 ], [ -54.6154297, -27.4771484 ], [ -54.554931599999989, -27.4541016 ], [ -54.4843262, -27.4573242 ], [ -54.4481445, -27.4464844 ], [ -54.327002, -27.4235352 ], [ -54.2601562, -27.3820313 ], [ -54.2052246, -27.2896484 ], [ -54.1564453, -27.2538086 ], [ -54.1138184, -27.274707 ], [ -54.0401367, -27.24375 ], [ -53.9353516, -27.1611328 ], [ -53.915625, -27.1595703 ], [ -53.8381836, -27.1210937 ], [ -53.758496099999988, -26.9783203 ], [ -53.7172852, -26.8828125 ], [ -53.7271484, -26.8046875 ], [ -53.7533203, -26.7486328 ], [ -53.7445801, -26.6665039 ], [ -53.7181641, -26.4431641 ], [ -53.7109375, -26.3518555 ], [ -53.6685547, -26.2881836 ], [ -53.6712891, -26.2250977 ], [ -53.7469238, -26.0836914 ], [ -53.8232422, -25.9595703 ], [ -53.864209, -25.7488281 ], [ -53.8911621, -25.6688477 ], [ -53.9547852, -25.6476563 ], [ -54.0123047, -25.5779297 ], [ -54.085009799999987, -25.571875 ], [ -54.1192383, -25.5452148 ], [ -54.154589799999989, -25.5230469 ], [ -54.2061523, -25.5295898 ], [ -54.2500977, -25.5704102 ], [ -54.3318848, -25.571875 ], [ -54.3833496, -25.5886719 ], [ -54.4439453, -25.625 ], [ -54.5015137, -25.6083008 ], [ -54.5378418, -25.5764648 ], [ -54.6158691, -25.5760742 ], [ -54.6319336, -26.0057617 ], [ -54.6777344, -26.3087891 ], [ -54.7550781, -26.5329102 ], [ -54.8254883, -26.6522461 ], [ -54.888916, -26.6667969 ], [ -54.9344727, -26.7025391 ], [ -54.9621582, -26.759375 ], [ -55.013623, -26.8066406 ], [ -55.0888672, -26.8445313 ], [ -55.1296387, -26.8860352 ], [ -55.1359375, -26.9311523 ], [ -55.2080078, -26.9601563 ], [ -55.3458008, -26.9731445 ], [ -55.4266602, -27.0092773 ], [ -55.4506348, -27.0683594 ], [ -55.4967285, -27.115332 ], [ -55.5648926, -27.15 ], [ -55.5972656, -27.2076172 ], [ -55.593798799999988, -27.2880859 ], [ -55.6329102, -27.3571289 ], [ -55.7146484, -27.4148438 ], [ -55.7899902, -27.4164063 ], [ -55.8590332, -27.3619141 ], [ -55.9514648, -27.3256836 ], [ -56.067334, -27.3077148 ], [ -56.1640625, -27.3214844 ], [ -56.2416992, -27.3667969 ], [ -56.3105469, -27.4387695 ], [ -56.3705078, -27.5374023 ], [ -56.4371582, -27.5538086 ], [ -56.5105469, -27.4878906 ], [ -56.6033691, -27.4678711 ], [ -56.7157227, -27.49375 ], [ -56.8051758, -27.484668 ], [ -56.8717285, -27.440625 ], [ -56.9739746, -27.4357422 ], [ -57.1118164, -27.4701172 ], [ -57.3912598, -27.4304688 ], [ -57.812207, -27.3166016 ], [ -58.1682617, -27.2734375 ], [ -58.604834, -27.3143555 ], [ -58.641748, -27.1960938 ], [ -58.6186035, -27.1321289 ], [ -58.547705099999988, -27.0839844 ], [ -58.5032227, -27.0294922 ], [ -58.4852539, -26.968457 ], [ -58.4363281, -26.9219727 ], [ -58.3564453, -26.8900391 ], [ -58.3225586, -26.8576172 ], [ -58.334668, -26.8249023 ], [ -58.3176758, -26.7958984 ], [ -58.2716797, -26.7707031 ], [ -58.2455566, -26.7310547 ], [ -58.2393555, -26.6768555 ], [ -58.2220703, -26.65 ], [ -58.1913086, -26.6299805 ], [ -58.1879395, -26.5925781 ], [ -58.2051758, -26.4765625 ], [ -58.2030273, -26.3814453 ], [ -58.1814941, -26.3074219 ], [ -58.1546875, -26.2625977 ], [ -58.1356445, -26.2514648 ], [ -58.1180664, -26.2249023 ], [ -58.1111328, -26.1801758 ], [ -58.0824219, -26.1385742 ], [ -57.9431152, -26.0529297 ], [ -57.890625, -26.006543 ], [ -57.886230499999989, -25.9642578 ], [ -57.8652344, -25.9069336 ], [ -57.7824707, -25.7836914 ], [ -57.7570801, -25.7259766 ], [ -57.7547852, -25.6970703 ], [ -57.7254883, -25.6671875 ], [ -57.6258301, -25.5987305 ], [ -57.5716797, -25.5341797 ], [ -57.5631348, -25.4737305 ], [ -57.5871582, -25.4050781 ], [ -57.6438965, -25.328418 ], [ -57.8216797, -25.1364258 ], [ -57.9598145, -25.0492188 ], [ -58.1364746, -24.9771484 ], [ -58.2527832, -24.9538086 ], [ -58.3086914, -24.9791016 ], [ -58.3653809, -24.9592773 ], [ -58.4228027, -24.8941406 ], [ -58.5196289, -24.8428711 ], [ -58.7240234, -24.7866211 ], [ -59.1872559, -24.5623047 ], [ -59.3729492, -24.4539063 ], [ -59.4354004, -24.3870117 ], [ -59.6085938, -24.2667969 ], [ -59.8924805, -24.0935547 ], [ -60.1103027, -24.0091797 ], [ -60.262207, -24.0139648 ], [ -60.5053711, -23.9635742 ], [ -60.8398438, -23.8581055 ], [ -61.0329102, -23.7556641 ], [ -61.0847168, -23.6564453 ], [ -61.2083984, -23.5570313 ], [ -61.4039551, -23.4575195 ], [ -61.5055176, -23.3919922 ], [ -61.5130371, -23.3604492 ], [ -61.5709961, -23.3194336 ], [ -61.6794922, -23.26875 ], [ -61.7985352, -23.1820313 ], [ -61.9280273, -23.0592773 ], [ -62.0666016, -22.8694336 ], [ -62.2141602, -22.6124023 ], [ -62.3725098, -22.4391602 ], [ -62.5415527, -22.3496094 ], [ -62.625976599999987, -22.2904297 ], [ -62.6256836, -22.2615234 ], [ -62.6509766, -22.2336914 ], [ -62.6652832, -22.2179688 ], [ -62.7445801, -22.1598633 ], [ -62.8150879, -22.0496094 ], [ -62.8342773, -21.9991211 ], [ -62.8433594, -21.9972656 ], [ -63.2671875, -22.0005859 ], [ -63.6753418, -22.0042969 ], [ -63.7169434, -22.0275391 ], [ -63.7755859, -22.0272461 ], [ -63.8186523, -22.0054688 ], [ -63.8610352, -22.0072266 ], [ -63.9216797, -22.0286133 ], [ -63.976123, -22.0725586 ], [ -64.1318359, -22.3658203 ], [ -64.209082, -22.4913086 ], [ -64.2664062, -22.6033203 ], [ -64.3079102, -22.7953125 ], [ -64.325293, -22.8276367 ], [ -64.3739746, -22.7610352 ], [ -64.4455078, -22.5853516 ], [ -64.477734400000017, -22.4853516 ], [ -64.5236328, -22.371582 ], [ -64.6055176, -22.2288086 ], [ -64.700097700000015, -22.1855469 ], [ -64.7586426, -22.1712891 ], [ -64.8430664, -22.1439453 ], [ -64.992627, -22.109668 ], [ -65.0578125, -22.1027344 ], [ -65.4848633, -22.0981445 ], [ -65.5187988, -22.0945313 ], [ -65.6861816, -22.1102539 ], [ -65.7710449, -22.0996094 ], [ -65.8601562, -22.0197266 ], [ -66.0585938, -21.8794922 ], [ -66.098584, -21.8350586 ], [ -66.1746582, -21.8056641 ], [ -66.220166, -21.8025391 ], [ -66.2476074, -21.8304688 ], [ -66.2821289, -21.9474609 ], [ -66.3224609, -22.053125 ], [ -66.3651855, -22.1137695 ], [ -66.5069824, -22.1583984 ], [ -66.6390137, -22.2053711 ], [ -66.7117187, -22.2163086 ], [ -66.7506348, -22.2693359 ], [ -66.7674805, -22.3430664 ], [ -66.800293, -22.409668 ], [ -66.9911133, -22.5098633 ], [ -67.03354490000001, -22.5522461 ], [ -67.0554199, -22.6508789 ], [ -67.1619141, -22.7738281 ], [ -67.194873, -22.8216797 ], [ -67.0087891, -23.0013672 ], [ -67.0897461, -23.2451172 ], [ -67.2191406, -23.6339844 ], [ -67.3191406, -23.934668 ], [ -67.3355957, -23.9748047 ], [ -67.3562012, -24.0337891 ], [ -67.5717773, -24.1189453 ], [ -67.8862305, -24.2433594 ], [ -68.0473633, -24.3083008 ], [ -68.250293, -24.3919922 ], [ -68.2995117, -24.4603516 ], [ -68.3581055, -24.4972656 ], [ -68.4225586, -24.5451172 ], [ -68.4471191, -24.5969727 ], [ -68.5072754, -24.6297852 ], [ -68.5620117, -24.7473633 ], [ -68.5620117, -24.8376953 ], [ -68.5270508, -24.8992188 ], [ -68.4663086, -24.9251953 ], [ -68.4471191, -24.9989258 ], [ -68.4280273, -25.0509766 ], [ -68.3842285, -25.0918945 ], [ -68.3952148, -25.124707 ], [ -68.4307129, -25.1493164 ], [ -68.4963379, -25.1629883 ], [ -68.5408203, -25.2367188 ], [ -68.5920898, -25.4200195 ], [ -68.600293, -25.4856445 ], [ -68.5418945, -25.6515625 ], [ -68.5108398, -25.7410156 ], [ -68.4267578, -26.0654297 ], [ -68.414502, -26.1537109 ], [ -68.529834, -26.2769531 ], [ -68.5757812, -26.3519531 ], [ -68.5921875, -26.4180664 ], [ -68.5916016, -26.4704102 ], [ -68.5811523, -26.5183594 ], [ -68.4851074, -26.6703125 ], [ -68.3733398, -26.8064453 ], [ -68.3186523, -26.8775391 ], [ -68.3186523, -26.9732422 ], [ -68.3459961, -27.0279297 ], [ -68.4053711, -27.0481445 ], [ -68.5373535, -27.0853516 ], [ -68.5920898, -27.1400391 ], [ -68.6521973, -27.1483398 ], [ -68.7096191, -27.1044922 ], [ -68.7697754, -27.1154297 ], [ -68.8463379, -27.1537109 ], [ -68.8750977, -27.2466797 ], [ -68.941992200000016, -27.4051758 ], [ -68.9994141, -27.4490234 ], [ -69.0421875, -27.5700195 ], [ -69.1185059, -27.7435547 ], [ -69.1552734, -27.8481445 ], [ -69.1744141, -27.924707 ], [ -69.2512207, -27.9736328 ], [ -69.3407227, -28.0708008 ], [ -69.4095703, -28.165332 ], [ -69.4369141, -28.1926758 ], [ -69.4888672, -28.2008789 ], [ -69.5271484, -28.2856445 ], [ -69.6569336, -28.4135742 ], [ -69.6878906, -28.5620117 ], [ -69.7349121, -28.6411133 ], [ -69.7431641, -28.7838867 ], [ -69.8148438, -29.0455078 ], [ -69.8278809, -29.1032227 ], [ -69.9003418, -29.1488281 ], [ -69.9956055, -29.25 ], [ -70.0268066, -29.3240234 ], [ -69.9826172, -29.5454102 ], [ -69.9276367, -29.7691406 ], [ -69.9241211, -29.8740234 ], [ -69.945459, -30.0164062 ], [ -69.9599609, -30.0783203 ], [ -69.9235352, -30.1039063 ], [ -69.8633789, -30.1203125 ], [ -69.8442871, -30.175 ], [ -69.8880371, -30.2132813 ], [ -69.9071289, -30.2816406 ], [ -69.9563477, -30.3582031 ], [ -70.102002, -30.3882813 ], [ -70.1532227, -30.3609375 ], [ -70.1696289, -30.3855469 ], [ -70.1614258, -30.4402344 ], [ -70.1939453, -30.5046875 ], [ -70.2693848, -30.6772461 ], [ -70.3192383, -30.8339844 ], [ -70.3481445, -30.9023437 ], [ -70.336425800000015, -30.9597656 ], [ -70.3118164, -30.9925781 ], [ -70.309082, -31.0226563 ], [ -70.3505859, -31.0604492 ], [ -70.3883789, -31.1210938 ], [ -70.4293945, -31.1292969 ], [ -70.4730957, -31.112793 ], [ -70.519580100000013, -31.1484375 ], [ -70.5290527, -31.2228516 ], [ -70.5546875, -31.3173828 ], [ -70.5664062, -31.4279297 ], [ -70.5852051, -31.5694336 ], [ -70.5256348, -31.6664063 ], [ -70.4501465, -31.8418945 ], [ -70.3938477, -31.8837891 ], [ -70.330957, -31.8810547 ], [ -70.2817383, -31.9166016 ], [ -70.2543945, -31.9577148 ], [ -70.290918, -32.0310547 ], [ -70.3555664, -32.0423828 ], [ -70.3637695, -32.0834961 ], [ -70.3446289, -32.1764648 ], [ -70.3200195, -32.2666992 ], [ -70.2578125, -32.3099609 ], [ -70.2297852, -32.4306641 ], [ -70.1696289, -32.4716797 ], [ -70.1769531, -32.6260742 ], [ -70.1161621, -32.8074219 ], [ -70.0520508, -32.8599609 ], [ -70.0219727, -32.8845703 ], [ -70.0421387, -32.9636719 ], [ -70.0930664, -33.0267578 ], [ -70.1040039, -33.1279297 ], [ -70.0848633, -33.2017578 ], [ -70.0198242, -33.2714844 ], [ -69.969043, -33.2793945 ], [ -69.8961914, -33.2509766 ], [ -69.8196289, -33.2837891 ], [ -69.8086914, -33.3439453 ], [ -69.797753900000018, -33.3986328 ], [ -69.8387695, -33.4697266 ], [ -69.8825684, -33.6009766 ], [ -69.8943359, -33.7313477 ], [ -69.8814941, -33.9297852 ], [ -69.8615234, -34.0835938 ], [ -69.857373, -34.1804688 ], [ -69.8524414, -34.2243164 ], [ -69.8797852, -34.2543945 ], [ -69.9463379, -34.2699219 ], [ -70.002832, -34.2762695 ], [ -70.0520508, -34.3007812 ], [ -70.0629883, -34.35 ], [ -70.1014648, -34.4320313 ], [ -70.1412598, -34.4928711 ], [ -70.2106934, -34.58125 ], [ -70.2546875, -34.6726562 ], [ -70.2899414, -34.7328125 ], [ -70.2867676, -34.7745117 ], [ -70.3121094, -34.8549805 ], [ -70.3381348, -34.921777299999988 ], [ -70.3931641, -35.146875 ], [ -70.4666016, -35.1936523 ], [ -70.5250977, -35.2167969 ], [ -70.5551758, -35.246875 ], [ -70.5323242, -35.3079102 ], [ -70.4704102, -35.3261719 ], [ -70.4485352, -35.3753906 ], [ -70.4567383, -35.4519531 ], [ -70.4157227, -35.5230469 ], [ -70.4197266, -35.6091797 ], [ -70.3801758, -35.771875 ], [ -70.4157227, -35.8785156 ], [ -70.4036621, -35.9705078 ], [ -70.4047852, -36.0617188 ], [ -70.4567383, -36.1327148 ], [ -70.5633789, -36.1463867 ], [ -70.621875, -36.2119141 ], [ -70.7219238, -36.2832031 ], [ -70.7328613, -36.340625 ], [ -70.74926760000001, -36.3925781 ], [ -70.7902832, -36.4117188 ], [ -70.8531738, -36.4117188 ], [ -70.905127, -36.4199219 ], [ -70.9779297, -36.4873047 ], [ -71.0555176, -36.5237305 ], [ -71.0732422, -36.5780273 ], [ -71.0664062, -36.644043 ], [ -71.1074219, -36.6850586 ], [ -71.159375, -36.7616211 ], [ -71.192187500000017, -36.8436523 ], [ -71.159375, -36.9202148 ], [ -71.1238281, -37.0569336 ], [ -71.1184082, -37.1143555 ], [ -71.1634766, -37.2274414 ], [ -71.2003906, -37.300293 ], [ -71.1648926, -37.3932617 ], [ -71.1348145, -37.4451172 ], [ -71.1628418, -37.5591797 ], [ -71.1867188, -37.6310547 ], [ -71.1675781, -37.7623047 ], [ -71.0961914, -37.9099609 ], [ -71.0281738, -38.0412109 ], [ -71.0181641, -38.1939453 ], [ -71.0004883, -38.3148437 ], [ -70.9679688, -38.4458984 ], [ -70.8996582, -38.4978516 ], [ -70.8476562, -38.5416016 ], [ -70.8586426, -38.6044922 ], [ -70.8969238, -38.6810547 ], [ -70.95161130000001, -38.7384766 ], [ -71.0871094, -38.7575195 ], [ -71.1972656, -38.809375 ], [ -71.2857422, -38.8454102 ], [ -71.3531738, -38.8888672 ], [ -71.4015625, -38.9350586 ], [ -71.4255859, -38.9856445 ], [ -71.409375, -39.205957 ], [ -71.4200195, -39.287207 ], [ -71.4653809, -39.4023438 ], [ -71.5077637, -39.4952148 ], [ -71.5257812, -39.5231445 ], [ -71.53125, -39.5641602 ], [ -71.5394531, -39.6024414 ], [ -71.5870117, -39.6111328 ], [ -71.6542969, -39.5942383 ], [ -71.6925781, -39.6051758 ], [ -71.7199219, -39.6352539 ], [ -71.6968262, -39.7070312 ], [ -71.6720703, -39.833300799999989 ], [ -71.6378906, -39.8868164 ], [ -71.6471191, -39.9291992 ], [ -71.659765600000014, -40.0208008 ], [ -71.7043945, -40.0949219 ], [ -71.7636719, -40.0946289 ], [ -71.8019531, -40.124707 ], [ -71.8183105, -40.1766602 ], [ -71.8005859, -40.2443359 ], [ -71.7226562, -40.299707 ], [ -71.695312500000014, -40.3352539 ], [ -71.7089844, -40.3817383 ], [ -71.7691406, -40.4008789 ], [ -71.8046387, -40.4391602 ], [ -71.8385254, -40.5244141 ], [ -71.8837891, -40.6206055 ], [ -71.9321289, -40.6916992 ], [ -71.9413574, -40.7891602 ], [ -71.8730469, -40.8929687 ], [ -71.8807129, -40.9946289 ], [ -71.88559570000001, -41.2923828 ], [ -71.8921875, -41.3933594 ], [ -71.8711426, -41.5605469 ], [ -71.8976074, -41.6066406 ], [ -71.9112793, -41.6503906 ], [ -71.8444824, -41.7719727 ], [ -71.7700195, -41.9685547 ], [ -71.75, -42.0467773 ], [ -71.7609375, -42.1014648 ], [ -71.860791, -42.1478516 ], [ -71.9440918, -42.1670898 ], [ -71.9933105, -42.1342773 ], [ -72.026123, -42.1479492 ], [ -72.0644043, -42.2053711 ], [ -72.1082031, -42.2518555 ], [ -72.1246094, -42.2983398 ], [ -72.078125, -42.3584961 ], [ -72.0534668, -42.4732422 ], [ -72.1054199, -42.5224609 ], [ -72.14370120000001, -42.5771484 ], [ -72.1300293, -42.6482422 ], [ -72.113623, -42.7767578 ], [ -72.1464355, -42.9900391 ], [ -72.1023926, -43.065625 ], [ -72.054687500000014, -43.1019531 ], [ -71.898584, -43.1453125 ], [ -71.7814941, -43.1667969 ], [ -71.7506348, -43.2373047 ], [ -71.7638672, -43.2946289 ], [ -71.8202148, -43.3229492 ], [ -71.9049805, -43.3475586 ], [ -71.9049805, -43.4401367 ], [ -71.8324219, -43.5271484 ], [ -71.7506348, -43.590136699999988 ], [ -71.7327637, -43.6467773 ], [ -71.7374023, -43.7046875 ], [ -71.7947266, -43.753222699999988 ], [ -71.7159668, -43.8583984 ], [ -71.6800781, -43.9295898 ], [ -71.7161621, -43.9844727 ], [ -71.7671875, -44.0666992 ], [ -71.8123535, -44.1060547 ], [ -71.8121094, -44.1507812 ], [ -71.8307617, -44.2414063 ], [ -71.8350586, -44.3301758 ], [ -71.8200195, -44.3831055 ], [ -71.3257324, -44.4249023 ], [ -71.2125977, -44.4412109 ], [ -71.1508789, -44.494043 ], [ -71.1597168, -44.5602539 ], [ -71.2214844, -44.6307617 ], [ -71.2611328, -44.7630859 ], [ -71.3581543, -44.7851562 ], [ -71.4551758, -44.7498047 ], [ -71.5604004, -44.7620117 ], [ -71.6516602, -44.7704102 ], [ -71.7828125, -44.7744141 ], [ -71.9570312, -44.7915039 ], [ -72.0637207, -44.771875 ], [ -72.0725098, -44.8204102 ], [ -72.0416992, -44.9041992 ], [ -71.8123535, -44.9306641 ], [ -71.5962891, -44.9791992 ], [ -71.5312988, -45.0678711 ], [ -71.443457, -45.1682617 ], [ -71.3537598, -45.2304688 ], [ -71.3493164, -45.3319336 ], [ -71.4904297, -45.4376953 ], [ -71.5081055, -45.5126953 ], [ -71.6933105, -45.5347656 ], [ -71.7461914, -45.5789063 ], [ -71.7726562, -45.7244141 ], [ -71.7506348, -45.8390625 ], [ -71.6800781, -45.8787109 ], [ -71.631543, -45.9537109 ], [ -71.6844727, -46.0418945 ], [ -71.8092773, -46.1027344 ], [ -71.8756836, -46.1605469 ], [ -71.8341309, -46.2067383 ], [ -71.7776367, -46.2799805 ], [ -71.7621094, -46.3198242 ], [ -71.7312988, -46.427832 ], [ -71.6952148, -46.578418 ], [ -71.6996582, -46.6513672 ], [ -71.7327148, -46.7058594 ], [ -71.8564453, -46.7916016 ], [ -71.9402344, -46.83125 ], [ -71.9566406, -46.9368164 ], [ -71.9629883, -47.0160156 ], [ -71.954248, -47.0875 ], [ -71.9005371, -47.1443359 ], [ -71.9049805, -47.2016602 ], [ -71.9785156, -47.2138672 ], [ -72.0416992, -47.2414063 ], [ -72.103418, -47.3427734 ], [ -72.2829102, -47.4462891 ], [ -72.3459473, -47.4926758 ], [ -72.3415039, -47.5720703 ], [ -72.4125977, -47.6855469 ], [ -72.4722168, -47.7841797 ], [ -72.5179199, -47.8763672 ], [ -72.509082, -47.9733398 ], [ -72.4079102, -48.015918 ], [ -72.3283203, -48.1100586 ], [ -72.2930176, -48.2291016 ], [ -72.3547363, -48.3658203 ], [ -72.4981445, -48.4173828 ], [ -72.5828613, -48.4753906 ], [ -72.6083984, -48.5193359 ], [ -72.5859375, -48.6625 ], [ -72.591748, -48.7296875 ], [ -72.6144043, -48.7928711 ], [ -72.6512695, -48.8416016 ], [ -72.7284668, -48.8962891 ], [ -72.8654297, -48.9439453 ], [ -72.981738300000018, -48.9767578 ], [ -73.0336426, -49.0143555 ], [ -73.0945801, -49.096875 ], [ -73.148877, -49.1879883 ], [ -73.1352539, -49.3006836 ], [ -73.4615723, -49.3138672 ], [ -73.4836426, -49.3976563 ], [ -73.5541992, -49.4638672 ], [ -73.5762695, -49.5829102 ], [ -73.504541, -49.6980469 ], [ -73.4704102, -49.7945313 ], [ -73.5289062, -49.9109375 ], [ -73.507714800000016, -50.0302734 ], [ -73.5012695, -50.125293 ], [ -73.3866211, -50.2311523 ], [ -73.3117188, -50.3619141 ], [ -73.2741699, -50.4725586 ], [ -73.2516113, -50.5584961 ], [ -73.2216309, -50.6107422 ], [ -73.1745117, -50.6700195 ], [ -73.1529297, -50.738281199999989 ], [ -73.082373, -50.7603516 ], [ -72.9555664, -50.6964844 ], [ -72.865918, -50.653125 ], [ -72.8036133, -50.6376953 ], [ -72.6204102, -50.6476563 ], [ -72.5098145, -50.6075195 ], [ -72.4601562, -50.6117187 ], [ -72.3925781, -50.6342773 ], [ -72.3402344, -50.6818359 ], [ -72.3006348, -50.7895508 ], [ -72.2763184, -50.9102539 ], [ -72.307373, -51.0333984 ], [ -72.3591797, -51.0601563 ], [ -72.3768066, -51.0954102 ], [ -72.3591797, -51.1704102 ], [ -72.3018555, -51.2233398 ], [ -72.3032227, -51.2989258 ], [ -72.3664062, -51.4703125 ], [ -72.407666, -51.5408203 ], [ -72.3345215, -51.6203125 ], [ -72.2689941, -51.6911133 ], [ -72.1369629, -51.744043 ], [ -72.028418, -51.8186523 ], [ -71.9534668, -51.8803711 ], [ -71.9710938, -51.9641602 ], [ -71.9186523, -51.9895508 ], [ -71.7166016, -51.9913086 ], [ -71.414746100000016, -51.9939453 ], [ -70.9431641, -51.9981445 ], [ -70.4828613, -52.0022461 ], [ -69.9602539, -52.0082031 ], [ -69.7125977, -52.0753906 ], [ -69.4884277, -52.1361328 ], [ -69.2062012, -52.1361328 ], [ -68.9245605, -52.2081055 ], [ -68.7151855, -52.2554688 ], [ -68.5897949, -52.273339799999988 ], [ -68.4609863, -52.2904297 ], [ -68.4433594, -52.3566406 ], [ -68.39375, -52.3070312 ], [ -68.4935059, -52.1975586 ], [ -68.6908203, -52.0130859 ], [ -68.9167969, -51.7146484 ], [ -68.965332, -51.6771484 ], [ -69.0325195, -51.6362305 ], [ -69.180127, -51.6623047 ], [ -69.3130371, -51.6010742 ], [ -69.409082, -51.610253899999989 ], [ -69.4654297, -51.5844727 ], [ -69.3605469, -51.5594727 ], [ -69.2180664, -51.5612305 ], [ -69.0583008, -51.547168 ], [ -69.0353027, -51.4889648 ], [ -69.0295898, -51.4464844 ], [ -69.0657227, -51.3035156 ], [ -69.1435059, -51.0969727 ], [ -69.2010254, -50.9936523 ], [ -69.2679688, -51.0061523 ], [ -69.3517578, -51.045800799999988 ], [ -69.3585938, -51.028125 ], [ -69.2351562, -50.9505859 ], [ -69.1549805, -50.8644531 ], [ -69.1414062, -50.7525391 ], [ -69.0901855, -50.5831055 ], [ -69.0447754, -50.4991211 ], [ -68.9394531, -50.3823242 ], [ -68.7498535, -50.2811523 ], [ -68.5893555, -50.2251953 ], [ -68.4654297, -50.1947266 ], [ -68.421875, -50.1579102 ], [ -68.4737305, -50.0914063 ], [ -68.5325684, -50.0361328 ], [ -68.5979492, -50.0094727 ], [ -68.7526855, -49.9876953 ], [ -68.9795898, -50.0030273 ], [ -68.9129883, -49.96875 ], [ -68.6616211, -49.9357422 ], [ -68.6384766, -49.8629883 ], [ -68.6726562, -49.793457 ], [ -68.6675781, -49.7525391 ], [ -68.5692871, -49.8669922 ], [ -68.4878906, -49.9779297 ], [ -68.4046387, -50.0426758 ], [ -68.2572266, -50.1045898 ], [ -68.1456543, -50.0914063 ], [ -67.9139648, -49.9844727 ], [ -67.8259766, -49.9196289 ], [ -67.7834961, -49.8588867 ], [ -67.6619629, -49.3421875 ], [ -67.6937012, -49.3040039 ], [ -67.6848633, -49.2466797 ], [ -67.4663086, -48.9517578 ], [ -67.2633301, -48.8142578 ], [ -67.130957, -48.6878906 ], [ -67.0331055, -48.6277344 ], [ -66.7828125, -48.5229492 ], [ -66.5962891, -48.419531299999989 ], [ -66.3933594, -48.3423828 ], [ -66.0171875, -48.0842773 ], [ -65.9434082, -48.0193359 ], [ -65.9121582, -47.9767578 ], [ -65.8100586, -47.9411133 ], [ -65.8636719, -47.8532227 ], [ -65.9342285, -47.8267578 ], [ -66.0973633, -47.8532227 ], [ -66.1723633, -47.8576172 ], [ -66.2252441, -47.8267578 ], [ -66.040625, -47.7833008 ], [ -65.8863281, -47.7015625 ], [ -65.8143066, -47.6381836 ], [ -65.7753906, -47.5683594 ], [ -65.7380859, -47.3449219 ], [ -65.7690918, -47.2567383 ], [ -65.8536621, -47.1567383 ], [ -65.9985352, -47.09375 ], [ -66.6503906, -47.0453125 ], [ -66.7768555, -47.0058594 ], [ -67.3866211, -46.5538086 ], [ -67.5064453, -46.4427734 ], [ -67.5633789, -46.3454102 ], [ -67.586084, -46.269531199999989 ], [ -67.6088867, -46.1667969 ], [ -67.5995605, -46.0525391 ], [ -67.5566406, -45.9701172 ], [ -67.3930176, -45.7755859 ], [ -67.2576172, -45.5772461 ], [ -66.9414062, -45.2573242 ], [ -66.882470700000013, -45.2276367 ], [ -66.5850586, -45.1829102 ], [ -66.5334473, -45.1578125 ], [ -66.4936035, -45.1175781 ], [ -66.3477539, -45.0335937 ], [ -66.1901367, -44.9647461 ], [ -65.7577148, -45.0071289 ], [ -65.6387695, -45.0078125 ], [ -65.6057129, -44.9450195 ], [ -65.5991211, -44.8755859 ], [ -65.6983398, -44.7961914 ], [ -65.6476074, -44.6614258 ], [ -65.3612793, -44.4773438 ], [ -65.2898437, -44.3607422 ], [ -65.2655273, -44.2796875 ], [ -65.3083984, -44.1582031 ], [ -65.2385742, -44.0487305 ], [ -65.304687500000014, -43.7875 ], [ -65.2835938, -43.6299805 ], [ -65.2523438, -43.571875 ], [ -65.1897461, -43.5220703 ], [ -64.9855469, -43.2935547 ], [ -64.8399414, -43.1888672 ], [ -64.7152344, -43.1355469 ], [ -64.4322266, -43.0591797 ], [ -64.3756836, -43.0246094 ], [ -64.3191406, -42.9689453 ], [ -64.3803711, -42.9492188 ], [ -64.4415527, -42.9506836 ], [ -64.6291992, -42.9089844 ], [ -65.0269043, -42.7588867 ], [ -64.9707031, -42.6663086 ], [ -64.811962900000012, -42.6332031 ], [ -64.6504883, -42.5314453 ], [ -64.4878418, -42.5134766 ], [ -64.3242676, -42.5722656 ], [ -64.2479492, -42.6460938 ], [ -64.2199219, -42.7555664 ], [ -64.1306641, -42.8614258 ], [ -64.0347656, -42.88125 ], [ -63.6924805, -42.8052734 ], [ -63.644482399999987, -42.7457031 ], [ -63.617334, -42.6958008 ], [ -63.5944336, -42.5555664 ], [ -63.5958984, -42.406543 ], [ -63.6298828, -42.2827148 ], [ -63.6847656, -42.1886719 ], [ -63.7294922, -42.1529297 ], [ -63.7955566, -42.1138672 ], [ -63.8928711, -42.1246094 ], [ -64.083252, -42.1828125 ], [ -64.2285156, -42.2182617 ], [ -64.2529297, -42.2507813 ], [ -64.0611816, -42.2661133 ], [ -64.062207, -42.353418 ], [ -64.1008789, -42.3951172 ], [ -64.2645996, -42.4216797 ], [ -64.4204102, -42.4337891 ], [ -64.5709961, -42.4160156 ], [ -64.5741211, -42.355957 ], [ -64.5242187, -42.2992187 ], [ -64.5117188, -42.2702148 ], [ -64.5377441, -42.2545898 ], [ -64.6224609, -42.2610352 ], [ -64.6995117, -42.2208008 ], [ -64.8980469, -42.1618164 ], [ -64.986377, -42.1020508 ], [ -65.059082, -41.9699219 ], [ -65.0070312, -41.7451172 ], [ -65.0182617, -41.5668945 ], [ -65.1278809, -41.2387695 ], [ -65.1549805, -41.1056641 ], [ -65.1518555, -40.9469727 ], [ -65.1333984, -40.8806641 ], [ -65.0694336, -40.8052734 ], [ -64.916894500000012, -40.7313477 ], [ -64.8694824, -40.7358398 ], [ -64.8043945, -40.756543 ], [ -64.819873, -40.7932617 ], [ -64.8529785, -40.8137695 ], [ -64.6214844, -40.8544922 ], [ -64.3834473, -40.9224609 ], [ -64.1231934, -41.0078125 ], [ -63.772998, -41.15 ], [ -63.6217773, -41.1597656 ], [ -63.2128418, -41.1524414 ], [ -62.9590332, -41.109668 ], [ -62.797998, -41.047168 ], [ -62.3950195, -40.8908203 ], [ -62.3018555, -40.8146484 ], [ -62.2463379, -40.6746094 ], [ -62.3936035, -40.4587891 ], [ -62.427002, -40.355957 ], [ -62.4018555, -40.196582 ], [ -62.3239746, -39.9506836 ], [ -62.2869141, -39.8953125 ], [ -62.2539551, -39.880468799999989 ], [ -62.131543, -39.8253906 ], [ -62.0827637, -39.5683594 ], [ -62.0768066, -39.4615234 ], [ -62.1305664, -39.431543 ], [ -62.1793457, -39.3804688 ], [ -62.0536621, -39.3738281 ], [ -62.1264648, -39.3097656 ], [ -62.209082, -39.2618164 ], [ -62.2950684, -39.2432617 ], [ -62.3380859, -39.150585899999989 ], [ -62.3036133, -38.9880859 ], [ -62.3744629, -38.8529297 ], [ -62.3347656, -38.8000977 ], [ -62.1892578, -38.8132813 ], [ -62.066894499999989, -38.9191406 ], [ -61.8479004, -38.9618164 ], [ -61.6025391, -38.9988281 ], [ -61.3828613, -38.9808594 ], [ -61.112207, -38.9929688 ], [ -60.9039551, -38.9739258 ], [ -59.8283203, -38.8381836 ], [ -59.6762695, -38.7966797 ], [ -59.007226599999989, -38.6733398 ], [ -58.1791992, -38.4358398 ], [ -57.6456055, -38.1696289 ], [ -57.5469727, -38.0856445 ], [ -57.5072754, -37.9092773 ], [ -57.395752, -37.7446289 ], [ -57.0876953, -37.4463867 ], [ -56.7271484, -36.9577148 ], [ -56.6720215, -36.8512695 ], [ -56.6682617, -36.7352539 ], [ -56.698095699999989, -36.4264648 ], [ -56.7173828, -36.3890625 ], [ -56.7494629, -36.3464844 ], [ -56.9371582, -36.3525391 ], [ -57.0761719, -36.2967773 ], [ -57.2649902, -36.1441406 ], [ -57.3354492, -36.0267578 ], [ -57.3754883, -35.900293 ], [ -57.3539062, -35.7203125 ], [ -57.158886699999989, -35.505957 ], [ -57.1706543, -35.3625 ], [ -57.3036621, -35.1884766 ], [ -57.5478516, -35.0189453 ], [ -57.7635742, -34.8945312 ], [ -58.2833496, -34.6834961 ], [ -58.4189453, -34.5316406 ], [ -58.4662109, -34.4574219 ], [ -58.5254883, -34.2961914 ], [ -58.4752441, -34.2629883 ], [ -58.435498, -34.2525391 ], [ -58.3924805, -34.1929688 ], [ -58.4090332, -34.0607422 ], [ -58.4294922, -33.990918 ], [ -58.4565918, -33.898339799999988 ], [ -58.5305664, -33.7530273 ], [ -58.547216799999987, -33.6634766 ], [ -58.454834, -33.2859375 ], [ -58.4244629, -33.1115234 ], [ -58.3759766, -33.071875 ], [ -58.3088867, -33.0829102 ], [ -58.2503906, -33.0783203 ], [ -58.2007812, -33.0146484 ], [ -58.1709961, -32.9592773 ], [ -58.2199707, -32.5639648 ], [ -58.2011719, -32.4716797 ], [ -58.1230469, -32.321875 ], [ -58.1197266, -32.2489258 ], [ -58.1647949, -32.184863299999989 ], [ -58.177002, -32.119043 ], [ -58.1563477, -32.0515625 ], [ -58.1604004, -31.9865234 ], [ -58.1890137, -31.9242188 ], [ -58.1674805, -31.8726563 ], [ -58.0958496, -31.8318359 ], [ -58.042334, -31.7692383 ], [ -58.0069824, -31.6849609 ], [ -57.9888672, -31.6206055 ], [ -57.9879883, -31.5761719 ], [ -58.009668, -31.534375 ], [ -58.0538574, -31.4949219 ], [ -58.0333984, -31.4166016 ], [ -57.9483398, -31.2994141 ], [ -57.893359399999987, -31.1953125 ], [ -57.8684082, -31.1043945 ], [ -57.8700684, -31.0310547 ], [ -57.898291, -30.97519530000001 ], [ -57.8863281, -30.9374023 ], [ -57.834082, -30.9174805 ], [ -57.8105957, -30.8585938 ], [ -57.8185547, -30.7120117 ], [ -57.8725098, -30.5910156 ], [ -57.8312012, -30.4952148 ], [ -57.7126953, -30.3844727 ], [ -57.6508789, -30.2950195 ], [ -57.645752, -30.2269531 ], [ -57.6088867, -30.187793 ], [ -57.5638672, -30.1399414 ] ] ], [ [ [ -68.6186523, -54.8337891 ], [ -68.4910156, -54.8362305 ], [ -68.3316895, -54.8163086 ], [ -68.2201172, -54.8175781 ], [ -68.0071289, -54.8484375 ], [ -67.7932617, -54.8686523 ], [ -67.1270996, -54.9038086 ], [ -66.9304687, -54.9249023 ], [ -66.6276855, -55.013281199999987 ], [ -66.5111328, -55.0321289 ], [ -66.3986816, -55.009375 ], [ -66.2867676, -54.9777344 ], [ -66.1720215, -54.975293 ], [ -66.0606445, -54.9567383 ], [ -65.9537598, -54.9193359 ], [ -65.8419922, -54.9099609 ], [ -65.7227539, -54.9263672 ], [ -65.6033203, -54.928125 ], [ -65.4711426, -54.9146484 ], [ -65.3459961, -54.8779297 ], [ -65.2523438, -54.7888672 ], [ -65.1790039, -54.678125 ], [ -65.2519531, -54.6380859 ], [ -65.3692871, -54.6321289 ], [ -65.7470703, -54.653418 ], [ -65.9925781, -54.5989258 ], [ -66.2356445, -54.5334961 ], [ -66.4620117, -54.4410156 ], [ -66.6700684, -54.3135742 ], [ -66.8651367, -54.2225586 ], [ -67.0694824, -54.1480469 ], [ -67.2942383, -54.0498047 ], [ -67.5025879, -53.9219727 ], [ -67.678125, -53.7871094 ], [ -67.861084, -53.662207 ], [ -67.9402832, -53.61875 ], [ -68.0084961, -53.5640625 ], [ -68.1440918, -53.319043 ], [ -68.1611328, -53.3064453 ], [ -68.3931152, -53.2949219 ], [ -68.4885254, -53.2609375 ], [ -68.5205078, -53.221875 ], [ -68.5208008, -53.1772461 ], [ -68.4794922, -53.1137695 ], [ -68.4311523, -53.0552734 ], [ -68.3330078, -53.0196289 ], [ -68.2401367, -53.081835899999987 ], [ -68.2782227, -52.9839844 ], [ -68.3387695, -52.900097699999989 ], [ -68.5711914, -52.6949219 ], [ -68.6299316, -52.6526367 ], [ -68.6316895, -52.9495117 ], [ -68.6334473, -53.2418945 ], [ -68.6350586, -53.5154297 ], [ -68.6366699, -53.7888672 ], [ -68.6382324, -54.0529297 ], [ -68.6397949, -54.3240234 ], [ -68.6475098, -54.627832 ], [ -68.6532227, -54.8536133 ], [ -68.6186523, -54.8337891 ] ] ], [ [ [ -64.5813477, -54.7527344 ], [ -64.6250977, -54.7736328 ], [ -64.689209, -54.774707 ], [ -64.7573242, -54.8265625 ], [ -64.7314453, -54.8629883 ], [ -64.6373535, -54.9025391 ], [ -64.5086914, -54.8399414 ], [ -64.4532715, -54.840332 ], [ -64.3229004, -54.7964844 ], [ -64.0283203, -54.7925781 ], [ -63.9712402, -54.810644499999988 ], [ -63.8325684, -54.7679688 ], [ -63.8154297, -54.7250977 ], [ -63.881933599999989, -54.7229492 ], [ -64.0324219, -54.7423828 ], [ -64.0549316, -54.7298828 ], [ -64.1053223, -54.7216797 ], [ -64.2205078, -54.7219727 ], [ -64.4388184, -54.7393555 ], [ -64.5491699, -54.7162109 ], [ -64.5813477, -54.7527344 ] ] ], [ [ [ -61.9071289, -39.1356445 ], [ -61.9666504, -39.112207 ], [ -62.0930176, -39.0862305 ], [ -62.0833008, -39.1101563 ], [ -62.0416016, -39.1668945 ], [ -61.9180176, -39.2274414 ], [ -61.8659668, -39.2348633 ], [ -61.8757812, -39.171875 ], [ -61.9071289, -39.1356445 ] ] ] ] } },
{ "type": "Feature", "properties": { "iso3": "ATG", "territorio": "Antigua and Barbuda", "value": null, "color": "#CCCCCC" }, "geometry": { "type": "MultiPolygon", "coordinates": [ [ [ [ -61.6949707, 17.0489258 ], [ -61.6864746, 17.0698242 ], [ -61.6860352, 17.0984375 ], [ -61.7082031, 17.1050781 ], [ -61.7385742, 17.1384766 ], [ -61.8172852, 17.1689453 ], [ -61.8871094, 17.0981445 ], [ -61.8820312, 17.0631348 ], [ -61.859668, 17.0133301 ], [ -61.7481445, 16.997168 ], [ -61.7160645, 17.0370117 ], [ -61.6949707, 17.0489258 ] ] ], [ [ [ -61.7496094, 17.6613281 ], [ -61.7767578, 17.6904785 ], [ -61.8199219, 17.696875 ], [ -61.8524414, 17.7140625 ], [ -61.8661621, 17.7042969 ], [ -61.86875, 17.6854492 ], [ -61.8437988, 17.5961426 ], [ -61.7620117, 17.5486816 ], [ -61.7471191, 17.5749512 ], [ -61.7496094, 17.6613281 ] ] ] ] } },
{ "type": "Feature", "properties": { "iso3": "SXM", "territorio": "Sint Maarten", "value": null, "color": "#CCCCCC" }, "geometry": { "type": "MultiPolygon", "coordinates": [ [ [ [ -63.124707, 18.0643066 ], [ -63.0904297, 18.0414062 ], [ -63.0230469, 18.0191895 ], [ -63.0123047, 18.0454102 ], [ -63.0111816, 18.0689453 ], [ -63.1230469, 18.0689453 ], [ -63.124707, 18.0643066 ] ] ] ] } }
]
}
